  0
SECTION
  2
HEADER
  9
$ACADVER
  1
AC1021
  9
$ACADMAINTVER
 70
    26
  9
$DWGCODEPAGE
  3
ANSI_1252
  9
$LASTSAVEDBY
  1
vboxuser
  9
$INSBASE
 10
0.0
 20
0.0
 30
0.0
  9
$EXTMIN
 10
82.01931023494086
 20
2.944017831360554
 30
-0.0015258207003583
  9
$EXTMAX
 10
123.2503396561006
 20
24.08293385803466
 30
0.0000000349246037
  9
$LIMMIN
 10
0.0
 20
0.0
  9
$LIMMAX
 10
12.0
 20
9.0
  9
$ORTHOMODE
 70
     0
  9
$REGENMODE
 70
     1
  9
$FILLMODE
 70
     1
  9
$QTEXTMODE
 70
     0
  9
$MIRRTEXT
 70
     0
  9
$LTSCALE
 40
1.0
  9
$ATTMODE
 70
     1
  9
$TEXTSIZE
 40
0.2
  9
$TRACEWID
 40
0.05
  9
$TEXTSTYLE
  7
newtext
  9
$CLAYER
  8
0
  9
$CELTYPE
  6
ByLayer
  9
$CECOLOR
 62
   256
  9
$CELTSCALE
 40
1.0
  9
$DISPSILH
 70
     0
  9
$DIMSCALE
 40
1.0
  9
$DIMASZ
 40
0.18
  9
$DIMEXO
 40
0.0625
  9
$DIMDLI
 40
0.38
  9
$DIMRND
 40
0.0
  9
$DIMDLE
 40
0.0
  9
$DIMEXE
 40
0.18
  9
$DIMTP
 40
0.0
  9
$DIMTM
 40
0.0
  9
$DIMTXT
 40
0.18
  9
$DIMCEN
 40
0.09
  9
$DIMTSZ
 40
0.0
  9
$DIMTOL
 70
     0
  9
$DIMLIM
 70
     0
  9
$DIMTIH
 70
     1
  9
$DIMTOH
 70
     1
  9
$DIMSE1
 70
     0
  9
$DIMSE2
 70
     0
  9
$DIMTAD
 70
     0
  9
$DIMZIN
 70
     0
  9
$DIMBLK
  1

  9
$DIMASO
 70
     1
  9
$DIMSHO
 70
     1
  9
$DIMPOST
  1

  9
$DIMAPOST
  1

  9
$DIMALT
 70
     0
  9
$DIMALTD
 70
     2
  9
$DIMALTF
 40
25.4
  9
$DIMLFAC
 40
1.0
  9
$DIMTOFL
 70
     0
  9
$DIMTVP
 40
0.0
  9
$DIMTIX
 70
     0
  9
$DIMSOXD
 70
     0
  9
$DIMSAH
 70
     0
  9
$DIMBLK1
  1

  9
$DIMBLK2
  1

  9
$DIMSTYLE
  2
Standard
  9
$DIMCLRD
 70
     0
  9
$DIMCLRE
 70
     0
  9
$DIMCLRT
 70
     0
  9
$DIMTFAC
 40
1.0
  9
$DIMGAP
 40
0.09
  9
$DIMJUST
 70
     0
  9
$DIMSD1
 70
     0
  9
$DIMSD2
 70
     0
  9
$DIMTOLJ
 70
     1
  9
$DIMTZIN
 70
     0
  9
$DIMALTZ
 70
     0
  9
$DIMALTTZ
 70
     0
  9
$DIMUPT
 70
     0
  9
$DIMDEC
 70
     4
  9
$DIMTDEC
 70
     4
  9
$DIMALTU
 70
     2
  9
$DIMALTTD
 70
     2
  9
$DIMTXSTY
  7
Standard
  9
$DIMAUNIT
 70
     0
  9
$DIMADEC
 70
     0
  9
$DIMALTRND
 40
0.0
  9
$DIMAZIN
 70
     0
  9
$DIMDSEP
 70
    46
  9
$DIMATFIT
 70
     3
  9
$DIMFRAC
 70
     0
  9
$DIMLDRBLK
  1

  9
$DIMLUNIT
 70
     2
  9
$DIMLWD
 70
    -2
  9
$DIMLWE
 70
    -2
  9
$DIMTMOVE
 70
     0
  9
$DIMFXL
 40
1.0
  9
$DIMFXLON
 70
     0
  9
$DIMJOGANG
 40
0.7853981633974483
  9
$DIMTFILL
 70
     0
  9
$DIMTFILLCLR
 70
     0
  9
$DIMARCSYM
 70
     0
  9
$DIMLTYPE
  6

  9
$DIMLTEX1
  6

  9
$DIMLTEX2
  6

  9
$LUNITS
 70
     2
  9
$LUPREC
 70
     4
  9
$SKETCHINC
 40
0.1
  9
$FILLETRAD
 40
0.0
  9
$AUNITS
 70
     0
  9
$AUPREC
 70
     0
  9
$MENU
  1
.
  9
$ELEVATION
 40
0.0
  9
$PELEVATION
 40
0.0
  9
$THICKNESS
 40
0.0
  9
$LIMCHECK
 70
     0
  9
$CHAMFERA
 40
0.0
  9
$CHAMFERB
 40
0.0
  9
$CHAMFERC
 40
0.0
  9
$CHAMFERD
 40
0.0
  9
$SKPOLY
 70
     0
  9
$TDCREATE
 40
2461139.977713496
  9
$TDUCREATE
 40
2461139.852713496
  9
$TDUPDATE
 40
2461290.595738403
  9
$TDUUPDATE
 40
2461290.470738403
  9
$TDINDWG
 40
0.0106564931
  9
$TDUSRTIMER
 40
0.0106555556
  9
$USRTIMER
 70
     1
  9
$ANGBASE
 50
0.0
  9
$ANGDIR
 70
     0
  9
$PDMODE
 70
     0
  9
$PDSIZE
 40
0.0
  9
$PLINEWID
 40
0.0
  9
$SPLFRAME
 70
     0
  9
$SPLINETYPE
 70
     6
  9
$SPLINESEGS
 70
     8
  9
$HANDSEED
  5
B64
  9
$SURFTAB1
 70
     6
  9
$SURFTAB2
 70
     6
  9
$SURFTYPE
 70
     6
  9
$SURFU
 70
     6
  9
$SURFV
 70
     6
  9
$UCSBASE
  2

  9
$UCSNAME
  2

  9
$UCSORG
 10
0.0
 20
0.0
 30
0.0
  9
$UCSXDIR
 10
1.0
 20
0.0
 30
0.0
  9
$UCSYDIR
 10
0.0
 20
1.0
 30
0.0
  9
$UCSORTHOREF
  2

  9
$UCSORTHOVIEW
 70
     0
  9
$UCSORGTOP
 10
0.0
 20
0.0
 30
0.0
  9
$UCSORGBOTTOM
 10
0.0
 20
0.0
 30
0.0
  9
$UCSORGLEFT
 10
0.0
 20
0.0
 30
0.0
  9
$UCSORGRIGHT
 10
0.0
 20
0.0
 30
0.0
  9
$UCSORGFRONT
 10
0.0
 20
0.0
 30
0.0
  9
$UCSORGBACK
 10
0.0
 20
0.0
 30
0.0
  9
$PUCSBASE
  2

  9
$PUCSNAME
  2

  9
$PUCSORG
 10
0.0
 20
0.0
 30
0.0
  9
$PUCSXDIR
 10
1.0
 20
0.0
 30
0.0
  9
$PUCSYDIR
 10
0.0
 20
1.0
 30
0.0
  9
$PUCSORTHOREF
  2

  9
$PUCSORTHOVIEW
 70
     0
  9
$PUCSORGTOP
 10
0.0
 20
0.0
 30
0.0
  9
$PUCSORGBOTTOM
 10
0.0
 20
0.0
 30
0.0
  9
$PUCSORGLEFT
 10
0.0
 20
0.0
 30
0.0
  9
$PUCSORGRIGHT
 10
0.0
 20
0.0
 30
0.0
  9
$PUCSORGFRONT
 10
0.0
 20
0.0
 30
0.0
  9
$PUCSORGBACK
 10
0.0
 20
0.0
 30
0.0
  9
$USERI1
 70
     0
  9
$USERI2
 70
     0
  9
$USERI3
 70
     0
  9
$USERI4
 70
     0
  9
$USERI5
 70
     0
  9
$USERR1
 40
0.0
  9
$USERR2
 40
0.0
  9
$USERR3
 40
0.0
  9
$USERR4
 40
0.0
  9
$USERR5
 40
0.0
  9
$WORLDVIEW
 70
     1
  9
$SHADEDGE
 70
     3
  9
$SHADEDIF
 70
    70
  9
$TILEMODE
 70
     1
  9
$MAXACTVP
 70
    64
  9
$PINSBASE
 10
0.0
 20
0.0
 30
0.0
  9
$PLIMCHECK
 70
     0
  9
$PEXTMIN
 10
0.0
 20
0.0
 30
0.0
  9
$PEXTMAX
 10
0.0
 20
0.0
 30
0.0
  9
$PLIMMIN
 10
0.0
 20
0.0
  9
$PLIMMAX
 10
12.0
 20
9.0
  9
$UNITMODE
 70
     0
  9
$VISRETAIN
 70
     1
  9
$PLINEGEN
 70
     0
  9
$PSLTSCALE
 70
     1
  9
$TREEDEPTH
 70
  3020
  9
$CMLSTYLE
  2
Standard
  9
$CMLJUST
 70
     0
  9
$CMLSCALE
 40
1.0
  9
$PROXYGRAPHICS
 70
     1
  9
$MEASUREMENT
 70
     0
  9
$CELWEIGHT
370
    -1
  9
$ENDCAPS
280
     0
  9
$JOINSTYLE
280
     0
  9
$LWDISPLAY
290
     0
  9
$INSUNITS
 70
     1
  9
$HYPERLINKBASE
  1

  9
$STYLESHEET
  1

  9
$XEDIT
290
     1
  9
$CEPSNTYPE
380
     0
  9
$PSTYLEMODE
290
     1
  9
$FINGERPRINTGUID
  2
{04049715-8E36-4D44-8FAC-0E0BE8CDE4EA}
  9
$VERSIONGUID
  2
{8B224DD5-3FEF-43BF-918E-0B78C67E7D81}
  9
$EXTNAMES
290
     1
  9
$PSVPSCALE
 40
0.0
  9
$OLESTARTUP
290
     0
  9
$SORTENTS
280
   127
  9
$INDEXCTL
280
     0
  9
$HIDETEXT
280
     1
  9
$XCLIPFRAME
290
     0
  9
$HALOGAP
280
     0
  9
$OBSCOLOR
 70
   257
  9
$OBSLTYPE
280
     0
  9
$INTERSECTIONDISPLAY
280
     0
  9
$INTERSECTIONCOLOR
 70
   257
  9
$DIMASSOC
280
     2
  9
$PROJECTNAME
  1

  9
$CAMERADISPLAY
290
     0
  9
$LENSLENGTH
 40
50.0
  9
$CAMERAHEIGHT
 40
0.0
  9
$STEPSPERSEC
 40
2.0
  9
$STEPSIZE
 40
6.0
  9
$3DDWFPREC
 40
2.0
  9
$PSOLWIDTH
 40
0.25
  9
$PSOLHEIGHT
 40
4.0
  9
$LOFTANG1
 40
1.570796326794896
  9
$LOFTANG2
 40
1.570796326794896
  9
$LOFTMAG1
 40
0.0
  9
$LOFTMAG2
 40
0.0
  9
$LOFTPARAM
 70
     7
  9
$LOFTNORMALS
280
     1
  9
$LATITUDE
 40
37.795
  9
$LONGITUDE
 40
-122.394
  9
$NORTHDIRECTION
 40
0.0
  9
$TIMEZONE
 70
 -8000
  9
$LIGHTGLYPHDISPLAY
280
     1
  9
$TILEMODELIGHTSYNCH
280
     1
  9
$CMATERIAL
347
96
  9
$SOLIDHIST
280
     1
  9
$SHOWHIST
280
     1
  9
$DWFFRAME
280
     2
  9
$DGNFRAME
280
     0
  9
$REALWORLDSCALE
290
     1
  9
$INTERFERECOLOR
 62
     1
  9
$INTERFEREOBJVS
345
A3
  9
$INTERFEREVPVS
346
A0
  9
$CSHADOW
280
     0
  9
$SHADOWPLANELOCATION
 40
0.0
  0
ENDSEC
  0
SECTION
  2
CLASSES
  0
CLASS
  1
ACDBDICTIONARYWDFLT
  2
AcDbDictionaryWithDefault
  3
ObjectDBX Classes
 90
        0
 91
        1
280
     0
281
     0
  0
CLASS
  1
DICTIONARYVAR
  2
AcDbDictionaryVar
  3
ObjectDBX Classes
 90
        0
 91
        7
280
     0
281
     0
  0
CLASS
  1
TABLESTYLE
  2
AcDbTableStyle
  3
ObjectDBX Classes
 90
     4095
 91
        3
280
     0
281
     0
  0
CLASS
  1
MATERIAL
  2
AcDbMaterial
  3
ObjectDBX Classes
 90
     1153
 91
        3
280
     0
281
     0
  0
CLASS
  1
VISUALSTYLE
  2
AcDbVisualStyle
  3
ObjectDBX Classes
 90
     4095
 91
       16
280
     0
281
     0
  0
CLASS
  1
SCALE
  2
AcDbScale
  3
ObjectDBX Classes
 90
     1153
 91
       33
280
     0
281
     0
  0
CLASS
  1
MLEADERSTYLE
  2
AcDbMLeaderStyle
  3
ACDB_MLEADERSTYLE_CLASS
 90
     4095
 91
        1
280
     0
281
     0
  0
CLASS
  1
ACAD_TABLE
  2
AcDbTable
  3
ObjectDBX Classes
 90
     1025
 91
        7
280
     0
281
     1
  0
CLASS
  1
CELLSTYLEMAP
  2
AcDbCellStyleMap
  3
ObjectDBX Classes
 90
     1152
 91
        9
280
     0
281
     0
  0
CLASS
  1
TABLECONTENT
  2
AcDbTableContent
  3
ObjectDBX Classes
 90
     1152
 91
        3
280
     0
281
     0
  0
CLASS
  1
TABLEGEOMETRY
  2
AcDbTableGeometry
  3
ObjectDBX Classes
 90
     1152
 91
        3
280
     0
281
     0
  0
ENDSEC
  0
SECTION
  2
TABLES
  0
TABLE
  2
VPORT
  5
8
330
0
100
AcDbSymbolTable
 70
     1
  0
VPORT
  5
94
330
8
100
AcDbSymbolTableRecord
100
AcDbViewportTableRecord
  2
*Active
 70
     0
 10
0.0
 20
0.0
 11
1.0
 21
1.0
 12
102.6348249455207
 22
13.5134758446976
 13
0.0
 23
0.0
 14
0.5
 24
0.5
 15
0.5
 25
0.5
 16
0.0
 26
0.0
 36
1.0
 17
0.0
 27
0.0
 37
0.0
 40
37.29223513792849
 41
1.112529002320185
 42
50.0
 43
0.0
 44
0.0
 50
0.0
 51
0.0
 71
     0
 72
  1000
 73
     1
 74
     3
 75
     0
 76
     0
 77
     0
 78
     0
281
     0
 65
     1
110
0.0
120
0.0
130
0.0
111
1.0
121
0.0
131
0.0
112
0.0
122
1.0
132
0.0
 79
     0
146
0.0
348
9F
 60
     2
 61
     5
292
     1
282
     1
141
0.0
142
0.0
 63
   250
421
  3355443
  0
ENDTAB
  0
TABLE
  2
LTYPE
  5
5
330
0
100
AcDbSymbolTable
 70
     2
  0
LTYPE
  5
14
330
5
100
AcDbSymbolTableRecord
100
AcDbLinetypeTableRecord
  2
ByBlock
 70
     0
  3

 72
    65
 73
     0
 40
0.0
  0
LTYPE
  5
15
330
5
100
AcDbSymbolTableRecord
100
AcDbLinetypeTableRecord
  2
ByLayer
 70
     0
  3

 72
    65
 73
     0
 40
0.0
  0
LTYPE
  5
16
330
5
100
AcDbSymbolTableRecord
100
AcDbLinetypeTableRecord
  2
Continuous
 70
     0
  3
Solid line
 72
    65
 73
     0
 40
0.0
  0
ENDTAB
  0
TABLE
  2
LAYER
  5
2
330
0
100
AcDbSymbolTable
 70
     2
  0
LAYER
  5
10
102
{ACAD_XDICTIONARY
360
18C
102
}
330
2
100
AcDbSymbolTableRecord
100
AcDbLayerTableRecord
  2
0
 70
     0
 62
     7
  6
Continuous
370
    -3
390
F
347
98
  0
LAYER
  5
EC
330
2
100
AcDbSymbolTableRecord
100
AcDbLayerTableRecord
  2
Defpoints
 70
     0
 62
     7
  6
Continuous
290
     0
370
    -3
390
F
347
98
  0
ENDTAB
  0
TABLE
  2
STYLE
  5
3
330
0
100
AcDbSymbolTable
 70
     2
  0
STYLE
  5
11
330
3
100
AcDbSymbolTableRecord
100
AcDbTextStyleTableRecord
  2
Standard
 70
     0
 40
0.0
 41
1.0
 50
0.0
 71
     0
 42
0.2
  3
txt
  4

  0
STYLE
  5
BB
330
3
100
AcDbSymbolTableRecord
100
AcDbTextStyleTableRecord
  2
newtext
 70
     0
 40
0.0
 41
1.0
 50
0.0
 71
     0
 42
0.2
  3
times.ttf
  4

1001
ACAD
1000
Times New Roman
1071
       18
  0
ENDTAB
  0
TABLE
  2
VIEW
  5
6
330
0
100
AcDbSymbolTable
 70
     0
  0
ENDTAB
  0
TABLE
  2
UCS
  5
7
330
0
100
AcDbSymbolTable
 70
     0
  0
ENDTAB
  0
TABLE
  2
APPID
  5
9
330
0
100
AcDbSymbolTable
 70
     3
  0
APPID
  5
12
330
9
100
AcDbSymbolTableRecord
100
AcDbRegAppTableRecord
  2
ACAD
 70
     0
  0
APPID
  5
E5
330
9
100
AcDbSymbolTableRecord
100
AcDbRegAppTableRecord
  2
ACAD_MLEADERVER
 70
     0
  0
APPID
  5
97C
330
9
100
AcDbSymbolTableRecord
100
AcDbRegAppTableRecord
  2
ACAD_EXEMPT_FROM_CAD_STANDARDS
 70
     0
  0
ENDTAB
  0
TABLE
  2
DIMSTYLE
  5
A
330
0
100
AcDbSymbolTable
 70
     2
100
AcDbDimStyleTable
 71
     1
340
27
  0
DIMSTYLE
105
27
330
A
100
AcDbSymbolTableRecord
100
AcDbDimStyleTableRecord
  2
Standard
 70
     0
340
11
  0
ENDTAB
  0
TABLE
  2
BLOCK_RECORD
  5
1
330
0
100
AcDbSymbolTable
 70
    13
  0
BLOCK_RECORD
  5
1F
330
1
100
AcDbSymbolTableRecord
100
AcDbBlockTableRecord
  2
*Model_Space
340
22
 70
     0
280
     1
281
     0
  0
BLOCK_RECORD
  5
58
330
1
100
AcDbSymbolTableRecord
100
AcDbBlockTableRecord
  2
*Paper_Space
340
59
 70
     0
280
     1
281
     0
  0
BLOCK_RECORD
  5
5D
330
1
100
AcDbSymbolTableRecord
100
AcDbBlockTableRecord
  2
*Paper_Space0
340
5E
 70
     0
280
     1
281
     0
  0
BLOCK_RECORD
  5
ED
330
1
100
AcDbSymbolTableRecord
100
AcDbBlockTableRecord
  2
*T1
340
0
102
{BLKREFS
331
EB
102
}
 70
     0
280
     1
281
     0
  0
BLOCK_RECORD
  5
88C
330
1
100
AcDbSymbolTableRecord
100
AcDbBlockTableRecord
  2
*T8
340
0
 70
     0
280
     1
281
     0
  0
BLOCK_RECORD
  5
900
330
1
100
AcDbSymbolTableRecord
100
AcDbBlockTableRecord
  2
*T9
340
0
 70
     0
280
     1
281
     0
  0
BLOCK_RECORD
  5
A7B
330
1
100
AcDbSymbolTableRecord
100
AcDbBlockTableRecord
  2
*T11
340
0
102
{BLKREFS
331
A7A
102
}
 70
     0
280
     1
281
     0
  0
BLOCK_RECORD
  5
AEF
330
1
100
AcDbSymbolTableRecord
100
AcDbBlockTableRecord
  2
*T12
340
0
102
{BLKREFS
331
AEE
102
}
 70
     0
280
     1
281
     0
  0
ENDTAB
  0
ENDSEC
  0
SECTION
  2
BLOCKS
  0
BLOCK
  5
20
330
1F
100
AcDbEntity
  8
0
100
AcDbBlockBegin
  2
*Model_Space
 70
     0
 10
0.0
 20
0.0
 30
0.0
  3
*Model_Space
  1

  0
ENDBLK
  5
21
330
1F
100
AcDbEntity
  8
0
100
AcDbBlockEnd
  0
BLOCK
  5
5A
330
58
100
AcDbEntity
 67
     1
  8
0
100
AcDbBlockBegin
  2
*Paper_Space
 70
     0
 10
0.0
 20
0.0
 30
0.0
  3
*Paper_Space
  1

  0
ENDBLK
  5
5B
330
58
100
AcDbEntity
 67
     1
  8
0
100
AcDbBlockEnd
  0
BLOCK
  5
5F
330
5D
100
AcDbEntity
 67
     1
  8
0
100
AcDbBlockBegin
  2
*Paper_Space0
 70
     0
 10
0.0
 20
0.0
 30
0.0
  3
*Paper_Space0
  1

  0
ENDBLK
  5
60
330
5D
100
AcDbEntity
 67
     1
  8
0
100
AcDbBlockEnd
  0
BLOCK
  5
F9
330
ED
100
AcDbEntity
  8
0
100
AcDbBlockBegin
  2
*T1
 70
     1
 10
0.0
 20
0.0
 30
0.0
  3
*T1
  1

  0
MTEXT
  5
FB
330
ED
100
AcDbEntity
  8
0
 62
     0
100
AcDbMText
 10
6.25
 20
-0.227988464311462
 30
0.0
 40
0.25
 41
12.38
 46
0.0
 71
     5
 72
     5
  1
Title-1
  7
newtext
 73
     1
 44
1.0
  0
MTEXT
  5
FC
330
ED
100
AcDbEntity
  8
0
 62
     0
100
AcDbMText
 10
1.25
 20
-0.6359769286229274
 30
0.0
 40
0.18
 41
2.379999999999999
 46
0.0
 71
     5
 72
     5
  1
Header-A
 73
     1
 44
1.0
  0
MTEXT
  5
FD
330
ED
100
AcDbEntity
  8
0
 62
     0
100
AcDbMText
 10
3.75
 20
-0.6359769286229274
 30
0.0
 40
0.18
 41
2.379999999999999
 46
0.0
 71
     5
 72
     5
  1
Header-B
 73
     1
 44
1.0
  0
MTEXT
  5
FE
330
ED
100
AcDbEntity
  8
0
 62
     0
100
AcDbMText
 10
6.25
 20
-0.6359769286229274
 30
0.0
 40
0.18
 41
2.379999999999999
 46
0.0
 71
     5
 72
     5
  1
Header-C
 73
     1
 44
1.0
  0
MTEXT
  5
FF
330
ED
100
AcDbEntity
  8
0
 62
     0
100
AcDbMText
 10
8.75
 20
-0.6359769286229274
 30
0.0
 40
0.18
 41
2.379999999999999
 46
0.0
 71
     5
 72
     5
  1
Header-D
 73
     1
 44
1.0
  0
MTEXT
  5
100
330
ED
100
AcDbEntity
  8
0
 62
     0
100
AcDbMText
 10
11.25
 20
-0.6359769286229274
 30
0.0
 40
0.18
 41
2.379999999999999
 46
0.0
 71
     5
 72
     5
  1
Header-E
 73
     1
 44
1.0
  0
MTEXT
  5
101
330
ED
100
AcDbEntity
  8
0
 62
     0
100
AcDbMText
 10
1.25
 20
-0.9959769286229267
 30
0.0
 40
0.18
 41
2.379999999999999
 46
0.0
 71
     5
 72
     5
  1
Header-1
 73
     1
 44
1.0
  0
MTEXT
  5
102
330
ED
100
AcDbEntity
  8
0
 62
     0
100
AcDbMText
 10
3.75
 20
-0.9959769286229267
 30
0.0
 40
0.18
 41
2.379999999999999
 46
0.0
 71
     5
 72
     5
  1
Header-2
 73
     1
 44
1.0
  0
MTEXT
  5
103
330
ED
100
AcDbEntity
  8
0
 62
     0
100
AcDbMText
 10
6.25
 20
-0.9959769286229267
 30
0.0
 40
0.18
 41
2.379999999999999
 46
0.0
 71
     5
 72
     5
  1
Header-3
 73
     1
 44
1.0
  0
MTEXT
  5
104
330
ED
100
AcDbEntity
  8
0
 62
     0
100
AcDbMText
 10
8.75
 20
-0.9959769286229267
 30
0.0
 40
0.18
 41
2.379999999999999
 46
0.0
 71
     5
 72
     5
  1
Header-4
 73
     1
 44
1.0
  0
MTEXT
  5
105
330
ED
100
AcDbEntity
  8
0
 62
     0
100
AcDbMText
 10
11.25
 20
-0.9959769286229267
 30
0.0
 40
0.18
 41
2.379999999999999
 46
0.0
 71
     5
 72
     5
  1
Header-5
 73
     1
 44
1.0
  0
MTEXT
  5
125
330
ED
100
AcDbEntity
  8
0
 62
     0
100
AcDbMText
 10
2.439999999999997
 20
-1.235976928622925
 30
0.0
 40
0.18
 41
2.379999999999999
 46
0.0
 71
     3
 72
     5
  1
6
  7
newtext
 73
     1
 44
1.0
  0
MTEXT
  5
126
330
ED
100
AcDbEntity
  8
0
 62
     0
100
AcDbMText
 10
4.939999999999997
 20
-1.235976928622925
 30
0.0
 40
0.18
 41
2.379999999999999
 46
0.0
 71
     3
 72
     5
  1
7
  7
newtext
 73
     1
 44
1.0
  0
MTEXT
  5
127
330
ED
100
AcDbEntity
  8
0
 62
     0
100
AcDbMText
 10
7.439999999999997
 20
-1.235976928622925
 30
0.0
 40
0.18
 41
2.379999999999999
 46
0.0
 71
     3
 72
     5
  1
8
  7
newtext
 73
     1
 44
1.0
  0
MTEXT
  5
128
330
ED
100
AcDbEntity
  8
0
 62
     0
100
AcDbMText
 10
9.939999999999997
 20
-1.235976928622925
 30
0.0
 40
0.18
 41
2.379999999999999
 46
0.0
 71
     3
 72
     5
  1
9
  7
newtext
 73
     1
 44
1.0
  0
MTEXT
  5
129
330
ED
100
AcDbEntity
  8
0
 62
     0
100
AcDbMText
 10
12.43999999999999
 20
-1.235976928622925
 30
0.0
 40
0.18
 41
2.379999999999999
 46
0.0
 71
     3
 72
     5
  1
0
  7
newtext
 73
     1
 44
1.0
  0
MTEXT
  5
12A
330
ED
100
AcDbEntity
  8
0
 62
     0
100
AcDbMText
 10
1.25
 20
-1.595976928622924
 30
0.0
 40
0.18
 41
2.379999999999999
 46
0.0
 71
     2
 72
     5
  1
F
  7
newtext
 73
     1
 44
1.0
  0
MTEXT
  5
17D
330
ED
100
AcDbEntity
  8
0
 62
     0
100
AcDbMText
 10
3.75
 20
-1.595976928622924
 30
0.0
 40
0.18
 41
2.379999999999999
 46
0.0
 71
     2
 72
     5
  1
G
  7
newtext
 73
     1
 44
1.0
  0
MTEXT
  5
17E
330
ED
100
AcDbEntity
  8
0
 62
     0
100
AcDbMText
 10
6.25
 20
-1.595976928622924
 30
0.0
 40
0.18
 41
2.379999999999999
 46
0.0
 71
     2
 72
     5
  1
H
  7
newtext
 73
     1
 44
1.0
  0
MTEXT
  5
17F
330
ED
100
AcDbEntity
  8
0
 62
     0
100
AcDbMText
 10
8.75
 20
-1.595976928622924
 30
0.0
 40
0.18
 41
2.379999999999999
 46
0.0
 71
     2
 72
     5
  1
SS
  7
newtext
 73
     1
 44
1.0
  0
MTEXT
  5
180
330
ED
100
AcDbEntity
  8
0
 62
     0
100
AcDbMText
 10
11.25
 20
-1.595976928622924
 30
0.0
 40
0.18
 41
2.379999999999999
 46
0.0
 71
     2
 72
     5
  1
FF
  7
newtext
 73
     1
 44
1.0
  0
MTEXT
  5
181
330
ED
100
AcDbEntity
  8
0
 62
     0
100
AcDbMText
 10
2.439999999999997
 20
-1.955976928622924
 30
0.0
 40
0.18
 41
2.379999999999999
 46
0.0
 71
     3
 72
     5
  1
11
  7
newtext
 73
     1
 44
1.0
  0
MTEXT
  5
182
330
ED
100
AcDbEntity
  8
0
 62
     0
100
AcDbMText
 10
4.939999999999997
 20
-1.955976928622924
 30
0.0
 40
0.18
 41
2.379999999999999
 46
0.0
 71
     3
 72
     5
  1
12
  7
newtext
 73
     1
 44
1.0
  0
MTEXT
  5
183
330
ED
100
AcDbEntity
  8
0
 62
     0
100
AcDbMText
 10
7.439999999999997
 20
-1.955976928622924
 30
0.0
 40
0.18
 41
2.379999999999999
 46
0.0
 71
     3
 72
     5
  1
13
  7
newtext
 73
     1
 44
1.0
  0
MTEXT
  5
184
330
ED
100
AcDbEntity
  8
0
 62
     0
100
AcDbMText
 10
9.939999999999997
 20
-1.955976928622924
 30
0.0
 40
0.18
 41
2.379999999999999
 46
0.0
 71
     3
 72
     5
  1
14
  7
newtext
 73
     1
 44
1.0
  0
MTEXT
  5
185
330
ED
100
AcDbEntity
  8
0
 62
     0
100
AcDbMText
 10
12.43999999999999
 20
-1.955976928622924
 30
0.0
 40
0.18
 41
2.379999999999999
 46
0.0
 71
     3
 72
     5
  1
15
  7
newtext
 73
     1
 44
1.0
  0
MTEXT
  5
724
330
ED
100
AcDbEntity
  8
0
 62
     0
100
AcDbMText
 10
6.25
 20
-2.482643595289587
 30
0.0
 40
0.25
 41
12.38
 46
0.0
 71
     5
 72
     5
  1
Title-2
  7
newtext
 73
     1
 44
1.0
  0
MTEXT
  5
725
330
ED
100
AcDbEntity
  8
0
 62
     0
100
AcDbMText
 10
1.25
 20
-2.889310261956254
 30
0.0
 40
0.18
 41
2.379999999999999
 46
0.0
 71
     5
 72
     5
  1
H1
 73
     1
 44
1.0
  0
MTEXT
  5
726
330
ED
100
AcDbEntity
  8
0
 62
     0
100
AcDbMText
 10
3.75
 20
-2.889310261956254
 30
0.0
 40
0.18
 41
2.379999999999999
 46
0.0
 71
     5
 72
     5
  1
H2
 73
     1
 44
1.0
  0
MTEXT
  5
727
330
ED
100
AcDbEntity
  8
0
 62
     0
100
AcDbMText
 10
6.25
 20
-2.889310261956254
 30
0.0
 40
0.18
 41
2.379999999999999
 46
0.0
 71
     5
 72
     5
  1
H3
 73
     1
 44
1.0
  0
MTEXT
  5
728
330
ED
100
AcDbEntity
  8
0
 62
     0
100
AcDbMText
 10
8.75
 20
-2.889310261956254
 30
0.0
 40
0.18
 41
2.379999999999999
 46
0.0
 71
     5
 72
     5
  1
H4
 73
     1
 44
1.0
  0
MTEXT
  5
729
330
ED
100
AcDbEntity
  8
0
 62
     0
100
AcDbMText
 10
11.25
 20
-2.889310261956254
 30
0.0
 40
0.18
 41
2.379999999999999
 46
0.0
 71
     5
 72
     5
  1
H5
 73
     1
 44
1.0
  0
MTEXT
  5
745
330
ED
100
AcDbEntity
  8
0
 62
     0
100
AcDbMText
 10
2.439999999999997
 20
-3.129310261956256
 30
0.0
 40
0.18
 41
2.379999999999999
 46
0.0
 71
     3
 72
     5
  1
q
  7
newtext
 73
     1
 44
1.0
  0
MTEXT
  5
746
330
ED
100
AcDbEntity
  8
0
 62
     0
100
AcDbMText
 10
4.939999999999997
 20
-3.129310261956256
 30
0.0
 40
0.18
 41
2.379999999999999
 46
0.0
 71
     3
 72
     5
  1
w
  7
newtext
 73
     1
 44
1.0
  0
MTEXT
  5
747
330
ED
100
AcDbEntity
  8
0
 62
     0
100
AcDbMText
 10
2.439999999999997
 20
-3.489310261956255
 30
0.0
 40
0.18
 41
2.379999999999999
 46
0.0
 71
     3
 72
     5
  1
r
  7
newtext
 73
     1
 44
1.0
  0
MTEXT
  5
748
330
ED
100
AcDbEntity
  8
0
 62
     0
100
AcDbMText
 10
16.27899606084969
 20
-5.676375825380347
 30
0.0
 40
0.25
 41
12.38
 46
0.0
 71
     5
 72
     5
  1
Title-1
  7
newtext
 73
     1
 44
1.0
  0
MTEXT
  5
7FD
330
ED
100
AcDbEntity
  8
0
 62
     0
100
AcDbMText
 10
11.27899606084969
 20
-6.084364289691812
 30
0.0
 40
0.18
 41
2.379999999999999
 46
0.0
 71
     5
 72
     5
  1
Header-A
 73
     1
 44
1.0
  0
MTEXT
  5
7FE
330
ED
100
AcDbEntity
  8
0
 62
     0
100
AcDbMText
 10
13.77899606084969
 20
-6.084364289691812
 30
0.0
 40
0.18
 41
2.379999999999999
 46
0.0
 71
     5
 72
     5
  1
Header-B
 73
     1
 44
1.0
  0
MTEXT
  5
7FF
330
ED
100
AcDbEntity
  8
0
 62
     0
100
AcDbMText
 10
16.27899606084969
 20
-6.084364289691812
 30
0.0
 40
0.18
 41
2.379999999999999
 46
0.0
 71
     5
 72
     5
  1
Header-C
 73
     1
 44
1.0
  0
MTEXT
  5
800
330
ED
100
AcDbEntity
  8
0
 62
     0
100
AcDbMText
 10
18.77899606084969
 20
-6.084364289691812
 30
0.0
 40
0.18
 41
2.379999999999999
 46
0.0
 71
     5
 72
     5
  1
Header-D
 73
     1
 44
1.0
  0
MTEXT
  5
801
330
ED
100
AcDbEntity
  8
0
 62
     0
100
AcDbMText
 10
21.27899606084969
 20
-6.084364289691812
 30
0.0
 40
0.18
 41
2.379999999999999
 46
0.0
 71
     5
 72
     5
  1
Header-E
 73
     1
 44
1.0
  0
MTEXT
  5
802
330
ED
100
AcDbEntity
  8
0
 62
     0
100
AcDbMText
 10
11.27899606084969
 20
-6.444364289691812
 30
0.0
 40
0.18
 41
2.379999999999999
 46
0.0
 71
     5
 72
     5
  1
Header-1
 73
     1
 44
1.0
  0
MTEXT
  5
803
330
ED
100
AcDbEntity
  8
0
 62
     0
100
AcDbMText
 10
13.77899606084969
 20
-6.444364289691812
 30
0.0
 40
0.18
 41
2.379999999999999
 46
0.0
 71
     5
 72
     5
  1
Header-2
 73
     1
 44
1.0
  0
MTEXT
  5
804
330
ED
100
AcDbEntity
  8
0
 62
     0
100
AcDbMText
 10
16.27899606084969
 20
-6.444364289691812
 30
0.0
 40
0.18
 41
2.379999999999999
 46
0.0
 71
     5
 72
     5
  1
Header-3
 73
     1
 44
1.0
  0
MTEXT
  5
805
330
ED
100
AcDbEntity
  8
0
 62
     0
100
AcDbMText
 10
18.77899606084969
 20
-6.444364289691812
 30
0.0
 40
0.18
 41
2.379999999999999
 46
0.0
 71
     5
 72
     5
  1
Header-4
 73
     1
 44
1.0
  0
MTEXT
  5
806
330
ED
100
AcDbEntity
  8
0
 62
     0
100
AcDbMText
 10
21.27899606084969
 20
-6.444364289691812
 30
0.0
 40
0.18
 41
2.379999999999999
 46
0.0
 71
     5
 72
     5
  1
Header-5
 73
     1
 44
1.0
  0
MTEXT
  5
807
330
ED
100
AcDbEntity
  8
0
 62
     0
100
AcDbMText
 10
12.46899606084969
 20
-6.684364289691812
 30
0.0
 40
0.18
 41
2.379999999999999
 46
0.0
 71
     3
 72
     5
  1
d
  7
newtext
 73
     1
 44
1.0
  0
MTEXT
  5
808
330
ED
100
AcDbEntity
  8
0
 62
     0
100
AcDbMText
 10
12.46899606084969
 20
-7.046397454796354
 30
0.0
 40
0.18
 41
2.379999999999999
 46
0.0
 71
     3
 72
     5
  1
f
  7
newtext
 73
     1
 44
1.0
  0
MTEXT
  5
809
330
ED
100
AcDbEntity
  8
0
 62
     0
100
AcDbMText
 10
12.46899606084969
 20
-7.408430619900896
 30
0.0
 40
0.18
 41
2.379999999999999
 46
0.0
 71
     3
 72
     5
  1
g
  7
newtext
 73
     1
 44
1.0
  0
MTEXT
  5
80A
330
ED
100
AcDbEntity
  8
0
 62
     0
100
AcDbMText
 10
29.05487883482493
 20
-9.617298896873506
 30
0.0
 40
0.25
 41
12.38
 46
0.0
 71
     5
 72
     5
  1
Title-1
  7
newtext
 73
     1
 44
1.0
  0
MTEXT
  5
80B
330
ED
100
AcDbEntity
  8
0
 62
     0
100
AcDbMText
 10
24.05487883482493
 20
-10.02528736118497
 30
0.0
 40
0.18
 41
2.379999999999999
 46
0.0
 71
     5
 72
     5
  1
Header-A
 73
     1
 44
1.0
  0
MTEXT
  5
80C
330
ED
100
AcDbEntity
  8
0
 62
     0
100
AcDbMText
 10
26.55487883482493
 20
-10.02528736118497
 30
0.0
 40
0.18
 41
2.379999999999999
 46
0.0
 71
     5
 72
     5
  1
Header-B
 73
     1
 44
1.0
  0
MTEXT
  5
844
330
ED
100
AcDbEntity
  8
0
 62
     0
100
AcDbMText
 10
29.05487883482493
 20
-10.02528736118497
 30
0.0
 40
0.18
 41
2.379999999999999
 46
0.0
 71
     5
 72
     5
  1
Header-C
 73
     1
 44
1.0
  0
MTEXT
  5
845
330
ED
100
AcDbEntity
  8
0
 62
     0
100
AcDbMText
 10
31.55487883482493
 20
-10.02528736118497
 30
0.0
 40
0.18
 41
2.379999999999999
 46
0.0
 71
     5
 72
     5
  1
Header-D
 73
     1
 44
1.0
  0
MTEXT
  5
846
330
ED
100
AcDbEntity
  8
0
 62
     0
100
AcDbMText
 10
34.05487883482493
 20
-10.02528736118497
 30
0.0
 40
0.18
 41
2.379999999999999
 46
0.0
 71
     5
 72
     5
  1
Header-E
 73
     1
 44
1.0
  0
MTEXT
  5
847
330
ED
100
AcDbEntity
  8
0
 62
     0
100
AcDbMText
 10
24.05487883482493
 20
-10.38528736118497
 30
0.0
 40
0.18
 41
2.379999999999999
 46
0.0
 71
     5
 72
     5
  1
Header-1
 73
     1
 44
1.0
  0
MTEXT
  5
848
330
ED
100
AcDbEntity
  8
0
 62
     0
100
AcDbMText
 10
26.55487883482493
 20
-10.38528736118497
 30
0.0
 40
0.18
 41
2.379999999999999
 46
0.0
 71
     5
 72
     5
  1
Header-2
 73
     1
 44
1.0
  0
MTEXT
  5
849
330
ED
100
AcDbEntity
  8
0
 62
     0
100
AcDbMText
 10
29.05487883482493
 20
-10.38528736118497
 30
0.0
 40
0.18
 41
2.379999999999999
 46
0.0
 71
     5
 72
     5
  1
Header-3
 73
     1
 44
1.0
  0
MTEXT
  5
84A
330
ED
100
AcDbEntity
  8
0
 62
     0
100
AcDbMText
 10
31.55487883482493
 20
-10.38528736118497
 30
0.0
 40
0.18
 41
2.379999999999999
 46
0.0
 71
     5
 72
     5
  1
Header-4
 73
     1
 44
1.0
  0
MTEXT
  5
84B
330
ED
100
AcDbEntity
  8
0
 62
     0
100
AcDbMText
 10
34.05487883482493
 20
-10.38528736118497
 30
0.0
 40
0.18
 41
2.379999999999999
 46
0.0
 71
     5
 72
     5
  1
Header-5
 73
     1
 44
1.0
  0
MTEXT
  5
84C
330
ED
100
AcDbEntity
  8
0
 62
     0
100
AcDbMText
 10
25.24487883482493
 20
-10.62528736118497
 30
0.0
 40
0.18
 41
2.379999999999999
 46
0.0
 71
     3
 72
     5
  1
h
  7
newtext
 73
     1
 44
1.0
  0
MTEXT
  5
84D
330
ED
100
AcDbEntity
  8
0
 62
     0
100
AcDbMText
 10
25.24487883482493
 20
-10.98732052628951
 30
0.0
 40
0.18
 41
2.379999999999999
 46
0.0
 71
     3
 72
     5
  1
f
  7
newtext
 73
     1
 44
1.0
  0
MTEXT
  5
84E
330
ED
100
AcDbEntity
  8
0
 62
     0
100
AcDbMText
 10
30.24487883482493
 20
-10.98732052628951
 30
0.0
 40
0.18
 41
2.379999999999999
 46
0.0
 71
     3
 72
     5
  1
j
  7
newtext
 73
     1
 44
1.0
  0
LINE
  5
EE
330
ED
100
AcDbEntity
  8
0
  6
ByBlock
 62
     0
370
    -2
100
AcDbLine
 10
0.0
 20
0.0
 30
0.0
 11
12.5
 21
0.0
 31
0.0
  0
LINE
  5
EF
330
ED
100
AcDbEntity
  8
0
  6
ByBlock
 62
     0
370
    -2
100
AcDbLine
 10
0.0
 20
-0.4559769286229276
 30
0.0
 11
12.5
 21
-0.4559769286229276
 31
0.0
  0
LINE
  5
F0
330
ED
100
AcDbEntity
  8
0
  6
ByBlock
 62
     0
370
    -2
100
AcDbLine
 10
0.0
 20
-0.815976928622927
 30
0.0
 11
12.5
 21
-0.815976928622927
 31
0.0
  0
LINE
  5
F1
330
ED
100
AcDbEntity
  8
0
  6
ByBlock
 62
     0
370
    -2
100
AcDbLine
 10
0.0
 20
-1.175976928622926
 30
0.0
 11
12.5
 21
-1.175976928622926
 31
0.0
  0
LINE
  5
F2
330
ED
100
AcDbEntity
  8
0
  6
ByBlock
 62
     0
370
    -2
100
AcDbLine
 10
0.0
 20
-1.535976928622925
 30
0.0
 11
12.5
 21
-1.535976928622925
 31
0.0
  0
LINE
  5
F3
330
ED
100
AcDbEntity
  8
0
  6
ByBlock
 62
     0
370
    -2
100
AcDbLine
 10
0.0
 20
-1.895976928622925
 30
0.0
 11
12.5
 21
-1.895976928622925
 31
0.0
  0
LINE
  5
F4
330
ED
100
AcDbEntity
  8
0
  6
ByBlock
 62
     0
370
    -2
100
AcDbLine
 10
0.0
 20
-2.255976928622924
 30
0.0
 11
12.5
 21
-2.255976928622924
 31
0.0
  0
LINE
  5
F5
330
ED
100
AcDbEntity
  8
0
  6
ByBlock
 62
     0
370
    -2
100
AcDbLine
 10
0.0
 20
-2.709310261956257
 30
0.0
 11
12.5
 21
-2.709310261956257
 31
0.0
  0
LINE
  5
F6
330
ED
100
AcDbEntity
  8
0
  6
ByBlock
 62
     0
370
    -2
100
AcDbLine
 10
0.0
 20
-3.069310261956257
 30
0.0
 11
12.5
 21
-3.069310261956257
 31
0.0
  0
LINE
  5
F7
330
ED
100
AcDbEntity
  8
0
  6
ByBlock
 62
     0
370
    -2
100
AcDbLine
 10
0.0
 20
-3.429310261956256
 30
0.0
 11
12.5
 21
-3.429310261956256
 31
0.0
  0
LINE
  5
F8
330
ED
100
AcDbEntity
  8
0
  6
ByBlock
 62
     0
370
    -2
100
AcDbLine
 10
0.0
 20
-3.791343427060798
 30
0.0
 11
12.5
 21
-3.791343427060798
 31
0.0
  0
LINE
  5
106
330
ED
100
AcDbEntity
  8
0
  6
ByBlock
 62
     0
370
    -2
100
AcDbLine
 10
0.0
 20
0.0
 30
0.0
 11
0.0
 21
-3.791343427060798
 31
0.0
  0
LINE
  5
107
330
ED
100
AcDbEntity
  8
0
  6
ByBlock
 62
     0
370
    -2
100
AcDbLine
 10
2.5
 20
-0.4559769286229276
 30
0.0
 11
2.5
 21
-2.255976928622924
 31
0.0
  0
LINE
  5
108
330
ED
100
AcDbEntity
  8
0
  6
ByBlock
 62
     0
370
    -2
100
AcDbLine
 10
2.5
 20
-2.709310261956257
 30
0.0
 11
2.5
 21
-3.791343427060798
 31
0.0
  0
LINE
  5
109
330
ED
100
AcDbEntity
  8
0
  6
ByBlock
 62
     0
370
    -2
100
AcDbLine
 10
5.0
 20
-0.4559769286229276
 30
0.0
 11
5.0
 21
-2.255976928622924
 31
0.0
  0
LINE
  5
10A
330
ED
100
AcDbEntity
  8
0
  6
ByBlock
 62
     0
370
    -2
100
AcDbLine
 10
5.0
 20
-2.709310261956257
 30
0.0
 11
5.0
 21
-3.791343427060798
 31
0.0
  0
LINE
  5
10B
330
ED
100
AcDbEntity
  8
0
  6
ByBlock
 62
     0
370
    -2
100
AcDbLine
 10
7.5
 20
-0.4559769286229276
 30
0.0
 11
7.5
 21
-2.255976928622924
 31
0.0
  0
LINE
  5
10C
330
ED
100
AcDbEntity
  8
0
  6
ByBlock
 62
     0
370
    -2
100
AcDbLine
 10
7.5
 20
-2.709310261956257
 30
0.0
 11
7.5
 21
-3.791343427060798
 31
0.0
  0
LINE
  5
72A
330
ED
100
AcDbEntity
  8
0
  6
ByBlock
 62
     0
370
    -2
100
AcDbLine
 10
10.0
 20
-0.4559769286229276
 30
0.0
 11
10.0
 21
-2.255976928622924
 31
0.0
  0
LINE
  5
72B
330
ED
100
AcDbEntity
  8
0
  6
ByBlock
 62
     0
370
    -2
100
AcDbLine
 10
10.0
 20
-2.709310261956257
 30
0.0
 11
10.0
 21
-3.791343427060798
 31
0.0
  0
LINE
  5
72C
330
ED
100
AcDbEntity
  8
0
  6
ByBlock
 62
     0
370
    -2
100
AcDbLine
 10
12.5
 20
0.0
 30
0.0
 11
12.5
 21
-3.791343427060798
 31
0.0
  0
LINE
  5
72D
330
ED
100
AcDbEntity
  8
Defpoints
 62
     8
 60
     1
370
     0
100
AcDbLine
 10
0.0
 20
0.0
 30
0.0
 11
0.0
 21
0.0
 31
0.0
  0
LINE
  5
7A8
330
ED
100
AcDbEntity
  8
0
  6
ByBlock
 62
     0
370
    -2
100
AcDbLine
 10
10.02899606084969
 20
-5.448387361068885
 30
0.0
 11
22.52899606084969
 21
-5.448387361068885
 31
0.0
  0
LINE
  5
7A9
330
ED
100
AcDbEntity
  8
0
  6
ByBlock
 62
     0
370
    -2
100
AcDbLine
 10
10.02899606084969
 20
-5.904364289691812
 30
0.0
 11
22.52899606084969
 21
-5.904364289691812
 31
0.0
  0
LINE
  5
7AA
330
ED
100
AcDbEntity
  8
0
  6
ByBlock
 62
     0
370
    -2
100
AcDbLine
 10
10.02899606084969
 20
-6.264364289691812
 30
0.0
 11
22.52899606084969
 21
-6.264364289691812
 31
0.0
  0
LINE
  5
7AB
330
ED
100
AcDbEntity
  8
0
  6
ByBlock
 62
     0
370
    -2
100
AcDbLine
 10
10.02899606084969
 20
-6.624364289691811
 30
0.0
 11
22.52899606084969
 21
-6.624364289691811
 31
0.0
  0
LINE
  5
7AC
330
ED
100
AcDbEntity
  8
0
  6
ByBlock
 62
     0
370
    -2
100
AcDbLine
 10
10.02899606084969
 20
-6.986397454796353
 30
0.0
 11
22.52899606084969
 21
-6.986397454796353
 31
0.0
  0
LINE
  5
823
330
ED
100
AcDbEntity
  8
0
  6
ByBlock
 62
     0
370
    -2
100
AcDbLine
 10
10.02899606084969
 20
-7.348430619900895
 30
0.0
 11
22.52899606084969
 21
-7.348430619900895
 31
0.0
  0
LINE
  5
824
330
ED
100
AcDbEntity
  8
0
  6
ByBlock
 62
     0
370
    -2
100
AcDbLine
 10
10.02899606084969
 20
-7.710463785005437
 30
0.0
 11
22.52899606084969
 21
-7.710463785005437
 31
0.0
  0
LINE
  5
825
330
ED
100
AcDbEntity
  8
0
  6
ByBlock
 62
     0
370
    -2
100
AcDbLine
 10
10.02899606084969
 20
-5.448387361068885
 30
0.0
 11
10.02899606084969
 21
-7.710463785005437
 31
0.0
  0
LINE
  5
826
330
ED
100
AcDbEntity
  8
0
  6
ByBlock
 62
     0
370
    -2
100
AcDbLine
 10
12.52899606084969
 20
-5.904364289691812
 30
0.0
 11
12.52899606084969
 21
-7.710463785005437
 31
0.0
  0
LINE
  5
827
330
ED
100
AcDbEntity
  8
0
  6
ByBlock
 62
     0
370
    -2
100
AcDbLine
 10
15.02899606084969
 20
-5.904364289691812
 30
0.0
 11
15.02899606084969
 21
-7.710463785005437
 31
0.0
  0
LINE
  5
828
330
ED
100
AcDbEntity
  8
0
  6
ByBlock
 62
     0
370
    -2
100
AcDbLine
 10
17.52899606084969
 20
-5.904364289691812
 30
0.0
 11
17.52899606084969
 21
-7.710463785005437
 31
0.0
  0
LINE
  5
829
330
ED
100
AcDbEntity
  8
0
  6
ByBlock
 62
     0
370
    -2
100
AcDbLine
 10
20.02899606084969
 20
-5.904364289691812
 30
0.0
 11
20.02899606084969
 21
-7.710463785005437
 31
0.0
  0
LINE
  5
82A
330
ED
100
AcDbEntity
  8
0
  6
ByBlock
 62
     0
370
    -2
100
AcDbLine
 10
22.52899606084969
 20
-5.448387361068885
 30
0.0
 11
22.52899606084969
 21
-7.710463785005437
 31
0.0
  0
LINE
  5
82B
330
ED
100
AcDbEntity
  8
Defpoints
 62
     8
 60
     1
370
     0
100
AcDbLine
 10
0.0
 20
0.0
 30
0.0
 11
0.0
 21
0.0
 31
0.0
  0
LINE
  5
82C
330
ED
100
AcDbEntity
  8
0
  6
ByBlock
 62
     0
370
    -2
100
AcDbLine
 10
22.80487883482493
 20
-9.389310432562044
 30
0.0
 11
35.30487883482493
 21
-9.389310432562044
 31
0.0
  0
LINE
  5
82D
330
ED
100
AcDbEntity
  8
0
  6
ByBlock
 62
     0
370
    -2
100
AcDbLine
 10
22.80487883482493
 20
-9.845287361184972
 30
0.0
 11
35.30487883482493
 21
-9.845287361184972
 31
0.0
  0
LINE
  5
85A
330
ED
100
AcDbEntity
  8
0
  6
ByBlock
 62
     0
370
    -2
100
AcDbLine
 10
22.80487883482493
 20
-10.20528736118497
 30
0.0
 11
35.30487883482493
 21
-10.20528736118497
 31
0.0
  0
LINE
  5
85B
330
ED
100
AcDbEntity
  8
0
  6
ByBlock
 62
     0
370
    -2
100
AcDbLine
 10
22.80487883482493
 20
-10.56528736118497
 30
0.0
 11
35.30487883482493
 21
-10.56528736118497
 31
0.0
  0
LINE
  5
85C
330
ED
100
AcDbEntity
  8
0
  6
ByBlock
 62
     0
370
    -2
100
AcDbLine
 10
22.80487883482493
 20
-10.92732052628951
 30
0.0
 11
35.30487883482493
 21
-10.92732052628951
 31
0.0
  0
LINE
  5
85D
330
ED
100
AcDbEntity
  8
0
  6
ByBlock
 62
     0
370
    -2
100
AcDbLine
 10
22.80487883482493
 20
-11.28935369139405
 30
0.0
 11
35.30487883482493
 21
-11.28935369139405
 31
0.0
  0
LINE
  5
85E
330
ED
100
AcDbEntity
  8
0
  6
ByBlock
 62
     0
370
    -2
100
AcDbLine
 10
22.80487883482493
 20
-9.389310432562044
 30
0.0
 11
22.80487883482493
 21
-11.28935369139405
 31
0.0
  0
LINE
  5
85F
330
ED
100
AcDbEntity
  8
0
  6
ByBlock
 62
     0
370
    -2
100
AcDbLine
 10
25.30487883482493
 20
-9.845287361184972
 30
0.0
 11
25.30487883482493
 21
-11.28935369139405
 31
0.0
  0
LINE
  5
860
330
ED
100
AcDbEntity
  8
0
  6
ByBlock
 62
     0
370
    -2
100
AcDbLine
 10
27.80487883482493
 20
-9.845287361184972
 30
0.0
 11
27.80487883482493
 21
-11.28935369139405
 31
0.0
  0
LINE
  5
861
330
ED
100
AcDbEntity
  8
0
  6
ByBlock
 62
     0
370
    -2
100
AcDbLine
 10
30.30487883482493
 20
-9.845287361184972
 30
0.0
 11
30.30487883482493
 21
-11.28935369139405
 31
0.0
  0
LINE
  5
862
330
ED
100
AcDbEntity
  8
0
  6
ByBlock
 62
     0
370
    -2
100
AcDbLine
 10
32.80487883482493
 20
-9.845287361184972
 30
0.0
 11
32.80487883482493
 21
-11.28935369139405
 31
0.0
  0
LINE
  5
863
330
ED
100
AcDbEntity
  8
0
  6
ByBlock
 62
     0
370
    -2
100
AcDbLine
 10
35.30487883482493
 20
-9.389310432562044
 30
0.0
 11
35.30487883482493
 21
-11.28935369139405
 31
0.0
  0
LINE
  5
864
330
ED
100
AcDbEntity
  8
Defpoints
 62
     8
 60
     1
370
     0
100
AcDbLine
 10
0.0
 20
0.0
 30
0.0
 11
0.0
 21
0.0
 31
0.0
  0
ENDBLK
  5
FA
330
ED
100
AcDbEntity
  8
0
100
AcDbBlockEnd
  0
BLOCK
  5
8FD
330
88C
100
AcDbEntity
  8
0
100
AcDbBlockBegin
  2
*T8
 70
     1
 10
0.0
 20
0.0
 30
0.0
  3
*T8
  1

  0
ENDBLK
  5
8FE
330
88C
100
AcDbEntity
  8
0
100
AcDbBlockEnd
  0
BLOCK
  5
971
330
900
100
AcDbEntity
  8
0
100
AcDbBlockBegin
  2
*T9
 70
     1
 10
0.0
 20
0.0
 30
0.0
  3
*T9
  1

  0
ENDBLK
  5
972
330
900
100
AcDbEntity
  8
0
100
AcDbBlockEnd
  0
BLOCK
  5
AEC
330
A7B
100
AcDbEntity
  8
0
100
AcDbBlockBegin
  2
*T11
 70
     1
 10
0.0
 20
0.0
 30
0.0
  3
*T11
  1

  0
MTEXT
  5
A7C
330
A7B
100
AcDbEntity
  8
0
 62
     0
100
AcDbMText
 10
6.25
 20
-0.2279884643114638
 30
0.0
 40
0.25
 41
12.38
 46
0.0
 71
     5
 72
     5
  1
Title-1
  7
newtext
 73
     1
 44
1.0
  0
MTEXT
  5
A7D
330
A7B
100
AcDbEntity
  8
0
 62
     0
100
AcDbMText
 10
1.25
 20
-0.6359769286229274
 30
0.0
 40
0.18
 41
2.379999999999999
 46
0.0
 71
     5
 72
     5
  1
Header-A
 73
     1
 44
1.0
  0
MTEXT
  5
A7E
330
A7B
100
AcDbEntity
  8
0
 62
     0
100
AcDbMText
 10
3.75
 20
-0.6359769286229274
 30
0.0
 40
0.18
 41
2.379999999999999
 46
0.0
 71
     5
 72
     5
  1
Header-B
 73
     1
 44
1.0
  0
MTEXT
  5
A7F
330
A7B
100
AcDbEntity
  8
0
 62
     0
100
AcDbMText
 10
6.25
 20
-0.6359769286229274
 30
0.0
 40
0.18
 41
2.379999999999999
 46
0.0
 71
     5
 72
     5
  1
Header-C
 73
     1
 44
1.0
  0
MTEXT
  5
A80
330
A7B
100
AcDbEntity
  8
0
 62
     0
100
AcDbMText
 10
8.75
 20
-0.6359769286229274
 30
0.0
 40
0.18
 41
2.379999999999999
 46
0.0
 71
     5
 72
     5
  1
Header-D
 73
     1
 44
1.0
  0
MTEXT
  5
A81
330
A7B
100
AcDbEntity
  8
0
 62
     0
100
AcDbMText
 10
11.25
 20
-0.6359769286229274
 30
0.0
 40
0.18
 41
2.379999999999999
 46
0.0
 71
     5
 72
     5
  1
Header-E
 73
     1
 44
1.0
  0
MTEXT
  5
A82
330
A7B
100
AcDbEntity
  8
0
 62
     0
100
AcDbMText
 10
1.25
 20
-0.9959769286229267
 30
0.0
 40
0.18
 41
2.379999999999999
 46
0.0
 71
     5
 72
     5
  1
Header-1
 73
     1
 44
1.0
  0
MTEXT
  5
A83
330
A7B
100
AcDbEntity
  8
0
 62
     0
100
AcDbMText
 10
3.75
 20
-0.9959769286229267
 30
0.0
 40
0.18
 41
2.379999999999999
 46
0.0
 71
     5
 72
     5
  1
Header-2
 73
     1
 44
1.0
  0
MTEXT
  5
A84
330
A7B
100
AcDbEntity
  8
0
 62
     0
100
AcDbMText
 10
6.25
 20
-0.9959769286229267
 30
0.0
 40
0.18
 41
2.379999999999999
 46
0.0
 71
     5
 72
     5
  1
Header-3
 73
     1
 44
1.0
  0
MTEXT
  5
A85
330
A7B
100
AcDbEntity
  8
0
 62
     0
100
AcDbMText
 10
8.75
 20
-0.9959769286229267
 30
0.0
 40
0.18
 41
2.379999999999999
 46
0.0
 71
     5
 72
     5
  1
Header-4
 73
     1
 44
1.0
  0
MTEXT
  5
A86
330
A7B
100
AcDbEntity
  8
0
 62
     0
100
AcDbMText
 10
11.25
 20
-0.9959769286229267
 30
0.0
 40
0.18
 41
2.379999999999999
 46
0.0
 71
     5
 72
     5
  1
Header-5
 73
     1
 44
1.0
  0
MTEXT
  5
A87
330
A7B
100
AcDbEntity
  8
0
 62
     0
100
AcDbMText
 10
2.439999999999997
 20
-1.235976928622926
 30
0.0
 40
0.18
 41
2.379999999999999
 46
0.0
 71
     3
 72
     5
  1
d
  7
newtext
 73
     1
 44
1.0
  0
MTEXT
  5
A88
330
A7B
100
AcDbEntity
  8
0
 62
     0
100
AcDbMText
 10
2.439999999999997
 20
-1.598010093727468
 30
0.0
 40
0.18
 41
2.379999999999999
 46
0.0
 71
     3
 72
     5
  1
f
  7
newtext
 73
     1
 44
1.0
  0
MTEXT
  5
A89
330
A7B
100
AcDbEntity
  8
0
 62
     0
100
AcDbMText
 10
2.439999999999997
 20
-1.96004325883201
 30
0.0
 40
0.18
 41
2.379999999999999
 46
0.0
 71
     3
 72
     5
  1
g
  7
newtext
 73
     1
 44
1.0
  0
LINE
  5
ABB
330
A7B
100
AcDbEntity
  8
0
  6
ByBlock
 62
     0
370
    -2
100
AcDbLine
 10
0.0
 20
0.0
 30
0.0
 11
12.5
 21
0.0
 31
0.0
  0
LINE
  5
ABC
330
A7B
100
AcDbEntity
  8
0
  6
ByBlock
 62
     0
370
    -2
100
AcDbLine
 10
0.0
 20
-0.4559769286229276
 30
0.0
 11
12.5
 21
-0.4559769286229276
 31
0.0
  0
LINE
  5
ABD
330
A7B
100
AcDbEntity
  8
0
  6
ByBlock
 62
     0
370
    -2
100
AcDbLine
 10
0.0
 20
-0.815976928622927
 30
0.0
 11
12.5
 21
-0.815976928622927
 31
0.0
  0
LINE
  5
ABE
330
A7B
100
AcDbEntity
  8
0
  6
ByBlock
 62
     0
370
    -2
100
AcDbLine
 10
0.0
 20
-1.175976928622926
 30
0.0
 11
12.5
 21
-1.175976928622926
 31
0.0
  0
LINE
  5
ABF
330
A7B
100
AcDbEntity
  8
0
  6
ByBlock
 62
     0
370
    -2
100
AcDbLine
 10
0.0
 20
-1.538010093727468
 30
0.0
 11
12.5
 21
-1.538010093727468
 31
0.0
  0
LINE
  5
AC0
330
A7B
100
AcDbEntity
  8
0
  6
ByBlock
 62
     0
370
    -2
100
AcDbLine
 10
0.0
 20
-1.90004325883201
 30
0.0
 11
12.5
 21
-1.90004325883201
 31
0.0
  0
LINE
  5
AC1
330
A7B
100
AcDbEntity
  8
0
  6
ByBlock
 62
     0
370
    -2
100
AcDbLine
 10
0.0
 20
-2.262076423936552
 30
0.0
 11
12.5
 21
-2.262076423936552
 31
0.0
  0
LINE
  5
AC2
330
A7B
100
AcDbEntity
  8
0
  6
ByBlock
 62
     0
370
    -2
100
AcDbLine
 10
0.0
 20
0.0
 30
0.0
 11
0.0
 21
-2.262076423936552
 31
0.0
  0
LINE
  5
AC3
330
A7B
100
AcDbEntity
  8
0
  6
ByBlock
 62
     0
370
    -2
100
AcDbLine
 10
2.5
 20
-0.4559769286229276
 30
0.0
 11
2.5
 21
-2.262076423936552
 31
0.0
  0
LINE
  5
AC4
330
A7B
100
AcDbEntity
  8
0
  6
ByBlock
 62
     0
370
    -2
100
AcDbLine
 10
5.0
 20
-0.4559769286229276
 30
0.0
 11
5.0
 21
-2.262076423936552
 31
0.0
  0
LINE
  5
AC5
330
A7B
100
AcDbEntity
  8
0
  6
ByBlock
 62
     0
370
    -2
100
AcDbLine
 10
7.5
 20
-0.4559769286229276
 30
0.0
 11
7.5
 21
-2.262076423936552
 31
0.0
  0
LINE
  5
AC6
330
A7B
100
AcDbEntity
  8
0
  6
ByBlock
 62
     0
370
    -2
100
AcDbLine
 10
10.0
 20
-0.4559769286229276
 30
0.0
 11
10.0
 21
-2.262076423936552
 31
0.0
  0
LINE
  5
AC7
330
A7B
100
AcDbEntity
  8
0
  6
ByBlock
 62
     0
370
    -2
100
AcDbLine
 10
12.5
 20
0.0
 30
0.0
 11
12.5
 21
-2.262076423936552
 31
0.0
  0
LINE
  5
AC8
330
A7B
100
AcDbEntity
  8
Defpoints
 62
     8
 60
     1
370
     0
100
AcDbLine
 10
0.0
 20
0.0
 30
0.0
 11
0.0
 21
0.0
 31
0.0
  0
ENDBLK
  5
AED
330
A7B
100
AcDbEntity
  8
0
100
AcDbBlockEnd
  0
BLOCK
  5
B60
330
AEF
100
AcDbEntity
  8
0
100
AcDbBlockBegin
  2
*T12
 70
     1
 10
0.0
 20
0.0
 30
0.0
  3
*T12
  1

  0
MTEXT
  5
AF0
330
AEF
100
AcDbEntity
  8
0
 62
     0
100
AcDbMText
 10
6.25
 20
-0.2279884643114638
 30
0.0
 40
0.25
 41
12.38
 46
0.0
 71
     5
 72
     5
  1
Title-1
  7
newtext
 73
     1
 44
1.0
  0
MTEXT
  5
AF1
330
AEF
100
AcDbEntity
  8
0
 62
     0
100
AcDbMText
 10
1.25
 20
-0.6359769286229274
 30
0.0
 40
0.18
 41
2.379999999999999
 46
0.0
 71
     5
 72
     5
  1
Header-A
 73
     1
 44
1.0
  0
MTEXT
  5
AF2
330
AEF
100
AcDbEntity
  8
0
 62
     0
100
AcDbMText
 10
3.75
 20
-0.6359769286229274
 30
0.0
 40
0.18
 41
2.379999999999999
 46
0.0
 71
     5
 72
     5
  1
Header-B
 73
     1
 44
1.0
  0
MTEXT
  5
AF3
330
AEF
100
AcDbEntity
  8
0
 62
     0
100
AcDbMText
 10
6.25
 20
-0.6359769286229274
 30
0.0
 40
0.18
 41
2.379999999999999
 46
0.0
 71
     5
 72
     5
  1
Header-C
 73
     1
 44
1.0
  0
MTEXT
  5
AF4
330
AEF
100
AcDbEntity
  8
0
 62
     0
100
AcDbMText
 10
8.75
 20
-0.6359769286229274
 30
0.0
 40
0.18
 41
2.379999999999999
 46
0.0
 71
     5
 72
     5
  1
Header-D
 73
     1
 44
1.0
  0
MTEXT
  5
AF5
330
AEF
100
AcDbEntity
  8
0
 62
     0
100
AcDbMText
 10
11.25
 20
-0.6359769286229274
 30
0.0
 40
0.18
 41
2.379999999999999
 46
0.0
 71
     5
 72
     5
  1
Header-E
 73
     1
 44
1.0
  0
MTEXT
  5
AF6
330
AEF
100
AcDbEntity
  8
0
 62
     0
100
AcDbMText
 10
1.25
 20
-0.9959769286229267
 30
0.0
 40
0.18
 41
2.379999999999999
 46
0.0
 71
     5
 72
     5
  1
Header-1
 73
     1
 44
1.0
  0
MTEXT
  5
AF7
330
AEF
100
AcDbEntity
  8
0
 62
     0
100
AcDbMText
 10
3.75
 20
-0.9959769286229267
 30
0.0
 40
0.18
 41
2.379999999999999
 46
0.0
 71
     5
 72
     5
  1
Header-2
 73
     1
 44
1.0
  0
MTEXT
  5
AF8
330
AEF
100
AcDbEntity
  8
0
 62
     0
100
AcDbMText
 10
6.25
 20
-0.9959769286229267
 30
0.0
 40
0.18
 41
2.379999999999999
 46
0.0
 71
     5
 72
     5
  1
Header-3
 73
     1
 44
1.0
  0
MTEXT
  5
AF9
330
AEF
100
AcDbEntity
  8
0
 62
     0
100
AcDbMText
 10
8.75
 20
-0.9959769286229267
 30
0.0
 40
0.18
 41
2.379999999999999
 46
0.0
 71
     5
 72
     5
  1
Header-4
 73
     1
 44
1.0
  0
MTEXT
  5
AFA
330
AEF
100
AcDbEntity
  8
0
 62
     0
100
AcDbMText
 10
11.25
 20
-0.9959769286229267
 30
0.0
 40
0.18
 41
2.379999999999999
 46
0.0
 71
     5
 72
     5
  1
Header-5
 73
     1
 44
1.0
  0
MTEXT
  5
AFB
330
AEF
100
AcDbEntity
  8
0
 62
     0
100
AcDbMText
 10
2.439999999999997
 20
-1.235976928622926
 30
0.0
 40
0.18
 41
2.379999999999999
 46
0.0
 71
     3
 72
     5
  1
h
  7
newtext
 73
     1
 44
1.0
  0
MTEXT
  5
AFC
330
AEF
100
AcDbEntity
  8
0
 62
     0
100
AcDbMText
 10
2.439999999999997
 20
-1.598010093727468
 30
0.0
 40
0.18
 41
2.379999999999999
 46
0.0
 71
     3
 72
     5
  1
f
  7
newtext
 73
     1
 44
1.0
  0
MTEXT
  5
AFD
330
AEF
100
AcDbEntity
  8
0
 62
     0
100
AcDbMText
 10
7.439999999999997
 20
-1.598010093727468
 30
0.0
 40
0.18
 41
2.379999999999999
 46
0.0
 71
     3
 72
     5
  1
j
  7
newtext
 73
     1
 44
1.0
  0
LINE
  5
B2F
330
AEF
100
AcDbEntity
  8
0
  6
ByBlock
 62
     0
370
    -2
100
AcDbLine
 10
0.0
 20
0.0
 30
0.0
 11
12.5
 21
0.0
 31
0.0
  0
LINE
  5
B30
330
AEF
100
AcDbEntity
  8
0
  6
ByBlock
 62
     0
370
    -2
100
AcDbLine
 10
0.0
 20
-0.4559769286229276
 30
0.0
 11
12.5
 21
-0.4559769286229276
 31
0.0
  0
LINE
  5
B31
330
AEF
100
AcDbEntity
  8
0
  6
ByBlock
 62
     0
370
    -2
100
AcDbLine
 10
0.0
 20
-0.815976928622927
 30
0.0
 11
12.5
 21
-0.815976928622927
 31
0.0
  0
LINE
  5
B32
330
AEF
100
AcDbEntity
  8
0
  6
ByBlock
 62
     0
370
    -2
100
AcDbLine
 10
0.0
 20
-1.175976928622926
 30
0.0
 11
12.5
 21
-1.175976928622926
 31
0.0
  0
LINE
  5
B33
330
AEF
100
AcDbEntity
  8
0
  6
ByBlock
 62
     0
370
    -2
100
AcDbLine
 10
0.0
 20
-1.538010093727468
 30
0.0
 11
12.5
 21
-1.538010093727468
 31
0.0
  0
LINE
  5
B34
330
AEF
100
AcDbEntity
  8
0
  6
ByBlock
 62
     0
370
    -2
100
AcDbLine
 10
0.0
 20
-1.90004325883201
 30
0.0
 11
12.5
 21
-1.90004325883201
 31
0.0
  0
LINE
  5
B35
330
AEF
100
AcDbEntity
  8
0
  6
ByBlock
 62
     0
370
    -2
100
AcDbLine
 10
0.0
 20
0.0
 30
0.0
 11
0.0
 21
-1.90004325883201
 31
0.0
  0
LINE
  5
B36
330
AEF
100
AcDbEntity
  8
0
  6
ByBlock
 62
     0
370
    -2
100
AcDbLine
 10
2.5
 20
-0.4559769286229276
 30
0.0
 11
2.5
 21
-1.90004325883201
 31
0.0
  0
LINE
  5
B37
330
AEF
100
AcDbEntity
  8
0
  6
ByBlock
 62
     0
370
    -2
100
AcDbLine
 10
5.0
 20
-0.4559769286229276
 30
0.0
 11
5.0
 21
-1.90004325883201
 31
0.0
  0
LINE
  5
B38
330
AEF
100
AcDbEntity
  8
0
  6
ByBlock
 62
     0
370
    -2
100
AcDbLine
 10
7.5
 20
-0.4559769286229276
 30
0.0
 11
7.5
 21
-1.90004325883201
 31
0.0
  0
LINE
  5
B39
330
AEF
100
AcDbEntity
  8
0
  6
ByBlock
 62
     0
370
    -2
100
AcDbLine
 10
10.0
 20
-0.4559769286229276
 30
0.0
 11
10.0
 21
-1.90004325883201
 31
0.0
  0
LINE
  5
B3A
330
AEF
100
AcDbEntity
  8
0
  6
ByBlock
 62
     0
370
    -2
100
AcDbLine
 10
12.5
 20
0.0
 30
0.0
 11
12.5
 21
-1.90004325883201
 31
0.0
  0
LINE
  5
B3B
330
AEF
100
AcDbEntity
  8
Defpoints
 62
     8
 60
     1
370
     0
100
AcDbLine
 10
0.0
 20
0.0
 30
0.0
 11
0.0
 21
0.0
 31
0.0
  0
ENDBLK
  5
B61
330
AEF
100
AcDbEntity
  8
0
100
AcDbBlockEnd
  0
ENDSEC
  0
SECTION
  2
ENTITIES
  0
ACAD_TABLE
  5
EB
102
{ACAD_XDICTIONARY
360
B62
102
}
330
1F
100
AcDbEntity
  8
0
 92
    20916
310
B4510000C2010000880000001D000000000000000000F03F00000000000000000000000000000000640945F7902A55400000000000000000000000000000F03F0000000000000000E93CDD0FAB80344000000000000000000000000000000000000000000000F03F0000000000000000000000000000000000000000000000
310
000000000000000000000000000000F03F0C00000016000000070000C30C00000017000000FDFFFFFF0C0000001200000000000000D400000026000000F1B8C2E30A0F174066D01AF0B2A1D6BF000000000000000000000000000000000000000000000000000000000000F03F000000000000F03F00000000000000000000
310
0000000000005400690074006C0065002D00310000000700000001000000000000000000D03F000000000000F03F0000000000000000000000000000F03F000000000000000000000000000000000000000000000000000000000100000012000000540069006D006500730020004E0065007700200052006F006D0061006E
310
00000000000000000000000C00000016000000070000C30C00000017000000FDFFFFFF0C0000001200000000000000C800000026000000EA51B81E85EBE13F82C0C2F7333BE7BF000000000000000000000000000000000000000000000000000000000000F03F000000000000F03F00000000000000000000000000000000
310
4800650061006400650072002D00410000002E7808000000010000000AD7A3703D0AC73F000000000000F03F0000000000000000000000000000F03F000000000000000000000000000000000000000000000000000000000100000000000000000000007400780074002E007300680078000000000000000C000000160000
310
00070000C30C00000017000000FDFFFFFF0C0000001200000000000000C8000000260000007A14AE47E17A084082C0C2F7333BE7BF000000000000000000000000000000000000000000000000000000000000F03F000000000000F03F000000000000000000000000000000004800650061006400650072002D0042000000
310
360008000000010000000AD7A3703D0AC73F000000000000F03F0000000000000000000000000000F03F000000000000000000000000000000000000000000000000000000000100000000000000000000007400780074002E007300680078000000000000000C00000016000000070000C30C00000017000000FDFFFFFF0C
310
0000001200000000000000C8000000260000003E0AD7A3703D164082C0C2F7333BE7BF000000000000000000000000000000000000000000000000000000000000F03F000000000000F03F000000000000000000000000000000004800650061006400650072002D0043000000360008000000010000000AD7A3703D0AC73F
310
000000000000F03F0000000000000000000000000000F03F000000000000000000000000000000000000000000000000000000000100000000000000000000007400780074002E007300680078000000000000000C00000016000000070000C30C00000017000000FDFFFFFF0C0000001200000000000000C8000000260000
310
001F85EB51B81E204082C0C2F7333BE7BF000000000000000000000000000000000000000000000000000000000000F03F000000000000F03F000000000000000000000000000000004800650061006400650072002D0044000000640008000000010000000AD7A3703D0AC73F000000000000F03F00000000000000000000
310
00000000F03F000000000000000000000000000000000000000000000000000000000100000000000000000000007400780074002E007300680078000000000000000C00000016000000070000C30C00000017000000FDFFFFFF0C0000001200000000000000C8000000260000001F85EB51B81E254082C0C2F7333BE7BF00
310
0000000000000000000000000000000000000000000000000000000000F03F000000000000F03F000000000000000000000000000000004800650061006400650072002D0045000000640008000000010000000AD7A3703D0AC73F000000000000F03F0000000000000000000000000000F03F000000000000000000000000
310
000000000000000000000000000000000100000000000000000000007400780074002E007300680078000000000000000C00000016000000070000C30C00000017000000FDFFFFFF0C0000001200000000000000C800000026000000E07A14AE47E1E23F01560A582960F1BF00000000000000000000000000000000000000
310
0000000000000000000000F03F000000000000F03F000000000000000000000000000000004800650061006400650072002D0031000000C73F08000000010000000AD7A3703D0AC73F000000000000F03F0000000000000000000000000000F03F000000000000000000000000000000000000000000000000000000000100
310
000000000000000000007400780074002E007300680078000000000000000C00000016000000070000C30C00000017000000FDFFFFFF0C0000001200000000000000C8000000260000007A14AE47E17A084001560A582960F1BF000000000000000000000000000000000000000000000000000000000000F03F0000000000
310
00F03F000000000000000000000000000000004800650061006400650072002D0032000000C73F08000000010000000AD7A3703D0AC73F000000000000F03F0000000000000000000000000000F03F000000000000000000000000000000000000000000000000000000000100000000000000000000007400780074002E00
310
7300680078000000000000000C00000016000000070000C30C00000017000000FDFFFFFF0C0000001200000000000000C8000000260000003E0AD7A3703D164001560A582960F1BF000000000000000000000000000000000000000000000000000000000000F03F000000000000F03F000000000000000000000000000000
310
004800650061006400650072002D0033000000C73F08000000010000000AD7A3703D0AC73F000000000000F03F0000000000000000000000000000F03F000000000000000000000000000000000000000000000000000000000100000000000000000000007400780074002E007300680078000000000000000C0000001600
310
0000070000C30C00000017000000FDFFFFFF0C0000001200000000000000C8000000260000001F85EB51B81E204001560A582960F1BF000000000000000000000000000000000000000000000000000000000000F03F000000000000F03F000000000000000000000000000000004800650061006400650072002D00340000
310
00000008000000010000000AD7A3703D0AC73F000000000000F03F0000000000000000000000000000F03F000000000000000000000000000000000000000000000000000000000100000000000000000000007400780074002E007300680078000000000000000C00000016000000070000C30C00000017000000FDFFFFFF
310
0C0000001200000000000000C8000000260000001F85EB51B81E254001560A582960F1BF000000000000000000000000000000000000000000000000000000000000F03F000000000000F03F000000000000000000000000000000004800650061006400650072002D0035000000000008000000010000000AD7A3703D0AC7
310
3F000000000000F03F0000000000000000000000000000F03F000000000000000000000000000000000000000000000000000000000100000000000000000000007400780074002E007300680078000000000000000C00000016000000070000C30C00000017000000FDFFFFFF0C0000001200000000000000C80000002600
310
0000CD9BBAACF48902404137856CD7A7F6BF000000000000000000000000000000000000000000000000000000000000F03F000000000000F03F000000000000000000000000000000003600000001000000010000000AD7A3703D0AC73F000000000000F03F0000000000000000000000000000F03F000000000000000000
310
000000000000000000000000000000000000000100000012000000540069006D006500730020004E0065007700200052006F006D0061006E00000000000000000000000C00000016000000070000C30C00000017000000FDFFFFFF0C0000001200000000000000C80000002600000033013494924613404137856CD7A7F6BF
310
000000000000000000000000000000000000000000000000000000000000F03F000000000000F03F000000000000000000000000000000003700000001000000010000000AD7A3703D0AC73F000000000000F03F0000000000000000000000000000F03F000000000000000000000000000000000000000000000000000000
310
000100000012000000540069006D006500730020004E0065007700200052006F006D0061006E00000000000000000000000C00000016000000070000C30C00000017000000FDFFFFFF0C0000001200000000000000C800000026000000A014571F294A1D404137856CD7A7F6BF000000000000000000000000000000000000
310
000000000000000000000000F03F000000000000F03F000000000000000000000000000000003800000001000000010000000AD7A3703D0AC73F000000000000F03F0000000000000000000000000000F03F000000000000000000000000000000000000000000000000000000000100000012000000540069006D00650073
310
0020004E0065007700200052006F006D0061006E00000000000000000000000C00000016000000070000C30C00000017000000FDFFFFFF0C0000001200000000000000C800000026000000302A5F4216A323404137856CD7A7F6BF000000000000000000000000000000000000000000000000000000000000F03F00000000
310
0000F03F000000000000000000000000000000003900000001000000010000000AD7A3703D0AC73F000000000000F03F0000000000000000000000000000F03F000000000000000000000000000000000000000000000000000000000100000012000000540069006D006500730020004E0065007700200052006F006D0061
310
006E00000000000000000000000C00000016000000070000C30C00000017000000FDFFFFFF0C0000001200000000000000C80000002600000020FAB81B17A228404137856CD7A7F6BF000000000000000000000000000000000000000000000000000000000000F03F000000000000F03F0000000000000000000000000000
310
00003000000001000000010000000AD7A3703D0AC73F000000000000F03F0000000000000000000000000000F03F000000000000000000000000000000000000000000000000000000000100000012000000540069006D006500730020004E0065007700200052006F006D0061006E00000000000000000000000C00000016
310
000000070000C30C00000017000000FDFFFFFF0C0000001200000000000000C80000002600000054549632D4DEF23F012DAEC8666AFCBF000000000000000000000000000000000000000000000000000000000000F03F000000000000F03F000000000000000000000000000000004600000001000000010000000AD7A370
310
3D0AC73F000000000000F03F0000000000000000000000000000F03F000000000000000000000000000000000000000000000000000000000100000012000000540069006D006500730020004E0065007700200052006F006D0061006E00000000000000000000000C00000016000000070000C30C00000017000000FDFFFF
310
FF0C0000001200000000000000C8000000260000002880CB5CBD350D40012DAEC8666AFCBF000000000000000000000000000000000000000000000000000000000000F03F000000000000F03F000000000000000000000000000000004700000001000000010000000AD7A3703D0AC73F000000000000F03F000000000000
310
0000000000000000F03F000000000000000000000000000000000000000000000000000000000100000012000000540069006D006500730020004E0065007700200052006F006D0061006E00000000000000000000000C00000016000000070000C30C00000017000000FDFFFFFF0C0000001200000000000000C800000026
310
0000004A603A2F319E1840012DAEC8666AFCBF000000000000000000000000000000000000000000000000000000000000F03F000000000000F03F000000000000000000000000000000004800000001000000010000000AD7A3703D0AC73F000000000000F03F0000000000000000000000000000F03F0000000000000000
310
00000000000000000000000000000000000000000100000012000000540069006D006500730020004E0065007700200052006F006D0061006E00000000000000000000000C00000016000000070000C30C00000017000000FDFFFFFF0C0000001200000000000000CC00000026000000D6D40C72B8332140012DAEC8666AFC
310
BF000000000000000000000000000000000000000000000000000000000000F03F000000000000F03F000000000000000000000000000000005300530000006E0002000000010000000AD7A3703D0AC73F000000000000F03F0000000000000000000000000000F03F00000000000000000000000000000000000000000000
310
0000000000000100000012000000540069006D006500730020004E0065007700200052006F006D0061006E00000000000000000072000C00000016000000070000C30C00000017000000FDFFFFFF0C0000001200000000000000CC000000260000009476F14A03362640012DAEC8666AFCBF00000000000000000000000000
310
0000000000000000000000000000000000F03F000000000000F03F000000000000000000000000000000004600460000006E0002000000010000000AD7A3703D0AC73F000000000000F03F0000000000000000000000000000F03F000000000000000000000000000000000000000000000000000000000100000012000000
310
540069006D006500730020004E0065007700200052006F006D0061006E00000000000000000000000C00000016000000070000C30C00000017000000FDFFFFFF0C0000001200000000000000CC0000002600000008B454553EA7014061916B127B1601C0000000000000000000000000000000000000000000000000000000
310
000000F03F000000000000F03F00000000000000000000000000000000310031000000000002000000010000000AD7A3703D0AC73F000000000000F03F0000000000000000000000000000F03F000000000000000000000000000000000000000000000000000000000100000012000000540069006D006500730020004E00
310
65007700200052006F006D0061006E00000000000000000000000C00000016000000070000C30C00000017000000FDFFFFFF0C0000001200000000000000CC00000026000000A63862D8B1BD124061916B127B1601C0000000000000000000000000000000000000000000000000000000000000F03F000000000000F03F00
310
000000000000000000000000000000310032000000670002000000010000000AD7A3703D0AC73F000000000000F03F0000000000000000000000000000F03F000000000000000000000000000000000000000000000000000000000100000012000000540069006D006500730020004E0065007700200052006F006D006100
310
6E00000000000000000000000C00000016000000070000C30C00000017000000FDFFFFFF0C0000001200000000000000CC000000260000005A59688EFDC81C4061916B127B1601C0000000000000000000000000000000000000000000000000000000000000F03F000000000000F03F000000000000000000000000000000
310
00310033000000670002000000010000000AD7A3703D0AC73F000000000000F03F0000000000000000000000000000F03F000000000000000000000000000000000000000000000000000000000100000012000000540069006D006500730020004E0065007700200052006F006D0061006E00000000000000000062000C00
310
000016000000070000C30C00000017000000FDFFFFFF0C0000001200000000000000CC0000002600000011891EC8EA5D234061916B127B1601C0000000000000000000000000000000000000000000000000000000000000F03F000000000000F03F000000000000000000000000000000003100340000006C000200000001
310
0000000AD7A3703D0AC73F000000000000F03F0000000000000000000000000000F03F000000000000000000000000000000000000000000000000000000000100000012000000540069006D006500730020004E0065007700200052006F006D0061006E00000000000000000000000C00000016000000070000C30C000000
310
17000000FDFFFFFF0C0000001200000000000000CC0000002600000089BC056D2B62284061916B127B1601C0000000000000000000000000000000000000000000000000000000000000F03F000000000000F03F00000000000000000000000000000000310035000000000002000000010000000AD7A3703D0AC73F000000
310
000000F03F0000000000000000000000000000F03F000000000000000000000000000000000000000000000000000000000100000012000000540069006D006500730020004E0065007700200052006F006D0061006E0000000000000000003E200C00000016000000070000C30C00000017000000FDFFFFFF0C0000001200
310
000000000000D400000026000000FD2FF4BFD0FF164035D41DFFBEDD04C0000000000000000000000000000000000000000000000000000000000000F03F000000000000F03F000000000000000000000000000000005400690074006C0065002D00320000000700000001000000000000000000D03F000000000000F03F00
310
00000000000000000000000000F03F000000000000000000000000000000000000000000000000000000000100000012000000540069006D006500730020004E0065007700200052006F006D0061006E000000000000000000B4220C00000016000000070000C30C00000017000000FDFFFFFF0C0000001200000000000000
310
BC0000002600000014AE47E17A14F23F19EA5D9EA0D507C0000000000000000000000000000000000000000000000000000000000000F03F000000000000F03F00000000000000000000000000000000480031000000000002000000010000000AD7A3703D0AC73F000000000000F03F0000000000000000000000000000F0
310
3F000000000000000000000000000000000000000000000000000000000100000000000000000000007400780074002E0073006800780000000000BE730C00000016000000070000C30C00000017000000FDFFFFFF0C0000001200000000000000BC00000026000000CDCCCCCCCCCC0C4019EA5D9EA0D507C0000000000000
310
000000000000000000000000000000000000000000000000F03F000000000000F03F00000000000000000000000000000000480032000000000002000000010000000AD7A3703D0AC73F000000000000F03F0000000000000000000000000000F03F0000000000000000000000000000000000000000000000000000000001
310
00000000000000000000007400780074002E007300680078000000000000C30C00000016000000070000C30C00000017000000FDFFFFFF0C0000001200000000000000BC00000026000000676666666666184019EA5D9EA0D507C0000000000000000000000000000000000000000000000000000000000000F03F00000000
310
0000F03F00000000000000000000000000000000480033000000000002000000010000000AD7A3703D0AC73F000000000000F03F0000000000000000000000000000F03F000000000000000000000000000000000000000000000000000000000100000000000000000000007400780074002E0073006800780000000000BE
310
730C00000016000000070000C30C00000017000000FDFFFFFF0C0000001200000000000000BC00000026000000343333333333214019EA5D9EA0D507C0000000000000000000000000000000000000000000000000000000000000F03F000000000000F03F0000000000000000000000000000000048003400000000000200
310
0000010000000AD7A3703D0AC73F000000000000F03F0000000000000000000000000000F03F000000000000000000000000000000000000000000000000000000000100000000000000000000007400780074002E0073006800780000000000FFFF0C00000016000000070000C30C00000017000000FDFFFFFF0C00000012
310
00000000000000BC00000026000000343333333333264019EA5D9EA0D507C0000000000000000000000000000000000000000000000000000000000000F03F000000000000F03F00000000000000000000000000000000480035000000000002000000010000000AD7A3703D0AC73F000000000000F03F0000000000000000
310
000000000000F03F000000000000000000000000000000000000000000000000000000000100000000000000000000007400780074002E0073006800780000000000BE730C00000016000000070000C30C00000017000000FDFFFFFF0C0000001200000000000000C800000026000000B00D857EF5740240C15A9BA877790A
310
C0000000000000000000000000000000000000000000000000000000000000F03F000000000000F03F000000000000000000000000000000007100000001000000010000000AD7A3703D0AC73F000000000000F03F0000000000000000000000000000F03F0000000000000000000000000000000000000000000000000000
310
00000100000012000000540069006D006500730020004E0065007700200052006F006D0061006E00000000000000000000000C00000016000000070000C30C00000017000000FDFFFFFF0C0000001200000000000000C800000026000000A06974F889001340C15A9BA877790AC00000000000000000000000000000000000
310
00000000000000000000000000F03F000000000000F03F000000000000000000000000000000007700000001000000010000000AD7A3703D0AC73F000000000000F03F0000000000000000000000000000F03F000000000000000000000000000000000000000000000000000000000100000012000000540069006D006500
310
730020004E0065007700200052006F006D0061006E00000000000000000000000C00000016000000070000C30C00000017000000FDFFFFFF0C0000001200000000000000C800000026000000F41F57BD66CC0240A1D5AF56BF5A0DC0000000000000000000000000000000000000000000000000000000000000F03F000000
310
000000F03F000000000000000000000000000000007200000001000000010000000AD7A3703D0AC73F000000000000F03F0000000000000000000000000000F03F000000000000000000000000000000000000000000000000000000000100000012000000540069006D006500730020004E0065007700200052006F006D00
310
61006E00000000000000000000000C00000016000000070000C30C00000017000000FDFFFFFF0C0000001200000000000000D400000026000000587C3B045E962F402A99703D413517C0000000000000000000000000000000000000000000000000000000000000F03F000000000000F03F00000000000000000000000000
310
0000005400690074006C0065002D00310000000700000001000000000000000000D03F000000000000F03F0000000000000000000000000000F03F000000000000000000000000000000000000000000000000000000000100000012000000540069006D006500730020004E0065007700200052006F006D0061006E000000
310
00000000000000000C00000016000000070000C30C00000017000000FDFFFFFF0C0000001200000000000000C800000026000000FFA445E4902D25403444678D8CB218C0000000000000000000000000000000000000000000000000000000000000F03F000000000000F03F00000000000000000000000000000000480065
310
0061006400650072002D0041000000000008000000010000000AD7A3703D0AC73F000000000000F03F0000000000000000000000000000F03F000000000000000000000000000000000000000000000000000000000100000000000000000000007400780074002E007300680078000000000000000C000000160000000700
310
00C30C00000017000000FDFFFFFF0C0000001200000000000000C800000026000000FFA445E4902D2A403444678D8CB218C0000000000000000000000000000000000000000000000000000000000000F03F000000000000F03F000000000000000000000000000000004800650061006400650072002D0042000000000008
310
000000010000000AD7A3703D0AC73F000000000000F03F0000000000000000000000000000F03F000000000000000000000000000000000000000000000000000000000100000000000000000000007400780074002E007300680078000000000000000C00000016000000070000C30C00000017000000FDFFFFFF0C000000
310
1200000000000000C800000026000000FFA445E4902D2F403444678D8CB218C0000000000000000000000000000000000000000000000000000000000000F03F000000000000F03F000000000000000000000000000000004800650061006400650072002D0043000000000008000000010000000AD7A3703D0AC73F000000
310
000000F03F0000000000000000000000000000F03F000000000000000000000000000000000000000000000000000000000100000000000000000000007400780074002E007300680078000000000000000C00000016000000070000C30C00000017000000FDFFFFFF0C0000001200000000000000C8000000260000007FD2
310
2272C81632403444678D8CB218C0000000000000000000000000000000000000000000000000000000000000F03F000000000000F03F000000000000000000000000000000004800650061006400650072002D0044000000000008000000010000000AD7A3703D0AC73F000000000000F03F00000000000000000000000000
310
00F03F000000000000000000000000000000000000000000000000000000000100000000000000000000007400780074002E007300680078000000000000000C00000016000000070000C30C00000017000000FDFFFFFF0C0000001200000000000000C8000000260000007FD22272C89634403444678D8CB218C000000000
310
0000000000000000000000000000000000000000000000000000F03F000000000000F03F000000000000000000000000000000004800650061006400650072002D0045000000000008000000010000000AD7A3703D0AC73F000000000000F03F0000000000000000000000000000F03F000000000000000000000000000000
310
000000000000000000000000000100000000000000000000007400780074002E007300680078000000000000000C00000016000000070000C30C00000017000000FDFFFFFF0C0000001200000000000000C8000000260000008E673B0DED3C2540A481716430231AC000000000000000000000000000000000000000000000
310
0000000000000000F03F000000000000F03F000000000000000000000000000000004800650061006400650072002D0031000000000008000000010000000AD7A3703D0AC73F000000000000F03F0000000000000000000000000000F03F000000000000000000000000000000000000000000000000000000000100000000
310
000000000000007400780074002E007300680078000000000000000C00000016000000070000C30C00000017000000FDFFFFFF0C0000001200000000000000C800000026000000FFA445E4902D2A40A481716430231AC0000000000000000000000000000000000000000000000000000000000000F03F000000000000F03F
310
000000000000000000000000000000004800650061006400650072002D0032000000000008000000010000000AD7A3703D0AC73F000000000000F03F0000000000000000000000000000F03F000000000000000000000000000000000000000000000000000000000100000000000000000000007400780074002E00730068
310
0078000000000000000C00000016000000070000C30C00000017000000FDFFFFFF0C0000001200000000000000C800000026000000FFA445E4902D2F40A481716430231AC0000000000000000000000000000000000000000000000000000000000000F03F000000000000F03F000000000000000000000000000000004800
310
650061006400650072002D0033000000000008000000010000000AD7A3703D0AC73F000000000000F03F0000000000000000000000000000F03F000000000000000000000000000000000000000000000000000000000100000000000000000000007400780074002E007300680078000000000000000C0000001600000007
310
0000C30C00000017000000FDFFFFFF0C0000001200000000000000C8000000260000007FD22272C8163240A481716430231AC0000000000000000000000000000000000000000000000000000000000000F03F000000000000F03F000000000000000000000000000000004800650061006400650072002D00340000000000
310
08000000010000000AD7A3703D0AC73F000000000000F03F0000000000000000000000000000F03F000000000000000000000000000000000000000000000000000000000100000000000000000000007400780074002E007300680078000000000000000C00000016000000070000C30C00000017000000FDFFFFFF0C0000
310
001200000000000000C8000000260000007FD22272C8963440A481716430231AC0000000000000000000000000000000000000000000000000000000000000F03F000000000000F03F000000000000000000000000000000004800650061006400650072002D0035000000000008000000010000000AD7A3703D0AC73F0000
310
00000000F03F0000000000000000000000000000F03F000000000000000000000000000000000000000000000000000000000100000000000000000000007400780074002E007300680078000000000000000C00000016000000070000C30C00000017000000FDFFFFFF0C0000001200000000000000C80000002600000047
310
5319E5C0AB2840411AED9DC2791BC0000000000000000000000000000000000000000000000000000000000000F03F000000000000F03F000000000000000000000000000000006400000001000000010000000AD7A3703D0AC73F000000000000F03F0000000000000000000000000000F03F000000000000000000000000
310
000000000000000000000000000000000100000012000000540069006D006500730020004E0065007700200052006F006D0061006E00000000000000000000000C00000016000000070000C30C00000017000000FDFFFFFF0C0000001200000000000000C8000000260000000F773F4BFDB42840016B0F6637EC1CC0000000
310
000000000000000000000000000000000000000000000000000000F03F000000000000F03F000000000000000000000000000000006600000001000000010000000AD7A3703D0AC73F000000000000F03F0000000000000000000000000000F03F000000000000000000000000000000000000000000000000000000000100
310
000012000000540069006D006500730020004E0065007700200052006F006D0061006E00000000000000000000000C00000016000000070000C30C00000017000000FDFFFFFF0C0000001200000000000000C8000000260000000D0D51518BAE2840E6C1718E8D5A1EC0000000000000000000000000000000000000000000
310
000000000000000000F03F000000000000F03F000000000000000000000000000000006700000001000000010000000AD7A3703D0AC73F000000000000F03F0000000000000000000000000000F03F000000000000000000000000000000000000000000000000000000000100000012000000540069006D00650073002000
310
4E0065007700200052006F006D0061006E00000000000000000000000C00000016000000070000C30C00000017000000FDFFFFFF0C0000001200000000000000D4000000260000000C7F0143CF913C407587F049617C23C0000000000000000000000000000000000000000000000000000000000000F03F000000000000F0
310
3F000000000000000000000000000000005400690074006C0065002D00310000000700000001000000000000000000D03F000000000000F03F0000000000000000000000000000F03F000000000000000000000000000000000000000000000000000000000100000012000000540069006D006500730020004E0065007700
310
200052006F006D0061006E00000000000000000000000C00000016000000070000C30C00000017000000FDFFFFFF0C0000001200000000000000C8000000260000005F9306B3685D3740FADCEBF1063B24C0000000000000000000000000000000000000000000000000000000000000F03F000000000000F03F0000000000
310
00000000000000000000004800650061006400650072002D0041000000000008000000010000000AD7A3703D0AC73F000000000000F03F0000000000000000000000000000F03F000000000000000000000000000000000000000000000000000000000100000000000000000000007400780074002E007300680078000000
310
000000000C00000016000000070000C30C00000017000000FDFFFFFF0C0000001200000000000000C8000000260000005F9306B368DD3940FADCEBF1063B24C0000000000000000000000000000000000000000000000000000000000000F03F000000000000F03F0000000000000000000000000000000048006500610064
310
00650072002D0042000000000008000000010000000AD7A3703D0AC73F000000000000F03F0000000000000000000000000000F03F000000000000000000000000000000000000000000000000000000000100000000000000000000007400780074002E007300680078000000000000000C00000016000000070000C30C00
310
000017000000FDFFFFFF0C0000001200000000000000C8000000260000005F9306B3685D3C40FADCEBF1063B24C0000000000000000000000000000000000000000000000000000000000000F03F000000000000F03F000000000000000000000000000000004800650061006400650072002D004300000000000800000001
310
0000000AD7A3703D0AC73F000000000000F03F0000000000000000000000000000F03F000000000000000000000000000000000000000000000000000000000100000000000000000000007400780074002E007300680078000000000000000C00000016000000070000C30C00000017000000FDFFFFFF0C00000012000000
310
00000000C8000000260000005F9306B368DD3E40FADCEBF1063B24C0000000000000000000000000000000000000000000000000000000000000F03F000000000000F03F000000000000000000000000000000004800650061006400650072002D0044000000000008000000010000000AD7A3703D0AC73F000000000000F0
310
3F0000000000000000000000000000F03F000000000000000000000000000000000000000000000000000000000100000000000000000000007400780074002E007300680078000000000000000C00000016000000070000C30C00000017000000FDFFFFFF0C0000001200000000000000C800000026000000B0498359B4AE
310
4040FADCEBF1063B24C0000000000000000000000000000000000000000000000000000000000000F03F000000000000F03F000000000000000000000000000000004800650061006400650072002D0045000000000008000000010000000AD7A3703D0AC73F000000000000F03F0000000000000000000000000000F03F00
310
0000000000000000000000000000000000000000000000000000000100000000000000000000007400780074002E007300680078000000000000000C00000016000000070000C30C00000017000000FDFFFFFF0C0000001200000000000000C800000026000000A77481C716653740B2FB70DD58F324C00000000000000000
310
00000000000000000000000000000000000000000000F03F000000000000F03F000000000000000000000000000000004800650061006400650072002D0031000000000008000000010000000AD7A3703D0AC73F000000000000F03F0000000000000000000000000000F03F00000000000000000000000000000000000000
310
0000000000000000000100000000000000000000007400780074002E007300680078000000000000000C00000016000000070000C30C00000017000000FDFFFFFF0C0000001200000000000000C8000000260000005F9306B368DD3940B2FB70DD58F324C00000000000000000000000000000000000000000000000000000
310
00000000F03F000000000000F03F000000000000000000000000000000004800650061006400650072002D0032000000000008000000010000000AD7A3703D0AC73F000000000000F03F0000000000000000000000000000F03F00000000000000000000000000000000000000000000000000000000010000000000000000
310
0000007400780074002E007300680078000000000000000C00000016000000070000C30C00000017000000FDFFFFFF0C0000001200000000000000C8000000260000005F9306B3685D3C40B2FB70DD58F324C0000000000000000000000000000000000000000000000000000000000000F03F000000000000F03F00000000
310
0000000000000000000000004800650061006400650072002D0033000000000008000000010000000AD7A3703D0AC73F000000000000F03F0000000000000000000000000000F03F000000000000000000000000000000000000000000000000000000000100000000000000000000007400780074002E0073006800780000
310
00000000000C00000016000000070000C30C00000017000000FDFFFFFF0C0000001200000000000000C8000000260000005F9306B368DD3E40B2FB70DD58F324C0000000000000000000000000000000000000000000000000000000000000F03F000000000000F03F00000000000000000000000000000000480065006100
310
6400650072002D0034000000000008000000010000000AD7A3703D0AC73F000000000000F03F0000000000000000000000000000F03F000000000000000000000000000000000000000000000000000000000100000000000000000000007400780074002E007300680078000000000000000C00000016000000070000C30C
310
00000017000000FDFFFFFF0C0000001200000000000000C800000026000000B0498359B4AE4040B2FB70DD58F324C0000000000000000000000000000000000000000000000000000000000000F03F000000000000F03F000000000000000000000000000000004800650061006400650072002D0035000000000008000000
310
010000000AD7A3703D0AC73F000000000000F03F0000000000000000000000000000F03F000000000000000000000000000000000000000000000000000000000100000000000000000000007400780074002E007300680078000000000000000C00000016000000070000C30C00000017000000FDFFFFFF0C000000120000
310
0000000000C800000026000000C0EDA0CA191D394000C82EFAA19E25C0000000000000000000000000000000000000000000000000000000000000F03F000000000000F03F000000000000000000000000000000006800000001000000010000000AD7A3703D0AC73F000000000000F03F0000000000000000000000000000
310
F03F000000000000000000000000000000000000000000000000000000000100000012000000540069006D006500730020004E0065007700200052006F006D0061006E00000000000000000000000C00000016000000070000C30C00000017000000FDFFFFFF0C0000001200000000000000C800000026000000677C83E61E
310
21394061F03F5EDC5726C0000000000000000000000000000000000000000000000000000000000000F03F000000000000F03F000000000000000000000000000000006600000001000000010000000AD7A3703D0AC73F000000000000F03F0000000000000000000000000000F03F00000000000000000000000000000000
310
0000000000000000000000000100000012000000540069006D006500730020004E0065007700200052006F006D0061006E00000000000000000000000C00000016000000070000C30C00000017000000FDFFFFFF0C0000001200000000000000C800000026000000D25B12DF6E313E40CAC6FA650F5826C000000000000000
310
0000000000000000000000000000000000000000000000F03F000000000000F03F000000000000000000000000000000006A00000001000000010000000AD7A3703D0AC73F000000000000F03F0000000000000000000000000000F03F00000000000000000000000000000000000000000000000000000000010000001200
310
0000540069006D006500730020004E0065007700200052006F006D0061006E00000000000000000000000C00000016000000070000C30C00000017000000FDFFFFFF0C000000120000000000000054000000200000000200000000000000000000000000000000000000000000000000000000000000000029400000000000
310
000000000000000000000000000000000000000000000000000000000000000000F03F0C00000016000000070000C30C00000017000000FDFFFFFF0C00000012000000000000005400000020000000020000000000000000000000C09F0ADBB92EDDBF00000000000000000000000000002940C09F0ADBB92EDDBF00000000
310
0000000000000000000000000000000000000000000000000000F03F0C00000016000000070000C30C00000017000000FDFFFFFF0C00000012000000000000005400000020000000020000000000000000000000603BD7A57B1CEABF00000000000000000000000000002940603BD7A57B1CEABF0000000000000000000000
310
00000000000000000000000000000000000000F03F0C00000016000000070000C30C00000017000000FDFFFFFF0C000000120000000000000054000000200000000200000000000000000000007093142FCDD0F2BF000000000000000000000000000029407093142FCDD0F2BF000000000000000000000000000000000000
310
000000000000000000000000F03F0C00000016000000070000C30C00000017000000FDFFFFFF0C0000001200000000000000540000002000000002000000000000000000000030893D8B5C93F8BF0000000000000000000000000000294030893D8B5C93F8BF00000000000000000000000000000000000000000000000000
310
0000000000F03F0C00000016000000070000C30C00000017000000FDFFFFFF0C00000012000000000000005400000020000000020000000000000000000000F07E66E7EB55FEBF00000000000000000000000000002940F07E66E7EB55FEBF000000000000000000000000000000000000000000000000000000000000F03F
310
0C00000016000000070000C30C00000017000000FDFFFFFF0C0000001200000000000000540000002000000002000000000000000000000058BAC7A13D0C02C00000000000000000000000000000294058BAC7A13D0C02C0000000000000000000000000000000000000000000000000000000000000F03F0C000000160000
310
00070000C30C00000017000000FDFFFFFF0C00000012000000000000005400000020000000020000000000000000000000F88DCEDBAAAC05C000000000000000000000000000002940F88DCEDBAAAC05C0000000000000000000000000000000000000000000000000000000000000F03F0C00000016000000070000C30C00
310
000017000000FDFFFFFF0C00000012000000000000005400000020000000020000000000000000000000D808E389F28D08C000000000000000000000000000002940D808E389F28D08C0000000000000000000000000000000000000000000000000000000000000F03F0C00000016000000070000C30C00000017000000FD
310
FFFFFF0C00000012000000000000005400000020000000020000000000000000000000B883F7373A6F0BC000000000000000000000000000002940B883F7373A6F0BC0000000000000000000000000000000000000000000000000000000000000F03F0C00000016000000070000C30C00000017000000FDFFFFFF0C000000
310
12000000000000005400000020000000020000000000000000000000A80BD9DCAB540EC000000000000000000000000000002940A80BD9DCAB540EC0000000000000000000000000000000000000000000000000000000000000F03F0C00000016000000070000C30C00000017000000FDFFFFFF0C00000012000000000000
310
005400000020000000020000000000000000000000000000000000000000000000000000000000000000000000A80BD9DCAB540EC0000000000000000000000000000000000000000000000000000000000000F03F0C00000016000000070000C30C00000017000000FDFFFFFF0C0000001200000000000000540000002000
310
0000020000000000000000000440C09F0ADBB92EDDBF0000000000000000000000000000044058BAC7A13D0C02C0000000000000000000000000000000000000000000000000000000000000F03F0C00000016000000070000C30C00000017000000FDFFFFFF0C000000120000000000000054000000200000000200000000
310
00000000000440F88DCEDBAAAC05C000000000000000000000000000000440A80BD9DCAB540EC0000000000000000000000000000000000000000000000000000000000000F03F0C00000016000000070000C30C00000017000000FDFFFFFF0C00000012000000000000005400000020000000020000000000000000001440
310
C09F0ADBB92EDDBF0000000000000000000000000000144058BAC7A13D0C02C0000000000000000000000000000000000000000000000000000000000000F03F0C00000016000000070000C30C00000017000000FDFFFFFF0C00000012000000000000005400000020000000020000000000000000001440F88DCEDBAAAC05
310
C000000000000000000000000000001440A80BD9DCAB540EC0000000000000000000000000000000000000000000000000000000000000F03F0C00000016000000070000C30C00000017000000FDFFFFFF0C00000012000000000000005400000020000000020000000000000000001E40C09F0ADBB92EDDBF000000000000
310
00000000000000001E4058BAC7A13D0C02C0000000000000000000000000000000000000000000000000000000000000F03F0C00000016000000070000C30C00000017000000FDFFFFFF0C00000012000000000000005400000020000000020000000000000000001E40F88DCEDBAAAC05C000000000000000000000000000
310
001E40A80BD9DCAB540EC0000000000000000000000000000000000000000000000000000000000000F03F0C00000016000000070000C30C00000017000000FDFFFFFF0C00000012000000000000005400000020000000020000000000000000002440C09F0ADBB92EDDBF0000000000000000000000000000244058BAC7A1
310
3D0C02C0000000000000000000000000000000000000000000000000000000000000F03F0C00000016000000070000C30C00000017000000FDFFFFFF0C00000012000000000000005400000020000000020000000000000000002440F88DCEDBAAAC05C000000000000000000000000000002440A80BD9DCAB540EC0000000
310
000000000000000000000000000000000000000000000000000000F03F0C00000016000000070000C30C00000017000000FDFFFFFF0C00000012000000000000005400000020000000020000000000000000002940000000000000000000000000000000000000000000002940A80BD9DCAB540EC000000000000000000000
310
0000000000000000000000000000000000000000F03F0C00000016000000080000C30C00000017000000000000000C0000001200000000000000540000002000000002000000000000000000000000000000000000000000000000000000000000000000000000000000000000000000000000000000000000000000000000
310
00000000000000000000000000F03F0C00000016000000070000C30C00000017000000FDFFFFFF0C0000001200000000000000540000002000000002000000E01F5A92D80E244024EC6E0E26CB15C00000000000000000F00F2D496C87364024EC6E0E26CB15C0000000000000000000000000000000000000000000000000
310
000000000000F03F0C00000016000000070000C30C00000017000000FDFFFFFF0C0000001200000000000000540000002000000002000000E01F5A92D80E244020961FAC119E17C00000000000000000F00F2D496C87364020961FAC119E17C0000000000000000000000000000000000000000000000000000000000000F0
310
3F0C00000016000000070000C30C00000017000000FDFFFFFF0C0000001200000000000000540000002000000002000000E01F5A92D80E244090D32983B50E19C00000000000000000F00F2D496C87364090D32983B50E19C0000000000000000000000000000000000000000000000000000000000000F03F0C0000001600
310
0000070000C30C00000017000000FDFFFFFF0C0000001200000000000000540000002000000002000000E01F5A92D80E24400011345A597F1AC00000000000000000F00F2D496C8736400011345A597F1AC0000000000000000000000000000000000000000000000000000000000000F03F0C00000016000000070000C30C
310
00000017000000FDFFFFFF0C0000001200000000000000540000002000000002000000E01F5A92D80E2440F8D4A42C12F21BC00000000000000000F00F2D496C873640F8D4A42C12F21BC0000000000000000000000000000000000000000000000000000000000000F03F0C00000016000000070000C30C00000017000000
310
FDFFFFFF0C0000001200000000000000540000002000000002000000E01F5A92D80E2440F09815FFCA641DC00000000000000000F00F2D496C873640F09815FFCA641DC0000000000000000000000000000000000000000000000000000000000000F03F0C00000016000000070000C30C00000017000000FDFFFFFF0C0000
310
001200000000000000540000002000000002000000E01F5A92D80E2440E85C86D183D71EC00000000000000000F00F2D496C873640E85C86D183D71EC0000000000000000000000000000000000000000000000000000000000000F03F0C00000016000000070000C30C00000017000000FDFFFFFF0C000000120000000000
310
0000540000002000000002000000E01F5A92D80E244024EC6E0E26CB15C00000000000000000E01F5A92D80E2440E85C86D183D71EC0000000000000000000000000000000000000000000000000000000000000F03F0C00000016000000070000C30C00000017000000FDFFFFFF0C00000012000000000000005400000020
310
00000002000000E01F5A92D80E294020961FAC119E17C00000000000000000E01F5A92D80E2940E85C86D183D71EC0000000000000000000000000000000000000000000000000000000000000F03F0C00000016000000070000C30C00000017000000FDFFFFFF0C0000001200000000000000540000002000000002000000
310
E01F5A92D80E2E4020961FAC119E17C00000000000000000E01F5A92D80E2E40E85C86D183D71EC0000000000000000000000000000000000000000000000000000000000000F03F0C00000016000000070000C30C00000017000000FDFFFFFF0C0000001200000000000000540000002000000002000000F00F2D496C8731
310
4020961FAC119E17C00000000000000000F00F2D496C873140E85C86D183D71EC0000000000000000000000000000000000000000000000000000000000000F03F0C00000016000000070000C30C00000017000000FDFFFFFF0C0000001200000000000000540000002000000002000000F00F2D496C07344020961FAC119E
310
17C00000000000000000F00F2D496C073440E85C86D183D71EC0000000000000000000000000000000000000000000000000000000000000F03F0C00000016000000070000C30C00000017000000FDFFFFFF0C0000001200000000000000540000002000000002000000F00F2D496C87364024EC6E0E26CB15C00000000000
310
000000F00F2D496C873640E85C86D183D71EC0000000000000000000000000000000000000000000000000000000000000F03F0C00000016000000080000C30C00000017000000000000000C000000120000000000000054000000200000000200000000000000000000000000000000000000000000000000000000000000
310
000000000000000000000000000000000000000000000000000000000000000000000000000000000000F03F0C00000016000000070000C30C00000017000000FDFFFFFF0C0000001200000000000000540000002000000002000000D0D0108A0CCE3640F2B06FB253C722C000000000000000006868084506A74140F2B06F
310
B253C722C0000000000000000000000000000000000000000000000000000000000000F03F0C00000016000000070000C30C00000017000000FDFFFFFF0C0000001200000000000000540000002000000002000000D0D0108A0CCE3640F0054881C9B023C000000000000000006868084506A74140F0054881C9B023C00000
310
00000000000000000000000000000000000000000000000000000000F03F0C00000016000000070000C30C00000017000000FDFFFFFF0C0000001200000000000000540000002000000002000000D0D0108A0CCE3640A824CD6C1B6924C000000000000000006868084506A74140A824CD6C1B6924C0000000000000000000
310
000000000000000000000000000000000000000000F03F0C00000016000000070000C30C00000017000000FDFFFFFF0C0000001200000000000000540000002000000002000000D0D0108A0CCE3640604352586D2125C000000000000000006868084506A74140604352586D2125C000000000000000000000000000000000
310
0000000000000000000000000000F03F0C00000016000000070000C30C00000017000000FDFFFFFF0C0000001200000000000000540000002000000002000000D0D0108A0CCE36405CA58AC1C9DA25C000000000000000006868084506A741405CA58AC1C9DA25C00000000000000000000000000000000000000000000000
310
00000000000000F03F0C00000016000000070000C30C00000017000000FDFFFFFF0C0000001200000000000000540000002000000002000000D0D0108A0CCE36405807C32A269426C000000000000000006868084506A741405807C32A269426C0000000000000000000000000000000000000000000000000000000000000
310
F03F0C00000016000000070000C30C00000017000000FDFFFFFF0C0000001200000000000000540000002000000002000000D0D0108A0CCE3640F2B06FB253C722C00000000000000000D0D0108A0CCE36405807C32A269426C0000000000000000000000000000000000000000000000000000000000000F03F0C00000016
310
000000070000C30C00000017000000FDFFFFFF0C0000001200000000000000540000002000000002000000D0D0108A0C4E3940F0054881C9B023C00000000000000000D0D0108A0C4E39405807C32A269426C0000000000000000000000000000000000000000000000000000000000000F03F0C00000016000000070000C3
310
0C00000017000000FDFFFFFF0C0000001200000000000000540000002000000002000000D0D0108A0CCE3B40F0054881C9B023C00000000000000000D0D0108A0CCE3B405807C32A269426C0000000000000000000000000000000000000000000000000000000000000F03F0C00000016000000070000C30C000000170000
310
00FDFFFFFF0C0000001200000000000000540000002000000002000000D0D0108A0C4E3E40F0054881C9B023C00000000000000000D0D0108A0C4E3E405807C32A269426C0000000000000000000000000000000000000000000000000000000000000F03F0C00000016000000070000C30C00000017000000FDFFFFFF0C00
310
000012000000000000005400000020000000020000006868084506674040F0054881C9B023C0000000000000000068680845066740405807C32A269426C0000000000000000000000000000000000000000000000000000000000000F03F0C00000016000000070000C30C00000017000000FDFFFFFF0C0000001200000000
310
0000005400000020000000020000006868084506A74140F2B06FB253C722C000000000000000006868084506A741405807C32A269426C0000000000000000000000000000000000000000000000000000000000000F03F0C00000016000000080000C30C00000017000000000000000C000000120000000000000054000000
310
200000000200000000000000000000000000000000000000000000000000000000000000000000000000000000000000000000000000000000000000000000000000000000000000000000000000F03F080000001F000000
100
AcDbBlockReference
  2
*T1
 10
84.66509801618446
 20
20.50261019851033
 30
0.0
100
AcDbTable
342
87
343
ED
 11
1.0
 21
0.0
 31
0.0
 90
       22
 91
       10
 92
        5
 93
        0
 94
        0
 95
        0
 96
        0
141
0.4559769286229274
141
0.36
141
0.36
141
0.36
141
0.36
141
0.36
141
0.4533333333333334
141
0.36
141
0.36
141
0.3620331651045422
142
2.5
142
2.5
142
2.5
142
2.5
142
2.5
171
     1
172
     0
173
     0
174
     0
175
     5
176
     1
 91
   262144
178
     0
145
0.0
 92
        0
301
CELL_VALUE
 93
        6
 90
        4
  1
Title-1
 94
        0
300

302
Title-1
304
ACVALUE_END
171
     1
172
     0
173
     1
174
     0
175
     1
176
     1
 91
        0
178
     0
145
0.0
 92
        0
301
CELL_VALUE
 93
        7
 90
        0
 94
        0
300

302

304
ACVALUE_END
171
     1
172
     0
173
     1
174
     0
175
     1
176
     1
 91
        0
178
     0
145
0.0
 92
        0
301
CELL_VALUE
 93
        7
 90
        0
 94
        0
300

302

304
ACVALUE_END
171
     1
172
     0
173
     1
174
     0
175
     1
176
     1
 91
        0
178
     0
145
0.0
 92
        0
301
CELL_VALUE
 93
        7
 90
        0
 94
        0
300

302

304
ACVALUE_END
171
     1
172
     0
173
     1
174
     0
175
     1
176
     1
 91
        0
178
     0
145
0.0
 92
        0
301
CELL_VALUE
 93
        7
 90
        0
 94
        0
300

302

304
ACVALUE_END
171
     1
172
     0
173
     0
174
     0
175
     1
176
     1
 91
   262144
178
     0
145
0.0
 92
        0
301
CELL_VALUE
 93
        6
 90
        4
  1
Header-A
 94
        0
300

302
Header-A
304
ACVALUE_END
171
     1
172
     0
173
     0
174
     0
175
     1
176
     1
 91
   262144
178
     0
145
0.0
 92
        0
301
CELL_VALUE
 93
        6
 90
        4
  1
Header-B
 94
        0
300

302
Header-B
304
ACVALUE_END
171
     1
172
     0
173
     0
174
     0
175
     1
176
     1
 91
   262144
178
     0
145
0.0
 92
        0
301
CELL_VALUE
 93
        6
 90
        4
  1
Header-C
 94
        0
300

302
Header-C
304
ACVALUE_END
171
     1
172
     0
173
     0
174
     0
175
     1
176
     1
 91
   262144
178
     0
145
0.0
 92
        0
301
CELL_VALUE
 93
        6
 90
        4
  1
Header-D
 94
        0
300

302
Header-D
304
ACVALUE_END
171
     1
172
     0
173
     0
174
     0
175
     1
176
     1
 91
   262144
178
     0
145
0.0
 92
        0
301
CELL_VALUE
 93
        6
 90
        4
  1
Header-E
 94
        0
300

302
Header-E
304
ACVALUE_END
171
     1
172
     0
173
     0
174
     0
175
     1
176
     1
 91
   262161
178
     0
145
0.0
170
     5
  7
Standard
 92
        0
301
CELL_VALUE
 93
        6
 90
        4
  1
Header-1
 94
        0
300

302
Header-1
304
ACVALUE_END
171
     1
172
     0
173
     0
174
     0
175
     1
176
     1
 91
   262161
178
     0
145
0.0
170
     5
  7
Standard
 92
        0
301
CELL_VALUE
 93
        6
 90
        4
  1
Header-2
 94
        0
300

302
Header-2
304
ACVALUE_END
171
     1
172
     0
173
     0
174
     0
175
     1
176
     1
 91
   262161
178
     0
145
0.0
170
     5
  7
Standard
 92
        0
301
CELL_VALUE
 93
        6
 90
        4
  1
Header-3
 94
        0
300

302
Header-3
304
ACVALUE_END
171
     1
172
     0
173
     0
174
     0
175
     1
176
     1
 91
   262161
178
     0
145
0.0
170
     5
  7
Standard
 92
        0
301
CELL_VALUE
 93
        6
 90
        4
  1
Header-4
 94
        0
300

302
Header-4
304
ACVALUE_END
171
     1
172
     0
173
     0
174
     0
175
     1
176
     1
 91
   262161
178
     0
145
0.0
170
     5
  7
Standard
 92
        0
301
CELL_VALUE
 93
        6
 90
        4
  1
Header-5
 94
        0
300

302
Header-5
304
ACVALUE_END
171
     1
172
     0
173
     0
174
     0
175
     1
176
     1
 91
   262145
178
     0
145
0.0
170
     3
 92
        0
301
CELL_VALUE
 93
        6
 90
        1
 91
        6
 94
        0
300

302
6
304
ACVALUE_END
171
     1
172
     0
173
     0
174
     0
175
     1
176
     1
 91
   262145
178
     0
145
0.0
170
     3
 92
        0
301
CELL_VALUE
 93
        6
 90
        1
 91
        7
 94
        0
300

302
7
304
ACVALUE_END
171
     1
172
     0
173
     0
174
     0
175
     1
176
     1
 91
   262145
178
     0
145
0.0
170
     3
 92
        0
301
CELL_VALUE
 93
        6
 90
        1
 91
        8
 94
        0
300

302
8
304
ACVALUE_END
171
     1
172
     0
173
     0
174
     0
175
     1
176
     1
 91
   262145
178
     0
145
0.0
170
     3
 92
        0
301
CELL_VALUE
 93
        6
 90
        1
 91
        9
 94
        0
300

302
9
304
ACVALUE_END
171
     1
172
     0
173
     0
174
     0
175
     1
176
     1
 91
   262145
178
     0
145
0.0
170
     3
 92
        0
301
CELL_VALUE
 93
        6
 90
        1
 91
        0
 94
        0
300

302
0
304
ACVALUE_END
171
     1
172
     0
173
     0
174
     0
175
     1
176
     1
 91
   262144
178
     0
145
0.0
 92
        0
301
CELL_VALUE
 93
        6
 90
        4
  1
F
 94
        0
300

302
F
304
ACVALUE_END
171
     1
172
     0
173
     0
174
     0
175
     1
176
     1
 91
   262144
178
     0
145
0.0
 92
        0
301
CELL_VALUE
 93
        6
 90
        4
  1
G
 94
        0
300

302
G
304
ACVALUE_END
171
     1
172
     0
173
     0
174
     0
175
     1
176
     1
 91
   262144
178
     0
145
0.0
 92
        0
301
CELL_VALUE
 93
        6
 90
        4
  1
H
 94
        0
300

302
H
304
ACVALUE_END
171
     1
172
     0
173
     0
174
     0
175
     1
176
     1
 91
   262144
178
     0
145
0.0
 92
        0
301
CELL_VALUE
 93
        6
 90
        4
  1
SS
 94
        0
300

302
SS
304
ACVALUE_END
171
     1
172
     0
173
     0
174
     0
175
     1
176
     1
 91
   262144
178
     0
145
0.0
 92
        0
301
CELL_VALUE
 93
        6
 90
        4
  1
FF
 94
        0
300

302
FF
304
ACVALUE_END
171
     1
172
     0
173
     0
174
     0
175
     1
176
     1
 91
   262145
178
     0
145
0.0
170
     3
 92
        0
301
CELL_VALUE
 93
        6
 90
        1
 91
       11
 94
        0
300

302
11
304
ACVALUE_END
171
     1
172
     0
173
     0
174
     0
175
     1
176
     1
 91
   262145
178
     0
145
0.0
170
     3
 92
        0
301
CELL_VALUE
 93
        6
 90
        1
 91
       12
 94
        0
300

302
12
304
ACVALUE_END
171
     1
172
     0
173
     0
174
     0
175
     1
176
     1
 91
   262145
178
     0
145
0.0
170
     3
 92
        0
301
CELL_VALUE
 93
        6
 90
        1
 91
       13
 94
        0
300

302
13
304
ACVALUE_END
171
     1
172
     0
173
     0
174
     0
175
     1
176
     1
 91
   262145
178
     0
145
0.0
170
     3
 92
        0
301
CELL_VALUE
 93
        6
 90
        1
 91
       14
 94
        0
300

302
14
304
ACVALUE_END
171
     1
172
     0
173
     0
174
     0
175
     1
176
     1
 91
   262145
178
     0
145
0.0
170
     3
 92
        0
301
CELL_VALUE
 93
        6
 90
        1
 91
       15
 94
        0
300

302
15
304
ACVALUE_END
171
     1
172
     0
173
     0
174
     0
175
     5
176
     1
 91
   262177
178
     0
145
0.0
170
     5
140
0.25
 92
        0
301
CELL_VALUE
 93
        6
 90
        4
  1
Title-2
 94
        0
300

302
Title-2
304
ACVALUE_END
171
     1
172
     0
173
     1
174
     0
175
     1
176
     1
 91
       33
178
     0
145
0.0
170
     5
140
0.25
 92
        0
301
CELL_VALUE
 93
        7
 90
        0
 94
        0
300

302

304
ACVALUE_END
171
     1
172
     0
173
     1
174
     0
175
     1
176
     1
 91
       33
178
     0
145
0.0
170
     5
140
0.25
 92
        0
301
CELL_VALUE
 93
        7
 90
        0
 94
        0
300

302

304
ACVALUE_END
171
     1
172
     0
173
     1
174
     0
175
     1
176
     1
 91
       33
178
     0
145
0.0
170
     5
140
0.25
 92
        0
301
CELL_VALUE
 93
        7
 90
        0
 94
        0
300

302

304
ACVALUE_END
171
     1
172
     0
173
     1
174
     0
175
     1
176
     1
 91
       33
178
     0
145
0.0
170
     5
140
0.25
 92
        0
301
CELL_VALUE
 93
        7
 90
        0
 94
        0
300

302

304
ACVALUE_END
171
     1
172
     0
173
     0
174
     0
175
     1
176
     1
 91
   262161
178
     0
145
0.0
170
     5
  7
Standard
 92
        0
301
CELL_VALUE
 93
        6
 90
        4
  1
H1
 94
        0
300

302
H1
304
ACVALUE_END
171
     1
172
     0
173
     0
174
     0
175
     1
176
     1
 91
   262161
178
     0
145
0.0
170
     5
  7
Standard
 92
        0
301
CELL_VALUE
 93
        6
 90
        4
  1
H2
 94
        0
300

302
H2
304
ACVALUE_END
171
     1
172
     0
173
     0
174
     0
175
     1
176
     1
 91
   262161
178
     0
145
0.0
170
     5
  7
Standard
 92
        0
301
CELL_VALUE
 93
        6
 90
        4
  1
H3
 94
        0
300

302
H3
304
ACVALUE_END
171
     1
172
     0
173
     0
174
     0
175
     1
176
     1
 91
   262161
178
     0
145
0.0
170
     5
  7
Standard
 92
        0
301
CELL_VALUE
 93
        6
 90
        4
  1
H4
 94
        0
300

302
H4
304
ACVALUE_END
171
     1
172
     0
173
     0
174
     0
175
     1
176
     1
 91
   262161
178
     0
145
0.0
170
     5
  7
Standard
 92
        0
301
CELL_VALUE
 93
        6
 90
        4
  1
H5
 94
        0
300

302
H5
304
ACVALUE_END
171
     1
172
     0
173
     0
174
     0
175
     1
176
     1
 91
   262145
178
     0
145
0.0
170
     3
 92
        0
301
CELL_VALUE
 93
        6
 90
        4
  1
q
 94
        0
300

302
q
304
ACVALUE_END
171
     1
172
     0
173
     0
174
     0
175
     1
176
     1
 91
   262145
178
     0
145
0.0
170
     3
 92
        0
301
CELL_VALUE
 93
        6
 90
        4
  1
w
 94
        0
300

302
w
304
ACVALUE_END
171
     1
172
     0
173
     0
174
     0
175
     1
176
     1
 91
   262145
178
     0
145
0.0
170
     3
 92
        0
301
CELL_VALUE
 93
        5
 90
        1
 94
        0
300

302

304
ACVALUE_END
171
     1
172
     0
173
     0
174
     0
175
     1
176
     1
 91
   262145
178
     0
145
0.0
170
     3
 92
        0
301
CELL_VALUE
 93
        5
 90
        1
 94
        0
300

302

304
ACVALUE_END
171
     1
172
     0
173
     0
174
     0
175
     1
176
     1
 91
   262145
178
     0
145
0.0
170
     3
 92
        0
301
CELL_VALUE
 93
        5
 90
        1
 94
        0
300

302

304
ACVALUE_END
171
     1
172
     0
173
     0
174
     0
175
     1
176
     1
 91
   262145
178
     0
145
0.0
170
     3
 92
        0
301
CELL_VALUE
 93
        6
 90
        4
  1
r
 94
        0
300

302
r
304
ACVALUE_END
171
     1
172
     0
173
     0
174
     0
175
     1
176
     1
 91
   262145
178
     0
145
0.0
170
     3
 92
        0
301
CELL_VALUE
 93
        5
 90
        1
 94
        0
300

302

304
ACVALUE_END
171
     1
172
     0
173
     0
174
     0
175
     1
176
     1
 91
   262145
178
     0
145
0.0
170
     3
 92
        0
301
CELL_VALUE
 93
        5
 90
        4
 94
        0
300

302

304
ACVALUE_END
171
     1
172
     0
173
     0
174
     0
175
     1
176
     1
 91
   262145
178
     0
145
0.0
170
     3
 92
        0
301
CELL_VALUE
 93
        5
 90
        1
 94
        0
300

302

304
ACVALUE_END
171
     1
172
     0
173
     0
174
     0
175
     1
176
     1
 91
   262145
178
     0
145
0.0
170
     3
 92
        0
301
CELL_VALUE
 93
        5
 90
        1
 94
        0
300

302

304
ACVALUE_END
  0
LINE
  5
982
330
1F
100
AcDbEntity
  8
0
100
AcDbLine
 10
82.01934875340539
 20
2.944198320812631
 30
0.0
 11
82.01934875340539
 21
24.0815757127605
 31
0.0
  0
LINE
  5
983
330
1F
100
AcDbEntity
  8
0
100
AcDbLine
 10
82.01934875340539
 20
24.0815757127605
 30
0.0
 11
123.2448936201193
 21
24.0815757127605
 31
0.0
  0
LINE
  5
984
330
1F
100
AcDbEntity
  8
0
100
AcDbLine
 10
123.2448936201193
 20
24.0815757127605
 30
0.0
 11
123.2448936201193
 21
2.944198320812631
 31
0.0
  0
LINE
  5
985
330
1F
100
AcDbEntity
  8
0
100
AcDbLine
 10
123.2448936201193
 20
2.944198320812631
 30
0.0
 11
82.01934875340539
 21
2.944198320812636
 31
0.0
  0
ACAD_TABLE
  5
A7A
330
1F
100
AcDbEntity
  8
0
 92
     5148
310
1C14000072000000880000001D000000000000000000F03F00000000000000000000000000000000604D90096CAC57400000000000000000000000000000F03F0000000000000000C0038318C31B2E4000000000000000000000000000000000000000000000F03F0000000000000000000000000000000000000000000000
310
000000000000000000000000000000F03F0C00000016000000070000C30C00000017000000FDFFFFFF0C0000001200000000000000D400000026000000F1B8C2E30A0F174086D01AF0B2A1D6BF000000000000000000000000000000000000000000000000000000000000F03F000000000000F03F00000000000000000000
310
0000000000005400690074006C0065002D00310000000700000001000000000000000000D03F000000000000F03F0000000000000000000000000000F03F000000000000000000000000000000000000000000000000000000000100000012000000540069006D006500730020004E0065007700200052006F006D0061006E
310
00000000000000000078000C00000016000000070000C30C00000017000000FDFFFFFF0C0000001200000000000000C800000026000000EA51B81E85EBE13F82C0C2F7333BE7BF000000000000000000000000000000000000000000000000000000000000F03F000000000000F03F00000000000000000000000000000000
310
4800650061006400650072002D0041000000C73F08000000010000000AD7A3703D0AC73F000000000000F03F0000000000000000000000000000F03F000000000000000000000000000000000000000000000000000000000100000000000000000000007400780074002E007300680078000000000000000C000000160000
310
00070000C30C00000017000000FDFFFFFF0C0000001200000000000000C8000000260000007A14AE47E17A084082C0C2F7333BE7BF000000000000000000000000000000000000000000000000000000000000F03F000000000000F03F000000000000000000000000000000004800650061006400650072002D0042000000
310
C73F08000000010000000AD7A3703D0AC73F000000000000F03F0000000000000000000000000000F03F000000000000000000000000000000000000000000000000000000000100000000000000000000007400780074002E007300680078000000000000000C00000016000000070000C30C00000017000000FDFFFFFF0C
310
0000001200000000000000C8000000260000003E0AD7A3703D164082C0C2F7333BE7BF000000000000000000000000000000000000000000000000000000000000F03F000000000000F03F000000000000000000000000000000004800650061006400650072002D0043000000C73F08000000010000000AD7A3703D0AC73F
310
000000000000F03F0000000000000000000000000000F03F000000000000000000000000000000000000000000000000000000000100000000000000000000007400780074002E007300680078000000000000000C00000016000000070000C30C00000017000000FDFFFFFF0C0000001200000000000000C8000000260000
310
001F85EB51B81E204082C0C2F7333BE7BF000000000000000000000000000000000000000000000000000000000000F03F000000000000F03F000000000000000000000000000000004800650061006400650072002D0044000000C73F08000000010000000AD7A3703D0AC73F000000000000F03F00000000000000000000
310
00000000F03F000000000000000000000000000000000000000000000000000000000100000000000000000000007400780074002E007300680078000000000000000C00000016000000070000C30C00000017000000FDFFFFFF0C0000001200000000000000C8000000260000001F85EB51B81E254082C0C2F7333BE7BF00
310
0000000000000000000000000000000000000000000000000000000000F03F000000000000F03F000000000000000000000000000000004800650061006400650072002D0045000000C73F08000000010000000AD7A3703D0AC73F000000000000F03F0000000000000000000000000000F03F000000000000000000000000
310
000000000000000000000000000000000100000000000000000000007400780074002E007300680078000000000000000C00000016000000070000C30C00000017000000FDFFFFFF0C0000001200000000000000C800000026000000E07A14AE47E1E23F01560A582960F1BF00000000000000000000000000000000000000
310
0000000000000000000000F03F000000000000F03F000000000000000000000000000000004800650061006400650072002D0031000000C73F08000000010000000AD7A3703D0AC73F000000000000F03F0000000000000000000000000000F03F000000000000000000000000000000000000000000000000000000000100
310
000000000000000000007400780074002E007300680078000000000000000C00000016000000070000C30C00000017000000FDFFFFFF0C0000001200000000000000C8000000260000007A14AE47E17A084001560A582960F1BF000000000000000000000000000000000000000000000000000000000000F03F0000000000
310
00F03F000000000000000000000000000000004800650061006400650072002D0032000000C73F08000000010000000AD7A3703D0AC73F000000000000F03F0000000000000000000000000000F03F000000000000000000000000000000000000000000000000000000000100000000000000000000007400780074002E00
310
7300680078000000000000000C00000016000000070000C30C00000017000000FDFFFFFF0C0000001200000000000000C8000000260000003E0AD7A3703D164001560A582960F1BF000000000000000000000000000000000000000000000000000000000000F03F000000000000F03F000000000000000000000000000000
310
004800650061006400650072002D0033000000C73F08000000010000000AD7A3703D0AC73F000000000000F03F0000000000000000000000000000F03F000000000000000000000000000000000000000000000000000000000100000000000000000000007400780074002E007300680078000000000000000C0000001600
310
0000070000C30C00000017000000FDFFFFFF0C0000001200000000000000C8000000260000001F85EB51B81E204001560A582960F1BF000000000000000000000000000000000000000000000000000000000000F03F000000000000F03F000000000000000000000000000000004800650061006400650072002D00340000
310
00000008000000010000000AD7A3703D0AC73F000000000000F03F0000000000000000000000000000F03F000000000000000000000000000000000000000000000000000000000100000000000000000000007400780074002E007300680078000000000000000C00000016000000070000C30C00000017000000FDFFFFFF
310
0C0000001200000000000000C8000000260000001F85EB51B81E254001560A582960F1BF000000000000000000000000000000000000000000000000000000000000F03F000000000000F03F000000000000000000000000000000004800650061006400650072002D0035000000000008000000010000000AD7A3703D0AC7
310
3F000000000000F03F0000000000000000000000000000F03F000000000000000000000000000000000000000000000000000000000100000000000000000000007400780074002E007300680078000000000000000C00000016000000070000C30C00000017000000FDFFFFFF0C0000001200000000000000C80000002600
310
00009BCDFC4AA173024073B8F83D72BAF6BF000000000000000000000000000000000000000000000000000000000000F03F000000000000F03F000000000000000000000000000000006400000001000000010000000AD7A3703D0AC73F000000000000F03F0000000000000000000000000000F03F000000000000000000
310
000000000000000000000000000000000000000100000012000000540069006D006500730020004E0065007700200052006F006D0061006E00000000000000000000000C00000016000000070000C30C00000017000000FDFFFFFF0C0000001200000000000000C800000026000000B75C95E39298024075FB815E4584FCBF
310
000000000000000000000000000000000000000000000000000000000000F03F000000000000F03F000000000000000000000000000000006600000001000000010000000AD7A3703D0AC73F000000000000F03F0000000000000000000000000000F03F000000000000000000000000000000000000000000000000000000
310
000100000012000000540069006D006500730020004E0065007700200052006F006D0061006E00000000000000000000000C00000016000000070000C30C00000017000000FDFFFFFF0C0000001200000000000000C800000026000000B4B4DBFBCA7E024085AB0500CF1E01C0000000000000000000000000000000000000
310
000000000000000000000000F03F000000000000F03F000000000000000000000000000000006700000001000000010000000AD7A3703D0AC73F000000000000F03F0000000000000000000000000000F03F000000000000000000000000000000000000000000000000000000000100000012000000540069006D00650073
310
0020004E0065007700200052006F006D0061006E00000000000000000000000C00000016000000070000C30C00000017000000FDFFFFFF0C0000001200000000000000540000002000000002000000000000000000000000000000000000000000000000000000000000000000294000000000000000000000000000000000
310
00000000000000000000000000000000000000000000F03F0C00000016000000070000C30C00000017000000FDFFFFFF0C00000012000000000000005400000020000000020000000000000000000000C09F0ADBB92EDDBF00000000000000000000000000002940C09F0ADBB92EDDBF000000000000000000000000000000
310
000000000000000000000000000000F03F0C00000016000000070000C30C00000017000000FDFFFFFF0C00000012000000000000005400000020000000020000000000000000000000603BD7A57B1CEABF00000000000000000000000000002940603BD7A57B1CEABF00000000000000000000000000000000000000000000
310
0000000000000000F03F0C00000016000000070000C30C00000017000000FDFFFFFF0C000000120000000000000054000000200000000200000000000000000000007093142FCDD0F2BF000000000000000000000000000029407093142FCDD0F2BF0000000000000000000000000000000000000000000000000000000000
310
00F03F0C00000016000000070000C30C00000017000000FDFFFFFF0C0000001200000000000000540000002000000002000000000000000000000050A3D778B09BF8BF0000000000000000000000000000294050A3D778B09BF8BF000000000000000000000000000000000000000000000000000000000000F03F0C000000
310
16000000070000C30C00000017000000FDFFFFFF0C0000001200000000000000540000002000000002000000000000000000000030B39AC29366FEBF0000000000000000000000000000294030B39AC29366FEBF000000000000000000000000000000000000000000000000000000000000F03F0C00000016000000070000
310
C30C00000017000000FDFFFFFF0C0000001200000000000000540000002000000002000000000000000000000088E12E86BB1802C00000000000000000000000000000294088E12E86BB1802C0000000000000000000000000000000000000000000000000000000000000F03F0C00000016000000070000C30C0000001700
310
0000FDFFFFFF0C0000001200000000000000540000002000000002000000000000000000000000000000000000000000000000000000000000000000000088E12E86BB1802C0000000000000000000000000000000000000000000000000000000000000F03F0C00000016000000070000C30C00000017000000FDFFFFFF0C
310
00000012000000000000005400000020000000020000000000000000000440C09F0ADBB92EDDBF0000000000000000000000000000044088E12E86BB1802C0000000000000000000000000000000000000000000000000000000000000F03F0C00000016000000070000C30C00000017000000FDFFFFFF0C00000012000000
310
000000005400000020000000020000000000000000001440C09F0ADBB92EDDBF0000000000000000000000000000144088E12E86BB1802C0000000000000000000000000000000000000000000000000000000000000F03F0C00000016000000070000C30C00000017000000FDFFFFFF0C0000001200000000000000540000
310
0020000000020000000000000000001E40C09F0ADBB92EDDBF00000000000000000000000000001E4088E12E86BB1802C0000000000000000000000000000000000000000000000000000000000000F03F0C00000016000000070000C30C00000017000000FDFFFFFF0C000000120000000000000054000000200000000200
310
00000000000000002440C09F0ADBB92EDDBF0000000000000000000000000000244088E12E86BB1802C0000000000000000000000000000000000000000000000000000000000000F03F0C00000016000000070000C30C00000017000000FDFFFFFF0C00000012000000000000005400000020000000020000000000000000
310
00294000000000000000000000000000000000000000000000294088E12E86BB1802C0000000000000000000000000000000000000000000000000000000000000F03F0C00000016000000080000C30C00000017000000000000000C0000001200000000000000540000002000000002000000000000000000000000000000
310
00000000000000000000000000000000000000000000000000000000000000000000000000000000000000000000000000000000000000000000F03F080000001F000000
100
AcDbBlockReference
  2
*T11
 10
94.69409407703414
 20
15.05422283744144
 30
0.0
100
AcDbTable
342
87
343
A7B
 11
1.0
 21
0.0
 31
0.0
 90
       22
 91
        6
 92
        5
 93
        0
 94
        0
 95
        0
 96
        0
141
0.4559769286229274
141
0.36
141
0.36
141
0.3620331651045422
141
0.3620331651045422
141
0.3620331651045422
142
2.5
142
2.5
142
2.5
142
2.5
142
2.5
171
     1
172
     0
173
     0
174
     0
175
     5
176
     1
 91
   262144
178
     0
145
0.0
 92
        0
301
CELL_VALUE
 93
        6
 90
        4
  1
Title-1
 94
        0
300

302
Title-1
304
ACVALUE_END
171
     1
172
     0
173
     1
174
     0
175
     1
176
     1
 91
        0
178
     0
145
0.0
 92
        0
301
CELL_VALUE
 93
        7
 90
        0
 94
        0
300

302

304
ACVALUE_END
171
     1
172
     0
173
     1
174
     0
175
     1
176
     1
 91
        0
178
     0
145
0.0
 92
        0
301
CELL_VALUE
 93
        7
 90
        0
 94
        0
300

302

304
ACVALUE_END
171
     1
172
     0
173
     1
174
     0
175
     1
176
     1
 91
        0
178
     0
145
0.0
 92
        0
301
CELL_VALUE
 93
        7
 90
        0
 94
        0
300

302

304
ACVALUE_END
171
     1
172
     0
173
     1
174
     0
175
     1
176
     1
 91
        0
178
     0
145
0.0
 92
        0
301
CELL_VALUE
 93
        7
 90
        0
 94
        0
300

302

304
ACVALUE_END
171
     1
172
     0
173
     0
174
     0
175
     1
176
     1
 91
   262144
178
     0
145
0.0
 92
        0
301
CELL_VALUE
 93
        6
 90
        4
  1
Header-A
 94
        0
300

302
Header-A
304
ACVALUE_END
171
     1
172
     0
173
     0
174
     0
175
     1
176
     1
 91
   262144
178
     0
145
0.0
 92
        0
301
CELL_VALUE
 93
        6
 90
        4
  1
Header-B
 94
        0
300

302
Header-B
304
ACVALUE_END
171
     1
172
     0
173
     0
174
     0
175
     1
176
     1
 91
   262144
178
     0
145
0.0
 92
        0
301
CELL_VALUE
 93
        6
 90
        4
  1
Header-C
 94
        0
300

302
Header-C
304
ACVALUE_END
171
     1
172
     0
173
     0
174
     0
175
     1
176
     1
 91
   262144
178
     0
145
0.0
 92
        0
301
CELL_VALUE
 93
        6
 90
        4
  1
Header-D
 94
        0
300

302
Header-D
304
ACVALUE_END
171
     1
172
     0
173
     0
174
     0
175
     1
176
     1
 91
   262144
178
     0
145
0.0
 92
        0
301
CELL_VALUE
 93
        6
 90
        4
  1
Header-E
 94
        0
300

302
Header-E
304
ACVALUE_END
171
     1
172
     0
173
     0
174
     0
175
     1
176
     1
 91
   262161
178
     0
145
0.0
170
     5
  7
Standard
 92
        0
301
CELL_VALUE
 93
        6
 90
        4
  1
Header-1
 94
        0
300

302
Header-1
304
ACVALUE_END
171
     1
172
     0
173
     0
174
     0
175
     1
176
     1
 91
   262161
178
     0
145
0.0
170
     5
  7
Standard
 92
        0
301
CELL_VALUE
 93
        6
 90
        4
  1
Header-2
 94
        0
300

302
Header-2
304
ACVALUE_END
171
     1
172
     0
173
     0
174
     0
175
     1
176
     1
 91
   262161
178
     0
145
0.0
170
     5
  7
Standard
 92
        0
301
CELL_VALUE
 93
        6
 90
        4
  1
Header-3
 94
        0
300

302
Header-3
304
ACVALUE_END
171
     1
172
     0
173
     0
174
     0
175
     1
176
     1
 91
   262161
178
     0
145
0.0
170
     5
  7
Standard
 92
        0
301
CELL_VALUE
 93
        6
 90
        4
  1
Header-4
 94
        0
300

302
Header-4
304
ACVALUE_END
171
     1
172
     0
173
     0
174
     0
175
     1
176
     1
 91
   262161
178
     0
145
0.0
170
     5
  7
Standard
 92
        0
301
CELL_VALUE
 93
        6
 90
        4
  1
Header-5
 94
        0
300

302
Header-5
304
ACVALUE_END
171
     1
172
     0
173
     0
174
     0
175
     1
176
     1
 91
   262145
178
     0
145
0.0
170
     3
 92
        0
301
CELL_VALUE
 93
        6
 90
        4
  1
d
 94
        0
300

302
d
304
ACVALUE_END
171
     1
172
     0
173
     0
174
     0
175
     1
176
     1
 91
   262145
178
     0
145
0.0
170
     3
 92
        0
301
CELL_VALUE
 93
        5
 90
        1
 94
        0
300

302

304
ACVALUE_END
171
     1
172
     0
173
     0
174
     0
175
     1
176
     1
 91
   262145
178
     0
145
0.0
170
     3
 92
        0
301
CELL_VALUE
 93
        5
 90
        4
 94
        0
300

302

304
ACVALUE_END
171
     1
172
     0
173
     0
174
     0
175
     1
176
     1
 91
   262145
178
     0
145
0.0
170
     3
 92
        0
301
CELL_VALUE
 93
        5
 90
        1
 94
        0
300

302

304
ACVALUE_END
171
     1
172
     0
173
     0
174
     0
175
     1
176
     1
 91
   262145
178
     0
145
0.0
170
     3
 92
        0
301
CELL_VALUE
 93
        5
 90
        1
 94
        0
300

302

304
ACVALUE_END
171
     1
172
     0
173
     0
174
     0
175
     1
176
     1
 91
   262145
178
     0
145
0.0
170
     3
 92
        0
301
CELL_VALUE
 93
        6
 90
        4
  1
f
 94
        0
300

302
f
304
ACVALUE_END
171
     1
172
     0
173
     0
174
     0
175
     1
176
     1
 91
   262145
178
     0
145
0.0
170
     3
 92
        0
301
CELL_VALUE
 93
        5
 90
        1
 94
        0
300

302

304
ACVALUE_END
171
     1
172
     0
173
     0
174
     0
175
     1
176
     1
 91
   262145
178
     0
145
0.0
170
     3
 92
        0
301
CELL_VALUE
 93
        5
 90
        4
 94
        0
300

302

304
ACVALUE_END
171
     1
172
     0
173
     0
174
     0
175
     1
176
     1
 91
   262145
178
     0
145
0.0
170
     3
 92
        0
301
CELL_VALUE
 93
        5
 90
        1
 94
        0
300

302

304
ACVALUE_END
171
     1
172
     0
173
     0
174
     0
175
     1
176
     1
 91
   262145
178
     0
145
0.0
170
     3
 92
        0
301
CELL_VALUE
 93
        5
 90
        1
 94
        0
300

302

304
ACVALUE_END
171
     1
172
     0
173
     0
174
     0
175
     1
176
     1
 91
   262145
178
     0
145
0.0
170
     3
 92
        0
301
CELL_VALUE
 93
        6
 90
        4
  1
g
 94
        0
300

302
g
304
ACVALUE_END
171
     1
172
     0
173
     0
174
     0
175
     1
176
     1
 91
   262145
178
     0
145
0.0
170
     3
 92
        0
301
CELL_VALUE
 93
        5
 90
        1
 94
        0
300

302

304
ACVALUE_END
171
     1
172
     0
173
     0
174
     0
175
     1
176
     1
 91
   262145
178
     0
145
0.0
170
     3
 92
        0
301
CELL_VALUE
 93
        5
 90
        4
 94
        0
300

302

304
ACVALUE_END
171
     1
172
     0
173
     0
174
     0
175
     1
176
     1
 91
   262145
178
     0
145
0.0
170
     3
 92
        0
301
CELL_VALUE
 93
        5
 90
        1
 94
        0
300

302

304
ACVALUE_END
171
     1
172
     0
173
     0
174
     0
175
     1
176
     1
 91
   262145
178
     0
145
0.0
170
     3
 92
        0
301
CELL_VALUE
 93
        5
 90
        1
 94
        0
300

302

304
ACVALUE_END
  0
ACAD_TABLE
  5
AEE
330
1F
100
AcDbEntity
  8
0
 92
     5028
310
A41300006E000000880000001D000000000000000000F03F00000000000000000000000000000000983DC91914DE5A400000000000000000000000000000F03F0000000000000000E0C84A6D023A264000000000000000000000000000000000000000000000F03F0000000000000000000000000000000000000000000000
310
000000000000000000000000000000F03F0C00000016000000070000C30C00000017000000FDFFFFFF0C0000001200000000000000D400000026000000F1B8C2E30A0F174086D01AF0B2A1D6BF000000000000000000000000000000000000000000000000000000000000F03F000000000000F03F00000000000000000000
310
0000000000005400690074006C0065002D00310000000700000001000000000000000000D03F000000000000F03F0000000000000000000000000000F03F000000000000000000000000000000000000000000000000000000000100000012000000540069006D006500730020004E0065007700200052006F006D0061006E
310
00000000000000000078000C00000016000000070000C30C00000017000000FDFFFFFF0C0000001200000000000000C800000026000000EA51B81E85EBE13F82C0C2F7333BE7BF000000000000000000000000000000000000000000000000000000000000F03F000000000000F03F00000000000000000000000000000000
310
4800650061006400650072002D0041000000C73F08000000010000000AD7A3703D0AC73F000000000000F03F0000000000000000000000000000F03F000000000000000000000000000000000000000000000000000000000100000000000000000000007400780074002E007300680078000000000000000C000000160000
310
00070000C30C00000017000000FDFFFFFF0C0000001200000000000000C8000000260000007A14AE47E17A084082C0C2F7333BE7BF000000000000000000000000000000000000000000000000000000000000F03F000000000000F03F000000000000000000000000000000004800650061006400650072002D0042000000
310
C73F08000000010000000AD7A3703D0AC73F000000000000F03F0000000000000000000000000000F03F000000000000000000000000000000000000000000000000000000000100000000000000000000007400780074002E007300680078000000000000000C00000016000000070000C30C00000017000000FDFFFFFF0C
310
0000001200000000000000C8000000260000003E0AD7A3703D164082C0C2F7333BE7BF000000000000000000000000000000000000000000000000000000000000F03F000000000000F03F000000000000000000000000000000004800650061006400650072002D0043000000C73F08000000010000000AD7A3703D0AC73F
310
000000000000F03F0000000000000000000000000000F03F000000000000000000000000000000000000000000000000000000000100000000000000000000007400780074002E007300680078000000000000000C00000016000000070000C30C00000017000000FDFFFFFF0C0000001200000000000000C8000000260000
310
001F85EB51B81E204082C0C2F7333BE7BF000000000000000000000000000000000000000000000000000000000000F03F000000000000F03F000000000000000000000000000000004800650061006400650072002D0044000000000008000000010000000AD7A3703D0AC73F000000000000F03F00000000000000000000
310
00000000F03F000000000000000000000000000000000000000000000000000000000100000000000000000000007400780074002E007300680078000000000000000C00000016000000070000C30C00000017000000FDFFFFFF0C0000001200000000000000C8000000260000001F85EB51B81E254082C0C2F7333BE7BF00
310
0000000000000000000000000000000000000000000000000000000000F03F000000000000F03F000000000000000000000000000000004800650061006400650072002D0045000000000008000000010000000AD7A3703D0AC73F000000000000F03F0000000000000000000000000000F03F000000000000000000000000
310
000000000000000000000000000000000100000000000000000000007400780074002E007300680078000000000000000C00000016000000070000C30C00000017000000FDFFFFFF0C0000001200000000000000C800000026000000E07A14AE47E1E23F01560A582960F1BF00000000000000000000000000000000000000
310
0000000000000000000000F03F000000000000F03F000000000000000000000000000000004800650061006400650072002D0031000000C73F08000000010000000AD7A3703D0AC73F000000000000F03F0000000000000000000000000000F03F000000000000000000000000000000000000000000000000000000000100
310
000000000000000000007400780074002E007300680078000000000000000C00000016000000070000C30C00000017000000FDFFFFFF0C0000001200000000000000C8000000260000007A14AE47E17A084001560A582960F1BF000000000000000000000000000000000000000000000000000000000000F03F0000000000
310
00F03F000000000000000000000000000000004800650061006400650072002D0032000000C73F08000000010000000AD7A3703D0AC73F000000000000F03F0000000000000000000000000000F03F000000000000000000000000000000000000000000000000000000000100000000000000000000007400780074002E00
310
7300680078000000000000000C00000016000000070000C30C00000017000000FDFFFFFF0C0000001200000000000000C8000000260000003E0AD7A3703D164001560A582960F1BF000000000000000000000000000000000000000000000000000000000000F03F000000000000F03F000000000000000000000000000000
310
004800650061006400650072002D0033000000C73F08000000010000000AD7A3703D0AC73F000000000000F03F0000000000000000000000000000F03F000000000000000000000000000000000000000000000000000000000100000000000000000000007400780074002E007300680078000000000000000C0000001600
310
0000070000C30C00000017000000FDFFFFFF0C0000001200000000000000C8000000260000001F85EB51B81E204001560A582960F1BF000000000000000000000000000000000000000000000000000000000000F03F000000000000F03F000000000000000000000000000000004800650061006400650072002D00340000
310
00C73F08000000010000000AD7A3703D0AC73F000000000000F03F0000000000000000000000000000F03F000000000000000000000000000000000000000000000000000000000100000000000000000000007400780074002E007300680078000000000000000C00000016000000070000C30C00000017000000FDFFFFFF
310
0C0000001200000000000000C8000000260000001F85EB51B81E254001560A582960F1BF000000000000000000000000000000000000000000000000000000000000F03F000000000000F03F000000000000000000000000000000004800650061006400650072002D0035000000C73F08000000010000000AD7A3703D0AC7
310
3F000000000000F03F0000000000000000000000000000F03F000000000000000000000000000000000000000000000000000000000100000000000000000000007400780074002E007300680078000000000000000C00000016000000070000C30C00000017000000FDFFFFFF0C0000001200000000000000C80000002600
310
000081E780046A78024073B8F83D72BAF6BF000000000000000000000000000000000000000000000000000000000000F03F000000000000F03F000000000000000000000000000000006800000001000000010000000AD7A3703D0AC73F000000000000F03F0000000000000000000000000000F03F000000000000000000
310
000000000000000000000000000000000000000100000012000000540069006D006500730020004E0065007700200052006F006D0061006E00000000000000000000000C00000016000000070000C30C00000017000000FDFFFFFF0C0000001200000000000000C800000026000000B75C95E39298024075FB815E4584FCBF
310
000000000000000000000000000000000000000000000000000000000000F03F000000000000F03F000000000000000000000000000000006600000001000000010000000AD7A3703D0AC73F000000000000F03F0000000000000000000000000000F03F000000000000000000000000000000000000000000000000000000
310
000100000012000000540069006D006500730020004E0065007700200052006F006D0061006E00000000000000000000000C00000016000000070000C30C00000017000000FDFFFFFF0C0000001200000000000000C800000026000000092C0654898D1D40C2AE589CDD85FCBF000000000000000000000000000000000000
310
000000000000000000000000F03F000000000000F03F000000000000000000000000000000006A00000001000000010000000AD7A3703D0AC73F000000000000F03F0000000000000000000000000000F03F000000000000000000000000000000000000000000000000000000000100000012000000540069006D00650073
310
0020004E0065007700200052006F006D0061006E00000000000000000000000C00000016000000070000C30C00000017000000FDFFFFFF0C0000001200000000000000540000002000000002000000000000000000000000000000000000000000000000000000000000000000294000000000000000000000000000000000
310
00000000000000000000000000000000000000000000F03F0C00000016000000070000C30C00000017000000FDFFFFFF0C00000012000000000000005400000020000000020000000000000000000000C09F0ADBB92EDDBF00000000000000000000000000002940C09F0ADBB92EDDBF000000000000000000000000000000
310
000000000000000000000000000000F03F0C00000016000000070000C30C00000017000000FDFFFFFF0C00000012000000000000005400000020000000020000000000000000000000603BD7A57B1CEABF00000000000000000000000000002940603BD7A57B1CEABF00000000000000000000000000000000000000000000
310
0000000000000000F03F0C00000016000000070000C30C00000017000000FDFFFFFF0C000000120000000000000054000000200000000200000000000000000000007093142FCDD0F2BF000000000000000000000000000029407093142FCDD0F2BF0000000000000000000000000000000000000000000000000000000000
310
00F03F0C00000016000000070000C30C00000017000000FDFFFFFF0C0000001200000000000000540000002000000002000000000000000000000050A3D778B09BF8BF0000000000000000000000000000294050A3D778B09BF8BF000000000000000000000000000000000000000000000000000000000000F03F0C000000
310
16000000070000C30C00000017000000FDFFFFFF0C0000001200000000000000540000002000000002000000000000000000000030B39AC29366FEBF0000000000000000000000000000294030B39AC29366FEBF000000000000000000000000000000000000000000000000000000000000F03F0C00000016000000070000
310
C30C00000017000000FDFFFFFF0C0000001200000000000000540000002000000002000000000000000000000000000000000000000000000000000000000000000000000030B39AC29366FEBF000000000000000000000000000000000000000000000000000000000000F03F0C00000016000000070000C30C0000001700
310
0000FDFFFFFF0C00000012000000000000005400000020000000020000000000000000000440C09F0ADBB92EDDBF0000000000000000000000000000044030B39AC29366FEBF000000000000000000000000000000000000000000000000000000000000F03F0C00000016000000070000C30C00000017000000FDFFFFFF0C
310
00000012000000000000005400000020000000020000000000000000001440C09F0ADBB92EDDBF0000000000000000000000000000144030B39AC29366FEBF000000000000000000000000000000000000000000000000000000000000F03F0C00000016000000070000C30C00000017000000FDFFFFFF0C00000012000000
310
000000005400000020000000020000000000000000001E40C09F0ADBB92EDDBF00000000000000000000000000001E4030B39AC29366FEBF000000000000000000000000000000000000000000000000000000000000F03F0C00000016000000070000C30C00000017000000FDFFFFFF0C0000001200000000000000540000
310
0020000000020000000000000000002440C09F0ADBB92EDDBF0000000000000000000000000000244030B39AC29366FEBF000000000000000000000000000000000000000000000000000000000000F03F0C00000016000000070000C30C00000017000000FDFFFFFF0C000000120000000000000054000000200000000200
310
0000000000000000294000000000000000000000000000000000000000000000294030B39AC29366FEBF000000000000000000000000000000000000000000000000000000000000F03F0C00000016000000080000C30C00000017000000000000000C00000012000000000000005400000020000000020000000000000000
310
0000000000000000000000000000000000000000000000000000000000000000000000000000000000000000000000000000000000000000000000000000000000F03F080000001F000000
100
AcDbBlockReference
  2
*T12
 10
107.4699768510094
 20
11.11329976594828
 30
0.0
100
AcDbTable
342
87
343
AEF
 11
1.0
 21
0.0
 31
0.0
 90
       22
 91
        5
 92
        5
 93
        0
 94
        0
 95
        0
 96
        0
141
0.4559769286229274
141
0.36
141
0.36
141
0.3620331651045422
141
0.3620331651045422
142
2.5
142
2.5
142
2.5
142
2.5
142
2.5
171
     1
172
     0
173
     0
174
     0
175
     5
176
     1
 91
   262144
178
     0
145
0.0
 92
        0
301
CELL_VALUE
 93
        6
 90
        4
  1
Title-1
 94
        0
300

302
Title-1
304
ACVALUE_END
171
     1
172
     0
173
     1
174
     0
175
     1
176
     1
 91
        0
178
     0
145
0.0
 92
        0
301
CELL_VALUE
 93
        7
 90
        0
 94
        0
300

302

304
ACVALUE_END
171
     1
172
     0
173
     1
174
     0
175
     1
176
     1
 91
        0
178
     0
145
0.0
 92
        0
301
CELL_VALUE
 93
        7
 90
        0
 94
        0
300

302

304
ACVALUE_END
171
     1
172
     0
173
     1
174
     0
175
     1
176
     1
 91
        0
178
     0
145
0.0
 92
        0
301
CELL_VALUE
 93
        7
 90
        0
 94
        0
300

302

304
ACVALUE_END
171
     1
172
     0
173
     1
174
     0
175
     1
176
     1
 91
        0
178
     0
145
0.0
 92
        0
301
CELL_VALUE
 93
        7
 90
        0
 94
        0
300

302

304
ACVALUE_END
171
     1
172
     0
173
     0
174
     0
175
     1
176
     1
 91
   262144
178
     0
145
0.0
 92
        0
301
CELL_VALUE
 93
        6
 90
        4
  1
Header-A
 94
        0
300

302
Header-A
304
ACVALUE_END
171
     1
172
     0
173
     0
174
     0
175
     1
176
     1
 91
   262144
178
     0
145
0.0
 92
        0
301
CELL_VALUE
 93
        6
 90
        4
  1
Header-B
 94
        0
300

302
Header-B
304
ACVALUE_END
171
     1
172
     0
173
     0
174
     0
175
     1
176
     1
 91
   262144
178
     0
145
0.0
 92
        0
301
CELL_VALUE
 93
        6
 90
        4
  1
Header-C
 94
        0
300

302
Header-C
304
ACVALUE_END
171
     1
172
     0
173
     0
174
     0
175
     1
176
     1
 91
   262144
178
     0
145
0.0
 92
        0
301
CELL_VALUE
 93
        6
 90
        4
  1
Header-D
 94
        0
300

302
Header-D
304
ACVALUE_END
171
     1
172
     0
173
     0
174
     0
175
     1
176
     1
 91
   262144
178
     0
145
0.0
 92
        0
301
CELL_VALUE
 93
        6
 90
        4
  1
Header-E
 94
        0
300

302
Header-E
304
ACVALUE_END
171
     1
172
     0
173
     0
174
     0
175
     1
176
     1
 91
   262161
178
     0
145
0.0
170
     5
  7
Standard
 92
        0
301
CELL_VALUE
 93
        6
 90
        4
  1
Header-1
 94
        0
300

302
Header-1
304
ACVALUE_END
171
     1
172
     0
173
     0
174
     0
175
     1
176
     1
 91
   262161
178
     0
145
0.0
170
     5
  7
Standard
 92
        0
301
CELL_VALUE
 93
        6
 90
        4
  1
Header-2
 94
        0
300

302
Header-2
304
ACVALUE_END
171
     1
172
     0
173
     0
174
     0
175
     1
176
     1
 91
   262161
178
     0
145
0.0
170
     5
  7
Standard
 92
        0
301
CELL_VALUE
 93
        6
 90
        4
  1
Header-3
 94
        0
300

302
Header-3
304
ACVALUE_END
171
     1
172
     0
173
     0
174
     0
175
     1
176
     1
 91
   262161
178
     0
145
0.0
170
     5
  7
Standard
 92
        0
301
CELL_VALUE
 93
        6
 90
        4
  1
Header-4
 94
        0
300

302
Header-4
304
ACVALUE_END
171
     1
172
     0
173
     0
174
     0
175
     1
176
     1
 91
   262161
178
     0
145
0.0
170
     5
  7
Standard
 92
        0
301
CELL_VALUE
 93
        6
 90
        4
  1
Header-5
 94
        0
300

302
Header-5
304
ACVALUE_END
171
     1
172
     0
173
     0
174
     0
175
     1
176
     1
 91
   262145
178
     0
145
0.0
170
     3
 92
        0
301
CELL_VALUE
 93
        6
 90
        4
  1
h
 94
        0
300

302
h
304
ACVALUE_END
171
     1
172
     0
173
     0
174
     0
175
     1
176
     1
 91
   262145
178
     0
145
0.0
170
     3
 92
        0
301
CELL_VALUE
 93
        5
 90
        1
 94
        0
300

302

304
ACVALUE_END
171
     1
172
     0
173
     0
174
     0
175
     1
176
     1
 91
   262145
178
     0
145
0.0
170
     3
 92
        0
301
CELL_VALUE
 93
        5
 90
        4
 94
        0
300

302

304
ACVALUE_END
171
     1
172
     0
173
     0
174
     0
175
     1
176
     1
 91
   262145
178
     0
145
0.0
170
     3
 92
        0
301
CELL_VALUE
 93
        5
 90
        1
 94
        0
300

302

304
ACVALUE_END
171
     1
172
     0
173
     0
174
     0
175
     1
176
     1
 91
   262145
178
     0
145
0.0
170
     3
 92
        0
301
CELL_VALUE
 93
        5
 90
        1
 94
        0
300

302

304
ACVALUE_END
171
     1
172
     0
173
     0
174
     0
175
     1
176
     1
 91
   262145
178
     0
145
0.0
170
     3
 92
        0
301
CELL_VALUE
 93
        6
 90
        4
  1
f
 94
        0
300

302
f
304
ACVALUE_END
171
     1
172
     0
173
     0
174
     0
175
     1
176
     1
 91
   262145
178
     0
145
0.0
170
     3
 92
        0
301
CELL_VALUE
 93
        5
 90
        1
 94
        0
300

302

304
ACVALUE_END
171
     1
172
     0
173
     0
174
     0
175
     1
176
     1
 91
   262145
178
     0
145
0.0
170
     3
 92
        0
301
CELL_VALUE
 93
        6
 90
        4
  1
j
 94
        0
300

302
j
304
ACVALUE_END
171
     1
172
     0
173
     0
174
     0
175
     1
176
     1
 91
   262145
178
     0
145
0.0
170
     3
 92
        0
301
CELL_VALUE
 93
        5
 90
        1
 94
        0
300

302

304
ACVALUE_END
171
     1
172
     0
173
     0
174
     0
175
     1
176
     1
 91
   262145
178
     0
145
0.0
170
     3
 92
        0
301
CELL_VALUE
 93
        5
 90
        1
 94
        0
300

302

304
ACVALUE_END
  0
ENDSEC
  0
SECTION
  2
OBJECTS
  0
DICTIONARY
  5
C
330
0
100
AcDbDictionary
281
     1
  3
ACAD_COLOR
350
73
  3
ACAD_GROUP
350
D
  3
ACAD_LAYOUT
350
1A
  3
ACAD_MATERIAL
350
72
  3
ACAD_MLEADERSTYLE
350
E3
  3
ACAD_MLINESTYLE
350
17
  3
ACAD_PLOTSETTINGS
350
19
  3
ACAD_PLOTSTYLENAME
350
E
  3
ACAD_SCALELIST
350
C1
  3
ACAD_TABLESTYLE
350
86
  3
ACAD_VISUALSTYLE
350
99
  3
ACDB_RECOMPOSE_DATA
350
2AB
  3
AcDbVariableDictionary
350
66
  0
DICTIONARY
  5
18C
330
10
100
AcDbDictionary
280
     1
281
     1
  3
ADSK_XREC_LAYER_RECONCILED
360
18D
  0
DICTIONARY
  5
B62
330
EB
100
AcDbDictionary
280
     1
281
     1
  3
ACAD_XREC_ROUNDTRIP
360
B63
  0
DICTIONARY
  5
73
102
{ACAD_REACTORS
330
C
102
}
330
C
100
AcDbDictionary
281
     1
  0
DICTIONARY
  5
D
102
{ACAD_REACTORS
330
C
102
}
330
C
100
AcDbDictionary
281
     1
  0
DICTIONARY
  5
1A
102
{ACAD_REACTORS
330
C
102
}
330
C
100
AcDbDictionary
281
     1
  3
Layout1
350
59
  3
Layout2
350
5E
  3
Model
350
22
  0
DICTIONARY
  5
72
102
{ACAD_REACTORS
330
C
102
}
330
C
100
AcDbDictionary
281
     1
  3
ByBlock
350
97
  3
ByLayer
350
96
  3
Global
350
98
  0
DICTIONARY
  5
E3
102
{ACAD_REACTORS
330
C
102
}
330
C
100
AcDbDictionary
281
     1
  3
Standard
350
E4
  0
DICTIONARY
  5
17
102
{ACAD_REACTORS
330
C
102
}
330
C
100
AcDbDictionary
281
     1
  3
Standard
350
18
  0
DICTIONARY
  5
19
102
{ACAD_REACTORS
330
C
102
}
330
C
100
AcDbDictionary
281
     1
  0
ACDBDICTIONARYWDFLT
  5
E
102
{ACAD_REACTORS
330
C
102
}
330
C
100
AcDbDictionary
281
     1
  3
Normal
350
F
100
AcDbDictionaryWithDefault
340
F
  0
DICTIONARY
  5
C1
102
{ACAD_REACTORS
330
C
102
}
330
C
100
AcDbDictionary
281
     1
  3
A0
350
C2
  3
A1
350
C3
  3
A2
350
C4
  3
A3
350
C5
  3
A4
350
C6
  3
A5
350
C7
  3
A6
350
C8
  3
A7
350
C9
  3
A8
350
CA
  3
A9
350
CB
  3
B0
350
CC
  3
B1
350
CD
  3
B2
350
CE
  3
B3
350
CF
  3
B4
350
D0
  3
B5
350
D1
  3
B6
350
D2
  3
B7
350
D3
  3
B8
350
D4
  3
B9
350
D5
  3
C0
350
D6
  3
C1
350
D7
  3
C2
350
D8
  3
C3
350
D9
  3
C4
350
DA
  3
C5
350
DB
  3
C6
350
DC
  3
C7
350
DD
  3
C8
350
DE
  3
C9
350
DF
  3
D0
350
E0
  3
D1
350
E1
  3
D2
350
E2
  0
DICTIONARY
  5
86
102
{ACAD_REACTORS
330
C
102
}
330
C
100
AcDbDictionary
281
     1
  3
aits
350
BE
  3
Standard
350
87
  3
vebts
350
BA
  0
DICTIONARY
  5
99
102
{ACAD_REACTORS
330
C
102
}
330
C
100
AcDbDictionary
281
     1
  3
2dWireframe
350
9F
  3
3D Hidden
350
A1
  3
3dWireframe
350
A0
  3
Basic
350
9E
  3
Brighten
350
A5
  3
ColorChange
350
A9
  3
Conceptual
350
A2
  3
Dim
350
A4
  3
Facepattern
350
A8
  3
Flat
350
9A
  3
FlatWithEdges
350
9B
  3
Gouraud
350
9C
  3
GouraudWithEdges
350
9D
  3
Linepattern
350
A7
  3
Realistic
350
A3
  3
Thicken
350
A6
  0
XRECORD
  5
2AB
102
{ACAD_REACTORS
330
C
102
}
330
C
100
AcDbXrecord
280
     1
 90
        1
330
87
330
BA
330
BE
330
EB
  0
DICTIONARY
  5
66
102
{ACAD_REACTORS
330
C
102
}
330
C
100
AcDbDictionary
281
     1
  3
CANNOSCALE
350
1FF
  3
CMLEADERSTYLE
350
1FD
  3
CTABLESTYLE
350
89
  3
DIMASSOC
350
67
  3
HIDETEXT
350
6B
  3
LIGHTINGUNITS
350
200
  3
MSLTSCALE
350
1FE
  0
XRECORD
  5
18D
102
{ACAD_REACTORS
330
18C
102
}
330
18C
100
AcDbXrecord
280
     1
290
     1
  0
XRECORD
  5
B63
102
{ACAD_REACTORS
330
B62
102
}
330
B62
100
AcDbXrecord
280
     1
102
ACAD_ROUNDTRIP_2008_TABLE_ENTITY
360
A78
 70
     1
 90
       27
 90
        1
 40
0.99
 90
        3
 90
        0
 90
        4
 10
0.0
 20
0.0
 30
0.0
 40
3.791343427060798
 90
        2
 10
10.02899606084969
 20
-5.448387361068885
 30
0.0
 40
2.366359616031928
 90
        3
 10
22.80487883482493
 20
-9.389310432562044
 30
0.0
 40
5.601509252583511
 90
        3
 10
40.46999999999998
 20
-6.579375953638251
 30
0.0
 40
1.175976928622926
 90
        3
 90
        3
 10
0.0
 20
0.0
 30
0.0
 90
        3
 90
        9
 10
10.02899606084969
 20
-5.448387361068885
 30
0.0
 90
       10
 90
       12
 10
22.80487883482493
 20
-9.389310432562044
 30
0.0
 90
       13
 90
       14
 90
        2
330
A7A
330
AEE
361
A79
  0
LAYOUT
  5
59
102
{ACAD_REACTORS
330
1A
102
}
330
1A
100
AcDbPlotSettings
  1

  2
None
  4

  6

 40
0.0
 41
0.0
 42
0.0
 43
0.0
 44
0.0
 45
0.0
 46
0.0
 47
0.0
 48
0.0
 49
0.0
140
0.0
141
0.0
142
1.0
143
1.0
 70
   688
 72
     0
 73
     0
 74
     5
  7

 75
    16
147
1.0
 76
     0
 77
     2
 78
   300
148
0.0
149
0.0
100
AcDbLayout
  1
Layout1
 70
     1
 71
     1
 10
0.0
 20
0.0
 11
12.0
 21
9.0
 12
0.0
 22
0.0
 32
0.0
 14
0.0
 24
0.0
 34
0.0
 15
0.0
 25
0.0
 35
0.0
146
0.0
 13
0.0
 23
0.0
 33
0.0
 16
1.0
 26
0.0
 36
0.0
 17
0.0
 27
1.0
 37
0.0
 76
     0
330
58
  0
LAYOUT
  5
5E
102
{ACAD_REACTORS
330
1A
102
}
330
1A
100
AcDbPlotSettings
  1

  2
None
  4

  6

 40
0.0
 41
0.0
 42
0.0
 43
0.0
 44
0.0
 45
0.0
 46
0.0
 47
0.0
 48
0.0
 49
0.0
140
0.0
141
0.0
142
1.0
143
1.0
 70
   688
 72
     0
 73
     0
 74
     5
  7

 75
    16
147
1.0
 76
     0
 77
     2
 78
   300
148
0.0
149
0.0
100
AcDbLayout
  1
Layout2
 70
     1
 71
     2
 10
0.0
 20
0.0
 11
12.0
 21
9.0
 12
0.0
 22
0.0
 32
0.0
 14
0.0
 24
0.0
 34
0.0
 15
0.0
 25
0.0
 35
0.0
146
0.0
 13
0.0
 23
0.0
 33
0.0
 16
1.0
 26
0.0
 36
0.0
 17
0.0
 27
1.0
 37
0.0
 76
     0
330
5D
  0
LAYOUT
  5
22
102
{ACAD_REACTORS
330
1A
102
}
330
1A
100
AcDbPlotSettings
  1

  2
none_device
  4
ANSI_A_(8.50_x_11.00_Inches)
  6

 40
6.349999904632567
 41
19.04999923706055
 42
6.350006103515625
 43
19.04998779296875
 44
215.8999938964844
 45
279.3999938964844
 46
0.0
 47
0.0
 48
0.0
 49
0.0
140
0.0
141
0.0
142
1.0
143
2.584895464708373
 70
 11952
 72
     0
 73
     1
 74
     0
  7

 75
     0
147
0.3868628397755418
 76
     0
 77
     2
 78
   300
148
0.0
149
0.0
100
AcDbLayout
  1
Model
 70
     1
 71
     0
 10
0.0
 20
0.0
 11
12.0
 21
9.0
 12
0.0
 22
0.0
 32
0.0
 14
0.0
 24
0.0
 34
0.0
 15
0.0
 25
0.0
 35
0.0
146
0.0
 13
0.0
 23
0.0
 33
0.0
 16
1.0
 26
0.0
 36
0.0
 17
0.0
 27
1.0
 37
0.0
 76
     0
330
1F
331
94
  0
MATERIAL
  5
97
102
{ACAD_REACTORS
330
72
102
}
330
72
100
AcDbMaterial
  1
ByBlock
  0
MATERIAL
  5
96
102
{ACAD_REACTORS
330
72
102
}
330
72
100
AcDbMaterial
  1
ByLayer
  0
MATERIAL
  5
98
102
{ACAD_REACTORS
330
72
102
}
330
72
100
AcDbMaterial
  1
Global
  0
MLEADERSTYLE
  5
E4
102
{ACAD_REACTORS
330
E3
102
}
330
E3
100
AcDbMLeaderStyle
170
     2
171
     1
172
     0
 90
        2
 40
0.0
 41
0.0
173
     1
 91
-1056964608
340
14
 92
       -2
290
     1
 42
0.09
291
     1
 43
0.36
  3
Standard
 44
0.18
300

342
11
174
     1
178
     6
175
     1
176
     0
 93
-1056964608
 45
0.18
292
     0
297
     0
 46
0.18
 94
-1056964608
 47
1.0
 49
1.0
140
1.0
293
     1
141
0.0
294
     1
177
     0
142
1.0
295
     0
296
     0
143
0.125
1001
ACAD_MLEADERVER
1070
     2
  0
MLINESTYLE
  5
18
102
{ACAD_REACTORS
330
17
102
}
330
17
100
AcDbMlineStyle
  2
STANDARD
 70
     0
  3

 62
   256
 51
90.0
 52
90.0
 71
     2
 49
0.5
 62
   256
  6
BYLAYER
 49
-0.5
 62
   256
  6
BYLAYER
  0
ACDBPLACEHOLDER
  5
F
102
{ACAD_REACTORS
330
E
102
}
330
E
  0
SCALE
  5
C2
102
{ACAD_REACTORS
330
C1
102
}
330
C1
100
AcDbScale
 70
     0
300
1:1
140
1.0
141
1.0
290
     1
  0
SCALE
  5
C3
102
{ACAD_REACTORS
330
C1
102
}
330
C1
100
AcDbScale
 70
     0
300
1:2
140
1.0
141
2.0
290
     0
  0
SCALE
  5
C4
102
{ACAD_REACTORS
330
C1
102
}
330
C1
100
AcDbScale
 70
     0
300
1:4
140
1.0
141
4.0
290
     0
  0
SCALE
  5
C5
102
{ACAD_REACTORS
330
C1
102
}
330
C1
100
AcDbScale
 70
     0
300
1:5
140
1.0
141
5.0
290
     0
  0
SCALE
  5
C6
102
{ACAD_REACTORS
330
C1
102
}
330
C1
100
AcDbScale
 70
     0
300
1:8
140
1.0
141
8.0
290
     0
  0
SCALE
  5
C7
102
{ACAD_REACTORS
330
C1
102
}
330
C1
100
AcDbScale
 70
     0
300
1:10
140
1.0
141
10.0
290
     0
  0
SCALE
  5
C8
102
{ACAD_REACTORS
330
C1
102
}
330
C1
100
AcDbScale
 70
     0
300
1:16
140
1.0
141
16.0
290
     0
  0
SCALE
  5
C9
102
{ACAD_REACTORS
330
C1
102
}
330
C1
100
AcDbScale
 70
     0
300
1:20
140
1.0
141
20.0
290
     0
  0
SCALE
  5
CA
102
{ACAD_REACTORS
330
C1
102
}
330
C1
100
AcDbScale
 70
     0
300
1:30
140
1.0
141
30.0
290
     0
  0
SCALE
  5
CB
102
{ACAD_REACTORS
330
C1
102
}
330
C1
100
AcDbScale
 70
     0
300
1:40
140
1.0
141
40.0
290
     0
  0
SCALE
  5
CC
102
{ACAD_REACTORS
330
C1
102
}
330
C1
100
AcDbScale
 70
     0
300
1:50
140
1.0
141
50.0
290
     0
  0
SCALE
  5
CD
102
{ACAD_REACTORS
330
C1
102
}
330
C1
100
AcDbScale
 70
     0
300
1:100
140
1.0
141
100.0
290
     0
  0
SCALE
  5
CE
102
{ACAD_REACTORS
330
C1
102
}
330
C1
100
AcDbScale
 70
     0
300
2:1
140
2.0
141
1.0
290
     0
  0
SCALE
  5
CF
102
{ACAD_REACTORS
330
C1
102
}
330
C1
100
AcDbScale
 70
     0
300
4:1
140
4.0
141
1.0
290
     0
  0
SCALE
  5
D0
102
{ACAD_REACTORS
330
C1
102
}
330
C1
100
AcDbScale
 70
     0
300
8:1
140
8.0
141
1.0
290
     0
  0
SCALE
  5
D1
102
{ACAD_REACTORS
330
C1
102
}
330
C1
100
AcDbScale
 70
     0
300
10:1
140
10.0
141
1.0
290
     0
  0
SCALE
  5
D2
102
{ACAD_REACTORS
330
C1
102
}
330
C1
100
AcDbScale
 70
     0
300
100:1
140
100.0
141
1.0
290
     0
  0
SCALE
  5
D3
102
{ACAD_REACTORS
330
C1
102
}
330
C1
100
AcDbScale
 70
     0
300
1/128" = 1'-0"
140
0.0078125
141
12.0
290
     0
  0
SCALE
  5
D4
102
{ACAD_REACTORS
330
C1
102
}
330
C1
100
AcDbScale
 70
     0
300
1/64" = 1'-0"
140
0.015625
141
12.0
290
     0
  0
SCALE
  5
D5
102
{ACAD_REACTORS
330
C1
102
}
330
C1
100
AcDbScale
 70
     0
300
1/32" = 1'-0"
140
0.03125
141
12.0
290
     0
  0
SCALE
  5
D6
102
{ACAD_REACTORS
330
C1
102
}
330
C1
100
AcDbScale
 70
     0
300
1/16" = 1'-0"
140
0.0625
141
12.0
290
     0
  0
SCALE
  5
D7
102
{ACAD_REACTORS
330
C1
102
}
330
C1
100
AcDbScale
 70
     0
300
3/32" = 1'-0"
140
0.09375
141
12.0
290
     0
  0
SCALE
  5
D8
102
{ACAD_REACTORS
330
C1
102
}
330
C1
100
AcDbScale
 70
     0
300
1/8" = 1'-0"
140
0.125
141
12.0
290
     0
  0
SCALE
  5
D9
102
{ACAD_REACTORS
330
C1
102
}
330
C1
100
AcDbScale
 70
     0
300
3/16" = 1'-0"
140
0.1875
141
12.0
290
     0
  0
SCALE
  5
DA
102
{ACAD_REACTORS
330
C1
102
}
330
C1
100
AcDbScale
 70
     0
300
1/4" = 1'-0"
140
0.25
141
12.0
290
     0
  0
SCALE
  5
DB
102
{ACAD_REACTORS
330
C1
102
}
330
C1
100
AcDbScale
 70
     0
300
3/8" = 1'-0"
140
0.375
141
12.0
290
     0
  0
SCALE
  5
DC
102
{ACAD_REACTORS
330
C1
102
}
330
C1
100
AcDbScale
 70
     0
300
1/2" = 1'-0"
140
0.5
141
12.0
290
     0
  0
SCALE
  5
DD
102
{ACAD_REACTORS
330
C1
102
}
330
C1
100
AcDbScale
 70
     0
300
3/4" = 1'-0"
140
0.75
141
12.0
290
     0
  0
SCALE
  5
DE
102
{ACAD_REACTORS
330
C1
102
}
330
C1
100
AcDbScale
 70
     0
300
1" = 1'-0"
140
1.0
141
12.0
290
     0
  0
SCALE
  5
DF
102
{ACAD_REACTORS
330
C1
102
}
330
C1
100
AcDbScale
 70
     0
300
1-1/2" = 1'-0"
140
1.5
141
12.0
290
     0
  0
SCALE
  5
E0
102
{ACAD_REACTORS
330
C1
102
}
330
C1
100
AcDbScale
 70
     0
300
3" = 1'-0"
140
3.0
141
12.0
290
     0
  0
SCALE
  5
E1
102
{ACAD_REACTORS
330
C1
102
}
330
C1
100
AcDbScale
 70
     0
300
6" = 1'-0"
140
6.0
141
12.0
290
     0
  0
SCALE
  5
E2
102
{ACAD_REACTORS
330
C1
102
}
330
C1
100
AcDbScale
 70
     0
300
1'-0" = 1'-0"
140
12.0
141
12.0
290
     0
  0
TABLESTYLE
  5
BE
102
{ACAD_XDICTIONARY
360
205
102
}
102
{ACAD_REACTORS
330
86
102
}
330
86
100
AcDbTableStyle
  3
Standard
 70
     0
 71
     0
 40
0.06
 41
0.06
280
     0
281
     0
  7
newtext
140
18.0
170
     2
 62
     0
 63
     7
283
     0
 90
      512
 91
        0
  1

274
    -2
284
     1
 64
     0
275
    -2
285
     1
 65
     0
276
    -2
286
     1
 66
     0
277
    -2
287
     1
 67
     0
278
    -2
288
     1
 68
     0
279
    -2
289
     1
 69
     0
  7
newtext
140
40.0
170
     5
 62
     0
 63
     7
283
     0
 90
      512
 91
        0
  1

274
    -2
284
     1
 64
     0
275
    -2
285
     1
 65
     0
276
    -2
286
     1
 66
     0
277
    -2
287
     1
 67
     0
278
    -2
288
     1
 68
     0
279
    -2
289
     1
 69
     0
  7
newtext
140
28.0
170
     5
 62
     0
 63
     7
283
     0
 90
      512
 91
        0
  1

274
    -2
284
     1
 64
     0
275
    -2
285
     1
 65
     0
276
    -2
286
     1
 66
     0
277
    -2
287
     1
 67
     0
278
    -2
288
     1
 68
     0
279
    -2
289
     1
 69
     0
  0
TABLESTYLE
  5
87
102
{ACAD_XDICTIONARY
360
201
102
}
102
{ACAD_REACTORS
330
86
330
EB
330
A7A
330
AEE
102
}
330
86
100
AcDbTableStyle
  3
Standard
 70
     0
 71
     0
 40
0.06
 41
0.06
280
     0
281
     0
  7
newtext
140
0.18
170
     2
 62
     0
 63
     7
283
     0
 90
      512
 91
        0
  1

274
    -2
284
     1
 64
     0
275
    -2
285
     1
 65
     0
276
    -2
286
     1
 66
     0
277
    -2
287
     1
 67
     0
278
    -2
288
     1
 68
     0
279
    -2
289
     1
 69
     0
  7
newtext
140
0.25
170
     5
 62
     0
 63
     7
283
     0
 90
      512
 91
        0
  1

274
    -2
284
     1
 64
     0
275
    -2
285
     1
 65
     0
276
    -2
286
     1
 66
     0
277
    -2
287
     1
 67
     0
278
    -2
288
     1
 68
     0
279
    -2
289
     1
 69
     0
  7
Standard
140
0.18
170
     5
 62
     0
 63
     7
283
     0
 90
      512
 91
        0
  1

274
    -2
284
     1
 64
     0
275
    -2
285
     1
 65
     0
276
    -2
286
     1
 66
     0
277
    -2
287
     1
 67
     0
278
    -2
288
     1
 68
     0
279
    -2
289
     1
 69
     0
  0
TABLESTYLE
  5
BA
102
{ACAD_XDICTIONARY
360
203
102
}
102
{ACAD_REACTORS
330
86
102
}
330
86
100
AcDbTableStyle
  3
Standard
 70
     0
 71
     0
 40
0.06
 41
0.06
280
     0
281
     0
  7
Standard
140
1.8
170
     2
 62
     0
 63
     7
283
     0
 90
      512
 91
        0
  1

274
    -2
284
     1
 64
     0
275
    -2
285
     1
 65
     0
276
    -2
286
     1
 66
     0
277
    -2
287
     1
 67
     0
278
    -2
288
     1
 68
     0
279
    -2
289
     1
 69
     0
  7
Standard
140
4.0
170
     5
 62
     0
 63
     7
283
     0
 90
      512
 91
        0
  1

274
    -2
284
     1
 64
     0
275
    -2
285
     1
 65
     0
276
    -2
286
     1
 66
     0
277
    -2
287
     1
 67
     0
278
    -2
288
     1
 68
     0
279
    -2
289
     1
 69
     0
  7
newtext
140
2.799999999999998
170
     5
 62
     0
 63
     7
283
     0
 90
      512
 91
        0
  1

274
    -2
284
     1
 64
     0
275
    -2
285
     1
 65
     0
276
    -2
286
     1
 66
     0
277
    -2
287
     1
 67
     0
278
    -2
288
     1
 68
     0
279
    -2
289
     1
 69
     0
  0
VISUALSTYLE
  5
9F
102
{ACAD_REACTORS
330
99
102
}
330
99
100
AcDbVisualStyle
  2
2dWireframe
 70
     4
 71
     0
 72
     2
 73
     1
 90
        0
 40
-0.6
 41
-30.0
 62
     5
 63
     7
421
 16777215
 74
     1
 91
        4
 64
     7
 65
   257
 75
     1
175
     1
 42
1.0
 92
        0
 66
   257
 43
1.0
 76
     1
 77
     6
 78
     2
 67
     7
 79
     5
170
     0
171
     0
290
     0
174
     0
 93
        1
 44
0.0
173
     0
291
     0
 45
0.0
  0
VISUALSTYLE
  5
A1
102
{ACAD_REACTORS
330
99
102
}
330
99
100
AcDbVisualStyle
  2
3D Hidden
 70
     6
 71
     1
 72
     2
 73
     2
 90
        0
 40
-0.6
 41
-30.0
 62
     5
 63
     7
421
 16777215
 74
     2
 91
        2
 64
     7
 65
   257
 75
     2
175
     1
 42
40.0
 92
        0
 66
   257
 43
1.0
 76
     1
 77
     6
 78
     2
 67
     7
 79
     3
170
     0
171
     0
290
     0
174
     0
 93
        1
 44
0.0
173
     0
291
     0
 45
0.0
  0
VISUALSTYLE
  5
A0
102
{ACAD_REACTORS
330
99
102
}
330
99
100
AcDbVisualStyle
  2
3dWireframe
 70
     5
 71
     0
 72
     2
 73
     1
 90
        0
 40
-0.6
 41
-30.0
 62
     5
 63
     7
421
 16777215
 74
     1
 91
        4
 64
     7
 65
   257
 75
     1
175
     1
 42
1.0
 92
        0
 66
   257
 43
1.0
 76
     1
 77
     6
 78
     2
 67
     7
 79
     5
170
     0
171
     0
290
     0
174
     0
 93
        1
 44
0.0
173
     0
291
     0
 45
0.0
  0
VISUALSTYLE
  5
9E
102
{ACAD_REACTORS
330
99
102
}
330
99
100
AcDbVisualStyle
  2
Basic
 70
     7
 71
     1
 72
     0
 73
     1
 90
        0
 40
-0.6
 41
-30.0
 62
     5
 63
     7
421
 16777215
 74
     0
 91
        4
 64
     7
 65
   257
 75
     1
175
     1
 42
1.0
 92
        8
 66
     7
 43
1.0
 76
     1
 77
     6
 78
     2
 67
     7
 79
     5
170
     0
171
     0
290
     0
174
     0
 93
        1
 44
0.0
173
     0
291
     1
 45
0.0
  0
VISUALSTYLE
  5
A5
102
{ACAD_REACTORS
330
99
102
}
330
99
100
AcDbVisualStyle
  2
Brighten
 70
    12
 71
     2
 72
     2
 73
     1
 90
        0
 40
-0.6
 41
-30.0
 62
     5
 63
     7
421
 16777215
 74
     1
 91
        4
 64
     7
 65
   257
 75
     1
175
     1
 42
1.0
 92
        8
 66
     7
 43
1.0
 76
     1
 77
     6
 78
     2
 67
     7
 79
     5
170
     0
171
     0
290
     0
174
     0
 93
        1
 44
50.0
173
     0
291
     1
 45
0.0
  0
VISUALSTYLE
  5
A9
102
{ACAD_REACTORS
330
99
102
}
330
99
100
AcDbVisualStyle
  2
ColorChange
 70
    16
 71
     2
 72
     2
 73
     3
 90
        0
 40
-0.6
 41
-30.0
 62
     5
 63
     8
421
  8421504
 74
     1
 91
        4
 64
     7
 65
   257
 75
     1
175
     1
 42
1.0
 92
        8
 66
     8
424
  8421504
 43
1.0
 76
     1
 77
     6
 78
     2
 67
     7
 79
     5
170
     0
171
     0
290
     0
174
     0
 93
        1
 44
0.0
173
     0
291
     1
 45
0.0
  0
VISUALSTYLE
  5
A2
102
{ACAD_REACTORS
330
99
102
}
330
99
100
AcDbVisualStyle
  2
Conceptual
 70
     9
 71
     3
 72
     2
 73
     1
 90
        0
 40
-0.6
 41
-30.0
 62
     5
 63
     7
421
 16777215
 74
     2
 91
        2
 64
     7
 65
   257
 75
     1
175
     1
 42
40.0
 92
        8
 66
     7
 43
1.0
 76
     1
 77
     6
 78
     2
 67
     7
 79
     3
170
     0
171
     0
290
     0
174
     0
 93
        1
 44
0.0
173
     0
291
     0
 45
0.0
  0
VISUALSTYLE
  5
A4
102
{ACAD_REACTORS
330
99
102
}
330
99
100
AcDbVisualStyle
  2
Dim
 70
    11
 71
     2
 72
     2
 73
     1
 90
        0
 40
-0.6
 41
-30.0
 62
     5
 63
     7
421
 16777215
 74
     1
 91
        4
 64
     7
 65
   257
 75
     1
175
     1
 42
1.0
 92
        8
 66
     7
 43
1.0
 76
     1
 77
     6
 78
     2
 67
     7
 79
     5
170
     0
171
     0
290
     0
174
     0
 93
        1
 44
-50.0
173
     0
291
     1
 45
0.0
  0
VISUALSTYLE
  5
A8
102
{ACAD_REACTORS
330
99
102
}
330
99
100
AcDbVisualStyle
  2
Facepattern
 70
    15
 71
     2
 72
     2
 73
     1
 90
        0
 40
-0.6
 41
-30.0
 62
     5
 63
     7
421
 16777215
 74
     1
 91
        4
 64
     7
 65
   257
 75
     1
175
     1
 42
1.0
 92
        8
 66
     7
 43
1.0
 76
     1
 77
     6
 78
     2
 67
     7
 79
     5
170
     0
171
     0
290
     0
174
     0
 93
        1
 44
0.0
173
     0
291
     1
 45
0.0
  0
VISUALSTYLE
  5
9A
102
{ACAD_REACTORS
330
99
102
}
330
99
100
AcDbVisualStyle
  2
Flat
 70
     0
 71
     2
 72
     1
 73
     1
 90
        2
 40
-0.6
 41
30.0
 62
     5
 63
     7
421
 16777215
 74
     0
 91
        4
 64
     7
 65
   257
 75
     1
175
     1
 42
1.0
 92
        8
 66
     7
 43
1.0
 76
     1
 77
     6
 78
     2
 67
     7
 79
     5
170
     0
171
     0
290
     0
174
     0
 93
        1
 44
0.0
173
     0
291
     1
 45
0.0
  0
VISUALSTYLE
  5
9B
102
{ACAD_REACTORS
330
99
102
}
330
99
100
AcDbVisualStyle
  2
FlatWithEdges
 70
     1
 71
     2
 72
     1
 73
     1
 90
        2
 40
-0.6
 41
30.0
 62
     5
 63
     7
421
 16777215
 74
     1
 91
        4
 64
     7
 65
   257
 75
     1
175
     1
 42
1.0
 92
        0
 66
   257
 43
1.0
 76
     1
 77
     6
 78
     2
 67
     7
 79
     5
170
     0
171
     0
290
     0
174
     0
 93
        1
 44
0.0
173
     0
291
     1
 45
0.0
  0
VISUALSTYLE
  5
9C
102
{ACAD_REACTORS
330
99
102
}
330
99
100
AcDbVisualStyle
  2
Gouraud
 70
     2
 71
     2
 72
     2
 73
     1
 90
        2
 40
-0.6
 41
30.0
 62
     5
 63
     7
421
 16777215
 74
     0
 91
        4
 64
     7
 65
   257
 75
     1
175
     1
 42
1.0
 92
        0
 66
     7
 43
1.0
 76
     1
 77
     6
 78
     2
 67
     7
 79
     5
170
     0
171
     0
290
     0
174
     0
 93
        1
 44
0.0
173
     0
291
     1
 45
0.0
  0
VISUALSTYLE
  5
9D
102
{ACAD_REACTORS
330
99
102
}
330
99
100
AcDbVisualStyle
  2
GouraudWithEdges
 70
     3
 71
     2
 72
     2
 73
     1
 90
        2
 40
-0.6
 41
30.0
 62
     5
 63
     7
421
 16777215
 74
     1
 91
        4
 64
     7
 65
   257
 75
     1
175
     1
 42
1.0
 92
        0
 66
   257
 43
1.0
 76
     1
 77
     6
 78
     2
 67
     7
 79
     5
170
     0
171
     0
290
     0
174
     0
 93
        1
 44
0.0
173
     0
291
     1
 45
0.0
  0
VISUALSTYLE
  5
A7
102
{ACAD_REACTORS
330
99
102
}
330
99
100
AcDbVisualStyle
  2
Linepattern
 70
    14
 71
     2
 72
     2
 73
     1
 90
        0
 40
-0.6
 41
-30.0
 62
     5
 63
     7
421
 16777215
 74
     1
 91
        4
 64
     7
 65
   257
 75
     7
175
     7
 42
1.0
 92
        8
 66
     7
 43
1.0
 76
     1
 77
     6
 78
     2
 67
     7
 79
     5
170
     0
171
     0
290
     0
174
     0
 93
        1
 44
0.0
173
     0
291
     1
 45
0.0
  0
VISUALSTYLE
  5
A3
102
{ACAD_REACTORS
330
99
102
}
330
99
100
AcDbVisualStyle
  2
Realistic
 70
     8
 71
     2
 72
     2
 73
     1
 90
        0
 40
-0.6
 41
-30.0
 62
     5
 63
     7
421
 16777215
 74
     1
 91
        0
 64
     7
 65
   257
 75
     1
175
     1
 42
1.0
 92
        8
 66
     8
424
  7895160
 43
1.0
 76
     1
 77
     6
 78
     2
 67
     7
 79
     5
170
     0
171
     0
290
     0
174
     0
 93
       13
 44
0.0
173
     0
291
     0
 45
0.0
  0
VISUALSTYLE
  5
A6
102
{ACAD_REACTORS
330
99
102
}
330
99
100
AcDbVisualStyle
  2
Thicken
 70
    13
 71
     2
 72
     2
 73
     1
 90
        0
 40
-0.6
 41
-30.0
 62
     5
 63
     7
421
 16777215
 74
     1
 91
        4
 64
     7
 65
   257
 75
     1
175
     1
 42
1.0
 92
       12
 66
     7
 43
1.0
 76
     1
 77
     6
 78
     2
 67
     7
 79
     5
170
     0
171
     0
290
     0
174
     0
 93
        1
 44
0.0
173
     0
291
     1
 45
0.0
  0
DICTIONARYVAR
  5
1FF
102
{ACAD_REACTORS
330
66
102
}
330
66
100
DictionaryVariables
280
     0
  1
1:1
  0
DICTIONARYVAR
  5
1FD
102
{ACAD_REACTORS
330
66
102
}
330
66
100
DictionaryVariables
280
     0
  1
STANDARD
  0
DICTIONARYVAR
  5
89
102
{ACAD_REACTORS
330
66
102
}
330
66
100
DictionaryVariables
280
     0
  1
STANDARD
  0
DICTIONARYVAR
  5
67
102
{ACAD_REACTORS
330
66
102
}
330
66
100
DictionaryVariables
280
     0
  1
2
  0
DICTIONARYVAR
  5
6B
102
{ACAD_REACTORS
330
66
102
}
330
66
100
DictionaryVariables
280
     0
  1
1
  0
DICTIONARYVAR
  5
200
102
{ACAD_REACTORS
330
66
102
}
330
66
100
DictionaryVariables
280
     0
  1
0
  0
DICTIONARYVAR
  5
1FE
102
{ACAD_REACTORS
330
66
102
}
330
66
100
DictionaryVariables
280
     0
  1
0
  0
TABLECONTENT
  5
A78
330
B63
100
AcDbLinkedData
  1

300

100
AcDbLinkedTableData
 90
        5
300
COLUMN
  1
LINKEDTABLEDATACOLUMN_BEGIN
300

 91
        0
301
CUSTOMDATA
  1
DATAMAP_BEGIN
 90
        0
309
DATAMAP_END
309
LINKEDTABLEDATACOLUMN_END
  1
FORMATTEDTABLEDATACOLUMN_BEGIN
300
COLUMNTABLEFORMAT
  1
TABLEFORMAT_BEGIN
 90
        3
170
     0
309
TABLEFORMAT_END
309
FORMATTEDTABLEDATACOLUMN_END
  1
TABLECOLUMN_BEGIN
 90
        0
 40
2.5
309
TABLECOLUMN_END
300
COLUMN
  1
LINKEDTABLEDATACOLUMN_BEGIN
300

 91
        0
301
CUSTOMDATA
  1
DATAMAP_BEGIN
 90
        0
309
DATAMAP_END
309
LINKEDTABLEDATACOLUMN_END
  1
FORMATTEDTABLEDATACOLUMN_BEGIN
300
COLUMNTABLEFORMAT
  1
TABLEFORMAT_BEGIN
 90
        3
170
     0
309
TABLEFORMAT_END
309
FORMATTEDTABLEDATACOLUMN_END
  1
TABLECOLUMN_BEGIN
 90
        0
 40
2.5
309
TABLECOLUMN_END
300
COLUMN
  1
LINKEDTABLEDATACOLUMN_BEGIN
300

 91
        0
301
CUSTOMDATA
  1
DATAMAP_BEGIN
 90
        0
309
DATAMAP_END
309
LINKEDTABLEDATACOLUMN_END
  1
FORMATTEDTABLEDATACOLUMN_BEGIN
300
COLUMNTABLEFORMAT
  1
TABLEFORMAT_BEGIN
 90
        3
170
     0
309
TABLEFORMAT_END
309
FORMATTEDTABLEDATACOLUMN_END
  1
TABLECOLUMN_BEGIN
 90
        0
 40
2.5
309
TABLECOLUMN_END
300
COLUMN
  1
LINKEDTABLEDATACOLUMN_BEGIN
300

 91
        0
301
CUSTOMDATA
  1
DATAMAP_BEGIN
 90
        0
309
DATAMAP_END
309
LINKEDTABLEDATACOLUMN_END
  1
FORMATTEDTABLEDATACOLUMN_BEGIN
300
COLUMNTABLEFORMAT
  1
TABLEFORMAT_BEGIN
 90
        3
170
     0
309
TABLEFORMAT_END
309
FORMATTEDTABLEDATACOLUMN_END
  1
TABLECOLUMN_BEGIN
 90
        0
 40
2.5
309
TABLECOLUMN_END
300
COLUMN
  1
LINKEDTABLEDATACOLUMN_BEGIN
300

 91
        0
301
CUSTOMDATA
  1
DATAMAP_BEGIN
 90
        0
309
DATAMAP_END
309
LINKEDTABLEDATACOLUMN_END
  1
FORMATTEDTABLEDATACOLUMN_BEGIN
300
COLUMNTABLEFORMAT
  1
TABLEFORMAT_BEGIN
 90
        3
170
     0
309
TABLEFORMAT_END
309
FORMATTEDTABLEDATACOLUMN_END
  1
TABLECOLUMN_BEGIN
 90
        0
 40
2.5
309
TABLECOLUMN_END
 91
       15
301
ROW
  1
LINKEDTABLEDATAROW_BEGIN
 90
        5
300
CELL
  1
LINKEDTABLEDATACELL_BEGIN
 90
        0
300

 91
        0
301
CUSTOMDATA
  1
DATAMAP_BEGIN
 90
        1
300
ACAD_ROUNDTRIP_2008_CELL_CHECKSUM
301
DATAMAP_VALUE
 93
        2
 90
        2
140
2192.0
 94
        0
300

302

304
ACVALUE_END
309
DATAMAP_END
 92
        0
 95
        1
302
CONTENT
  1
CELLCONTENT_BEGIN
 90
        1
300
VALUE
 93
        6
 90
        4
  1
Title-1
 94
        0
300

302
Title-1
304
ACVALUE_END
 91
        0
309
CELLCONTENT_END
  1
FORMATTEDCELLCONTENT_BEGIN
170
     1
300
CONTENTFORMAT
  1
CONTENTFORMAT_BEGIN
 90
        3
 91
        0
 92
        4
 93
        0
300

 40
0.0
140
1.0
 94
        1
 62
     0
340
BB
144
0.25
309
CONTENTFORMAT_END
309
FORMATTEDCELLCONTENT_END
309
LINKEDTABLEDATACELL_END
  1
FORMATTEDTABLEDATACELL_BEGIN
300
CELLTABLEFORMAT
  1
TABLEFORMAT_BEGIN
 90
        1
170
     1
 91
        0
 92
        0
 62
   257
 93
        1
300
CONTENTFORMAT
  1
CONTENTFORMAT_BEGIN
 90
        0
 91
        0
 92
      512
 93
        0
300

 40
0.0
140
1.0
 94
        5
 62
     0
340
0
144
0.18
309
CONTENTFORMAT_END
171
     1
301
MARGIN
  1
CELLMARGIN_BEGIN
 40
0.06
 40
0.06
 40
0.06
 40
0.06
 40
0.18
 40
0.18
309
CELLMARGIN_END
 94
        6
 95
        1
302
GRIDFORMAT
  1
GRIDFORMAT_BEGIN
 90
       37
 91
        1
 62
     0
 92
       -2
340
0
 93
        0
 40
0.045
309
GRIDFORMAT_END
 95
        2
302
GRIDFORMAT
  1
GRIDFORMAT_BEGIN
 90
       37
 91
        1
 62
     0
 92
       -2
340
0
 93
        0
 40
0.045
309
GRIDFORMAT_END
 95
        4
302
GRIDFORMAT
  1
GRIDFORMAT_BEGIN
 90
       37
 91
        1
 62
     0
 92
       -2
340
0
 93
        0
 40
0.045
309
GRIDFORMAT_END
 95
        8
302
GRIDFORMAT
  1
GRIDFORMAT_BEGIN
 90
       37
 91
        1
 62
     0
 92
       -2
340
0
 93
        0
 40
0.045
309
GRIDFORMAT_END
 95
       16
302
GRIDFORMAT
  1
GRIDFORMAT_BEGIN
 90
       37
 91
        1
 62
     0
 92
       -2
340
0
 93
        0
 40
0.045
309
GRIDFORMAT_END
 95
       32
302
GRIDFORMAT
  1
GRIDFORMAT_BEGIN
 90
       37
 91
        1
 62
     0
 92
       -2
340
0
 93
        0
 40
0.045
309
GRIDFORMAT_END
309
TABLEFORMAT_END
309
FORMATTEDTABLEDATACELL_END
  1
TABLECELL_BEGIN
 90
        0
 91
        0
309
TABLECELL_END
300
CELL
  1
LINKEDTABLEDATACELL_BEGIN
 90
        0
300

 91
        0
301
CUSTOMDATA
  1
DATAMAP_BEGIN
 90
        1
300
ACAD_ROUNDTRIP_2008_CELL_CHECKSUM
301
DATAMAP_VALUE
 93
        2
 90
        2
140
0.0
 94
        0
300

302

304
ACVALUE_END
309
DATAMAP_END
 92
        0
 95
        0
309
LINKEDTABLEDATACELL_END
  1
FORMATTEDTABLEDATACELL_BEGIN
300
CELLTABLEFORMAT
  1
TABLEFORMAT_BEGIN
 90
        1
170
     1
 91
        0
 92
        0
 62
   257
 93
        1
300
CONTENTFORMAT
  1
CONTENTFORMAT_BEGIN
 90
        0
 91
        0
 92
      512
 93
        0
300

 40
0.0
140
1.0
 94
        1
 62
     0
340
0
144
0.18
309
CONTENTFORMAT_END
171
     1
301
MARGIN
  1
CELLMARGIN_BEGIN
 40
0.06
 40
0.06
 40
0.06
 40
0.06
 40
0.18
 40
0.18
309
CELLMARGIN_END
 94
        5
 95
        1
302
GRIDFORMAT
  1
GRIDFORMAT_BEGIN
 90
       37
 91
        1
 62
     0
 92
       -2
340
0
 93
        0
 40
0.045
309
GRIDFORMAT_END
 95
        2
302
GRIDFORMAT
  1
GRIDFORMAT_BEGIN
 90
       37
 91
        1
 62
     0
 92
       -2
340
0
 93
        0
 40
0.045
309
GRIDFORMAT_END
 95
        4
302
GRIDFORMAT
  1
GRIDFORMAT_BEGIN
 90
       37
 91
        1
 62
     0
 92
       -2
340
0
 93
        0
 40
0.045
309
GRIDFORMAT_END
 95
       16
302
GRIDFORMAT
  1
GRIDFORMAT_BEGIN
 90
       37
 91
        1
 62
     0
 92
       -2
340
0
 93
        0
 40
0.045
309
GRIDFORMAT_END
 95
       32
302
GRIDFORMAT
  1
GRIDFORMAT_BEGIN
 90
       37
 91
        1
 62
     0
 92
       -2
340
0
 93
        0
 40
0.045
309
GRIDFORMAT_END
309
TABLEFORMAT_END
309
FORMATTEDTABLEDATACELL_END
  1
TABLECELL_BEGIN
 90
        0
 91
        0
309
TABLECELL_END
300
CELL
  1
LINKEDTABLEDATACELL_BEGIN
 90
        0
300

 91
        0
301
CUSTOMDATA
  1
DATAMAP_BEGIN
 90
        1
300
ACAD_ROUNDTRIP_2008_CELL_CHECKSUM
301
DATAMAP_VALUE
 93
        2
 90
        2
140
0.0
 94
        0
300

302

304
ACVALUE_END
309
DATAMAP_END
 92
        0
 95
        0
309
LINKEDTABLEDATACELL_END
  1
FORMATTEDTABLEDATACELL_BEGIN
300
CELLTABLEFORMAT
  1
TABLEFORMAT_BEGIN
 90
        1
170
     1
 91
        0
 92
        0
 62
   257
 93
        1
300
CONTENTFORMAT
  1
CONTENTFORMAT_BEGIN
 90
        0
 91
        0
 92
      512
 93
        0
300

 40
0.0
140
1.0
 94
        1
 62
     0
340
0
144
0.18
309
CONTENTFORMAT_END
171
     1
301
MARGIN
  1
CELLMARGIN_BEGIN
 40
0.06
 40
0.06
 40
0.06
 40
0.06
 40
0.18
 40
0.18
309
CELLMARGIN_END
 94
        5
 95
        1
302
GRIDFORMAT
  1
GRIDFORMAT_BEGIN
 90
       37
 91
        1
 62
     0
 92
       -2
340
0
 93
        0
 40
0.045
309
GRIDFORMAT_END
 95
        2
302
GRIDFORMAT
  1
GRIDFORMAT_BEGIN
 90
       37
 91
        1
 62
     0
 92
       -2
340
0
 93
        0
 40
0.045
309
GRIDFORMAT_END
 95
        4
302
GRIDFORMAT
  1
GRIDFORMAT_BEGIN
 90
       37
 91
        1
 62
     0
 92
       -2
340
0
 93
        0
 40
0.045
309
GRIDFORMAT_END
 95
       16
302
GRIDFORMAT
  1
GRIDFORMAT_BEGIN
 90
       37
 91
        1
 62
     0
 92
       -2
340
0
 93
        0
 40
0.045
309
GRIDFORMAT_END
 95
       32
302
GRIDFORMAT
  1
GRIDFORMAT_BEGIN
 90
       37
 91
        1
 62
     0
 92
       -2
340
0
 93
        0
 40
0.045
309
GRIDFORMAT_END
309
TABLEFORMAT_END
309
FORMATTEDTABLEDATACELL_END
  1
TABLECELL_BEGIN
 90
        0
 91
        0
309
TABLECELL_END
300
CELL
  1
LINKEDTABLEDATACELL_BEGIN
 90
        0
300

 91
        0
301
CUSTOMDATA
  1
DATAMAP_BEGIN
 90
        1
300
ACAD_ROUNDTRIP_2008_CELL_CHECKSUM
301
DATAMAP_VALUE
 93
        2
 90
        2
140
0.0
 94
        0
300

302

304
ACVALUE_END
309
DATAMAP_END
 92
        0
 95
        0
309
LINKEDTABLEDATACELL_END
  1
FORMATTEDTABLEDATACELL_BEGIN
300
CELLTABLEFORMAT
  1
TABLEFORMAT_BEGIN
 90
        1
170
     1
 91
        0
 92
        0
 62
   257
 93
        1
300
CONTENTFORMAT
  1
CONTENTFORMAT_BEGIN
 90
        0
 91
        0
 92
      512
 93
        0
300

 40
0.0
140
1.0
 94
        1
 62
     0
340
0
144
0.18
309
CONTENTFORMAT_END
171
     1
301
MARGIN
  1
CELLMARGIN_BEGIN
 40
0.06
 40
0.06
 40
0.06
 40
0.06
 40
0.18
 40
0.18
309
CELLMARGIN_END
 94
        5
 95
        1
302
GRIDFORMAT
  1
GRIDFORMAT_BEGIN
 90
       37
 91
        1
 62
     0
 92
       -2
340
0
 93
        0
 40
0.045
309
GRIDFORMAT_END
 95
        2
302
GRIDFORMAT
  1
GRIDFORMAT_BEGIN
 90
       37
 91
        1
 62
     0
 92
       -2
340
0
 93
        0
 40
0.045
309
GRIDFORMAT_END
 95
        4
302
GRIDFORMAT
  1
GRIDFORMAT_BEGIN
 90
       37
 91
        1
 62
     0
 92
       -2
340
0
 93
        0
 40
0.045
309
GRIDFORMAT_END
 95
       16
302
GRIDFORMAT
  1
GRIDFORMAT_BEGIN
 90
       37
 91
        1
 62
     0
 92
       -2
340
0
 93
        0
 40
0.045
309
GRIDFORMAT_END
 95
       32
302
GRIDFORMAT
  1
GRIDFORMAT_BEGIN
 90
       37
 91
        1
 62
     0
 92
       -2
340
0
 93
        0
 40
0.045
309
GRIDFORMAT_END
309
TABLEFORMAT_END
309
FORMATTEDTABLEDATACELL_END
  1
TABLECELL_BEGIN
 90
        0
 91
        0
309
TABLECELL_END
300
CELL
  1
LINKEDTABLEDATACELL_BEGIN
 90
        0
300

 91
        0
301
CUSTOMDATA
  1
DATAMAP_BEGIN
 90
        1
300
ACAD_ROUNDTRIP_2008_CELL_CHECKSUM
301
DATAMAP_VALUE
 93
        2
 90
        2
140
0.0
 94
        0
300

302

304
ACVALUE_END
309
DATAMAP_END
 92
        0
 95
        0
309
LINKEDTABLEDATACELL_END
  1
FORMATTEDTABLEDATACELL_BEGIN
300
CELLTABLEFORMAT
  1
TABLEFORMAT_BEGIN
 90
        1
170
     1
 91
        0
 92
        0
 62
   257
 93
        1
300
CONTENTFORMAT
  1
CONTENTFORMAT_BEGIN
 90
        0
 91
        0
 92
      512
 93
        0
300

 40
0.0
140
1.0
 94
        1
 62
     0
340
0
144
0.18
309
CONTENTFORMAT_END
171
     1
301
MARGIN
  1
CELLMARGIN_BEGIN
 40
0.06
 40
0.06
 40
0.06
 40
0.06
 40
0.18
 40
0.18
309
CELLMARGIN_END
 94
        5
 95
        1
302
GRIDFORMAT
  1
GRIDFORMAT_BEGIN
 90
       37
 91
        1
 62
     0
 92
       -2
340
0
 93
        0
 40
0.045
309
GRIDFORMAT_END
 95
        2
302
GRIDFORMAT
  1
GRIDFORMAT_BEGIN
 90
       37
 91
        1
 62
     0
 92
       -2
340
0
 93
        0
 40
0.045
309
GRIDFORMAT_END
 95
        4
302
GRIDFORMAT
  1
GRIDFORMAT_BEGIN
 90
       37
 91
        1
 62
     0
 92
       -2
340
0
 93
        0
 40
0.045
309
GRIDFORMAT_END
 95
       16
302
GRIDFORMAT
  1
GRIDFORMAT_BEGIN
 90
       37
 91
        1
 62
     0
 92
       -2
340
0
 93
        0
 40
0.045
309
GRIDFORMAT_END
 95
       32
302
GRIDFORMAT
  1
GRIDFORMAT_BEGIN
 90
       37
 91
        1
 62
     0
 92
       -2
340
0
 93
        0
 40
0.045
309
GRIDFORMAT_END
309
TABLEFORMAT_END
309
FORMATTEDTABLEDATACELL_END
  1
TABLECELL_BEGIN
 90
        0
 91
        0
309
TABLECELL_END
 91
        0
301
CUSTOMDATA
  1
DATAMAP_BEGIN
 90
        0
309
DATAMAP_END
309
LINKEDTABLEDATAROW_END
  1
FORMATTEDTABLEDATAROW_BEGIN
300
ROWTABLEFORMAT
  1
TABLEFORMAT_BEGIN
 90
        2
170
     0
309
TABLEFORMAT_END
309
FORMATTEDTABLEDATAROW_END
  1
TABLEROW_BEGIN
 90
        1
 40
0.4559769286229274
309
TABLEROW_END
301
ROW
  1
LINKEDTABLEDATAROW_BEGIN
 90
        5
300
CELL
  1
LINKEDTABLEDATACELL_BEGIN
 90
        0
300

 91
        0
301
CUSTOMDATA
  1
DATAMAP_BEGIN
 90
        1
300
ACAD_ROUNDTRIP_2008_CELL_CHECKSUM
301
DATAMAP_VALUE
 93
        2
 90
        2
140
2989.0
 94
        0
300

302

304
ACVALUE_END
309
DATAMAP_END
 92
        0
 95
        1
302
CONTENT
  1
CELLCONTENT_BEGIN
 90
        1
300
VALUE
 93
        6
 90
        4
  1
Header-A
 94
        0
300

302
Header-A
304
ACVALUE_END
 91
        0
309
CELLCONTENT_END
  1
FORMATTEDCELLCONTENT_BEGIN
170
     1
300
CONTENTFORMAT
  1
CONTENTFORMAT_BEGIN
 90
        3
 91
        0
 92
        4
 93
        0
300

 40
0.0
140
1.0
 94
        1
 62
     0
340
11
144
0.18
309
CONTENTFORMAT_END
309
FORMATTEDCELLCONTENT_END
309
LINKEDTABLEDATACELL_END
  1
FORMATTEDTABLEDATACELL_BEGIN
300
CELLTABLEFORMAT
  1
TABLEFORMAT_BEGIN
 90
        1
170
     1
 91
        0
 92
        0
 62
   257
 93
        1
300
CONTENTFORMAT
  1
CONTENTFORMAT_BEGIN
 90
        0
 91
        0
 92
      512
 93
        0
300

 40
0.0
140
1.0
 94
        5
 62
     0
340
0
144
0.18
309
CONTENTFORMAT_END
171
     1
301
MARGIN
  1
CELLMARGIN_BEGIN
 40
0.06
 40
0.06
 40
0.06
 40
0.06
 40
0.18
 40
0.18
309
CELLMARGIN_END
 94
        5
 95
        2
302
GRIDFORMAT
  1
GRIDFORMAT_BEGIN
 90
       37
 91
        1
 62
     0
 92
       -2
340
0
 93
        0
 40
0.045
309
GRIDFORMAT_END
 95
        4
302
GRIDFORMAT
  1
GRIDFORMAT_BEGIN
 90
        0
 91
        1
 62
     0
 92
       -2
340
0
 93
        0
 40
0.045
309
GRIDFORMAT_END
 95
        8
302
GRIDFORMAT
  1
GRIDFORMAT_BEGIN
 90
       37
 91
        1
 62
     0
 92
       -2
340
0
 93
        0
 40
0.045
309
GRIDFORMAT_END
 95
       16
302
GRIDFORMAT
  1
GRIDFORMAT_BEGIN
 90
       37
 91
        1
 62
     0
 92
       -2
340
0
 93
        0
 40
0.045
309
GRIDFORMAT_END
 95
       32
302
GRIDFORMAT
  1
GRIDFORMAT_BEGIN
 90
       37
 91
        1
 62
     0
 92
       -2
340
0
 93
        0
 40
0.045
309
GRIDFORMAT_END
309
TABLEFORMAT_END
309
FORMATTEDTABLEDATACELL_END
  1
TABLECELL_BEGIN
 90
        0
 91
        0
309
TABLECELL_END
300
CELL
  1
LINKEDTABLEDATACELL_BEGIN
 90
        0
300

 91
        0
301
CUSTOMDATA
  1
DATAMAP_BEGIN
 90
        1
300
ACAD_ROUNDTRIP_2008_CELL_CHECKSUM
301
DATAMAP_VALUE
 93
        2
 90
        2
140
2997.0
 94
        0
300

302

304
ACVALUE_END
309
DATAMAP_END
 92
        0
 95
        1
302
CONTENT
  1
CELLCONTENT_BEGIN
 90
        1
300
VALUE
 93
        6
 90
        4
  1
Header-B
 94
        0
300

302
Header-B
304
ACVALUE_END
 91
        0
309
CELLCONTENT_END
  1
FORMATTEDCELLCONTENT_BEGIN
170
     1
300
CONTENTFORMAT
  1
CONTENTFORMAT_BEGIN
 90
        3
 91
        0
 92
        4
 93
        0
300

 40
0.0
140
1.0
 94
        1
 62
     0
340
11
144
0.18
309
CONTENTFORMAT_END
309
FORMATTEDCELLCONTENT_END
309
LINKEDTABLEDATACELL_END
  1
FORMATTEDTABLEDATACELL_BEGIN
300
CELLTABLEFORMAT
  1
TABLEFORMAT_BEGIN
 90
        1
170
     1
 91
        0
 92
        0
 62
   257
 93
        1
300
CONTENTFORMAT
  1
CONTENTFORMAT_BEGIN
 90
        0
 91
        0
 92
      512
 93
        0
300

 40
0.0
140
1.0
 94
        5
 62
     0
340
0
144
0.18
309
CONTENTFORMAT_END
171
     1
301
MARGIN
  1
CELLMARGIN_BEGIN
 40
0.06
 40
0.06
 40
0.06
 40
0.06
 40
0.18
 40
0.18
309
CELLMARGIN_END
 94
        4
 95
        2
302
GRIDFORMAT
  1
GRIDFORMAT_BEGIN
 90
       37
 91
        1
 62
     0
 92
       -2
340
0
 93
        0
 40
0.045
309
GRIDFORMAT_END
 95
        4
302
GRIDFORMAT
  1
GRIDFORMAT_BEGIN
 90
        0
 91
        1
 62
     0
 92
       -2
340
0
 93
        0
 40
0.045
309
GRIDFORMAT_END
 95
       16
302
GRIDFORMAT
  1
GRIDFORMAT_BEGIN
 90
       37
 91
        1
 62
     0
 92
       -2
340
0
 93
        0
 40
0.045
309
GRIDFORMAT_END
 95
       32
302
GRIDFORMAT
  1
GRIDFORMAT_BEGIN
 90
       37
 91
        1
 62
     0
 92
       -2
340
0
 93
        0
 40
0.045
309
GRIDFORMAT_END
309
TABLEFORMAT_END
309
FORMATTEDTABLEDATACELL_END
  1
TABLECELL_BEGIN
 90
        0
 91
        0
309
TABLECELL_END
300
CELL
  1
LINKEDTABLEDATACELL_BEGIN
 90
        0
300

 91
        0
301
CUSTOMDATA
  1
DATAMAP_BEGIN
 90
        1
300
ACAD_ROUNDTRIP_2008_CELL_CHECKSUM
301
DATAMAP_VALUE
 93
        2
 90
        2
140
3005.0
 94
        0
300

302

304
ACVALUE_END
309
DATAMAP_END
 92
        0
 95
        1
302
CONTENT
  1
CELLCONTENT_BEGIN
 90
        1
300
VALUE
 93
        6
 90
        4
  1
Header-C
 94
        0
300

302
Header-C
304
ACVALUE_END
 91
        0
309
CELLCONTENT_END
  1
FORMATTEDCELLCONTENT_BEGIN
170
     1
300
CONTENTFORMAT
  1
CONTENTFORMAT_BEGIN
 90
        3
 91
        0
 92
        4
 93
        0
300

 40
0.0
140
1.0
 94
        1
 62
     0
340
11
144
0.18
309
CONTENTFORMAT_END
309
FORMATTEDCELLCONTENT_END
309
LINKEDTABLEDATACELL_END
  1
FORMATTEDTABLEDATACELL_BEGIN
300
CELLTABLEFORMAT
  1
TABLEFORMAT_BEGIN
 90
        1
170
     1
 91
        0
 92
        0
 62
   257
 93
        1
300
CONTENTFORMAT
  1
CONTENTFORMAT_BEGIN
 90
        0
 91
        0
 92
      512
 93
        0
300

 40
0.0
140
1.0
 94
        5
 62
     0
340
0
144
0.18
309
CONTENTFORMAT_END
171
     1
301
MARGIN
  1
CELLMARGIN_BEGIN
 40
0.06
 40
0.06
 40
0.06
 40
0.06
 40
0.18
 40
0.18
309
CELLMARGIN_END
 94
        4
 95
        2
302
GRIDFORMAT
  1
GRIDFORMAT_BEGIN
 90
       37
 91
        1
 62
     0
 92
       -2
340
0
 93
        0
 40
0.045
309
GRIDFORMAT_END
 95
        4
302
GRIDFORMAT
  1
GRIDFORMAT_BEGIN
 90
        0
 91
        1
 62
     0
 92
       -2
340
0
 93
        0
 40
0.045
309
GRIDFORMAT_END
 95
       16
302
GRIDFORMAT
  1
GRIDFORMAT_BEGIN
 90
       37
 91
        1
 62
     0
 92
       -2
340
0
 93
        0
 40
0.045
309
GRIDFORMAT_END
 95
       32
302
GRIDFORMAT
  1
GRIDFORMAT_BEGIN
 90
       37
 91
        1
 62
     0
 92
       -2
340
0
 93
        0
 40
0.045
309
GRIDFORMAT_END
309
TABLEFORMAT_END
309
FORMATTEDTABLEDATACELL_END
  1
TABLECELL_BEGIN
 90
        0
 91
        0
309
TABLECELL_END
300
CELL
  1
LINKEDTABLEDATACELL_BEGIN
 90
        0
300

 91
        0
301
CUSTOMDATA
  1
DATAMAP_BEGIN
 90
        1
300
ACAD_ROUNDTRIP_2008_CELL_CHECKSUM
301
DATAMAP_VALUE
 93
        2
 90
        2
140
3013.0
 94
        0
300

302

304
ACVALUE_END
309
DATAMAP_END
 92
        0
 95
        1
302
CONTENT
  1
CELLCONTENT_BEGIN
 90
        1
300
VALUE
 93
        6
 90
        4
  1
Header-D
 94
        0
300

302
Header-D
304
ACVALUE_END
 91
        0
309
CELLCONTENT_END
  1
FORMATTEDCELLCONTENT_BEGIN
170
     1
300
CONTENTFORMAT
  1
CONTENTFORMAT_BEGIN
 90
        3
 91
        0
 92
        4
 93
        0
300

 40
0.0
140
1.0
 94
        1
 62
     0
340
11
144
0.18
309
CONTENTFORMAT_END
309
FORMATTEDCELLCONTENT_END
309
LINKEDTABLEDATACELL_END
  1
FORMATTEDTABLEDATACELL_BEGIN
300
CELLTABLEFORMAT
  1
TABLEFORMAT_BEGIN
 90
        1
170
     1
 91
        0
 92
        0
 62
   257
 93
        1
300
CONTENTFORMAT
  1
CONTENTFORMAT_BEGIN
 90
        0
 91
        0
 92
      512
 93
        0
300

 40
0.0
140
1.0
 94
        5
 62
     0
340
0
144
0.18
309
CONTENTFORMAT_END
171
     1
301
MARGIN
  1
CELLMARGIN_BEGIN
 40
0.06
 40
0.06
 40
0.06
 40
0.06
 40
0.18
 40
0.18
309
CELLMARGIN_END
 94
        4
 95
        2
302
GRIDFORMAT
  1
GRIDFORMAT_BEGIN
 90
       37
 91
        1
 62
     0
 92
       -2
340
0
 93
        0
 40
0.045
309
GRIDFORMAT_END
 95
        4
302
GRIDFORMAT
  1
GRIDFORMAT_BEGIN
 90
        0
 91
        1
 62
     0
 92
       -2
340
0
 93
        0
 40
0.045
309
GRIDFORMAT_END
 95
       16
302
GRIDFORMAT
  1
GRIDFORMAT_BEGIN
 90
       37
 91
        1
 62
     0
 92
       -2
340
0
 93
        0
 40
0.045
309
GRIDFORMAT_END
 95
       32
302
GRIDFORMAT
  1
GRIDFORMAT_BEGIN
 90
       37
 91
        1
 62
     0
 92
       -2
340
0
 93
        0
 40
0.045
309
GRIDFORMAT_END
309
TABLEFORMAT_END
309
FORMATTEDTABLEDATACELL_END
  1
TABLECELL_BEGIN
 90
        0
 91
        0
309
TABLECELL_END
300
CELL
  1
LINKEDTABLEDATACELL_BEGIN
 90
        0
300

 91
        0
301
CUSTOMDATA
  1
DATAMAP_BEGIN
 90
        1
300
ACAD_ROUNDTRIP_2008_CELL_CHECKSUM
301
DATAMAP_VALUE
 93
        2
 90
        2
140
3021.0
 94
        0
300

302

304
ACVALUE_END
309
DATAMAP_END
 92
        0
 95
        1
302
CONTENT
  1
CELLCONTENT_BEGIN
 90
        1
300
VALUE
 93
        6
 90
        4
  1
Header-E
 94
        0
300

302
Header-E
304
ACVALUE_END
 91
        0
309
CELLCONTENT_END
  1
FORMATTEDCELLCONTENT_BEGIN
170
     1
300
CONTENTFORMAT
  1
CONTENTFORMAT_BEGIN
 90
        3
 91
        0
 92
        4
 93
        0
300

 40
0.0
140
1.0
 94
        1
 62
     0
340
11
144
0.18
309
CONTENTFORMAT_END
309
FORMATTEDCELLCONTENT_END
309
LINKEDTABLEDATACELL_END
  1
FORMATTEDTABLEDATACELL_BEGIN
300
CELLTABLEFORMAT
  1
TABLEFORMAT_BEGIN
 90
        1
170
     1
 91
        0
 92
        0
 62
   257
 93
        1
300
CONTENTFORMAT
  1
CONTENTFORMAT_BEGIN
 90
        0
 91
        0
 92
      512
 93
        0
300

 40
0.0
140
1.0
 94
        5
 62
     0
340
0
144
0.18
309
CONTENTFORMAT_END
171
     1
301
MARGIN
  1
CELLMARGIN_BEGIN
 40
0.06
 40
0.06
 40
0.06
 40
0.06
 40
0.18
 40
0.18
309
CELLMARGIN_END
 94
        4
 95
        2
302
GRIDFORMAT
  1
GRIDFORMAT_BEGIN
 90
       37
 91
        1
 62
     0
 92
       -2
340
0
 93
        0
 40
0.045
309
GRIDFORMAT_END
 95
        4
302
GRIDFORMAT
  1
GRIDFORMAT_BEGIN
 90
        0
 91
        1
 62
     0
 92
       -2
340
0
 93
        0
 40
0.045
309
GRIDFORMAT_END
 95
       16
302
GRIDFORMAT
  1
GRIDFORMAT_BEGIN
 90
       37
 91
        1
 62
     0
 92
       -2
340
0
 93
        0
 40
0.045
309
GRIDFORMAT_END
 95
       32
302
GRIDFORMAT
  1
GRIDFORMAT_BEGIN
 90
       37
 91
        1
 62
     0
 92
       -2
340
0
 93
        0
 40
0.045
309
GRIDFORMAT_END
309
TABLEFORMAT_END
309
FORMATTEDTABLEDATACELL_END
  1
TABLECELL_BEGIN
 90
        0
 91
        0
309
TABLECELL_END
 91
        0
301
CUSTOMDATA
  1
DATAMAP_BEGIN
 90
        0
309
DATAMAP_END
309
LINKEDTABLEDATAROW_END
  1
FORMATTEDTABLEDATAROW_BEGIN
300
ROWTABLEFORMAT
  1
TABLEFORMAT_BEGIN
 90
        2
170
     0
309
TABLEFORMAT_END
309
FORMATTEDTABLEDATAROW_END
  1
TABLEROW_BEGIN
 90
        2
 40
0.36
309
TABLEROW_END
301
ROW
  1
LINKEDTABLEDATAROW_BEGIN
 90
        5
300
CELL
  1
LINKEDTABLEDATACELL_BEGIN
 90
        0
300

 91
        0
301
CUSTOMDATA
  1
DATAMAP_BEGIN
 90
        1
300
ACAD_ROUNDTRIP_2008_CELL_CHECKSUM
301
DATAMAP_VALUE
 93
        2
 90
        2
140
2861.0
 94
        0
300

302

304
ACVALUE_END
309
DATAMAP_END
 92
        0
 95
        1
302
CONTENT
  1
CELLCONTENT_BEGIN
 90
        1
300
VALUE
 93
        6
 90
        4
  1
Header-1
 94
        0
300

302
Header-1
304
ACVALUE_END
 91
        0
309
CELLCONTENT_END
  1
FORMATTEDCELLCONTENT_BEGIN
170
     1
300
CONTENTFORMAT
  1
CONTENTFORMAT_BEGIN
 90
        3
 91
        0
 92
        4
 93
        0
300

 40
0.0
140
1.0
 94
        1
 62
     0
340
0
144
0.18
309
CONTENTFORMAT_END
309
FORMATTEDCELLCONTENT_END
309
LINKEDTABLEDATACELL_END
  1
FORMATTEDTABLEDATACELL_BEGIN
300
CELLTABLEFORMAT
  1
TABLEFORMAT_BEGIN
 90
        1
170
     1
 91
        0
 92
        0
 62
   257
 93
        1
300
CONTENTFORMAT
  1
CONTENTFORMAT_BEGIN
 90
        0
 91
        0
 92
      512
 93
        0
300

 40
0.0
140
1.0
 94
        5
 62
     0
340
0
144
0.18
309
CONTENTFORMAT_END
171
     1
301
MARGIN
  1
CELLMARGIN_BEGIN
 40
0.06
 40
0.06
 40
0.06
 40
0.06
 40
0.18
 40
0.18
309
CELLMARGIN_END
 94
        5
 95
        2
302
GRIDFORMAT
  1
GRIDFORMAT_BEGIN
 90
        0
 91
        1
 62
     0
 92
       -2
340
0
 93
        0
 40
0.045
309
GRIDFORMAT_END
 95
        4
302
GRIDFORMAT
  1
GRIDFORMAT_BEGIN
 90
        0
 91
        1
 62
     0
 92
       -2
340
0
 93
        0
 40
0.045
309
GRIDFORMAT_END
 95
        8
302
GRIDFORMAT
  1
GRIDFORMAT_BEGIN
 90
        0
 91
        1
 62
     0
 92
       -2
340
0
 93
        0
 40
0.045
309
GRIDFORMAT_END
 95
       16
302
GRIDFORMAT
  1
GRIDFORMAT_BEGIN
 90
        0
 91
        1
 62
     0
 92
       -2
340
0
 93
        0
 40
0.045
309
GRIDFORMAT_END
 95
       32
302
GRIDFORMAT
  1
GRIDFORMAT_BEGIN
 90
        0
 91
        1
 62
     0
 92
       -2
340
0
 93
        0
 40
0.045
309
GRIDFORMAT_END
309
TABLEFORMAT_END
309
FORMATTEDTABLEDATACELL_END
  1
TABLECELL_BEGIN
 90
        0
 91
        0
309
TABLECELL_END
300
CELL
  1
LINKEDTABLEDATACELL_BEGIN
 90
        0
300

 91
        0
301
CUSTOMDATA
  1
DATAMAP_BEGIN
 90
        1
300
ACAD_ROUNDTRIP_2008_CELL_CHECKSUM
301
DATAMAP_VALUE
 93
        2
 90
        2
140
2869.0
 94
        0
300

302

304
ACVALUE_END
309
DATAMAP_END
 92
        0
 95
        1
302
CONTENT
  1
CELLCONTENT_BEGIN
 90
        1
300
VALUE
 93
        6
 90
        4
  1
Header-2
 94
        0
300

302
Header-2
304
ACVALUE_END
 91
        0
309
CELLCONTENT_END
  1
FORMATTEDCELLCONTENT_BEGIN
170
     1
300
CONTENTFORMAT
  1
CONTENTFORMAT_BEGIN
 90
        3
 91
        0
 92
        4
 93
        0
300

 40
0.0
140
1.0
 94
        1
 62
     0
340
0
144
0.18
309
CONTENTFORMAT_END
309
FORMATTEDCELLCONTENT_END
309
LINKEDTABLEDATACELL_END
  1
FORMATTEDTABLEDATACELL_BEGIN
300
CELLTABLEFORMAT
  1
TABLEFORMAT_BEGIN
 90
        1
170
     1
 91
        0
 92
        0
 62
   257
 93
        1
300
CONTENTFORMAT
  1
CONTENTFORMAT_BEGIN
 90
        0
 91
        0
 92
      512
 93
        0
300

 40
0.0
140
1.0
 94
        5
 62
     0
340
0
144
0.18
309
CONTENTFORMAT_END
171
     1
301
MARGIN
  1
CELLMARGIN_BEGIN
 40
0.06
 40
0.06
 40
0.06
 40
0.06
 40
0.18
 40
0.18
309
CELLMARGIN_END
 94
        4
 95
        2
302
GRIDFORMAT
  1
GRIDFORMAT_BEGIN
 90
        0
 91
        1
 62
     0
 92
       -2
340
0
 93
        0
 40
0.045
309
GRIDFORMAT_END
 95
        4
302
GRIDFORMAT
  1
GRIDFORMAT_BEGIN
 90
        0
 91
        1
 62
     0
 92
       -2
340
0
 93
        0
 40
0.045
309
GRIDFORMAT_END
 95
       16
302
GRIDFORMAT
  1
GRIDFORMAT_BEGIN
 90
        0
 91
        1
 62
     0
 92
       -2
340
0
 93
        0
 40
0.045
309
GRIDFORMAT_END
 95
       32
302
GRIDFORMAT
  1
GRIDFORMAT_BEGIN
 90
        0
 91
        1
 62
     0
 92
       -2
340
0
 93
        0
 40
0.045
309
GRIDFORMAT_END
309
TABLEFORMAT_END
309
FORMATTEDTABLEDATACELL_END
  1
TABLECELL_BEGIN
 90
        0
 91
        0
309
TABLECELL_END
300
CELL
  1
LINKEDTABLEDATACELL_BEGIN
 90
        0
300

 91
        0
301
CUSTOMDATA
  1
DATAMAP_BEGIN
 90
        1
300
ACAD_ROUNDTRIP_2008_CELL_CHECKSUM
301
DATAMAP_VALUE
 93
        2
 90
        2
140
2877.0
 94
        0
300

302

304
ACVALUE_END
309
DATAMAP_END
 92
        0
 95
        1
302
CONTENT
  1
CELLCONTENT_BEGIN
 90
        1
300
VALUE
 93
        6
 90
        4
  1
Header-3
 94
        0
300

302
Header-3
304
ACVALUE_END
 91
        0
309
CELLCONTENT_END
  1
FORMATTEDCELLCONTENT_BEGIN
170
     1
300
CONTENTFORMAT
  1
CONTENTFORMAT_BEGIN
 90
        3
 91
        0
 92
        4
 93
        0
300

 40
0.0
140
1.0
 94
        1
 62
     0
340
0
144
0.18
309
CONTENTFORMAT_END
309
FORMATTEDCELLCONTENT_END
309
LINKEDTABLEDATACELL_END
  1
FORMATTEDTABLEDATACELL_BEGIN
300
CELLTABLEFORMAT
  1
TABLEFORMAT_BEGIN
 90
        1
170
     1
 91
        0
 92
        0
 62
   257
 93
        1
300
CONTENTFORMAT
  1
CONTENTFORMAT_BEGIN
 90
        0
 91
        0
 92
      512
 93
        0
300

 40
0.0
140
1.0
 94
        5
 62
     0
340
0
144
0.18
309
CONTENTFORMAT_END
171
     1
301
MARGIN
  1
CELLMARGIN_BEGIN
 40
0.06
 40
0.06
 40
0.06
 40
0.06
 40
0.18
 40
0.18
309
CELLMARGIN_END
 94
        4
 95
        2
302
GRIDFORMAT
  1
GRIDFORMAT_BEGIN
 90
        0
 91
        1
 62
     0
 92
       -2
340
0
 93
        0
 40
0.045
309
GRIDFORMAT_END
 95
        4
302
GRIDFORMAT
  1
GRIDFORMAT_BEGIN
 90
        0
 91
        1
 62
     0
 92
       -2
340
0
 93
        0
 40
0.045
309
GRIDFORMAT_END
 95
       16
302
GRIDFORMAT
  1
GRIDFORMAT_BEGIN
 90
        0
 91
        1
 62
     0
 92
       -2
340
0
 93
        0
 40
0.045
309
GRIDFORMAT_END
 95
       32
302
GRIDFORMAT
  1
GRIDFORMAT_BEGIN
 90
        0
 91
        1
 62
     0
 92
       -2
340
0
 93
        0
 40
0.045
309
GRIDFORMAT_END
309
TABLEFORMAT_END
309
FORMATTEDTABLEDATACELL_END
  1
TABLECELL_BEGIN
 90
        0
 91
        0
309
TABLECELL_END
300
CELL
  1
LINKEDTABLEDATACELL_BEGIN
 90
        0
300

 91
        0
301
CUSTOMDATA
  1
DATAMAP_BEGIN
 90
        1
300
ACAD_ROUNDTRIP_2008_CELL_CHECKSUM
301
DATAMAP_VALUE
 93
        2
 90
        2
140
2885.0
 94
        0
300

302

304
ACVALUE_END
309
DATAMAP_END
 92
        0
 95
        1
302
CONTENT
  1
CELLCONTENT_BEGIN
 90
        1
300
VALUE
 93
        6
 90
        4
  1
Header-4
 94
        0
300

302
Header-4
304
ACVALUE_END
 91
        0
309
CELLCONTENT_END
  1
FORMATTEDCELLCONTENT_BEGIN
170
     1
300
CONTENTFORMAT
  1
CONTENTFORMAT_BEGIN
 90
        3
 91
        0
 92
        4
 93
        0
300

 40
0.0
140
1.0
 94
        1
 62
     0
340
0
144
0.18
309
CONTENTFORMAT_END
309
FORMATTEDCELLCONTENT_END
309
LINKEDTABLEDATACELL_END
  1
FORMATTEDTABLEDATACELL_BEGIN
300
CELLTABLEFORMAT
  1
TABLEFORMAT_BEGIN
 90
        1
170
     1
 91
        0
 92
        0
 62
   257
 93
        1
300
CONTENTFORMAT
  1
CONTENTFORMAT_BEGIN
 90
        0
 91
        0
 92
      512
 93
        0
300

 40
0.0
140
1.0
 94
        5
 62
     0
340
0
144
0.18
309
CONTENTFORMAT_END
171
     1
301
MARGIN
  1
CELLMARGIN_BEGIN
 40
0.06
 40
0.06
 40
0.06
 40
0.06
 40
0.18
 40
0.18
309
CELLMARGIN_END
 94
        4
 95
        2
302
GRIDFORMAT
  1
GRIDFORMAT_BEGIN
 90
        0
 91
        1
 62
     0
 92
       -2
340
0
 93
        0
 40
0.045
309
GRIDFORMAT_END
 95
        4
302
GRIDFORMAT
  1
GRIDFORMAT_BEGIN
 90
        0
 91
        1
 62
     0
 92
       -2
340
0
 93
        0
 40
0.045
309
GRIDFORMAT_END
 95
       16
302
GRIDFORMAT
  1
GRIDFORMAT_BEGIN
 90
        0
 91
        1
 62
     0
 92
       -2
340
0
 93
        0
 40
0.045
309
GRIDFORMAT_END
 95
       32
302
GRIDFORMAT
  1
GRIDFORMAT_BEGIN
 90
        0
 91
        1
 62
     0
 92
       -2
340
0
 93
        0
 40
0.045
309
GRIDFORMAT_END
309
TABLEFORMAT_END
309
FORMATTEDTABLEDATACELL_END
  1
TABLECELL_BEGIN
 90
        0
 91
        0
309
TABLECELL_END
300
CELL
  1
LINKEDTABLEDATACELL_BEGIN
 90
        0
300

 91
        0
301
CUSTOMDATA
  1
DATAMAP_BEGIN
 90
        1
300
ACAD_ROUNDTRIP_2008_CELL_CHECKSUM
301
DATAMAP_VALUE
 93
        2
 90
        2
140
2893.0
 94
        0
300

302

304
ACVALUE_END
309
DATAMAP_END
 92
        0
 95
        1
302
CONTENT
  1
CELLCONTENT_BEGIN
 90
        1
300
VALUE
 93
        6
 90
        4
  1
Header-5
 94
        0
300

302
Header-5
304
ACVALUE_END
 91
        0
309
CELLCONTENT_END
  1
FORMATTEDCELLCONTENT_BEGIN
170
     1
300
CONTENTFORMAT
  1
CONTENTFORMAT_BEGIN
 90
        3
 91
        0
 92
        4
 93
        0
300

 40
0.0
140
1.0
 94
        1
 62
     0
340
0
144
0.18
309
CONTENTFORMAT_END
309
FORMATTEDCELLCONTENT_END
309
LINKEDTABLEDATACELL_END
  1
FORMATTEDTABLEDATACELL_BEGIN
300
CELLTABLEFORMAT
  1
TABLEFORMAT_BEGIN
 90
        1
170
     1
 91
        0
 92
        0
 62
   257
 93
        1
300
CONTENTFORMAT
  1
CONTENTFORMAT_BEGIN
 90
        0
 91
        0
 92
      512
 93
        0
300

 40
0.0
140
1.0
 94
        5
 62
     0
340
0
144
0.18
309
CONTENTFORMAT_END
171
     1
301
MARGIN
  1
CELLMARGIN_BEGIN
 40
0.06
 40
0.06
 40
0.06
 40
0.06
 40
0.18
 40
0.18
309
CELLMARGIN_END
 94
        4
 95
        2
302
GRIDFORMAT
  1
GRIDFORMAT_BEGIN
 90
        0
 91
        1
 62
     0
 92
       -2
340
0
 93
        0
 40
0.045
309
GRIDFORMAT_END
 95
        4
302
GRIDFORMAT
  1
GRIDFORMAT_BEGIN
 90
        0
 91
        1
 62
     0
 92
       -2
340
0
 93
        0
 40
0.045
309
GRIDFORMAT_END
 95
       16
302
GRIDFORMAT
  1
GRIDFORMAT_BEGIN
 90
        0
 91
        1
 62
     0
 92
       -2
340
0
 93
        0
 40
0.045
309
GRIDFORMAT_END
 95
       32
302
GRIDFORMAT
  1
GRIDFORMAT_BEGIN
 90
        0
 91
        1
 62
     0
 92
       -2
340
0
 93
        0
 40
0.045
309
GRIDFORMAT_END
309
TABLEFORMAT_END
309
FORMATTEDTABLEDATACELL_END
  1
TABLECELL_BEGIN
 90
        0
 91
        0
309
TABLECELL_END
 91
        0
301
CUSTOMDATA
  1
DATAMAP_BEGIN
 90
        0
309
DATAMAP_END
309
LINKEDTABLEDATAROW_END
  1
FORMATTEDTABLEDATAROW_BEGIN
300
ROWTABLEFORMAT
  1
TABLEFORMAT_BEGIN
 90
        2
170
     0
309
TABLEFORMAT_END
309
FORMATTEDTABLEDATAROW_END
  1
TABLEROW_BEGIN
 90
        2
 40
0.36
309
TABLEROW_END
301
ROW
  1
LINKEDTABLEDATAROW_BEGIN
 90
        5
300
CELL
  1
LINKEDTABLEDATACELL_BEGIN
 90
        0
300

 91
        0
301
CUSTOMDATA
  1
DATAMAP_BEGIN
 90
        1
300
ACAD_ROUNDTRIP_2008_CELL_CHECKSUM
301
DATAMAP_VALUE
 93
        2
 90
        2
140
54.0
 94
        0
300

302

304
ACVALUE_END
309
DATAMAP_END
 92
        0
 95
        1
302
CONTENT
  1
CELLCONTENT_BEGIN
 90
        1
300
VALUE
 93
        6
 90
        1
 91
        6
 94
        0
300

302
6
304
ACVALUE_END
 91
        0
309
CELLCONTENT_END
  1
FORMATTEDCELLCONTENT_BEGIN
170
     1
300
CONTENTFORMAT
  1
CONTENTFORMAT_BEGIN
 90
        3
 91
        0
 92
        1
 93
        0
300

 40
0.0
140
1.0
 94
        1
 62
     0
340
0
144
0.18
309
CONTENTFORMAT_END
309
FORMATTEDCELLCONTENT_END
309
LINKEDTABLEDATACELL_END
  1
FORMATTEDTABLEDATACELL_BEGIN
300
CELLTABLEFORMAT
  1
TABLEFORMAT_BEGIN
 90
        1
170
     1
 91
       16
 92
        0
 62
   257
 93
        1
300
CONTENTFORMAT
  1
CONTENTFORMAT_BEGIN
 90
        0
 91
        0
 92
      512
 93
        0
300

 40
0.0
140
1.0
 94
        3
 62
     0
340
0
144
0.18
309
CONTENTFORMAT_END
171
     1
301
MARGIN
  1
CELLMARGIN_BEGIN
 40
0.06
 40
0.06
 40
0.06
 40
0.06
 40
0.18
 40
0.18
309
CELLMARGIN_END
 94
        5
 95
        2
302
GRIDFORMAT
  1
GRIDFORMAT_BEGIN
 90
       37
 91
        1
 62
     0
 92
       -2
340
0
 93
        0
 40
0.045
309
GRIDFORMAT_END
 95
        4
302
GRIDFORMAT
  1
GRIDFORMAT_BEGIN
 90
        0
 91
        1
 62
     0
 92
       -2
340
0
 93
        0
 40
0.045
309
GRIDFORMAT_END
 95
        8
302
GRIDFORMAT
  1
GRIDFORMAT_BEGIN
 90
       37
 91
        1
 62
     0
 92
       -2
340
0
 93
        0
 40
0.045
309
GRIDFORMAT_END
 95
       16
302
GRIDFORMAT
  1
GRIDFORMAT_BEGIN
 90
       37
 91
        1
 62
     0
 92
       -2
340
0
 93
        0
 40
0.045
309
GRIDFORMAT_END
 95
       32
302
GRIDFORMAT
  1
GRIDFORMAT_BEGIN
 90
       37
 91
        1
 62
     0
 92
       -2
340
0
 93
        0
 40
0.045
309
GRIDFORMAT_END
309
TABLEFORMAT_END
309
FORMATTEDTABLEDATACELL_END
  1
TABLECELL_BEGIN
 90
        0
 91
        0
309
TABLECELL_END
300
CELL
  1
LINKEDTABLEDATACELL_BEGIN
 90
        0
300

 91
        0
301
CUSTOMDATA
  1
DATAMAP_BEGIN
 90
        1
300
ACAD_ROUNDTRIP_2008_CELL_CHECKSUM
301
DATAMAP_VALUE
 93
        2
 90
        2
140
55.0
 94
        0
300

302

304
ACVALUE_END
309
DATAMAP_END
 92
        0
 95
        1
302
CONTENT
  1
CELLCONTENT_BEGIN
 90
        1
300
VALUE
 93
        6
 90
        1
 91
        7
 94
        0
300

302
7
304
ACVALUE_END
 91
        0
309
CELLCONTENT_END
  1
FORMATTEDCELLCONTENT_BEGIN
170
     1
300
CONTENTFORMAT
  1
CONTENTFORMAT_BEGIN
 90
        3
 91
        0
 92
        1
 93
        0
300

 40
0.0
140
1.0
 94
        1
 62
     0
340
0
144
0.18
309
CONTENTFORMAT_END
309
FORMATTEDCELLCONTENT_END
309
LINKEDTABLEDATACELL_END
  1
FORMATTEDTABLEDATACELL_BEGIN
300
CELLTABLEFORMAT
  1
TABLEFORMAT_BEGIN
 90
        1
170
     1
 91
       16
 92
        0
 62
   257
 93
        1
300
CONTENTFORMAT
  1
CONTENTFORMAT_BEGIN
 90
        0
 91
        0
 92
      512
 93
        0
300

 40
0.0
140
1.0
 94
        3
 62
     0
340
0
144
0.18
309
CONTENTFORMAT_END
171
     1
301
MARGIN
  1
CELLMARGIN_BEGIN
 40
0.06
 40
0.06
 40
0.06
 40
0.06
 40
0.18
 40
0.18
309
CELLMARGIN_END
 94
        4
 95
        2
302
GRIDFORMAT
  1
GRIDFORMAT_BEGIN
 90
       37
 91
        1
 62
     0
 92
       -2
340
0
 93
        0
 40
0.045
309
GRIDFORMAT_END
 95
        4
302
GRIDFORMAT
  1
GRIDFORMAT_BEGIN
 90
        0
 91
        1
 62
     0
 92
       -2
340
0
 93
        0
 40
0.045
309
GRIDFORMAT_END
 95
       16
302
GRIDFORMAT
  1
GRIDFORMAT_BEGIN
 90
       37
 91
        1
 62
     0
 92
       -2
340
0
 93
        0
 40
0.045
309
GRIDFORMAT_END
 95
       32
302
GRIDFORMAT
  1
GRIDFORMAT_BEGIN
 90
       37
 91
        1
 62
     0
 92
       -2
340
0
 93
        0
 40
0.045
309
GRIDFORMAT_END
309
TABLEFORMAT_END
309
FORMATTEDTABLEDATACELL_END
  1
TABLECELL_BEGIN
 90
        0
 91
        0
309
TABLECELL_END
300
CELL
  1
LINKEDTABLEDATACELL_BEGIN
 90
        0
300

 91
        0
301
CUSTOMDATA
  1
DATAMAP_BEGIN
 90
        1
300
ACAD_ROUNDTRIP_2008_CELL_CHECKSUM
301
DATAMAP_VALUE
 93
        2
 90
        2
140
56.0
 94
        0
300

302

304
ACVALUE_END
309
DATAMAP_END
 92
        0
 95
        1
302
CONTENT
  1
CELLCONTENT_BEGIN
 90
        1
300
VALUE
 93
        6
 90
        1
 91
        8
 94
        0
300

302
8
304
ACVALUE_END
 91
        0
309
CELLCONTENT_END
  1
FORMATTEDCELLCONTENT_BEGIN
170
     1
300
CONTENTFORMAT
  1
CONTENTFORMAT_BEGIN
 90
        3
 91
        0
 92
        1
 93
        0
300

 40
0.0
140
1.0
 94
        1
 62
     0
340
0
144
0.18
309
CONTENTFORMAT_END
309
FORMATTEDCELLCONTENT_END
309
LINKEDTABLEDATACELL_END
  1
FORMATTEDTABLEDATACELL_BEGIN
300
CELLTABLEFORMAT
  1
TABLEFORMAT_BEGIN
 90
        1
170
     1
 91
       16
 92
        0
 62
   257
 93
        1
300
CONTENTFORMAT
  1
CONTENTFORMAT_BEGIN
 90
        0
 91
        0
 92
      512
 93
        0
300

 40
0.0
140
1.0
 94
        3
 62
     0
340
0
144
0.18
309
CONTENTFORMAT_END
171
     1
301
MARGIN
  1
CELLMARGIN_BEGIN
 40
0.06
 40
0.06
 40
0.06
 40
0.06
 40
0.18
 40
0.18
309
CELLMARGIN_END
 94
        4
 95
        2
302
GRIDFORMAT
  1
GRIDFORMAT_BEGIN
 90
       37
 91
        1
 62
     0
 92
       -2
340
0
 93
        0
 40
0.045
309
GRIDFORMAT_END
 95
        4
302
GRIDFORMAT
  1
GRIDFORMAT_BEGIN
 90
        0
 91
        1
 62
     0
 92
       -2
340
0
 93
        0
 40
0.045
309
GRIDFORMAT_END
 95
       16
302
GRIDFORMAT
  1
GRIDFORMAT_BEGIN
 90
       37
 91
        1
 62
     0
 92
       -2
340
0
 93
        0
 40
0.045
309
GRIDFORMAT_END
 95
       32
302
GRIDFORMAT
  1
GRIDFORMAT_BEGIN
 90
       37
 91
        1
 62
     0
 92
       -2
340
0
 93
        0
 40
0.045
309
GRIDFORMAT_END
309
TABLEFORMAT_END
309
FORMATTEDTABLEDATACELL_END
  1
TABLECELL_BEGIN
 90
        0
 91
        0
309
TABLECELL_END
300
CELL
  1
LINKEDTABLEDATACELL_BEGIN
 90
        0
300

 91
        0
301
CUSTOMDATA
  1
DATAMAP_BEGIN
 90
        1
300
ACAD_ROUNDTRIP_2008_CELL_CHECKSUM
301
DATAMAP_VALUE
 93
        2
 90
        2
140
57.0
 94
        0
300

302

304
ACVALUE_END
309
DATAMAP_END
 92
        0
 95
        1
302
CONTENT
  1
CELLCONTENT_BEGIN
 90
        1
300
VALUE
 93
        6
 90
        1
 91
        9
 94
        0
300

302
9
304
ACVALUE_END
 91
        0
309
CELLCONTENT_END
  1
FORMATTEDCELLCONTENT_BEGIN
170
     1
300
CONTENTFORMAT
  1
CONTENTFORMAT_BEGIN
 90
        3
 91
        0
 92
        1
 93
        0
300

 40
0.0
140
1.0
 94
        1
 62
     0
340
0
144
0.18
309
CONTENTFORMAT_END
309
FORMATTEDCELLCONTENT_END
309
LINKEDTABLEDATACELL_END
  1
FORMATTEDTABLEDATACELL_BEGIN
300
CELLTABLEFORMAT
  1
TABLEFORMAT_BEGIN
 90
        1
170
     1
 91
       16
 92
        0
 62
   257
 93
        1
300
CONTENTFORMAT
  1
CONTENTFORMAT_BEGIN
 90
        0
 91
        0
 92
      512
 93
        0
300

 40
0.0
140
1.0
 94
        3
 62
     0
340
0
144
0.18
309
CONTENTFORMAT_END
171
     1
301
MARGIN
  1
CELLMARGIN_BEGIN
 40
0.06
 40
0.06
 40
0.06
 40
0.06
 40
0.18
 40
0.18
309
CELLMARGIN_END
 94
        4
 95
        2
302
GRIDFORMAT
  1
GRIDFORMAT_BEGIN
 90
       37
 91
        1
 62
     0
 92
       -2
340
0
 93
        0
 40
0.045
309
GRIDFORMAT_END
 95
        4
302
GRIDFORMAT
  1
GRIDFORMAT_BEGIN
 90
        0
 91
        1
 62
     0
 92
       -2
340
0
 93
        0
 40
0.045
309
GRIDFORMAT_END
 95
       16
302
GRIDFORMAT
  1
GRIDFORMAT_BEGIN
 90
       37
 91
        1
 62
     0
 92
       -2
340
0
 93
        0
 40
0.045
309
GRIDFORMAT_END
 95
       32
302
GRIDFORMAT
  1
GRIDFORMAT_BEGIN
 90
       37
 91
        1
 62
     0
 92
       -2
340
0
 93
        0
 40
0.045
309
GRIDFORMAT_END
309
TABLEFORMAT_END
309
FORMATTEDTABLEDATACELL_END
  1
TABLECELL_BEGIN
 90
        0
 91
        0
309
TABLECELL_END
300
CELL
  1
LINKEDTABLEDATACELL_BEGIN
 90
        0
300

 91
        0
301
CUSTOMDATA
  1
DATAMAP_BEGIN
 90
        1
300
ACAD_ROUNDTRIP_2008_CELL_CHECKSUM
301
DATAMAP_VALUE
 93
        2
 90
        2
140
48.0
 94
        0
300

302

304
ACVALUE_END
309
DATAMAP_END
 92
        0
 95
        1
302
CONTENT
  1
CELLCONTENT_BEGIN
 90
        1
300
VALUE
 93
        6
 90
        1
 91
        0
 94
        0
300

302
0
304
ACVALUE_END
 91
        0
309
CELLCONTENT_END
  1
FORMATTEDCELLCONTENT_BEGIN
170
     1
300
CONTENTFORMAT
  1
CONTENTFORMAT_BEGIN
 90
        3
 91
        0
 92
        1
 93
        0
300

 40
0.0
140
1.0
 94
        1
 62
     0
340
0
144
0.18
309
CONTENTFORMAT_END
309
FORMATTEDCELLCONTENT_END
309
LINKEDTABLEDATACELL_END
  1
FORMATTEDTABLEDATACELL_BEGIN
300
CELLTABLEFORMAT
  1
TABLEFORMAT_BEGIN
 90
        1
170
     1
 91
       16
 92
        0
 62
   257
 93
        1
300
CONTENTFORMAT
  1
CONTENTFORMAT_BEGIN
 90
        0
 91
        0
 92
      512
 93
        0
300

 40
0.0
140
1.0
 94
        3
 62
     0
340
0
144
0.18
309
CONTENTFORMAT_END
171
     1
301
MARGIN
  1
CELLMARGIN_BEGIN
 40
0.06
 40
0.06
 40
0.06
 40
0.06
 40
0.18
 40
0.18
309
CELLMARGIN_END
 94
        4
 95
        2
302
GRIDFORMAT
  1
GRIDFORMAT_BEGIN
 90
       37
 91
        1
 62
     0
 92
       -2
340
0
 93
        0
 40
0.045
309
GRIDFORMAT_END
 95
        4
302
GRIDFORMAT
  1
GRIDFORMAT_BEGIN
 90
        0
 91
        1
 62
     0
 92
       -2
340
0
 93
        0
 40
0.045
309
GRIDFORMAT_END
 95
       16
302
GRIDFORMAT
  1
GRIDFORMAT_BEGIN
 90
       37
 91
        1
 62
     0
 92
       -2
340
0
 93
        0
 40
0.045
309
GRIDFORMAT_END
 95
       32
302
GRIDFORMAT
  1
GRIDFORMAT_BEGIN
 90
       37
 91
        1
 62
     0
 92
       -2
340
0
 93
        0
 40
0.045
309
GRIDFORMAT_END
309
TABLEFORMAT_END
309
FORMATTEDTABLEDATACELL_END
  1
TABLECELL_BEGIN
 90
        0
 91
        0
309
TABLECELL_END
 91
        0
301
CUSTOMDATA
  1
DATAMAP_BEGIN
 90
        0
309
DATAMAP_END
309
LINKEDTABLEDATAROW_END
  1
FORMATTEDTABLEDATAROW_BEGIN
300
ROWTABLEFORMAT
  1
TABLEFORMAT_BEGIN
 90
        2
170
     0
309
TABLEFORMAT_END
309
FORMATTEDTABLEDATAROW_END
  1
TABLEROW_BEGIN
 90
        3
 40
0.36
309
TABLEROW_END
301
ROW
  1
LINKEDTABLEDATAROW_BEGIN
 90
        5
300
CELL
  1
LINKEDTABLEDATACELL_BEGIN
 90
        0
300

 91
        0
301
CUSTOMDATA
  1
DATAMAP_BEGIN
 90
        1
300
ACAD_ROUNDTRIP_2008_CELL_CHECKSUM
301
DATAMAP_VALUE
 93
        2
 90
        2
140
70.0
 94
        0
300

302

304
ACVALUE_END
309
DATAMAP_END
 92
        0
 95
        1
302
CONTENT
  1
CELLCONTENT_BEGIN
 90
        1
300
VALUE
 93
        6
 90
        4
  1
F
 94
        0
300

302
F
304
ACVALUE_END
 91
        0
309
CELLCONTENT_END
  1
FORMATTEDCELLCONTENT_BEGIN
170
     1
300
CONTENTFORMAT
  1
CONTENTFORMAT_BEGIN
 90
        3
 91
        0
 92
        4
 93
        0
300

 40
0.0
140
1.0
 94
        1
 62
     0
340
11
144
0.18
309
CONTENTFORMAT_END
309
FORMATTEDCELLCONTENT_END
309
LINKEDTABLEDATACELL_END
  1
FORMATTEDTABLEDATACELL_BEGIN
300
CELLTABLEFORMAT
  1
TABLEFORMAT_BEGIN
 90
        1
170
     1
 91
        0
 92
        0
 62
   257
 93
        1
300
CONTENTFORMAT
  1
CONTENTFORMAT_BEGIN
 90
        0
 91
        0
 92
      512
 93
        0
300

 40
0.0
140
1.0
 94
        5
 62
     0
340
0
144
0.18
309
CONTENTFORMAT_END
171
     1
301
MARGIN
  1
CELLMARGIN_BEGIN
 40
0.06
 40
0.06
 40
0.06
 40
0.06
 40
0.18
 40
0.18
309
CELLMARGIN_END
 94
        5
 95
        2
302
GRIDFORMAT
  1
GRIDFORMAT_BEGIN
 90
        0
 91
        1
 62
     0
 92
       -2
340
0
 93
        0
 40
0.045
309
GRIDFORMAT_END
 95
        4
302
GRIDFORMAT
  1
GRIDFORMAT_BEGIN
 90
        0
 91
        1
 62
     0
 92
       -2
340
0
 93
        0
 40
0.045
309
GRIDFORMAT_END
 95
        8
302
GRIDFORMAT
  1
GRIDFORMAT_BEGIN
 90
        0
 91
        1
 62
     0
 92
       -2
340
0
 93
        0
 40
0.045
309
GRIDFORMAT_END
 95
       16
302
GRIDFORMAT
  1
GRIDFORMAT_BEGIN
 90
        0
 91
        1
 62
     0
 92
       -2
340
0
 93
        0
 40
0.045
309
GRIDFORMAT_END
 95
       32
302
GRIDFORMAT
  1
GRIDFORMAT_BEGIN
 90
        0
 91
        1
 62
     0
 92
       -2
340
0
 93
        0
 40
0.045
309
GRIDFORMAT_END
309
TABLEFORMAT_END
309
FORMATTEDTABLEDATACELL_END
  1
TABLECELL_BEGIN
 90
        0
 91
        0
309
TABLECELL_END
300
CELL
  1
LINKEDTABLEDATACELL_BEGIN
 90
        0
300

 91
        0
301
CUSTOMDATA
  1
DATAMAP_BEGIN
 90
        1
300
ACAD_ROUNDTRIP_2008_CELL_CHECKSUM
301
DATAMAP_VALUE
 93
        2
 90
        2
140
71.0
 94
        0
300

302

304
ACVALUE_END
309
DATAMAP_END
 92
        0
 95
        1
302
CONTENT
  1
CELLCONTENT_BEGIN
 90
        1
300
VALUE
 93
        6
 90
        4
  1
G
 94
        0
300

302
G
304
ACVALUE_END
 91
        0
309
CELLCONTENT_END
  1
FORMATTEDCELLCONTENT_BEGIN
170
     1
300
CONTENTFORMAT
  1
CONTENTFORMAT_BEGIN
 90
        3
 91
        0
 92
        4
 93
        0
300

 40
0.0
140
1.0
 94
        1
 62
     0
340
11
144
0.18
309
CONTENTFORMAT_END
309
FORMATTEDCELLCONTENT_END
309
LINKEDTABLEDATACELL_END
  1
FORMATTEDTABLEDATACELL_BEGIN
300
CELLTABLEFORMAT
  1
TABLEFORMAT_BEGIN
 90
        1
170
     1
 91
        0
 92
        0
 62
   257
 93
        1
300
CONTENTFORMAT
  1
CONTENTFORMAT_BEGIN
 90
        0
 91
        0
 92
      512
 93
        0
300

 40
0.0
140
1.0
 94
        5
 62
     0
340
0
144
0.18
309
CONTENTFORMAT_END
171
     1
301
MARGIN
  1
CELLMARGIN_BEGIN
 40
0.06
 40
0.06
 40
0.06
 40
0.06
 40
0.18
 40
0.18
309
CELLMARGIN_END
 94
        4
 95
        2
302
GRIDFORMAT
  1
GRIDFORMAT_BEGIN
 90
        0
 91
        1
 62
     0
 92
       -2
340
0
 93
        0
 40
0.045
309
GRIDFORMAT_END
 95
        4
302
GRIDFORMAT
  1
GRIDFORMAT_BEGIN
 90
        0
 91
        1
 62
     0
 92
       -2
340
0
 93
        0
 40
0.045
309
GRIDFORMAT_END
 95
       16
302
GRIDFORMAT
  1
GRIDFORMAT_BEGIN
 90
        0
 91
        1
 62
     0
 92
       -2
340
0
 93
        0
 40
0.045
309
GRIDFORMAT_END
 95
       32
302
GRIDFORMAT
  1
GRIDFORMAT_BEGIN
 90
        0
 91
        1
 62
     0
 92
       -2
340
0
 93
        0
 40
0.045
309
GRIDFORMAT_END
309
TABLEFORMAT_END
309
FORMATTEDTABLEDATACELL_END
  1
TABLECELL_BEGIN
 90
        0
 91
        0
309
TABLECELL_END
300
CELL
  1
LINKEDTABLEDATACELL_BEGIN
 90
        0
300

 91
        0
301
CUSTOMDATA
  1
DATAMAP_BEGIN
 90
        1
300
ACAD_ROUNDTRIP_2008_CELL_CHECKSUM
301
DATAMAP_VALUE
 93
        2
 90
        2
140
72.0
 94
        0
300

302

304
ACVALUE_END
309
DATAMAP_END
 92
        0
 95
        1
302
CONTENT
  1
CELLCONTENT_BEGIN
 90
        1
300
VALUE
 93
        6
 90
        4
  1
H
 94
        0
300

302
H
304
ACVALUE_END
 91
        0
309
CELLCONTENT_END
  1
FORMATTEDCELLCONTENT_BEGIN
170
     1
300
CONTENTFORMAT
  1
CONTENTFORMAT_BEGIN
 90
        3
 91
        0
 92
        4
 93
        0
300

 40
0.0
140
1.0
 94
        1
 62
     0
340
11
144
0.18
309
CONTENTFORMAT_END
309
FORMATTEDCELLCONTENT_END
309
LINKEDTABLEDATACELL_END
  1
FORMATTEDTABLEDATACELL_BEGIN
300
CELLTABLEFORMAT
  1
TABLEFORMAT_BEGIN
 90
        1
170
     1
 91
        0
 92
        0
 62
   257
 93
        1
300
CONTENTFORMAT
  1
CONTENTFORMAT_BEGIN
 90
        0
 91
        0
 92
      512
 93
        0
300

 40
0.0
140
1.0
 94
        5
 62
     0
340
0
144
0.18
309
CONTENTFORMAT_END
171
     1
301
MARGIN
  1
CELLMARGIN_BEGIN
 40
0.06
 40
0.06
 40
0.06
 40
0.06
 40
0.18
 40
0.18
309
CELLMARGIN_END
 94
        4
 95
        2
302
GRIDFORMAT
  1
GRIDFORMAT_BEGIN
 90
        0
 91
        1
 62
     0
 92
       -2
340
0
 93
        0
 40
0.045
309
GRIDFORMAT_END
 95
        4
302
GRIDFORMAT
  1
GRIDFORMAT_BEGIN
 90
        0
 91
        1
 62
     0
 92
       -2
340
0
 93
        0
 40
0.045
309
GRIDFORMAT_END
 95
       16
302
GRIDFORMAT
  1
GRIDFORMAT_BEGIN
 90
        0
 91
        1
 62
     0
 92
       -2
340
0
 93
        0
 40
0.045
309
GRIDFORMAT_END
 95
       32
302
GRIDFORMAT
  1
GRIDFORMAT_BEGIN
 90
        0
 91
        1
 62
     0
 92
       -2
340
0
 93
        0
 40
0.045
309
GRIDFORMAT_END
309
TABLEFORMAT_END
309
FORMATTEDTABLEDATACELL_END
  1
TABLECELL_BEGIN
 90
        0
 91
        0
309
TABLECELL_END
300
CELL
  1
LINKEDTABLEDATACELL_BEGIN
 90
        0
300

 91
        0
301
CUSTOMDATA
  1
DATAMAP_BEGIN
 90
        1
300
ACAD_ROUNDTRIP_2008_CELL_CHECKSUM
301
DATAMAP_VALUE
 93
        2
 90
        2
140
249.0
 94
        0
300

302

304
ACVALUE_END
309
DATAMAP_END
 92
        0
 95
        1
302
CONTENT
  1
CELLCONTENT_BEGIN
 90
        1
300
VALUE
 93
        6
 90
        4
  1
SS
 94
        0
300

302
SS
304
ACVALUE_END
 91
        0
309
CELLCONTENT_END
  1
FORMATTEDCELLCONTENT_BEGIN
170
     1
300
CONTENTFORMAT
  1
CONTENTFORMAT_BEGIN
 90
        3
 91
        0
 92
        4
 93
        0
300

 40
0.0
140
1.0
 94
        1
 62
     0
340
11
144
0.18
309
CONTENTFORMAT_END
309
FORMATTEDCELLCONTENT_END
309
LINKEDTABLEDATACELL_END
  1
FORMATTEDTABLEDATACELL_BEGIN
300
CELLTABLEFORMAT
  1
TABLEFORMAT_BEGIN
 90
        1
170
     1
 91
        0
 92
        0
 62
   257
 93
        1
300
CONTENTFORMAT
  1
CONTENTFORMAT_BEGIN
 90
        0
 91
        0
 92
      512
 93
        0
300

 40
0.0
140
1.0
 94
        5
 62
     0
340
0
144
0.18
309
CONTENTFORMAT_END
171
     1
301
MARGIN
  1
CELLMARGIN_BEGIN
 40
0.06
 40
0.06
 40
0.06
 40
0.06
 40
0.18
 40
0.18
309
CELLMARGIN_END
 94
        4
 95
        2
302
GRIDFORMAT
  1
GRIDFORMAT_BEGIN
 90
        0
 91
        1
 62
     0
 92
       -2
340
0
 93
        0
 40
0.045
309
GRIDFORMAT_END
 95
        4
302
GRIDFORMAT
  1
GRIDFORMAT_BEGIN
 90
        0
 91
        1
 62
     0
 92
       -2
340
0
 93
        0
 40
0.045
309
GRIDFORMAT_END
 95
       16
302
GRIDFORMAT
  1
GRIDFORMAT_BEGIN
 90
        0
 91
        1
 62
     0
 92
       -2
340
0
 93
        0
 40
0.045
309
GRIDFORMAT_END
 95
       32
302
GRIDFORMAT
  1
GRIDFORMAT_BEGIN
 90
        0
 91
        1
 62
     0
 92
       -2
340
0
 93
        0
 40
0.045
309
GRIDFORMAT_END
309
TABLEFORMAT_END
309
FORMATTEDTABLEDATACELL_END
  1
TABLECELL_BEGIN
 90
        0
 91
        0
309
TABLECELL_END
300
CELL
  1
LINKEDTABLEDATACELL_BEGIN
 90
        0
300

 91
        0
301
CUSTOMDATA
  1
DATAMAP_BEGIN
 90
        1
300
ACAD_ROUNDTRIP_2008_CELL_CHECKSUM
301
DATAMAP_VALUE
 93
        2
 90
        2
140
210.0
 94
        0
300

302

304
ACVALUE_END
309
DATAMAP_END
 92
        0
 95
        1
302
CONTENT
  1
CELLCONTENT_BEGIN
 90
        1
300
VALUE
 93
        6
 90
        4
  1
FF
 94
        0
300

302
FF
304
ACVALUE_END
 91
        0
309
CELLCONTENT_END
  1
FORMATTEDCELLCONTENT_BEGIN
170
     1
300
CONTENTFORMAT
  1
CONTENTFORMAT_BEGIN
 90
        3
 91
        0
 92
        4
 93
        0
300

 40
0.0
140
1.0
 94
        1
 62
     0
340
11
144
0.18
309
CONTENTFORMAT_END
309
FORMATTEDCELLCONTENT_END
309
LINKEDTABLEDATACELL_END
  1
FORMATTEDTABLEDATACELL_BEGIN
300
CELLTABLEFORMAT
  1
TABLEFORMAT_BEGIN
 90
        1
170
     1
 91
        0
 92
        0
 62
   257
 93
        1
300
CONTENTFORMAT
  1
CONTENTFORMAT_BEGIN
 90
        0
 91
        0
 92
      512
 93
        0
300

 40
0.0
140
1.0
 94
        5
 62
     0
340
0
144
0.18
309
CONTENTFORMAT_END
171
     1
301
MARGIN
  1
CELLMARGIN_BEGIN
 40
0.06
 40
0.06
 40
0.06
 40
0.06
 40
0.18
 40
0.18
309
CELLMARGIN_END
 94
        4
 95
        2
302
GRIDFORMAT
  1
GRIDFORMAT_BEGIN
 90
        0
 91
        1
 62
     0
 92
       -2
340
0
 93
        0
 40
0.045
309
GRIDFORMAT_END
 95
        4
302
GRIDFORMAT
  1
GRIDFORMAT_BEGIN
 90
        0
 91
        1
 62
     0
 92
       -2
340
0
 93
        0
 40
0.045
309
GRIDFORMAT_END
 95
       16
302
GRIDFORMAT
  1
GRIDFORMAT_BEGIN
 90
        0
 91
        1
 62
     0
 92
       -2
340
0
 93
        0
 40
0.045
309
GRIDFORMAT_END
 95
       32
302
GRIDFORMAT
  1
GRIDFORMAT_BEGIN
 90
        0
 91
        1
 62
     0
 92
       -2
340
0
 93
        0
 40
0.045
309
GRIDFORMAT_END
309
TABLEFORMAT_END
309
FORMATTEDTABLEDATACELL_END
  1
TABLECELL_BEGIN
 90
        0
 91
        0
309
TABLECELL_END
 91
        0
301
CUSTOMDATA
  1
DATAMAP_BEGIN
 90
        0
309
DATAMAP_END
309
LINKEDTABLEDATAROW_END
  1
FORMATTEDTABLEDATAROW_BEGIN
300
ROWTABLEFORMAT
  1
TABLEFORMAT_BEGIN
 90
        2
170
     1
 91
        0
 92
        0
 62
   257
 93
        1
300
CONTENTFORMAT
  1
CONTENTFORMAT_BEGIN
 90
        0
 91
        0
 92
      512
 93
        0
300

 40
0.0
140
1.0
 94
        1
 62
     0
340
0
144
0.18
309
CONTENTFORMAT_END
171
     0
 94
        0
309
TABLEFORMAT_END
309
FORMATTEDTABLEDATAROW_END
  1
TABLEROW_BEGIN
 90
        3
 40
0.36
309
TABLEROW_END
301
ROW
  1
LINKEDTABLEDATAROW_BEGIN
 90
        5
300
CELL
  1
LINKEDTABLEDATACELL_BEGIN
 90
        0
300

 91
        0
301
CUSTOMDATA
  1
DATAMAP_BEGIN
 90
        1
300
ACAD_ROUNDTRIP_2008_CELL_CHECKSUM
301
DATAMAP_VALUE
 93
        2
 90
        2
140
147.0
 94
        0
300

302

304
ACVALUE_END
309
DATAMAP_END
 92
        0
 95
        1
302
CONTENT
  1
CELLCONTENT_BEGIN
 90
        1
300
VALUE
 93
        6
 90
        1
 91
       11
 94
        0
300

302
11
304
ACVALUE_END
 91
        0
309
CELLCONTENT_END
  1
FORMATTEDCELLCONTENT_BEGIN
170
     1
300
CONTENTFORMAT
  1
CONTENTFORMAT_BEGIN
 90
        3
 91
        0
 92
        1
 93
        0
300

 40
0.0
140
1.0
 94
        1
 62
     0
340
0
144
0.18
309
CONTENTFORMAT_END
309
FORMATTEDCELLCONTENT_END
309
LINKEDTABLEDATACELL_END
  1
FORMATTEDTABLEDATACELL_BEGIN
300
CELLTABLEFORMAT
  1
TABLEFORMAT_BEGIN
 90
        1
170
     1
 91
       16
 92
        0
 62
   257
 93
        1
300
CONTENTFORMAT
  1
CONTENTFORMAT_BEGIN
 90
        0
 91
        0
 92
      512
 93
        0
300

 40
0.0
140
1.0
 94
        3
 62
     0
340
0
144
0.18
309
CONTENTFORMAT_END
171
     1
301
MARGIN
  1
CELLMARGIN_BEGIN
 40
0.06
 40
0.06
 40
0.06
 40
0.06
 40
0.18
 40
0.18
309
CELLMARGIN_END
 94
        5
 95
        2
302
GRIDFORMAT
  1
GRIDFORMAT_BEGIN
 90
       37
 91
        1
 62
     0
 92
       -2
340
0
 93
        0
 40
0.045
309
GRIDFORMAT_END
 95
        4
302
GRIDFORMAT
  1
GRIDFORMAT_BEGIN
 90
        0
 91
        1
 62
     0
 92
       -2
340
0
 93
        0
 40
0.045
309
GRIDFORMAT_END
 95
        8
302
GRIDFORMAT
  1
GRIDFORMAT_BEGIN
 90
       37
 91
        1
 62
     0
 92
       -2
340
0
 93
        0
 40
0.045
309
GRIDFORMAT_END
 95
       16
302
GRIDFORMAT
  1
GRIDFORMAT_BEGIN
 90
       37
 91
        1
 62
     0
 92
       -2
340
0
 93
        0
 40
0.045
309
GRIDFORMAT_END
 95
       32
302
GRIDFORMAT
  1
GRIDFORMAT_BEGIN
 90
       37
 91
        1
 62
     0
 92
       -2
340
0
 93
        0
 40
0.045
309
GRIDFORMAT_END
309
TABLEFORMAT_END
309
FORMATTEDTABLEDATACELL_END
  1
TABLECELL_BEGIN
 90
        0
 91
        0
309
TABLECELL_END
300
CELL
  1
LINKEDTABLEDATACELL_BEGIN
 90
        0
300

 91
        0
301
CUSTOMDATA
  1
DATAMAP_BEGIN
 90
        1
300
ACAD_ROUNDTRIP_2008_CELL_CHECKSUM
301
DATAMAP_VALUE
 93
        2
 90
        2
140
149.0
 94
        0
300

302

304
ACVALUE_END
309
DATAMAP_END
 92
        0
 95
        1
302
CONTENT
  1
CELLCONTENT_BEGIN
 90
        1
300
VALUE
 93
        6
 90
        1
 91
       12
 94
        0
300

302
12
304
ACVALUE_END
 91
        0
309
CELLCONTENT_END
  1
FORMATTEDCELLCONTENT_BEGIN
170
     1
300
CONTENTFORMAT
  1
CONTENTFORMAT_BEGIN
 90
        3
 91
        0
 92
        1
 93
        0
300

 40
0.0
140
1.0
 94
        1
 62
     0
340
0
144
0.18
309
CONTENTFORMAT_END
309
FORMATTEDCELLCONTENT_END
309
LINKEDTABLEDATACELL_END
  1
FORMATTEDTABLEDATACELL_BEGIN
300
CELLTABLEFORMAT
  1
TABLEFORMAT_BEGIN
 90
        1
170
     1
 91
       16
 92
        0
 62
   257
 93
        1
300
CONTENTFORMAT
  1
CONTENTFORMAT_BEGIN
 90
        0
 91
        0
 92
      512
 93
        0
300

 40
0.0
140
1.0
 94
        3
 62
     0
340
0
144
0.18
309
CONTENTFORMAT_END
171
     1
301
MARGIN
  1
CELLMARGIN_BEGIN
 40
0.06
 40
0.06
 40
0.06
 40
0.06
 40
0.18
 40
0.18
309
CELLMARGIN_END
 94
        3
 95
        2
302
GRIDFORMAT
  1
GRIDFORMAT_BEGIN
 90
       37
 91
        1
 62
     0
 92
       -2
340
0
 93
        0
 40
0.045
309
GRIDFORMAT_END
 95
       16
302
GRIDFORMAT
  1
GRIDFORMAT_BEGIN
 90
       37
 91
        1
 62
     0
 92
       -2
340
0
 93
        0
 40
0.045
309
GRIDFORMAT_END
 95
       32
302
GRIDFORMAT
  1
GRIDFORMAT_BEGIN
 90
       37
 91
        1
 62
     0
 92
       -2
340
0
 93
        0
 40
0.045
309
GRIDFORMAT_END
309
TABLEFORMAT_END
309
FORMATTEDTABLEDATACELL_END
  1
TABLECELL_BEGIN
 90
        0
 91
        0
309
TABLECELL_END
300
CELL
  1
LINKEDTABLEDATACELL_BEGIN
 90
        0
300

 91
        0
301
CUSTOMDATA
  1
DATAMAP_BEGIN
 90
        1
300
ACAD_ROUNDTRIP_2008_CELL_CHECKSUM
301
DATAMAP_VALUE
 93
        2
 90
        2
140
151.0
 94
        0
300

302

304
ACVALUE_END
309
DATAMAP_END
 92
        0
 95
        1
302
CONTENT
  1
CELLCONTENT_BEGIN
 90
        1
300
VALUE
 93
        6
 90
        1
 91
       13
 94
        0
300

302
13
304
ACVALUE_END
 91
        0
309
CELLCONTENT_END
  1
FORMATTEDCELLCONTENT_BEGIN
170
     1
300
CONTENTFORMAT
  1
CONTENTFORMAT_BEGIN
 90
        3
 91
        0
 92
        1
 93
        0
300

 40
0.0
140
1.0
 94
        1
 62
     0
340
0
144
0.18
309
CONTENTFORMAT_END
309
FORMATTEDCELLCONTENT_END
309
LINKEDTABLEDATACELL_END
  1
FORMATTEDTABLEDATACELL_BEGIN
300
CELLTABLEFORMAT
  1
TABLEFORMAT_BEGIN
 90
        1
170
     1
 91
       16
 92
        0
 62
   257
 93
        1
300
CONTENTFORMAT
  1
CONTENTFORMAT_BEGIN
 90
        0
 91
        0
 92
      512
 93
        0
300

 40
0.0
140
1.0
 94
        3
 62
     0
340
0
144
0.18
309
CONTENTFORMAT_END
171
     1
301
MARGIN
  1
CELLMARGIN_BEGIN
 40
0.06
 40
0.06
 40
0.06
 40
0.06
 40
0.18
 40
0.18
309
CELLMARGIN_END
 94
        3
 95
        2
302
GRIDFORMAT
  1
GRIDFORMAT_BEGIN
 90
       37
 91
        1
 62
     0
 92
       -2
340
0
 93
        0
 40
0.045
309
GRIDFORMAT_END
 95
       16
302
GRIDFORMAT
  1
GRIDFORMAT_BEGIN
 90
       37
 91
        1
 62
     0
 92
       -2
340
0
 93
        0
 40
0.045
309
GRIDFORMAT_END
 95
       32
302
GRIDFORMAT
  1
GRIDFORMAT_BEGIN
 90
       37
 91
        1
 62
     0
 92
       -2
340
0
 93
        0
 40
0.045
309
GRIDFORMAT_END
309
TABLEFORMAT_END
309
FORMATTEDTABLEDATACELL_END
  1
TABLECELL_BEGIN
 90
        0
 91
        0
309
TABLECELL_END
300
CELL
  1
LINKEDTABLEDATACELL_BEGIN
 90
        0
300

 91
        0
301
CUSTOMDATA
  1
DATAMAP_BEGIN
 90
        1
300
ACAD_ROUNDTRIP_2008_CELL_CHECKSUM
301
DATAMAP_VALUE
 93
        2
 90
        2
140
153.0
 94
        0
300

302

304
ACVALUE_END
309
DATAMAP_END
 92
        0
 95
        1
302
CONTENT
  1
CELLCONTENT_BEGIN
 90
        1
300
VALUE
 93
        6
 90
        1
 91
       14
 94
        0
300

302
14
304
ACVALUE_END
 91
        0
309
CELLCONTENT_END
  1
FORMATTEDCELLCONTENT_BEGIN
170
     1
300
CONTENTFORMAT
  1
CONTENTFORMAT_BEGIN
 90
        3
 91
        0
 92
        1
 93
        0
300

 40
0.0
140
1.0
 94
        1
 62
     0
340
0
144
0.18
309
CONTENTFORMAT_END
309
FORMATTEDCELLCONTENT_END
309
LINKEDTABLEDATACELL_END
  1
FORMATTEDTABLEDATACELL_BEGIN
300
CELLTABLEFORMAT
  1
TABLEFORMAT_BEGIN
 90
        1
170
     1
 91
       16
 92
        0
 62
   257
 93
        1
300
CONTENTFORMAT
  1
CONTENTFORMAT_BEGIN
 90
        0
 91
        0
 92
      512
 93
        0
300

 40
0.0
140
1.0
 94
        3
 62
     0
340
0
144
0.18
309
CONTENTFORMAT_END
171
     1
301
MARGIN
  1
CELLMARGIN_BEGIN
 40
0.06
 40
0.06
 40
0.06
 40
0.06
 40
0.18
 40
0.18
309
CELLMARGIN_END
 94
        3
 95
        2
302
GRIDFORMAT
  1
GRIDFORMAT_BEGIN
 90
       37
 91
        1
 62
     0
 92
       -2
340
0
 93
        0
 40
0.045
309
GRIDFORMAT_END
 95
       16
302
GRIDFORMAT
  1
GRIDFORMAT_BEGIN
 90
       37
 91
        1
 62
     0
 92
       -2
340
0
 93
        0
 40
0.045
309
GRIDFORMAT_END
 95
       32
302
GRIDFORMAT
  1
GRIDFORMAT_BEGIN
 90
       37
 91
        1
 62
     0
 92
       -2
340
0
 93
        0
 40
0.045
309
GRIDFORMAT_END
309
TABLEFORMAT_END
309
FORMATTEDTABLEDATACELL_END
  1
TABLECELL_BEGIN
 90
        0
 91
        0
309
TABLECELL_END
300
CELL
  1
LINKEDTABLEDATACELL_BEGIN
 90
        0
300

 91
        0
301
CUSTOMDATA
  1
DATAMAP_BEGIN
 90
        1
300
ACAD_ROUNDTRIP_2008_CELL_CHECKSUM
301
DATAMAP_VALUE
 93
        2
 90
        2
140
155.0
 94
        0
300

302

304
ACVALUE_END
309
DATAMAP_END
 92
        0
 95
        1
302
CONTENT
  1
CELLCONTENT_BEGIN
 90
        1
300
VALUE
 93
        6
 90
        1
 91
       15
 94
        0
300

302
15
304
ACVALUE_END
 91
        0
309
CELLCONTENT_END
  1
FORMATTEDCELLCONTENT_BEGIN
170
     1
300
CONTENTFORMAT
  1
CONTENTFORMAT_BEGIN
 90
        3
 91
        0
 92
        1
 93
        0
300

 40
0.0
140
1.0
 94
        1
 62
     0
340
0
144
0.18
309
CONTENTFORMAT_END
309
FORMATTEDCELLCONTENT_END
309
LINKEDTABLEDATACELL_END
  1
FORMATTEDTABLEDATACELL_BEGIN
300
CELLTABLEFORMAT
  1
TABLEFORMAT_BEGIN
 90
        1
170
     1
 91
       16
 92
        0
 62
   257
 93
        1
300
CONTENTFORMAT
  1
CONTENTFORMAT_BEGIN
 90
        0
 91
        0
 92
      512
 93
        0
300

 40
0.0
140
1.0
 94
        3
 62
     0
340
0
144
0.18
309
CONTENTFORMAT_END
171
     1
301
MARGIN
  1
CELLMARGIN_BEGIN
 40
0.06
 40
0.06
 40
0.06
 40
0.06
 40
0.18
 40
0.18
309
CELLMARGIN_END
 94
        3
 95
        2
302
GRIDFORMAT
  1
GRIDFORMAT_BEGIN
 90
       37
 91
        1
 62
     0
 92
       -2
340
0
 93
        0
 40
0.045
309
GRIDFORMAT_END
 95
       16
302
GRIDFORMAT
  1
GRIDFORMAT_BEGIN
 90
       37
 91
        1
 62
     0
 92
       -2
340
0
 93
        0
 40
0.045
309
GRIDFORMAT_END
 95
       32
302
GRIDFORMAT
  1
GRIDFORMAT_BEGIN
 90
       37
 91
        1
 62
     0
 92
       -2
340
0
 93
        0
 40
0.045
309
GRIDFORMAT_END
309
TABLEFORMAT_END
309
FORMATTEDTABLEDATACELL_END
  1
TABLECELL_BEGIN
 90
        0
 91
        0
309
TABLECELL_END
 91
        0
301
CUSTOMDATA
  1
DATAMAP_BEGIN
 90
        0
309
DATAMAP_END
309
LINKEDTABLEDATAROW_END
  1
FORMATTEDTABLEDATAROW_BEGIN
300
ROWTABLEFORMAT
  1
TABLEFORMAT_BEGIN
 90
        2
170
     0
309
TABLEFORMAT_END
309
FORMATTEDTABLEDATAROW_END
  1
TABLEROW_BEGIN
 90
        3
 40
0.36
309
TABLEROW_END
301
ROW
  1
LINKEDTABLEDATAROW_BEGIN
 90
        5
300
CELL
  1
LINKEDTABLEDATACELL_BEGIN
 90
        0
300

 91
        0
301
CUSTOMDATA
  1
DATAMAP_BEGIN
 90
        1
300
ACAD_ROUNDTRIP_2008_CELL_CHECKSUM
301
DATAMAP_VALUE
 93
        2
 90
        2
140
2199.0
 94
        0
300

302

304
ACVALUE_END
309
DATAMAP_END
 92
        0
 95
        1
302
CONTENT
  1
CELLCONTENT_BEGIN
 90
        1
300
VALUE
 93
        6
 90
        4
  1
Title-2
 94
        0
300

302
Title-2
304
ACVALUE_END
 91
        0
309
CELLCONTENT_END
  1
FORMATTEDCELLCONTENT_BEGIN
170
     1
300
CONTENTFORMAT
  1
CONTENTFORMAT_BEGIN
 90
        3
 91
        0
 92
        4
 93
        0
300

 40
0.0
140
1.0
 94
        1
 62
     0
340
0
144
0.18
309
CONTENTFORMAT_END
309
FORMATTEDCELLCONTENT_END
309
LINKEDTABLEDATACELL_END
  1
FORMATTEDTABLEDATACELL_BEGIN
300
CELLTABLEFORMAT
  1
TABLEFORMAT_BEGIN
 90
        1
170
     1
 91
        0
 92
        0
 62
   257
 93
        1
300
CONTENTFORMAT
  1
CONTENTFORMAT_BEGIN
 90
        0
 91
        0
 92
      512
 93
        0
300

 40
0.0
140
1.0
 94
        5
 62
     0
340
0
144
0.18
309
CONTENTFORMAT_END
171
     1
301
MARGIN
  1
CELLMARGIN_BEGIN
 40
0.06
 40
0.06
 40
0.06
 40
0.06
 40
0.18
 40
0.18
309
CELLMARGIN_END
 94
        5
 95
        2
302
GRIDFORMAT
  1
GRIDFORMAT_BEGIN
 90
        0
 91
        1
 62
     0
 92
       -2
340
0
 93
        0
 40
0.045
309
GRIDFORMAT_END
 95
        4
302
GRIDFORMAT
  1
GRIDFORMAT_BEGIN
 90
        0
 91
        1
 62
     0
 92
       -2
340
0
 93
        0
 40
0.045
309
GRIDFORMAT_END
 95
        8
302
GRIDFORMAT
  1
GRIDFORMAT_BEGIN
 90
        0
 91
        1
 62
     0
 92
       -2
340
0
 93
        0
 40
0.045
309
GRIDFORMAT_END
 95
       16
302
GRIDFORMAT
  1
GRIDFORMAT_BEGIN
 90
        0
 91
        1
 62
     0
 92
       -2
340
0
 93
        0
 40
0.045
309
GRIDFORMAT_END
 95
       32
302
GRIDFORMAT
  1
GRIDFORMAT_BEGIN
 90
        0
 91
        1
 62
     0
 92
       -2
340
0
 93
        0
 40
0.045
309
GRIDFORMAT_END
309
TABLEFORMAT_END
309
FORMATTEDTABLEDATACELL_END
  1
TABLECELL_BEGIN
 90
        0
 91
        0
309
TABLECELL_END
300
CELL
  1
LINKEDTABLEDATACELL_BEGIN
 90
        0
300

 91
        0
301
CUSTOMDATA
  1
DATAMAP_BEGIN
 90
        1
300
ACAD_ROUNDTRIP_2008_CELL_CHECKSUM
301
DATAMAP_VALUE
 93
        2
 90
        2
140
0.0
 94
        0
300

302

304
ACVALUE_END
309
DATAMAP_END
 92
        0
 95
        0
309
LINKEDTABLEDATACELL_END
  1
FORMATTEDTABLEDATACELL_BEGIN
300
CELLTABLEFORMAT
  1
TABLEFORMAT_BEGIN
 90
        1
170
     1
 91
        0
 92
        0
 62
   257
 93
        1
300
CONTENTFORMAT
  1
CONTENTFORMAT_BEGIN
 90
        0
 91
        0
 92
      512
 93
        0
300

 40
0.0
140
1.0
 94
        3
 62
     0
340
0
144
0.18
309
CONTENTFORMAT_END
171
     1
301
MARGIN
  1
CELLMARGIN_BEGIN
 40
0.06
 40
0.06
 40
0.06
 40
0.06
 40
0.18
 40
0.18
309
CELLMARGIN_END
 94
        4
 95
        2
302
GRIDFORMAT
  1
GRIDFORMAT_BEGIN
 90
        0
 91
        1
 62
     0
 92
       -2
340
0
 93
        0
 40
0.045
309
GRIDFORMAT_END
 95
        4
302
GRIDFORMAT
  1
GRIDFORMAT_BEGIN
 90
        0
 91
        1
 62
     0
 92
       -2
340
0
 93
        0
 40
0.045
309
GRIDFORMAT_END
 95
       16
302
GRIDFORMAT
  1
GRIDFORMAT_BEGIN
 90
        0
 91
        1
 62
     0
 92
       -2
340
0
 93
        0
 40
0.045
309
GRIDFORMAT_END
 95
       32
302
GRIDFORMAT
  1
GRIDFORMAT_BEGIN
 90
        0
 91
        1
 62
     0
 92
       -2
340
0
 93
        0
 40
0.045
309
GRIDFORMAT_END
309
TABLEFORMAT_END
309
FORMATTEDTABLEDATACELL_END
  1
TABLECELL_BEGIN
 90
        0
 91
        0
309
TABLECELL_END
300
CELL
  1
LINKEDTABLEDATACELL_BEGIN
 90
        0
300

 91
        0
301
CUSTOMDATA
  1
DATAMAP_BEGIN
 90
        1
300
ACAD_ROUNDTRIP_2008_CELL_CHECKSUM
301
DATAMAP_VALUE
 93
        2
 90
        2
140
0.0
 94
        0
300

302

304
ACVALUE_END
309
DATAMAP_END
 92
        0
 95
        0
309
LINKEDTABLEDATACELL_END
  1
FORMATTEDTABLEDATACELL_BEGIN
300
CELLTABLEFORMAT
  1
TABLEFORMAT_BEGIN
 90
        1
170
     1
 91
        0
 92
        0
 62
   257
 93
        1
300
CONTENTFORMAT
  1
CONTENTFORMAT_BEGIN
 90
        0
 91
        0
 92
      512
 93
        0
300

 40
0.0
140
1.0
 94
        3
 62
     0
340
0
144
0.18
309
CONTENTFORMAT_END
171
     1
301
MARGIN
  1
CELLMARGIN_BEGIN
 40
0.06
 40
0.06
 40
0.06
 40
0.06
 40
0.18
 40
0.18
309
CELLMARGIN_END
 94
        4
 95
        2
302
GRIDFORMAT
  1
GRIDFORMAT_BEGIN
 90
        0
 91
        1
 62
     0
 92
       -2
340
0
 93
        0
 40
0.045
309
GRIDFORMAT_END
 95
        4
302
GRIDFORMAT
  1
GRIDFORMAT_BEGIN
 90
        0
 91
        1
 62
     0
 92
       -2
340
0
 93
        0
 40
0.045
309
GRIDFORMAT_END
 95
       16
302
GRIDFORMAT
  1
GRIDFORMAT_BEGIN
 90
        0
 91
        1
 62
     0
 92
       -2
340
0
 93
        0
 40
0.045
309
GRIDFORMAT_END
 95
       32
302
GRIDFORMAT
  1
GRIDFORMAT_BEGIN
 90
        0
 91
        1
 62
     0
 92
       -2
340
0
 93
        0
 40
0.045
309
GRIDFORMAT_END
309
TABLEFORMAT_END
309
FORMATTEDTABLEDATACELL_END
  1
TABLECELL_BEGIN
 90
        0
 91
        0
309
TABLECELL_END
300
CELL
  1
LINKEDTABLEDATACELL_BEGIN
 90
        0
300

 91
        0
301
CUSTOMDATA
  1
DATAMAP_BEGIN
 90
        1
300
ACAD_ROUNDTRIP_2008_CELL_CHECKSUM
301
DATAMAP_VALUE
 93
        2
 90
        2
140
0.0
 94
        0
300

302

304
ACVALUE_END
309
DATAMAP_END
 92
        0
 95
        0
309
LINKEDTABLEDATACELL_END
  1
FORMATTEDTABLEDATACELL_BEGIN
300
CELLTABLEFORMAT
  1
TABLEFORMAT_BEGIN
 90
        1
170
     1
 91
        0
 92
        0
 62
   257
 93
        1
300
CONTENTFORMAT
  1
CONTENTFORMAT_BEGIN
 90
        0
 91
        0
 92
      512
 93
        0
300

 40
0.0
140
1.0
 94
        3
 62
     0
340
0
144
0.18
309
CONTENTFORMAT_END
171
     1
301
MARGIN
  1
CELLMARGIN_BEGIN
 40
0.06
 40
0.06
 40
0.06
 40
0.06
 40
0.18
 40
0.18
309
CELLMARGIN_END
 94
        4
 95
        2
302
GRIDFORMAT
  1
GRIDFORMAT_BEGIN
 90
        0
 91
        1
 62
     0
 92
       -2
340
0
 93
        0
 40
0.045
309
GRIDFORMAT_END
 95
        4
302
GRIDFORMAT
  1
GRIDFORMAT_BEGIN
 90
        0
 91
        1
 62
     0
 92
       -2
340
0
 93
        0
 40
0.045
309
GRIDFORMAT_END
 95
       16
302
GRIDFORMAT
  1
GRIDFORMAT_BEGIN
 90
        0
 91
        1
 62
     0
 92
       -2
340
0
 93
        0
 40
0.045
309
GRIDFORMAT_END
 95
       32
302
GRIDFORMAT
  1
GRIDFORMAT_BEGIN
 90
        0
 91
        1
 62
     0
 92
       -2
340
0
 93
        0
 40
0.045
309
GRIDFORMAT_END
309
TABLEFORMAT_END
309
FORMATTEDTABLEDATACELL_END
  1
TABLECELL_BEGIN
 90
        0
 91
        0
309
TABLECELL_END
300
CELL
  1
LINKEDTABLEDATACELL_BEGIN
 90
        0
300

 91
        0
301
CUSTOMDATA
  1
DATAMAP_BEGIN
 90
        1
300
ACAD_ROUNDTRIP_2008_CELL_CHECKSUM
301
DATAMAP_VALUE
 93
        2
 90
        2
140
0.0
 94
        0
300

302

304
ACVALUE_END
309
DATAMAP_END
 92
        0
 95
        0
309
LINKEDTABLEDATACELL_END
  1
FORMATTEDTABLEDATACELL_BEGIN
300
CELLTABLEFORMAT
  1
TABLEFORMAT_BEGIN
 90
        1
170
     1
 91
        0
 92
        0
 62
   257
 93
        1
300
CONTENTFORMAT
  1
CONTENTFORMAT_BEGIN
 90
        0
 91
        0
 92
      512
 93
        0
300

 40
0.0
140
1.0
 94
        3
 62
     0
340
0
144
0.18
309
CONTENTFORMAT_END
171
     1
301
MARGIN
  1
CELLMARGIN_BEGIN
 40
0.06
 40
0.06
 40
0.06
 40
0.06
 40
0.18
 40
0.18
309
CELLMARGIN_END
 94
        4
 95
        2
302
GRIDFORMAT
  1
GRIDFORMAT_BEGIN
 90
        0
 91
        1
 62
     0
 92
       -2
340
0
 93
        0
 40
0.045
309
GRIDFORMAT_END
 95
        4
302
GRIDFORMAT
  1
GRIDFORMAT_BEGIN
 90
        0
 91
        1
 62
     0
 92
       -2
340
0
 93
        0
 40
0.045
309
GRIDFORMAT_END
 95
       16
302
GRIDFORMAT
  1
GRIDFORMAT_BEGIN
 90
        0
 91
        1
 62
     0
 92
       -2
340
0
 93
        0
 40
0.045
309
GRIDFORMAT_END
 95
       32
302
GRIDFORMAT
  1
GRIDFORMAT_BEGIN
 90
        0
 91
        1
 62
     0
 92
       -2
340
0
 93
        0
 40
0.045
309
GRIDFORMAT_END
309
TABLEFORMAT_END
309
FORMATTEDTABLEDATACELL_END
  1
TABLECELL_BEGIN
 90
        0
 91
        0
309
TABLECELL_END
 91
        0
301
CUSTOMDATA
  1
DATAMAP_BEGIN
 90
        0
309
DATAMAP_END
309
LINKEDTABLEDATAROW_END
  1
FORMATTEDTABLEDATAROW_BEGIN
300
ROWTABLEFORMAT
  1
TABLEFORMAT_BEGIN
 90
        2
170
     0
309
TABLEFORMAT_END
309
FORMATTEDTABLEDATAROW_END
  1
TABLEROW_BEGIN
 90
        1
 40
0.4533333333333334
309
TABLEROW_END
301
ROW
  1
LINKEDTABLEDATAROW_BEGIN
 90
        5
300
CELL
  1
LINKEDTABLEDATACELL_BEGIN
 90
        0
300

 91
        0
301
CUSTOMDATA
  1
DATAMAP_BEGIN
 90
        1
300
ACAD_ROUNDTRIP_2008_CELL_CHECKSUM
301
DATAMAP_VALUE
 93
        2
 90
        2
140
170.0
 94
        0
300

302

304
ACVALUE_END
309
DATAMAP_END
 92
        0
 95
        1
302
CONTENT
  1
CELLCONTENT_BEGIN
 90
        1
300
VALUE
 93
        6
 90
        4
  1
H1
 94
        0
300

302
H1
304
ACVALUE_END
 91
        0
309
CELLCONTENT_END
  1
FORMATTEDCELLCONTENT_BEGIN
170
     1
300
CONTENTFORMAT
  1
CONTENTFORMAT_BEGIN
 90
        3
 91
        0
 92
        4
 93
        0
300

 40
0.0
140
1.0
 94
        1
 62
     0
340
0
144
0.18
309
CONTENTFORMAT_END
309
FORMATTEDCELLCONTENT_END
309
LINKEDTABLEDATACELL_END
  1
FORMATTEDTABLEDATACELL_BEGIN
300
CELLTABLEFORMAT
  1
TABLEFORMAT_BEGIN
 90
        1
170
     1
 91
        0
 92
        0
 62
   257
 93
        1
300
CONTENTFORMAT
  1
CONTENTFORMAT_BEGIN
 90
        0
 91
        0
 92
      512
 93
        0
300

 40
0.0
140
1.0
 94
        5
 62
     0
340
0
144
0.18
309
CONTENTFORMAT_END
171
     1
301
MARGIN
  1
CELLMARGIN_BEGIN
 40
0.06
 40
0.06
 40
0.06
 40
0.06
 40
0.18
 40
0.18
309
CELLMARGIN_END
 94
        5
 95
        2
302
GRIDFORMAT
  1
GRIDFORMAT_BEGIN
 90
        0
 91
        1
 62
     0
 92
       -2
340
0
 93
        0
 40
0.045
309
GRIDFORMAT_END
 95
        4
302
GRIDFORMAT
  1
GRIDFORMAT_BEGIN
 90
        0
 91
        1
 62
     0
 92
       -2
340
0
 93
        0
 40
0.045
309
GRIDFORMAT_END
 95
        8
302
GRIDFORMAT
  1
GRIDFORMAT_BEGIN
 90
        0
 91
        1
 62
     0
 92
       -2
340
0
 93
        0
 40
0.045
309
GRIDFORMAT_END
 95
       16
302
GRIDFORMAT
  1
GRIDFORMAT_BEGIN
 90
        0
 91
        1
 62
     0
 92
       -2
340
0
 93
        0
 40
0.045
309
GRIDFORMAT_END
 95
       32
302
GRIDFORMAT
  1
GRIDFORMAT_BEGIN
 90
        0
 91
        1
 62
     0
 92
       -2
340
0
 93
        0
 40
0.045
309
GRIDFORMAT_END
309
TABLEFORMAT_END
309
FORMATTEDTABLEDATACELL_END
  1
TABLECELL_BEGIN
 90
        0
 91
        0
309
TABLECELL_END
300
CELL
  1
LINKEDTABLEDATACELL_BEGIN
 90
        0
300

 91
        0
301
CUSTOMDATA
  1
DATAMAP_BEGIN
 90
        1
300
ACAD_ROUNDTRIP_2008_CELL_CHECKSUM
301
DATAMAP_VALUE
 93
        2
 90
        2
140
172.0
 94
        0
300

302

304
ACVALUE_END
309
DATAMAP_END
 92
        0
 95
        1
302
CONTENT
  1
CELLCONTENT_BEGIN
 90
        1
300
VALUE
 93
        6
 90
        4
  1
H2
 94
        0
300

302
H2
304
ACVALUE_END
 91
        0
309
CELLCONTENT_END
  1
FORMATTEDCELLCONTENT_BEGIN
170
     1
300
CONTENTFORMAT
  1
CONTENTFORMAT_BEGIN
 90
        3
 91
        0
 92
        4
 93
        0
300

 40
0.0
140
1.0
 94
        1
 62
     0
340
0
144
0.18
309
CONTENTFORMAT_END
309
FORMATTEDCELLCONTENT_END
309
LINKEDTABLEDATACELL_END
  1
FORMATTEDTABLEDATACELL_BEGIN
300
CELLTABLEFORMAT
  1
TABLEFORMAT_BEGIN
 90
        1
170
     1
 91
        0
 92
        0
 62
   257
 93
        1
300
CONTENTFORMAT
  1
CONTENTFORMAT_BEGIN
 90
        0
 91
        0
 92
      512
 93
        0
300

 40
0.0
140
1.0
 94
        5
 62
     0
340
0
144
0.18
309
CONTENTFORMAT_END
171
     1
301
MARGIN
  1
CELLMARGIN_BEGIN
 40
0.06
 40
0.06
 40
0.06
 40
0.06
 40
0.18
 40
0.18
309
CELLMARGIN_END
 94
        4
 95
        2
302
GRIDFORMAT
  1
GRIDFORMAT_BEGIN
 90
        0
 91
        1
 62
     0
 92
       -2
340
0
 93
        0
 40
0.045
309
GRIDFORMAT_END
 95
        4
302
GRIDFORMAT
  1
GRIDFORMAT_BEGIN
 90
        0
 91
        1
 62
     0
 92
       -2
340
0
 93
        0
 40
0.045
309
GRIDFORMAT_END
 95
       16
302
GRIDFORMAT
  1
GRIDFORMAT_BEGIN
 90
        0
 91
        1
 62
     0
 92
       -2
340
0
 93
        0
 40
0.045
309
GRIDFORMAT_END
 95
       32
302
GRIDFORMAT
  1
GRIDFORMAT_BEGIN
 90
        0
 91
        1
 62
     0
 92
       -2
340
0
 93
        0
 40
0.045
309
GRIDFORMAT_END
309
TABLEFORMAT_END
309
FORMATTEDTABLEDATACELL_END
  1
TABLECELL_BEGIN
 90
        0
 91
        0
309
TABLECELL_END
300
CELL
  1
LINKEDTABLEDATACELL_BEGIN
 90
        0
300

 91
        0
301
CUSTOMDATA
  1
DATAMAP_BEGIN
 90
        1
300
ACAD_ROUNDTRIP_2008_CELL_CHECKSUM
301
DATAMAP_VALUE
 93
        2
 90
        2
140
174.0
 94
        0
300

302

304
ACVALUE_END
309
DATAMAP_END
 92
        0
 95
        1
302
CONTENT
  1
CELLCONTENT_BEGIN
 90
        1
300
VALUE
 93
        6
 90
        4
  1
H3
 94
        0
300

302
H3
304
ACVALUE_END
 91
        0
309
CELLCONTENT_END
  1
FORMATTEDCELLCONTENT_BEGIN
170
     1
300
CONTENTFORMAT
  1
CONTENTFORMAT_BEGIN
 90
        3
 91
        0
 92
        4
 93
        0
300

 40
0.0
140
1.0
 94
        1
 62
     0
340
0
144
0.18
309
CONTENTFORMAT_END
309
FORMATTEDCELLCONTENT_END
309
LINKEDTABLEDATACELL_END
  1
FORMATTEDTABLEDATACELL_BEGIN
300
CELLTABLEFORMAT
  1
TABLEFORMAT_BEGIN
 90
        1
170
     1
 91
        0
 92
        0
 62
   257
 93
        1
300
CONTENTFORMAT
  1
CONTENTFORMAT_BEGIN
 90
        0
 91
        0
 92
      512
 93
        0
300

 40
0.0
140
1.0
 94
        5
 62
     0
340
0
144
0.18
309
CONTENTFORMAT_END
171
     1
301
MARGIN
  1
CELLMARGIN_BEGIN
 40
0.06
 40
0.06
 40
0.06
 40
0.06
 40
0.18
 40
0.18
309
CELLMARGIN_END
 94
        4
 95
        2
302
GRIDFORMAT
  1
GRIDFORMAT_BEGIN
 90
        0
 91
        1
 62
     0
 92
       -2
340
0
 93
        0
 40
0.045
309
GRIDFORMAT_END
 95
        4
302
GRIDFORMAT
  1
GRIDFORMAT_BEGIN
 90
        0
 91
        1
 62
     0
 92
       -2
340
0
 93
        0
 40
0.045
309
GRIDFORMAT_END
 95
       16
302
GRIDFORMAT
  1
GRIDFORMAT_BEGIN
 90
        0
 91
        1
 62
     0
 92
       -2
340
0
 93
        0
 40
0.045
309
GRIDFORMAT_END
 95
       32
302
GRIDFORMAT
  1
GRIDFORMAT_BEGIN
 90
        0
 91
        1
 62
     0
 92
       -2
340
0
 93
        0
 40
0.045
309
GRIDFORMAT_END
309
TABLEFORMAT_END
309
FORMATTEDTABLEDATACELL_END
  1
TABLECELL_BEGIN
 90
        0
 91
        0
309
TABLECELL_END
300
CELL
  1
LINKEDTABLEDATACELL_BEGIN
 90
        0
300

 91
        0
301
CUSTOMDATA
  1
DATAMAP_BEGIN
 90
        1
300
ACAD_ROUNDTRIP_2008_CELL_CHECKSUM
301
DATAMAP_VALUE
 93
        2
 90
        2
140
176.0
 94
        0
300

302

304
ACVALUE_END
309
DATAMAP_END
 92
        0
 95
        1
302
CONTENT
  1
CELLCONTENT_BEGIN
 90
        1
300
VALUE
 93
        6
 90
        4
  1
H4
 94
        0
300

302
H4
304
ACVALUE_END
 91
        0
309
CELLCONTENT_END
  1
FORMATTEDCELLCONTENT_BEGIN
170
     1
300
CONTENTFORMAT
  1
CONTENTFORMAT_BEGIN
 90
        3
 91
        0
 92
        4
 93
        0
300

 40
0.0
140
1.0
 94
        1
 62
     0
340
0
144
0.18
309
CONTENTFORMAT_END
309
FORMATTEDCELLCONTENT_END
309
LINKEDTABLEDATACELL_END
  1
FORMATTEDTABLEDATACELL_BEGIN
300
CELLTABLEFORMAT
  1
TABLEFORMAT_BEGIN
 90
        1
170
     1
 91
        0
 92
        0
 62
   257
 93
        1
300
CONTENTFORMAT
  1
CONTENTFORMAT_BEGIN
 90
        0
 91
        0
 92
      512
 93
        0
300

 40
0.0
140
1.0
 94
        5
 62
     0
340
0
144
0.18
309
CONTENTFORMAT_END
171
     1
301
MARGIN
  1
CELLMARGIN_BEGIN
 40
0.06
 40
0.06
 40
0.06
 40
0.06
 40
0.18
 40
0.18
309
CELLMARGIN_END
 94
        4
 95
        2
302
GRIDFORMAT
  1
GRIDFORMAT_BEGIN
 90
        0
 91
        1
 62
     0
 92
       -2
340
0
 93
        0
 40
0.045
309
GRIDFORMAT_END
 95
        4
302
GRIDFORMAT
  1
GRIDFORMAT_BEGIN
 90
        0
 91
        1
 62
     0
 92
       -2
340
0
 93
        0
 40
0.045
309
GRIDFORMAT_END
 95
       16
302
GRIDFORMAT
  1
GRIDFORMAT_BEGIN
 90
        0
 91
        1
 62
     0
 92
       -2
340
0
 93
        0
 40
0.045
309
GRIDFORMAT_END
 95
       32
302
GRIDFORMAT
  1
GRIDFORMAT_BEGIN
 90
        0
 91
        1
 62
     0
 92
       -2
340
0
 93
        0
 40
0.045
309
GRIDFORMAT_END
309
TABLEFORMAT_END
309
FORMATTEDTABLEDATACELL_END
  1
TABLECELL_BEGIN
 90
        0
 91
        0
309
TABLECELL_END
300
CELL
  1
LINKEDTABLEDATACELL_BEGIN
 90
        0
300

 91
        0
301
CUSTOMDATA
  1
DATAMAP_BEGIN
 90
        1
300
ACAD_ROUNDTRIP_2008_CELL_CHECKSUM
301
DATAMAP_VALUE
 93
        2
 90
        2
140
178.0
 94
        0
300

302

304
ACVALUE_END
309
DATAMAP_END
 92
        0
 95
        1
302
CONTENT
  1
CELLCONTENT_BEGIN
 90
        1
300
VALUE
 93
        6
 90
        4
  1
H5
 94
        0
300

302
H5
304
ACVALUE_END
 91
        0
309
CELLCONTENT_END
  1
FORMATTEDCELLCONTENT_BEGIN
170
     1
300
CONTENTFORMAT
  1
CONTENTFORMAT_BEGIN
 90
        3
 91
        0
 92
        4
 93
        0
300

 40
0.0
140
1.0
 94
        1
 62
     0
340
0
144
0.18
309
CONTENTFORMAT_END
309
FORMATTEDCELLCONTENT_END
309
LINKEDTABLEDATACELL_END
  1
FORMATTEDTABLEDATACELL_BEGIN
300
CELLTABLEFORMAT
  1
TABLEFORMAT_BEGIN
 90
        1
170
     1
 91
        0
 92
        0
 62
   257
 93
        1
300
CONTENTFORMAT
  1
CONTENTFORMAT_BEGIN
 90
        0
 91
        0
 92
      512
 93
        0
300

 40
0.0
140
1.0
 94
        5
 62
     0
340
0
144
0.18
309
CONTENTFORMAT_END
171
     1
301
MARGIN
  1
CELLMARGIN_BEGIN
 40
0.06
 40
0.06
 40
0.06
 40
0.06
 40
0.18
 40
0.18
309
CELLMARGIN_END
 94
        4
 95
        2
302
GRIDFORMAT
  1
GRIDFORMAT_BEGIN
 90
        0
 91
        1
 62
     0
 92
       -2
340
0
 93
        0
 40
0.045
309
GRIDFORMAT_END
 95
        4
302
GRIDFORMAT
  1
GRIDFORMAT_BEGIN
 90
        0
 91
        1
 62
     0
 92
       -2
340
0
 93
        0
 40
0.045
309
GRIDFORMAT_END
 95
       16
302
GRIDFORMAT
  1
GRIDFORMAT_BEGIN
 90
        0
 91
        1
 62
     0
 92
       -2
340
0
 93
        0
 40
0.045
309
GRIDFORMAT_END
 95
       32
302
GRIDFORMAT
  1
GRIDFORMAT_BEGIN
 90
        0
 91
        1
 62
     0
 92
       -2
340
0
 93
        0
 40
0.045
309
GRIDFORMAT_END
309
TABLEFORMAT_END
309
FORMATTEDTABLEDATACELL_END
  1
TABLECELL_BEGIN
 90
        0
 91
        0
309
TABLECELL_END
 91
        0
301
CUSTOMDATA
  1
DATAMAP_BEGIN
 90
        0
309
DATAMAP_END
309
LINKEDTABLEDATAROW_END
  1
FORMATTEDTABLEDATAROW_BEGIN
300
ROWTABLEFORMAT
  1
TABLEFORMAT_BEGIN
 90
        2
170
     0
309
TABLEFORMAT_END
309
FORMATTEDTABLEDATAROW_END
  1
TABLEROW_BEGIN
 90
        2
 40
0.36
309
TABLEROW_END
301
ROW
  1
LINKEDTABLEDATAROW_BEGIN
 90
        5
300
CELL
  1
LINKEDTABLEDATACELL_BEGIN
 90
        0
300

 91
        0
301
CUSTOMDATA
  1
DATAMAP_BEGIN
 90
        1
300
ACAD_ROUNDTRIP_2008_CELL_CHECKSUM
301
DATAMAP_VALUE
 93
        2
 90
        2
140
113.0
 94
        0
300

302

304
ACVALUE_END
309
DATAMAP_END
 92
        0
 95
        1
302
CONTENT
  1
CELLCONTENT_BEGIN
 90
        1
300
VALUE
 93
        6
 90
        4
  1
q
 94
        0
300

302
q
304
ACVALUE_END
 91
        0
309
CELLCONTENT_END
  1
FORMATTEDCELLCONTENT_BEGIN
170
     1
300
CONTENTFORMAT
  1
CONTENTFORMAT_BEGIN
 90
        3
 91
        0
 92
        4
 93
        0
300

 40
0.0
140
1.0
 94
        1
 62
     0
340
0
144
0.18
309
CONTENTFORMAT_END
309
FORMATTEDCELLCONTENT_END
309
LINKEDTABLEDATACELL_END
  1
FORMATTEDTABLEDATACELL_BEGIN
300
CELLTABLEFORMAT
  1
TABLEFORMAT_BEGIN
 90
        1
170
     1
 91
       16
 92
        0
 62
   257
 93
        1
300
CONTENTFORMAT
  1
CONTENTFORMAT_BEGIN
 90
        0
 91
        0
 92
      512
 93
        0
300

 40
0.0
140
1.0
 94
        3
 62
     0
340
0
144
0.18
309
CONTENTFORMAT_END
171
     1
301
MARGIN
  1
CELLMARGIN_BEGIN
 40
0.06
 40
0.06
 40
0.06
 40
0.06
 40
0.18
 40
0.18
309
CELLMARGIN_END
 94
        5
 95
        2
302
GRIDFORMAT
  1
GRIDFORMAT_BEGIN
 90
       37
 91
        1
 62
     0
 92
       -2
340
0
 93
        0
 40
0.045
309
GRIDFORMAT_END
 95
        4
302
GRIDFORMAT
  1
GRIDFORMAT_BEGIN
 90
       37
 91
        1
 62
     0
 92
       -2
340
0
 93
        0
 40
0.045
309
GRIDFORMAT_END
 95
        8
302
GRIDFORMAT
  1
GRIDFORMAT_BEGIN
 90
       37
 91
        1
 62
     0
 92
       -2
340
0
 93
        0
 40
0.045
309
GRIDFORMAT_END
 95
       16
302
GRIDFORMAT
  1
GRIDFORMAT_BEGIN
 90
       37
 91
        1
 62
     0
 92
       -2
340
0
 93
        0
 40
0.045
309
GRIDFORMAT_END
 95
       32
302
GRIDFORMAT
  1
GRIDFORMAT_BEGIN
 90
       37
 91
        1
 62
     0
 92
       -2
340
0
 93
        0
 40
0.045
309
GRIDFORMAT_END
309
TABLEFORMAT_END
309
FORMATTEDTABLEDATACELL_END
  1
TABLECELL_BEGIN
 90
        0
 91
        0
309
TABLECELL_END
300
CELL
  1
LINKEDTABLEDATACELL_BEGIN
 90
        0
300

 91
        0
301
CUSTOMDATA
  1
DATAMAP_BEGIN
 90
        1
300
ACAD_ROUNDTRIP_2008_CELL_CHECKSUM
301
DATAMAP_VALUE
 93
        2
 90
        2
140
119.0
 94
        0
300

302

304
ACVALUE_END
309
DATAMAP_END
 92
        0
 95
        1
302
CONTENT
  1
CELLCONTENT_BEGIN
 90
        1
300
VALUE
 93
        6
 90
        4
  1
w
 94
        0
300

302
w
304
ACVALUE_END
 91
        0
309
CELLCONTENT_END
  1
FORMATTEDCELLCONTENT_BEGIN
170
     1
300
CONTENTFORMAT
  1
CONTENTFORMAT_BEGIN
 90
        3
 91
        0
 92
        4
 93
        0
300

 40
0.0
140
1.0
 94
        1
 62
     0
340
BB
144
0.18
309
CONTENTFORMAT_END
309
FORMATTEDCELLCONTENT_END
309
LINKEDTABLEDATACELL_END
  1
FORMATTEDTABLEDATACELL_BEGIN
300
CELLTABLEFORMAT
  1
TABLEFORMAT_BEGIN
 90
        1
170
     1
 91
       16
 92
        0
 62
   257
 93
        1
300
CONTENTFORMAT
  1
CONTENTFORMAT_BEGIN
 90
        0
 91
        0
 92
      512
 93
        0
300

 40
0.0
140
1.0
 94
        3
 62
     0
340
0
144
0.18
309
CONTENTFORMAT_END
171
     1
301
MARGIN
  1
CELLMARGIN_BEGIN
 40
0.06
 40
0.06
 40
0.06
 40
0.06
 40
0.18
 40
0.18
309
CELLMARGIN_END
 94
        4
 95
        2
302
GRIDFORMAT
  1
GRIDFORMAT_BEGIN
 90
       37
 91
        1
 62
     0
 92
       -2
340
0
 93
        0
 40
0.045
309
GRIDFORMAT_END
 95
        4
302
GRIDFORMAT
  1
GRIDFORMAT_BEGIN
 90
       37
 91
        1
 62
     0
 92
       -2
340
0
 93
        0
 40
0.045
309
GRIDFORMAT_END
 95
       16
302
GRIDFORMAT
  1
GRIDFORMAT_BEGIN
 90
       37
 91
        1
 62
     0
 92
       -2
340
0
 93
        0
 40
0.045
309
GRIDFORMAT_END
 95
       32
302
GRIDFORMAT
  1
GRIDFORMAT_BEGIN
 90
       37
 91
        1
 62
     0
 92
       -2
340
0
 93
        0
 40
0.045
309
GRIDFORMAT_END
309
TABLEFORMAT_END
309
FORMATTEDTABLEDATACELL_END
  1
TABLECELL_BEGIN
 90
        0
 91
        0
309
TABLECELL_END
300
CELL
  1
LINKEDTABLEDATACELL_BEGIN
 90
        0
300

 91
        0
301
CUSTOMDATA
  1
DATAMAP_BEGIN
 90
        1
300
ACAD_ROUNDTRIP_2008_CELL_CHECKSUM
301
DATAMAP_VALUE
 93
        2
 90
        2
140
0.0
 94
        0
300

302

304
ACVALUE_END
309
DATAMAP_END
 92
        0
 95
        1
302
CONTENT
  1
CELLCONTENT_BEGIN
 90
        1
300
VALUE
 93
        5
 90
        1
 94
        0
300

302

304
ACVALUE_END
 91
        0
309
CELLCONTENT_END
  1
FORMATTEDCELLCONTENT_BEGIN
170
     1
300
CONTENTFORMAT
  1
CONTENTFORMAT_BEGIN
 90
        3
 91
        0
 92
        1
 93
        0
300

 40
0.0
140
1.0
 94
        1
 62
     0
340
0
144
0.18
309
CONTENTFORMAT_END
309
FORMATTEDCELLCONTENT_END
309
LINKEDTABLEDATACELL_END
  1
FORMATTEDTABLEDATACELL_BEGIN
300
CELLTABLEFORMAT
  1
TABLEFORMAT_BEGIN
 90
        1
170
     1
 91
       16
 92
        0
 62
   257
 93
        1
300
CONTENTFORMAT
  1
CONTENTFORMAT_BEGIN
 90
        0
 91
        0
 92
      512
 93
        0
300

 40
0.0
140
1.0
 94
        3
 62
     0
340
0
144
0.18
309
CONTENTFORMAT_END
171
     1
301
MARGIN
  1
CELLMARGIN_BEGIN
 40
0.06
 40
0.06
 40
0.06
 40
0.06
 40
0.18
 40
0.18
309
CELLMARGIN_END
 94
        4
 95
        2
302
GRIDFORMAT
  1
GRIDFORMAT_BEGIN
 90
       37
 91
        1
 62
     0
 92
       -2
340
0
 93
        0
 40
0.045
309
GRIDFORMAT_END
 95
        4
302
GRIDFORMAT
  1
GRIDFORMAT_BEGIN
 90
       37
 91
        1
 62
     0
 92
       -2
340
0
 93
        0
 40
0.045
309
GRIDFORMAT_END
 95
       16
302
GRIDFORMAT
  1
GRIDFORMAT_BEGIN
 90
       37
 91
        1
 62
     0
 92
       -2
340
0
 93
        0
 40
0.045
309
GRIDFORMAT_END
 95
       32
302
GRIDFORMAT
  1
GRIDFORMAT_BEGIN
 90
       37
 91
        1
 62
     0
 92
       -2
340
0
 93
        0
 40
0.045
309
GRIDFORMAT_END
309
TABLEFORMAT_END
309
FORMATTEDTABLEDATACELL_END
  1
TABLECELL_BEGIN
 90
        0
 91
        0
309
TABLECELL_END
300
CELL
  1
LINKEDTABLEDATACELL_BEGIN
 90
        0
300

 91
        0
301
CUSTOMDATA
  1
DATAMAP_BEGIN
 90
        1
300
ACAD_ROUNDTRIP_2008_CELL_CHECKSUM
301
DATAMAP_VALUE
 93
        2
 90
        2
140
0.0
 94
        0
300

302

304
ACVALUE_END
309
DATAMAP_END
 92
        0
 95
        1
302
CONTENT
  1
CELLCONTENT_BEGIN
 90
        1
300
VALUE
 93
        5
 90
        1
 94
        0
300

302

304
ACVALUE_END
 91
        0
309
CELLCONTENT_END
  1
FORMATTEDCELLCONTENT_BEGIN
170
     1
300
CONTENTFORMAT
  1
CONTENTFORMAT_BEGIN
 90
        3
 91
        0
 92
        1
 93
        0
300

 40
0.0
140
1.0
 94
        1
 62
     0
340
0
144
0.18
309
CONTENTFORMAT_END
309
FORMATTEDCELLCONTENT_END
309
LINKEDTABLEDATACELL_END
  1
FORMATTEDTABLEDATACELL_BEGIN
300
CELLTABLEFORMAT
  1
TABLEFORMAT_BEGIN
 90
        1
170
     1
 91
       16
 92
        0
 62
   257
 93
        1
300
CONTENTFORMAT
  1
CONTENTFORMAT_BEGIN
 90
        0
 91
        0
 92
      512
 93
        0
300

 40
0.0
140
1.0
 94
        3
 62
     0
340
0
144
0.18
309
CONTENTFORMAT_END
171
     1
301
MARGIN
  1
CELLMARGIN_BEGIN
 40
0.06
 40
0.06
 40
0.06
 40
0.06
 40
0.18
 40
0.18
309
CELLMARGIN_END
 94
        4
 95
        2
302
GRIDFORMAT
  1
GRIDFORMAT_BEGIN
 90
       37
 91
        1
 62
     0
 92
       -2
340
0
 93
        0
 40
0.045
309
GRIDFORMAT_END
 95
        4
302
GRIDFORMAT
  1
GRIDFORMAT_BEGIN
 90
       37
 91
        1
 62
     0
 92
       -2
340
0
 93
        0
 40
0.045
309
GRIDFORMAT_END
 95
       16
302
GRIDFORMAT
  1
GRIDFORMAT_BEGIN
 90
       37
 91
        1
 62
     0
 92
       -2
340
0
 93
        0
 40
0.045
309
GRIDFORMAT_END
 95
       32
302
GRIDFORMAT
  1
GRIDFORMAT_BEGIN
 90
       37
 91
        1
 62
     0
 92
       -2
340
0
 93
        0
 40
0.045
309
GRIDFORMAT_END
309
TABLEFORMAT_END
309
FORMATTEDTABLEDATACELL_END
  1
TABLECELL_BEGIN
 90
        0
 91
        0
309
TABLECELL_END
300
CELL
  1
LINKEDTABLEDATACELL_BEGIN
 90
        0
300

 91
        0
301
CUSTOMDATA
  1
DATAMAP_BEGIN
 90
        1
300
ACAD_ROUNDTRIP_2008_CELL_CHECKSUM
301
DATAMAP_VALUE
 93
        2
 90
        2
140
0.0
 94
        0
300

302

304
ACVALUE_END
309
DATAMAP_END
 92
        0
 95
        1
302
CONTENT
  1
CELLCONTENT_BEGIN
 90
        1
300
VALUE
 93
        5
 90
        1
 94
        0
300

302

304
ACVALUE_END
 91
        0
309
CELLCONTENT_END
  1
FORMATTEDCELLCONTENT_BEGIN
170
     1
300
CONTENTFORMAT
  1
CONTENTFORMAT_BEGIN
 90
        3
 91
        0
 92
        1
 93
        0
300

 40
0.0
140
1.0
 94
        1
 62
     0
340
0
144
0.18
309
CONTENTFORMAT_END
309
FORMATTEDCELLCONTENT_END
309
LINKEDTABLEDATACELL_END
  1
FORMATTEDTABLEDATACELL_BEGIN
300
CELLTABLEFORMAT
  1
TABLEFORMAT_BEGIN
 90
        1
170
     1
 91
       16
 92
        0
 62
   257
 93
        1
300
CONTENTFORMAT
  1
CONTENTFORMAT_BEGIN
 90
        0
 91
        0
 92
      512
 93
        0
300

 40
0.0
140
1.0
 94
        3
 62
     0
340
0
144
0.18
309
CONTENTFORMAT_END
171
     1
301
MARGIN
  1
CELLMARGIN_BEGIN
 40
0.06
 40
0.06
 40
0.06
 40
0.06
 40
0.18
 40
0.18
309
CELLMARGIN_END
 94
        4
 95
        2
302
GRIDFORMAT
  1
GRIDFORMAT_BEGIN
 90
       37
 91
        1
 62
     0
 92
       -2
340
0
 93
        0
 40
0.045
309
GRIDFORMAT_END
 95
        4
302
GRIDFORMAT
  1
GRIDFORMAT_BEGIN
 90
       37
 91
        1
 62
     0
 92
       -2
340
0
 93
        0
 40
0.045
309
GRIDFORMAT_END
 95
       16
302
GRIDFORMAT
  1
GRIDFORMAT_BEGIN
 90
       37
 91
        1
 62
     0
 92
       -2
340
0
 93
        0
 40
0.045
309
GRIDFORMAT_END
 95
       32
302
GRIDFORMAT
  1
GRIDFORMAT_BEGIN
 90
       37
 91
        1
 62
     0
 92
       -2
340
0
 93
        0
 40
0.045
309
GRIDFORMAT_END
309
TABLEFORMAT_END
309
FORMATTEDTABLEDATACELL_END
  1
TABLECELL_BEGIN
 90
        0
 91
        0
309
TABLECELL_END
 91
        0
301
CUSTOMDATA
  1
DATAMAP_BEGIN
 90
        0
309
DATAMAP_END
309
LINKEDTABLEDATAROW_END
  1
FORMATTEDTABLEDATAROW_BEGIN
300
ROWTABLEFORMAT
  1
TABLEFORMAT_BEGIN
 90
        2
170
     0
309
TABLEFORMAT_END
309
FORMATTEDTABLEDATAROW_END
  1
TABLEROW_BEGIN
 90
        3
 40
0.36
309
TABLEROW_END
301
ROW
  1
LINKEDTABLEDATAROW_BEGIN
 90
        5
300
CELL
  1
LINKEDTABLEDATACELL_BEGIN
 90
        0
300

 91
        0
301
CUSTOMDATA
  1
DATAMAP_BEGIN
 90
        1
300
ACAD_ROUNDTRIP_2008_CELL_CHECKSUM
301
DATAMAP_VALUE
 93
        2
 90
        2
140
114.0
 94
        0
300

302

304
ACVALUE_END
309
DATAMAP_END
 92
        0
 95
        1
302
CONTENT
  1
CELLCONTENT_BEGIN
 90
        1
300
VALUE
 93
        6
 90
        4
  1
r
 94
        0
300

302
r
304
ACVALUE_END
 91
        0
309
CELLCONTENT_END
  1
FORMATTEDCELLCONTENT_BEGIN
170
     1
300
CONTENTFORMAT
  1
CONTENTFORMAT_BEGIN
 90
        3
 91
        0
 92
        4
 93
        0
300

 40
0.0
140
1.0
 94
        1
 62
     0
340
BB
144
0.18
309
CONTENTFORMAT_END
309
FORMATTEDCELLCONTENT_END
309
LINKEDTABLEDATACELL_END
  1
FORMATTEDTABLEDATACELL_BEGIN
300
CELLTABLEFORMAT
  1
TABLEFORMAT_BEGIN
 90
        1
170
     1
 91
       16
 92
        0
 62
   257
 93
        1
300
CONTENTFORMAT
  1
CONTENTFORMAT_BEGIN
 90
        0
 91
        0
 92
      512
 93
        0
300

 40
0.0
140
1.0
 94
        3
 62
     0
340
0
144
0.18
309
CONTENTFORMAT_END
171
     1
301
MARGIN
  1
CELLMARGIN_BEGIN
 40
0.06
 40
0.06
 40
0.06
 40
0.06
 40
0.18
 40
0.18
309
CELLMARGIN_END
 94
        5
 95
        2
302
GRIDFORMAT
  1
GRIDFORMAT_BEGIN
 90
       37
 91
        1
 62
     0
 92
       -2
340
0
 93
        0
 40
0.045
309
GRIDFORMAT_END
 95
        4
302
GRIDFORMAT
  1
GRIDFORMAT_BEGIN
 90
       37
 91
        1
 62
     0
 92
       -2
340
0
 93
        0
 40
0.045
309
GRIDFORMAT_END
 95
        8
302
GRIDFORMAT
  1
GRIDFORMAT_BEGIN
 90
       37
 91
        1
 62
     0
 92
       -2
340
0
 93
        0
 40
0.045
309
GRIDFORMAT_END
 95
       16
302
GRIDFORMAT
  1
GRIDFORMAT_BEGIN
 90
       37
 91
        1
 62
     0
 92
       -2
340
0
 93
        0
 40
0.045
309
GRIDFORMAT_END
 95
       32
302
GRIDFORMAT
  1
GRIDFORMAT_BEGIN
 90
       37
 91
        1
 62
     0
 92
       -2
340
0
 93
        0
 40
0.045
309
GRIDFORMAT_END
309
TABLEFORMAT_END
309
FORMATTEDTABLEDATACELL_END
  1
TABLECELL_BEGIN
 90
        0
 91
        0
309
TABLECELL_END
300
CELL
  1
LINKEDTABLEDATACELL_BEGIN
 90
        0
300

 91
        0
301
CUSTOMDATA
  1
DATAMAP_BEGIN
 90
        1
300
ACAD_ROUNDTRIP_2008_CELL_CHECKSUM
301
DATAMAP_VALUE
 93
        2
 90
        2
140
0.0
 94
        0
300

302

304
ACVALUE_END
309
DATAMAP_END
 92
        0
 95
        1
302
CONTENT
  1
CELLCONTENT_BEGIN
 90
        1
300
VALUE
 93
        5
 90
        1
 94
        0
300

302

304
ACVALUE_END
 91
        0
309
CELLCONTENT_END
  1
FORMATTEDCELLCONTENT_BEGIN
170
     1
300
CONTENTFORMAT
  1
CONTENTFORMAT_BEGIN
 90
        3
 91
        0
 92
        1
 93
        0
300

 40
0.0
140
1.0
 94
        1
 62
     0
340
0
144
0.18
309
CONTENTFORMAT_END
309
FORMATTEDCELLCONTENT_END
309
LINKEDTABLEDATACELL_END
  1
FORMATTEDTABLEDATACELL_BEGIN
300
CELLTABLEFORMAT
  1
TABLEFORMAT_BEGIN
 90
        1
170
     1
 91
       16
 92
        0
 62
   257
 93
        1
300
CONTENTFORMAT
  1
CONTENTFORMAT_BEGIN
 90
        0
 91
        0
 92
      512
 93
        0
300

 40
0.0
140
1.0
 94
        3
 62
     0
340
0
144
0.18
309
CONTENTFORMAT_END
171
     1
301
MARGIN
  1
CELLMARGIN_BEGIN
 40
0.06
 40
0.06
 40
0.06
 40
0.06
 40
0.18
 40
0.18
309
CELLMARGIN_END
 94
        4
 95
        2
302
GRIDFORMAT
  1
GRIDFORMAT_BEGIN
 90
       37
 91
        1
 62
     0
 92
       -2
340
0
 93
        0
 40
0.045
309
GRIDFORMAT_END
 95
        4
302
GRIDFORMAT
  1
GRIDFORMAT_BEGIN
 90
       37
 91
        1
 62
     0
 92
       -2
340
0
 93
        0
 40
0.045
309
GRIDFORMAT_END
 95
       16
302
GRIDFORMAT
  1
GRIDFORMAT_BEGIN
 90
       37
 91
        1
 62
     0
 92
       -2
340
0
 93
        0
 40
0.045
309
GRIDFORMAT_END
 95
       32
302
GRIDFORMAT
  1
GRIDFORMAT_BEGIN
 90
       37
 91
        1
 62
     0
 92
       -2
340
0
 93
        0
 40
0.045
309
GRIDFORMAT_END
309
TABLEFORMAT_END
309
FORMATTEDTABLEDATACELL_END
  1
TABLECELL_BEGIN
 90
        0
 91
        0
309
TABLECELL_END
300
CELL
  1
LINKEDTABLEDATACELL_BEGIN
 90
        0
300

 91
        0
301
CUSTOMDATA
  1
DATAMAP_BEGIN
 90
        1
300
ACAD_ROUNDTRIP_2008_CELL_CHECKSUM
301
DATAMAP_VALUE
 93
        2
 90
        2
140
0.0
 94
        0
300

302

304
ACVALUE_END
309
DATAMAP_END
 92
        0
 95
        1
302
CONTENT
  1
CELLCONTENT_BEGIN
 90
        1
300
VALUE
 93
        5
 90
        4
 94
        0
300

302

304
ACVALUE_END
 91
        0
309
CELLCONTENT_END
  1
FORMATTEDCELLCONTENT_BEGIN
170
     1
300
CONTENTFORMAT
  1
CONTENTFORMAT_BEGIN
 90
        3
 91
        0
 92
        4
 93
        0
300

 40
0.0
140
1.0
 94
        1
 62
     0
340
0
144
0.18
309
CONTENTFORMAT_END
309
FORMATTEDCELLCONTENT_END
309
LINKEDTABLEDATACELL_END
  1
FORMATTEDTABLEDATACELL_BEGIN
300
CELLTABLEFORMAT
  1
TABLEFORMAT_BEGIN
 90
        1
170
     1
 91
       16
 92
        0
 62
   257
 93
        1
300
CONTENTFORMAT
  1
CONTENTFORMAT_BEGIN
 90
        0
 91
        0
 92
      512
 93
        0
300

 40
0.0
140
1.0
 94
        3
 62
     0
340
0
144
0.18
309
CONTENTFORMAT_END
171
     1
301
MARGIN
  1
CELLMARGIN_BEGIN
 40
0.06
 40
0.06
 40
0.06
 40
0.06
 40
0.18
 40
0.18
309
CELLMARGIN_END
 94
        4
 95
        2
302
GRIDFORMAT
  1
GRIDFORMAT_BEGIN
 90
       37
 91
        1
 62
     0
 92
       -2
340
0
 93
        0
 40
0.045
309
GRIDFORMAT_END
 95
        4
302
GRIDFORMAT
  1
GRIDFORMAT_BEGIN
 90
       37
 91
        1
 62
     0
 92
       -2
340
0
 93
        0
 40
0.045
309
GRIDFORMAT_END
 95
       16
302
GRIDFORMAT
  1
GRIDFORMAT_BEGIN
 90
       37
 91
        1
 62
     0
 92
       -2
340
0
 93
        0
 40
0.045
309
GRIDFORMAT_END
 95
       32
302
GRIDFORMAT
  1
GRIDFORMAT_BEGIN
 90
       37
 91
        1
 62
     0
 92
       -2
340
0
 93
        0
 40
0.045
309
GRIDFORMAT_END
309
TABLEFORMAT_END
309
FORMATTEDTABLEDATACELL_END
  1
TABLECELL_BEGIN
 90
        0
 91
        0
309
TABLECELL_END
300
CELL
  1
LINKEDTABLEDATACELL_BEGIN
 90
        0
300

 91
        0
301
CUSTOMDATA
  1
DATAMAP_BEGIN
 90
        1
300
ACAD_ROUNDTRIP_2008_CELL_CHECKSUM
301
DATAMAP_VALUE
 93
        2
 90
        2
140
0.0
 94
        0
300

302

304
ACVALUE_END
309
DATAMAP_END
 92
        0
 95
        1
302
CONTENT
  1
CELLCONTENT_BEGIN
 90
        1
300
VALUE
 93
        5
 90
        1
 94
        0
300

302

304
ACVALUE_END
 91
        0
309
CELLCONTENT_END
  1
FORMATTEDCELLCONTENT_BEGIN
170
     1
300
CONTENTFORMAT
  1
CONTENTFORMAT_BEGIN
 90
        3
 91
        0
 92
        1
 93
        0
300

 40
0.0
140
1.0
 94
        1
 62
     0
340
0
144
0.18
309
CONTENTFORMAT_END
309
FORMATTEDCELLCONTENT_END
309
LINKEDTABLEDATACELL_END
  1
FORMATTEDTABLEDATACELL_BEGIN
300
CELLTABLEFORMAT
  1
TABLEFORMAT_BEGIN
 90
        1
170
     1
 91
       16
 92
        0
 62
   257
 93
        1
300
CONTENTFORMAT
  1
CONTENTFORMAT_BEGIN
 90
        0
 91
        0
 92
      512
 93
        0
300

 40
0.0
140
1.0
 94
        3
 62
     0
340
0
144
0.18
309
CONTENTFORMAT_END
171
     1
301
MARGIN
  1
CELLMARGIN_BEGIN
 40
0.06
 40
0.06
 40
0.06
 40
0.06
 40
0.18
 40
0.18
309
CELLMARGIN_END
 94
        4
 95
        2
302
GRIDFORMAT
  1
GRIDFORMAT_BEGIN
 90
       37
 91
        1
 62
     0
 92
       -2
340
0
 93
        0
 40
0.045
309
GRIDFORMAT_END
 95
        4
302
GRIDFORMAT
  1
GRIDFORMAT_BEGIN
 90
       37
 91
        1
 62
     0
 92
       -2
340
0
 93
        0
 40
0.045
309
GRIDFORMAT_END
 95
       16
302
GRIDFORMAT
  1
GRIDFORMAT_BEGIN
 90
       37
 91
        1
 62
     0
 92
       -2
340
0
 93
        0
 40
0.045
309
GRIDFORMAT_END
 95
       32
302
GRIDFORMAT
  1
GRIDFORMAT_BEGIN
 90
       37
 91
        1
 62
     0
 92
       -2
340
0
 93
        0
 40
0.045
309
GRIDFORMAT_END
309
TABLEFORMAT_END
309
FORMATTEDTABLEDATACELL_END
  1
TABLECELL_BEGIN
 90
        0
 91
        0
309
TABLECELL_END
300
CELL
  1
LINKEDTABLEDATACELL_BEGIN
 90
        0
300

 91
        0
301
CUSTOMDATA
  1
DATAMAP_BEGIN
 90
        1
300
ACAD_ROUNDTRIP_2008_CELL_CHECKSUM
301
DATAMAP_VALUE
 93
        2
 90
        2
140
0.0
 94
        0
300

302

304
ACVALUE_END
309
DATAMAP_END
 92
        0
 95
        1
302
CONTENT
  1
CELLCONTENT_BEGIN
 90
        1
300
VALUE
 93
        5
 90
        1
 94
        0
300

302

304
ACVALUE_END
 91
        0
309
CELLCONTENT_END
  1
FORMATTEDCELLCONTENT_BEGIN
170
     1
300
CONTENTFORMAT
  1
CONTENTFORMAT_BEGIN
 90
        3
 91
        0
 92
        1
 93
        0
300

 40
0.0
140
1.0
 94
        1
 62
     0
340
0
144
0.18
309
CONTENTFORMAT_END
309
FORMATTEDCELLCONTENT_END
309
LINKEDTABLEDATACELL_END
  1
FORMATTEDTABLEDATACELL_BEGIN
300
CELLTABLEFORMAT
  1
TABLEFORMAT_BEGIN
 90
        1
170
     1
 91
       16
 92
        0
 62
   257
 93
        1
300
CONTENTFORMAT
  1
CONTENTFORMAT_BEGIN
 90
        0
 91
        0
 92
      512
 93
        0
300

 40
0.0
140
1.0
 94
        3
 62
     0
340
0
144
0.18
309
CONTENTFORMAT_END
171
     1
301
MARGIN
  1
CELLMARGIN_BEGIN
 40
0.06
 40
0.06
 40
0.06
 40
0.06
 40
0.18
 40
0.18
309
CELLMARGIN_END
 94
        4
 95
        2
302
GRIDFORMAT
  1
GRIDFORMAT_BEGIN
 90
       37
 91
        1
 62
     0
 92
       -2
340
0
 93
        0
 40
0.045
309
GRIDFORMAT_END
 95
        4
302
GRIDFORMAT
  1
GRIDFORMAT_BEGIN
 90
       37
 91
        1
 62
     0
 92
       -2
340
0
 93
        0
 40
0.045
309
GRIDFORMAT_END
 95
       16
302
GRIDFORMAT
  1
GRIDFORMAT_BEGIN
 90
       37
 91
        1
 62
     0
 92
       -2
340
0
 93
        0
 40
0.045
309
GRIDFORMAT_END
 95
       32
302
GRIDFORMAT
  1
GRIDFORMAT_BEGIN
 90
       37
 91
        1
 62
     0
 92
       -2
340
0
 93
        0
 40
0.045
309
GRIDFORMAT_END
309
TABLEFORMAT_END
309
FORMATTEDTABLEDATACELL_END
  1
TABLECELL_BEGIN
 90
        0
 91
        0
309
TABLECELL_END
 91
        0
301
CUSTOMDATA
  1
DATAMAP_BEGIN
 90
        0
309
DATAMAP_END
309
LINKEDTABLEDATAROW_END
  1
FORMATTEDTABLEDATAROW_BEGIN
300
ROWTABLEFORMAT
  1
TABLEFORMAT_BEGIN
 90
        2
170
     0
309
TABLEFORMAT_END
309
FORMATTEDTABLEDATAROW_END
  1
TABLEROW_BEGIN
 90
        3
 40
0.3620331651045422
309
TABLEROW_END
301
ROW
  1
LINKEDTABLEDATAROW_BEGIN
 90
        5
300
CELL
  1
LINKEDTABLEDATACELL_BEGIN
 90
        0
300

 91
        0
301
CUSTOMDATA
  1
DATAMAP_BEGIN
 90
        1
300
ACAD_ROUNDTRIP_2008_CELL_CHECKSUM
301
DATAMAP_VALUE
 93
        2
 90
        2
140
100.0
 94
        0
300

302

304
ACVALUE_END
309
DATAMAP_END
 92
        0
 95
        1
302
CONTENT
  1
CELLCONTENT_BEGIN
 90
        1
300
VALUE
 93
        6
 90
        4
  1
d
 94
        0
300

302
d
304
ACVALUE_END
 91
        0
309
CELLCONTENT_END
  1
FORMATTEDCELLCONTENT_BEGIN
170
     1
300
CONTENTFORMAT
  1
CONTENTFORMAT_BEGIN
 90
        3
 91
        0
 92
        4
 93
        0
300

 40
0.0
140
1.0
 94
        1
 62
     0
340
BB
144
0.18
309
CONTENTFORMAT_END
309
FORMATTEDCELLCONTENT_END
309
LINKEDTABLEDATACELL_END
  1
FORMATTEDTABLEDATACELL_BEGIN
300
CELLTABLEFORMAT
  1
TABLEFORMAT_BEGIN
 90
        1
170
     1
 91
       16
 92
        0
 62
   257
 93
        1
300
CONTENTFORMAT
  1
CONTENTFORMAT_BEGIN
 90
        0
 91
        0
 92
      512
 93
        0
300

 40
0.0
140
1.0
 94
        3
 62
     0
340
0
144
0.18
309
CONTENTFORMAT_END
171
     1
301
MARGIN
  1
CELLMARGIN_BEGIN
 40
0.06
 40
0.06
 40
0.06
 40
0.06
 40
0.18
 40
0.18
309
CELLMARGIN_END
 94
        5
 95
        2
302
GRIDFORMAT
  1
GRIDFORMAT_BEGIN
 90
       37
 91
        1
 62
     0
 92
       -2
340
0
 93
        0
 40
0.045
309
GRIDFORMAT_END
 95
        4
302
GRIDFORMAT
  1
GRIDFORMAT_BEGIN
 90
       37
 91
        1
 62
     0
 92
       -2
340
0
 93
        0
 40
0.045
309
GRIDFORMAT_END
 95
        8
302
GRIDFORMAT
  1
GRIDFORMAT_BEGIN
 90
       37
 91
        1
 62
     0
 92
       -2
340
0
 93
        0
 40
0.045
309
GRIDFORMAT_END
 95
       16
302
GRIDFORMAT
  1
GRIDFORMAT_BEGIN
 90
       37
 91
        1
 62
     0
 92
       -2
340
0
 93
        0
 40
0.045
309
GRIDFORMAT_END
 95
       32
302
GRIDFORMAT
  1
GRIDFORMAT_BEGIN
 90
       37
 91
        1
 62
     0
 92
       -2
340
0
 93
        0
 40
0.045
309
GRIDFORMAT_END
309
TABLEFORMAT_END
309
FORMATTEDTABLEDATACELL_END
  1
TABLECELL_BEGIN
 90
        0
 91
        0
309
TABLECELL_END
300
CELL
  1
LINKEDTABLEDATACELL_BEGIN
 90
        0
300

 91
        0
301
CUSTOMDATA
  1
DATAMAP_BEGIN
 90
        1
300
ACAD_ROUNDTRIP_2008_CELL_CHECKSUM
301
DATAMAP_VALUE
 93
        2
 90
        2
140
0.0
 94
        0
300

302

304
ACVALUE_END
309
DATAMAP_END
 92
        0
 95
        1
302
CONTENT
  1
CELLCONTENT_BEGIN
 90
        1
300
VALUE
 93
        5
 90
        1
 94
        0
300

302

304
ACVALUE_END
 91
        0
309
CELLCONTENT_END
  1
FORMATTEDCELLCONTENT_BEGIN
170
     1
300
CONTENTFORMAT
  1
CONTENTFORMAT_BEGIN
 90
        3
 91
        0
 92
        1
 93
        0
300

 40
0.0
140
1.0
 94
        1
 62
     0
340
0
144
0.18
309
CONTENTFORMAT_END
309
FORMATTEDCELLCONTENT_END
309
LINKEDTABLEDATACELL_END
  1
FORMATTEDTABLEDATACELL_BEGIN
300
CELLTABLEFORMAT
  1
TABLEFORMAT_BEGIN
 90
        1
170
     1
 91
       16
 92
        0
 62
   257
 93
        1
300
CONTENTFORMAT
  1
CONTENTFORMAT_BEGIN
 90
        0
 91
        0
 92
      512
 93
        0
300

 40
0.0
140
1.0
 94
        3
 62
     0
340
0
144
0.18
309
CONTENTFORMAT_END
171
     1
301
MARGIN
  1
CELLMARGIN_BEGIN
 40
0.06
 40
0.06
 40
0.06
 40
0.06
 40
0.18
 40
0.18
309
CELLMARGIN_END
 94
        4
 95
        2
302
GRIDFORMAT
  1
GRIDFORMAT_BEGIN
 90
       37
 91
        1
 62
     0
 92
       -2
340
0
 93
        0
 40
0.045
309
GRIDFORMAT_END
 95
        4
302
GRIDFORMAT
  1
GRIDFORMAT_BEGIN
 90
       37
 91
        1
 62
     0
 92
       -2
340
0
 93
        0
 40
0.045
309
GRIDFORMAT_END
 95
       16
302
GRIDFORMAT
  1
GRIDFORMAT_BEGIN
 90
       37
 91
        1
 62
     0
 92
       -2
340
0
 93
        0
 40
0.045
309
GRIDFORMAT_END
 95
       32
302
GRIDFORMAT
  1
GRIDFORMAT_BEGIN
 90
       37
 91
        1
 62
     0
 92
       -2
340
0
 93
        0
 40
0.045
309
GRIDFORMAT_END
309
TABLEFORMAT_END
309
FORMATTEDTABLEDATACELL_END
  1
TABLECELL_BEGIN
 90
        0
 91
        0
309
TABLECELL_END
300
CELL
  1
LINKEDTABLEDATACELL_BEGIN
 90
        0
300

 91
        0
301
CUSTOMDATA
  1
DATAMAP_BEGIN
 90
        1
300
ACAD_ROUNDTRIP_2008_CELL_CHECKSUM
301
DATAMAP_VALUE
 93
        2
 90
        2
140
0.0
 94
        0
300

302

304
ACVALUE_END
309
DATAMAP_END
 92
        0
 95
        1
302
CONTENT
  1
CELLCONTENT_BEGIN
 90
        1
300
VALUE
 93
        5
 90
        4
 94
        0
300

302

304
ACVALUE_END
 91
        0
309
CELLCONTENT_END
  1
FORMATTEDCELLCONTENT_BEGIN
170
     1
300
CONTENTFORMAT
  1
CONTENTFORMAT_BEGIN
 90
        3
 91
        0
 92
        4
 93
        0
300

 40
0.0
140
1.0
 94
        1
 62
     0
340
0
144
0.18
309
CONTENTFORMAT_END
309
FORMATTEDCELLCONTENT_END
309
LINKEDTABLEDATACELL_END
  1
FORMATTEDTABLEDATACELL_BEGIN
300
CELLTABLEFORMAT
  1
TABLEFORMAT_BEGIN
 90
        1
170
     1
 91
       16
 92
        0
 62
   257
 93
        1
300
CONTENTFORMAT
  1
CONTENTFORMAT_BEGIN
 90
        0
 91
        0
 92
      512
 93
        0
300

 40
0.0
140
1.0
 94
        3
 62
     0
340
0
144
0.18
309
CONTENTFORMAT_END
171
     1
301
MARGIN
  1
CELLMARGIN_BEGIN
 40
0.06
 40
0.06
 40
0.06
 40
0.06
 40
0.18
 40
0.18
309
CELLMARGIN_END
 94
        4
 95
        2
302
GRIDFORMAT
  1
GRIDFORMAT_BEGIN
 90
       37
 91
        1
 62
     0
 92
       -2
340
0
 93
        0
 40
0.045
309
GRIDFORMAT_END
 95
        4
302
GRIDFORMAT
  1
GRIDFORMAT_BEGIN
 90
       37
 91
        1
 62
     0
 92
       -2
340
0
 93
        0
 40
0.045
309
GRIDFORMAT_END
 95
       16
302
GRIDFORMAT
  1
GRIDFORMAT_BEGIN
 90
       37
 91
        1
 62
     0
 92
       -2
340
0
 93
        0
 40
0.045
309
GRIDFORMAT_END
 95
       32
302
GRIDFORMAT
  1
GRIDFORMAT_BEGIN
 90
       37
 91
        1
 62
     0
 92
       -2
340
0
 93
        0
 40
0.045
309
GRIDFORMAT_END
309
TABLEFORMAT_END
309
FORMATTEDTABLEDATACELL_END
  1
TABLECELL_BEGIN
 90
        0
 91
        0
309
TABLECELL_END
300
CELL
  1
LINKEDTABLEDATACELL_BEGIN
 90
        0
300

 91
        0
301
CUSTOMDATA
  1
DATAMAP_BEGIN
 90
        1
300
ACAD_ROUNDTRIP_2008_CELL_CHECKSUM
301
DATAMAP_VALUE
 93
        2
 90
        2
140
0.0
 94
        0
300

302

304
ACVALUE_END
309
DATAMAP_END
 92
        0
 95
        1
302
CONTENT
  1
CELLCONTENT_BEGIN
 90
        1
300
VALUE
 93
        5
 90
        1
 94
        0
300

302

304
ACVALUE_END
 91
        0
309
CELLCONTENT_END
  1
FORMATTEDCELLCONTENT_BEGIN
170
     1
300
CONTENTFORMAT
  1
CONTENTFORMAT_BEGIN
 90
        3
 91
        0
 92
        1
 93
        0
300

 40
0.0
140
1.0
 94
        1
 62
     0
340
0
144
0.18
309
CONTENTFORMAT_END
309
FORMATTEDCELLCONTENT_END
309
LINKEDTABLEDATACELL_END
  1
FORMATTEDTABLEDATACELL_BEGIN
300
CELLTABLEFORMAT
  1
TABLEFORMAT_BEGIN
 90
        1
170
     1
 91
       16
 92
        0
 62
   257
 93
        1
300
CONTENTFORMAT
  1
CONTENTFORMAT_BEGIN
 90
        0
 91
        0
 92
      512
 93
        0
300

 40
0.0
140
1.0
 94
        3
 62
     0
340
0
144
0.18
309
CONTENTFORMAT_END
171
     1
301
MARGIN
  1
CELLMARGIN_BEGIN
 40
0.06
 40
0.06
 40
0.06
 40
0.06
 40
0.18
 40
0.18
309
CELLMARGIN_END
 94
        4
 95
        2
302
GRIDFORMAT
  1
GRIDFORMAT_BEGIN
 90
       37
 91
        1
 62
     0
 92
       -2
340
0
 93
        0
 40
0.045
309
GRIDFORMAT_END
 95
        4
302
GRIDFORMAT
  1
GRIDFORMAT_BEGIN
 90
       37
 91
        1
 62
     0
 92
       -2
340
0
 93
        0
 40
0.045
309
GRIDFORMAT_END
 95
       16
302
GRIDFORMAT
  1
GRIDFORMAT_BEGIN
 90
       37
 91
        1
 62
     0
 92
       -2
340
0
 93
        0
 40
0.045
309
GRIDFORMAT_END
 95
       32
302
GRIDFORMAT
  1
GRIDFORMAT_BEGIN
 90
       37
 91
        1
 62
     0
 92
       -2
340
0
 93
        0
 40
0.045
309
GRIDFORMAT_END
309
TABLEFORMAT_END
309
FORMATTEDTABLEDATACELL_END
  1
TABLECELL_BEGIN
 90
        0
 91
        0
309
TABLECELL_END
300
CELL
  1
LINKEDTABLEDATACELL_BEGIN
 90
        0
300

 91
        0
301
CUSTOMDATA
  1
DATAMAP_BEGIN
 90
        1
300
ACAD_ROUNDTRIP_2008_CELL_CHECKSUM
301
DATAMAP_VALUE
 93
        2
 90
        2
140
0.0
 94
        0
300

302

304
ACVALUE_END
309
DATAMAP_END
 92
        0
 95
        1
302
CONTENT
  1
CELLCONTENT_BEGIN
 90
        1
300
VALUE
 93
        5
 90
        1
 94
        0
300

302

304
ACVALUE_END
 91
        0
309
CELLCONTENT_END
  1
FORMATTEDCELLCONTENT_BEGIN
170
     1
300
CONTENTFORMAT
  1
CONTENTFORMAT_BEGIN
 90
        3
 91
        0
 92
        1
 93
        0
300

 40
0.0
140
1.0
 94
        1
 62
     0
340
0
144
0.18
309
CONTENTFORMAT_END
309
FORMATTEDCELLCONTENT_END
309
LINKEDTABLEDATACELL_END
  1
FORMATTEDTABLEDATACELL_BEGIN
300
CELLTABLEFORMAT
  1
TABLEFORMAT_BEGIN
 90
        1
170
     1
 91
       16
 92
        0
 62
   257
 93
        1
300
CONTENTFORMAT
  1
CONTENTFORMAT_BEGIN
 90
        0
 91
        0
 92
      512
 93
        0
300

 40
0.0
140
1.0
 94
        3
 62
     0
340
0
144
0.18
309
CONTENTFORMAT_END
171
     1
301
MARGIN
  1
CELLMARGIN_BEGIN
 40
0.06
 40
0.06
 40
0.06
 40
0.06
 40
0.18
 40
0.18
309
CELLMARGIN_END
 94
        4
 95
        2
302
GRIDFORMAT
  1
GRIDFORMAT_BEGIN
 90
       37
 91
        1
 62
     0
 92
       -2
340
0
 93
        0
 40
0.045
309
GRIDFORMAT_END
 95
        4
302
GRIDFORMAT
  1
GRIDFORMAT_BEGIN
 90
       37
 91
        1
 62
     0
 92
       -2
340
0
 93
        0
 40
0.045
309
GRIDFORMAT_END
 95
       16
302
GRIDFORMAT
  1
GRIDFORMAT_BEGIN
 90
       37
 91
        1
 62
     0
 92
       -2
340
0
 93
        0
 40
0.045
309
GRIDFORMAT_END
 95
       32
302
GRIDFORMAT
  1
GRIDFORMAT_BEGIN
 90
       37
 91
        1
 62
     0
 92
       -2
340
0
 93
        0
 40
0.045
309
GRIDFORMAT_END
309
TABLEFORMAT_END
309
FORMATTEDTABLEDATACELL_END
  1
TABLECELL_BEGIN
 90
        0
 91
        0
309
TABLECELL_END
 91
        0
301
CUSTOMDATA
  1
DATAMAP_BEGIN
 90
        0
309
DATAMAP_END
309
LINKEDTABLEDATAROW_END
  1
FORMATTEDTABLEDATAROW_BEGIN
300
ROWTABLEFORMAT
  1
TABLEFORMAT_BEGIN
 90
        2
170
     0
309
TABLEFORMAT_END
309
FORMATTEDTABLEDATAROW_END
  1
TABLEROW_BEGIN
 90
        3
 40
0.3620331651045422
309
TABLEROW_END
301
ROW
  1
LINKEDTABLEDATAROW_BEGIN
 90
        5
300
CELL
  1
LINKEDTABLEDATACELL_BEGIN
 90
        0
300

 91
        0
301
CUSTOMDATA
  1
DATAMAP_BEGIN
 90
        1
300
ACAD_ROUNDTRIP_2008_CELL_CHECKSUM
301
DATAMAP_VALUE
 93
        2
 90
        2
140
102.0
 94
        0
300

302

304
ACVALUE_END
309
DATAMAP_END
 92
        0
 95
        1
302
CONTENT
  1
CELLCONTENT_BEGIN
 90
        1
300
VALUE
 93
        6
 90
        4
  1
f
 94
        0
300

302
f
304
ACVALUE_END
 91
        0
309
CELLCONTENT_END
  1
FORMATTEDCELLCONTENT_BEGIN
170
     1
300
CONTENTFORMAT
  1
CONTENTFORMAT_BEGIN
 90
        3
 91
        0
 92
        4
 93
        0
300

 40
0.0
140
1.0
 94
        1
 62
     0
340
BB
144
0.18
309
CONTENTFORMAT_END
309
FORMATTEDCELLCONTENT_END
309
LINKEDTABLEDATACELL_END
  1
FORMATTEDTABLEDATACELL_BEGIN
300
CELLTABLEFORMAT
  1
TABLEFORMAT_BEGIN
 90
        1
170
     1
 91
       16
 92
        0
 62
   257
 93
        1
300
CONTENTFORMAT
  1
CONTENTFORMAT_BEGIN
 90
        0
 91
        0
 92
      512
 93
        0
300

 40
0.0
140
1.0
 94
        3
 62
     0
340
0
144
0.18
309
CONTENTFORMAT_END
171
     1
301
MARGIN
  1
CELLMARGIN_BEGIN
 40
0.06
 40
0.06
 40
0.06
 40
0.06
 40
0.18
 40
0.18
309
CELLMARGIN_END
 94
        5
 95
        2
302
GRIDFORMAT
  1
GRIDFORMAT_BEGIN
 90
       37
 91
        1
 62
     0
 92
       -2
340
0
 93
        0
 40
0.045
309
GRIDFORMAT_END
 95
        4
302
GRIDFORMAT
  1
GRIDFORMAT_BEGIN
 90
       37
 91
        1
 62
     0
 92
       -2
340
0
 93
        0
 40
0.045
309
GRIDFORMAT_END
 95
        8
302
GRIDFORMAT
  1
GRIDFORMAT_BEGIN
 90
       37
 91
        1
 62
     0
 92
       -2
340
0
 93
        0
 40
0.045
309
GRIDFORMAT_END
 95
       16
302
GRIDFORMAT
  1
GRIDFORMAT_BEGIN
 90
       37
 91
        1
 62
     0
 92
       -2
340
0
 93
        0
 40
0.045
309
GRIDFORMAT_END
 95
       32
302
GRIDFORMAT
  1
GRIDFORMAT_BEGIN
 90
       37
 91
        1
 62
     0
 92
       -2
340
0
 93
        0
 40
0.045
309
GRIDFORMAT_END
309
TABLEFORMAT_END
309
FORMATTEDTABLEDATACELL_END
  1
TABLECELL_BEGIN
 90
        0
 91
        0
309
TABLECELL_END
300
CELL
  1
LINKEDTABLEDATACELL_BEGIN
 90
        0
300

 91
        0
301
CUSTOMDATA
  1
DATAMAP_BEGIN
 90
        1
300
ACAD_ROUNDTRIP_2008_CELL_CHECKSUM
301
DATAMAP_VALUE
 93
        2
 90
        2
140
0.0
 94
        0
300

302

304
ACVALUE_END
309
DATAMAP_END
 92
        0
 95
        1
302
CONTENT
  1
CELLCONTENT_BEGIN
 90
        1
300
VALUE
 93
        5
 90
        1
 94
        0
300

302

304
ACVALUE_END
 91
        0
309
CELLCONTENT_END
  1
FORMATTEDCELLCONTENT_BEGIN
170
     1
300
CONTENTFORMAT
  1
CONTENTFORMAT_BEGIN
 90
        3
 91
        0
 92
        1
 93
        0
300

 40
0.0
140
1.0
 94
        1
 62
     0
340
0
144
0.18
309
CONTENTFORMAT_END
309
FORMATTEDCELLCONTENT_END
309
LINKEDTABLEDATACELL_END
  1
FORMATTEDTABLEDATACELL_BEGIN
300
CELLTABLEFORMAT
  1
TABLEFORMAT_BEGIN
 90
        1
170
     1
 91
       16
 92
        0
 62
   257
 93
        1
300
CONTENTFORMAT
  1
CONTENTFORMAT_BEGIN
 90
        0
 91
        0
 92
      512
 93
        0
300

 40
0.0
140
1.0
 94
        3
 62
     0
340
0
144
0.18
309
CONTENTFORMAT_END
171
     1
301
MARGIN
  1
CELLMARGIN_BEGIN
 40
0.06
 40
0.06
 40
0.06
 40
0.06
 40
0.18
 40
0.18
309
CELLMARGIN_END
 94
        4
 95
        2
302
GRIDFORMAT
  1
GRIDFORMAT_BEGIN
 90
       37
 91
        1
 62
     0
 92
       -2
340
0
 93
        0
 40
0.045
309
GRIDFORMAT_END
 95
        4
302
GRIDFORMAT
  1
GRIDFORMAT_BEGIN
 90
       37
 91
        1
 62
     0
 92
       -2
340
0
 93
        0
 40
0.045
309
GRIDFORMAT_END
 95
       16
302
GRIDFORMAT
  1
GRIDFORMAT_BEGIN
 90
       37
 91
        1
 62
     0
 92
       -2
340
0
 93
        0
 40
0.045
309
GRIDFORMAT_END
 95
       32
302
GRIDFORMAT
  1
GRIDFORMAT_BEGIN
 90
       37
 91
        1
 62
     0
 92
       -2
340
0
 93
        0
 40
0.045
309
GRIDFORMAT_END
309
TABLEFORMAT_END
309
FORMATTEDTABLEDATACELL_END
  1
TABLECELL_BEGIN
 90
        0
 91
        0
309
TABLECELL_END
300
CELL
  1
LINKEDTABLEDATACELL_BEGIN
 90
        0
300

 91
        0
301
CUSTOMDATA
  1
DATAMAP_BEGIN
 90
        1
300
ACAD_ROUNDTRIP_2008_CELL_CHECKSUM
301
DATAMAP_VALUE
 93
        2
 90
        2
140
0.0
 94
        0
300

302

304
ACVALUE_END
309
DATAMAP_END
 92
        0
 95
        1
302
CONTENT
  1
CELLCONTENT_BEGIN
 90
        1
300
VALUE
 93
        5
 90
        4
 94
        0
300

302

304
ACVALUE_END
 91
        0
309
CELLCONTENT_END
  1
FORMATTEDCELLCONTENT_BEGIN
170
     1
300
CONTENTFORMAT
  1
CONTENTFORMAT_BEGIN
 90
        3
 91
        0
 92
        4
 93
        0
300

 40
0.0
140
1.0
 94
        1
 62
     0
340
0
144
0.18
309
CONTENTFORMAT_END
309
FORMATTEDCELLCONTENT_END
309
LINKEDTABLEDATACELL_END
  1
FORMATTEDTABLEDATACELL_BEGIN
300
CELLTABLEFORMAT
  1
TABLEFORMAT_BEGIN
 90
        1
170
     1
 91
       16
 92
        0
 62
   257
 93
        1
300
CONTENTFORMAT
  1
CONTENTFORMAT_BEGIN
 90
        0
 91
        0
 92
      512
 93
        0
300

 40
0.0
140
1.0
 94
        3
 62
     0
340
0
144
0.18
309
CONTENTFORMAT_END
171
     1
301
MARGIN
  1
CELLMARGIN_BEGIN
 40
0.06
 40
0.06
 40
0.06
 40
0.06
 40
0.18
 40
0.18
309
CELLMARGIN_END
 94
        4
 95
        2
302
GRIDFORMAT
  1
GRIDFORMAT_BEGIN
 90
       37
 91
        1
 62
     0
 92
       -2
340
0
 93
        0
 40
0.045
309
GRIDFORMAT_END
 95
        4
302
GRIDFORMAT
  1
GRIDFORMAT_BEGIN
 90
       37
 91
        1
 62
     0
 92
       -2
340
0
 93
        0
 40
0.045
309
GRIDFORMAT_END
 95
       16
302
GRIDFORMAT
  1
GRIDFORMAT_BEGIN
 90
       37
 91
        1
 62
     0
 92
       -2
340
0
 93
        0
 40
0.045
309
GRIDFORMAT_END
 95
       32
302
GRIDFORMAT
  1
GRIDFORMAT_BEGIN
 90
       37
 91
        1
 62
     0
 92
       -2
340
0
 93
        0
 40
0.045
309
GRIDFORMAT_END
309
TABLEFORMAT_END
309
FORMATTEDTABLEDATACELL_END
  1
TABLECELL_BEGIN
 90
        0
 91
        0
309
TABLECELL_END
300
CELL
  1
LINKEDTABLEDATACELL_BEGIN
 90
        0
300

 91
        0
301
CUSTOMDATA
  1
DATAMAP_BEGIN
 90
        1
300
ACAD_ROUNDTRIP_2008_CELL_CHECKSUM
301
DATAMAP_VALUE
 93
        2
 90
        2
140
0.0
 94
        0
300

302

304
ACVALUE_END
309
DATAMAP_END
 92
        0
 95
        1
302
CONTENT
  1
CELLCONTENT_BEGIN
 90
        1
300
VALUE
 93
        5
 90
        1
 94
        0
300

302

304
ACVALUE_END
 91
        0
309
CELLCONTENT_END
  1
FORMATTEDCELLCONTENT_BEGIN
170
     1
300
CONTENTFORMAT
  1
CONTENTFORMAT_BEGIN
 90
        3
 91
        0
 92
        1
 93
        0
300

 40
0.0
140
1.0
 94
        1
 62
     0
340
0
144
0.18
309
CONTENTFORMAT_END
309
FORMATTEDCELLCONTENT_END
309
LINKEDTABLEDATACELL_END
  1
FORMATTEDTABLEDATACELL_BEGIN
300
CELLTABLEFORMAT
  1
TABLEFORMAT_BEGIN
 90
        1
170
     1
 91
       16
 92
        0
 62
   257
 93
        1
300
CONTENTFORMAT
  1
CONTENTFORMAT_BEGIN
 90
        0
 91
        0
 92
      512
 93
        0
300

 40
0.0
140
1.0
 94
        3
 62
     0
340
0
144
0.18
309
CONTENTFORMAT_END
171
     1
301
MARGIN
  1
CELLMARGIN_BEGIN
 40
0.06
 40
0.06
 40
0.06
 40
0.06
 40
0.18
 40
0.18
309
CELLMARGIN_END
 94
        4
 95
        2
302
GRIDFORMAT
  1
GRIDFORMAT_BEGIN
 90
       37
 91
        1
 62
     0
 92
       -2
340
0
 93
        0
 40
0.045
309
GRIDFORMAT_END
 95
        4
302
GRIDFORMAT
  1
GRIDFORMAT_BEGIN
 90
       37
 91
        1
 62
     0
 92
       -2
340
0
 93
        0
 40
0.045
309
GRIDFORMAT_END
 95
       16
302
GRIDFORMAT
  1
GRIDFORMAT_BEGIN
 90
       37
 91
        1
 62
     0
 92
       -2
340
0
 93
        0
 40
0.045
309
GRIDFORMAT_END
 95
       32
302
GRIDFORMAT
  1
GRIDFORMAT_BEGIN
 90
       37
 91
        1
 62
     0
 92
       -2
340
0
 93
        0
 40
0.045
309
GRIDFORMAT_END
309
TABLEFORMAT_END
309
FORMATTEDTABLEDATACELL_END
  1
TABLECELL_BEGIN
 90
        0
 91
        0
309
TABLECELL_END
300
CELL
  1
LINKEDTABLEDATACELL_BEGIN
 90
        0
300

 91
        0
301
CUSTOMDATA
  1
DATAMAP_BEGIN
 90
        1
300
ACAD_ROUNDTRIP_2008_CELL_CHECKSUM
301
DATAMAP_VALUE
 93
        2
 90
        2
140
0.0
 94
        0
300

302

304
ACVALUE_END
309
DATAMAP_END
 92
        0
 95
        1
302
CONTENT
  1
CELLCONTENT_BEGIN
 90
        1
300
VALUE
 93
        5
 90
        1
 94
        0
300

302

304
ACVALUE_END
 91
        0
309
CELLCONTENT_END
  1
FORMATTEDCELLCONTENT_BEGIN
170
     1
300
CONTENTFORMAT
  1
CONTENTFORMAT_BEGIN
 90
        3
 91
        0
 92
        1
 93
        0
300

 40
0.0
140
1.0
 94
        1
 62
     0
340
0
144
0.18
309
CONTENTFORMAT_END
309
FORMATTEDCELLCONTENT_END
309
LINKEDTABLEDATACELL_END
  1
FORMATTEDTABLEDATACELL_BEGIN
300
CELLTABLEFORMAT
  1
TABLEFORMAT_BEGIN
 90
        1
170
     1
 91
       16
 92
        0
 62
   257
 93
        1
300
CONTENTFORMAT
  1
CONTENTFORMAT_BEGIN
 90
        0
 91
        0
 92
      512
 93
        0
300

 40
0.0
140
1.0
 94
        3
 62
     0
340
0
144
0.18
309
CONTENTFORMAT_END
171
     1
301
MARGIN
  1
CELLMARGIN_BEGIN
 40
0.06
 40
0.06
 40
0.06
 40
0.06
 40
0.18
 40
0.18
309
CELLMARGIN_END
 94
        4
 95
        2
302
GRIDFORMAT
  1
GRIDFORMAT_BEGIN
 90
       37
 91
        1
 62
     0
 92
       -2
340
0
 93
        0
 40
0.045
309
GRIDFORMAT_END
 95
        4
302
GRIDFORMAT
  1
GRIDFORMAT_BEGIN
 90
       37
 91
        1
 62
     0
 92
       -2
340
0
 93
        0
 40
0.045
309
GRIDFORMAT_END
 95
       16
302
GRIDFORMAT
  1
GRIDFORMAT_BEGIN
 90
       37
 91
        1
 62
     0
 92
       -2
340
0
 93
        0
 40
0.045
309
GRIDFORMAT_END
 95
       32
302
GRIDFORMAT
  1
GRIDFORMAT_BEGIN
 90
       37
 91
        1
 62
     0
 92
       -2
340
0
 93
        0
 40
0.045
309
GRIDFORMAT_END
309
TABLEFORMAT_END
309
FORMATTEDTABLEDATACELL_END
  1
TABLECELL_BEGIN
 90
        0
 91
        0
309
TABLECELL_END
 91
        0
301
CUSTOMDATA
  1
DATAMAP_BEGIN
 90
        0
309
DATAMAP_END
309
LINKEDTABLEDATAROW_END
  1
FORMATTEDTABLEDATAROW_BEGIN
300
ROWTABLEFORMAT
  1
TABLEFORMAT_BEGIN
 90
        2
170
     0
309
TABLEFORMAT_END
309
FORMATTEDTABLEDATAROW_END
  1
TABLEROW_BEGIN
 90
        3
 40
0.3620331651045422
309
TABLEROW_END
301
ROW
  1
LINKEDTABLEDATAROW_BEGIN
 90
        5
300
CELL
  1
LINKEDTABLEDATACELL_BEGIN
 90
        0
300

 91
        0
301
CUSTOMDATA
  1
DATAMAP_BEGIN
 90
        1
300
ACAD_ROUNDTRIP_2008_CELL_CHECKSUM
301
DATAMAP_VALUE
 93
        2
 90
        2
140
103.0
 94
        0
300

302

304
ACVALUE_END
309
DATAMAP_END
 92
        0
 95
        1
302
CONTENT
  1
CELLCONTENT_BEGIN
 90
        1
300
VALUE
 93
        6
 90
        4
  1
g
 94
        0
300

302
g
304
ACVALUE_END
 91
        0
309
CELLCONTENT_END
  1
FORMATTEDCELLCONTENT_BEGIN
170
     1
300
CONTENTFORMAT
  1
CONTENTFORMAT_BEGIN
 90
        3
 91
        0
 92
        4
 93
        0
300

 40
0.0
140
1.0
 94
        1
 62
     0
340
BB
144
0.18
309
CONTENTFORMAT_END
309
FORMATTEDCELLCONTENT_END
309
LINKEDTABLEDATACELL_END
  1
FORMATTEDTABLEDATACELL_BEGIN
300
CELLTABLEFORMAT
  1
TABLEFORMAT_BEGIN
 90
        1
170
     1
 91
       16
 92
        0
 62
   257
 93
        1
300
CONTENTFORMAT
  1
CONTENTFORMAT_BEGIN
 90
        0
 91
        0
 92
      512
 93
        0
300

 40
0.0
140
1.0
 94
        3
 62
     0
340
0
144
0.18
309
CONTENTFORMAT_END
171
     1
301
MARGIN
  1
CELLMARGIN_BEGIN
 40
0.06
 40
0.06
 40
0.06
 40
0.06
 40
0.18
 40
0.18
309
CELLMARGIN_END
 94
        5
 95
        2
302
GRIDFORMAT
  1
GRIDFORMAT_BEGIN
 90
       37
 91
        1
 62
     0
 92
       -2
340
0
 93
        0
 40
0.045
309
GRIDFORMAT_END
 95
        4
302
GRIDFORMAT
  1
GRIDFORMAT_BEGIN
 90
       37
 91
        1
 62
     0
 92
       -2
340
0
 93
        0
 40
0.045
309
GRIDFORMAT_END
 95
        8
302
GRIDFORMAT
  1
GRIDFORMAT_BEGIN
 90
       37
 91
        1
 62
     0
 92
       -2
340
0
 93
        0
 40
0.045
309
GRIDFORMAT_END
 95
       16
302
GRIDFORMAT
  1
GRIDFORMAT_BEGIN
 90
       37
 91
        1
 62
     0
 92
       -2
340
0
 93
        0
 40
0.045
309
GRIDFORMAT_END
 95
       32
302
GRIDFORMAT
  1
GRIDFORMAT_BEGIN
 90
       37
 91
        1
 62
     0
 92
       -2
340
0
 93
        0
 40
0.045
309
GRIDFORMAT_END
309
TABLEFORMAT_END
309
FORMATTEDTABLEDATACELL_END
  1
TABLECELL_BEGIN
 90
        0
 91
        0
309
TABLECELL_END
300
CELL
  1
LINKEDTABLEDATACELL_BEGIN
 90
        0
300

 91
        0
301
CUSTOMDATA
  1
DATAMAP_BEGIN
 90
        1
300
ACAD_ROUNDTRIP_2008_CELL_CHECKSUM
301
DATAMAP_VALUE
 93
        2
 90
        2
140
0.0
 94
        0
300

302

304
ACVALUE_END
309
DATAMAP_END
 92
        0
 95
        1
302
CONTENT
  1
CELLCONTENT_BEGIN
 90
        1
300
VALUE
 93
        5
 90
        1
 94
        0
300

302

304
ACVALUE_END
 91
        0
309
CELLCONTENT_END
  1
FORMATTEDCELLCONTENT_BEGIN
170
     1
300
CONTENTFORMAT
  1
CONTENTFORMAT_BEGIN
 90
        3
 91
        0
 92
        1
 93
        0
300

 40
0.0
140
1.0
 94
        1
 62
     0
340
0
144
0.18
309
CONTENTFORMAT_END
309
FORMATTEDCELLCONTENT_END
309
LINKEDTABLEDATACELL_END
  1
FORMATTEDTABLEDATACELL_BEGIN
300
CELLTABLEFORMAT
  1
TABLEFORMAT_BEGIN
 90
        1
170
     1
 91
       16
 92
        0
 62
   257
 93
        1
300
CONTENTFORMAT
  1
CONTENTFORMAT_BEGIN
 90
        0
 91
        0
 92
      512
 93
        0
300

 40
0.0
140
1.0
 94
        3
 62
     0
340
0
144
0.18
309
CONTENTFORMAT_END
171
     1
301
MARGIN
  1
CELLMARGIN_BEGIN
 40
0.06
 40
0.06
 40
0.06
 40
0.06
 40
0.18
 40
0.18
309
CELLMARGIN_END
 94
        4
 95
        2
302
GRIDFORMAT
  1
GRIDFORMAT_BEGIN
 90
       37
 91
        1
 62
     0
 92
       -2
340
0
 93
        0
 40
0.045
309
GRIDFORMAT_END
 95
        4
302
GRIDFORMAT
  1
GRIDFORMAT_BEGIN
 90
       37
 91
        1
 62
     0
 92
       -2
340
0
 93
        0
 40
0.045
309
GRIDFORMAT_END
 95
       16
302
GRIDFORMAT
  1
GRIDFORMAT_BEGIN
 90
       37
 91
        1
 62
     0
 92
       -2
340
0
 93
        0
 40
0.045
309
GRIDFORMAT_END
 95
       32
302
GRIDFORMAT
  1
GRIDFORMAT_BEGIN
 90
       37
 91
        1
 62
     0
 92
       -2
340
0
 93
        0
 40
0.045
309
GRIDFORMAT_END
309
TABLEFORMAT_END
309
FORMATTEDTABLEDATACELL_END
  1
TABLECELL_BEGIN
 90
        0
 91
        0
309
TABLECELL_END
300
CELL
  1
LINKEDTABLEDATACELL_BEGIN
 90
        0
300

 91
        0
301
CUSTOMDATA
  1
DATAMAP_BEGIN
 90
        1
300
ACAD_ROUNDTRIP_2008_CELL_CHECKSUM
301
DATAMAP_VALUE
 93
        2
 90
        2
140
0.0
 94
        0
300

302

304
ACVALUE_END
309
DATAMAP_END
 92
        0
 95
        1
302
CONTENT
  1
CELLCONTENT_BEGIN
 90
        1
300
VALUE
 93
        5
 90
        4
 94
        0
300

302

304
ACVALUE_END
 91
        0
309
CELLCONTENT_END
  1
FORMATTEDCELLCONTENT_BEGIN
170
     1
300
CONTENTFORMAT
  1
CONTENTFORMAT_BEGIN
 90
        3
 91
        0
 92
        4
 93
        0
300

 40
0.0
140
1.0
 94
        1
 62
     0
340
0
144
0.18
309
CONTENTFORMAT_END
309
FORMATTEDCELLCONTENT_END
309
LINKEDTABLEDATACELL_END
  1
FORMATTEDTABLEDATACELL_BEGIN
300
CELLTABLEFORMAT
  1
TABLEFORMAT_BEGIN
 90
        1
170
     1
 91
       16
 92
        0
 62
   257
 93
        1
300
CONTENTFORMAT
  1
CONTENTFORMAT_BEGIN
 90
        0
 91
        0
 92
      512
 93
        0
300

 40
0.0
140
1.0
 94
        3
 62
     0
340
0
144
0.18
309
CONTENTFORMAT_END
171
     1
301
MARGIN
  1
CELLMARGIN_BEGIN
 40
0.06
 40
0.06
 40
0.06
 40
0.06
 40
0.18
 40
0.18
309
CELLMARGIN_END
 94
        4
 95
        2
302
GRIDFORMAT
  1
GRIDFORMAT_BEGIN
 90
       37
 91
        1
 62
     0
 92
       -2
340
0
 93
        0
 40
0.045
309
GRIDFORMAT_END
 95
        4
302
GRIDFORMAT
  1
GRIDFORMAT_BEGIN
 90
       37
 91
        1
 62
     0
 92
       -2
340
0
 93
        0
 40
0.045
309
GRIDFORMAT_END
 95
       16
302
GRIDFORMAT
  1
GRIDFORMAT_BEGIN
 90
       37
 91
        1
 62
     0
 92
       -2
340
0
 93
        0
 40
0.045
309
GRIDFORMAT_END
 95
       32
302
GRIDFORMAT
  1
GRIDFORMAT_BEGIN
 90
       37
 91
        1
 62
     0
 92
       -2
340
0
 93
        0
 40
0.045
309
GRIDFORMAT_END
309
TABLEFORMAT_END
309
FORMATTEDTABLEDATACELL_END
  1
TABLECELL_BEGIN
 90
        0
 91
        0
309
TABLECELL_END
300
CELL
  1
LINKEDTABLEDATACELL_BEGIN
 90
        0
300

 91
        0
301
CUSTOMDATA
  1
DATAMAP_BEGIN
 90
        1
300
ACAD_ROUNDTRIP_2008_CELL_CHECKSUM
301
DATAMAP_VALUE
 93
        2
 90
        2
140
0.0
 94
        0
300

302

304
ACVALUE_END
309
DATAMAP_END
 92
        0
 95
        1
302
CONTENT
  1
CELLCONTENT_BEGIN
 90
        1
300
VALUE
 93
        5
 90
        1
 94
        0
300

302

304
ACVALUE_END
 91
        0
309
CELLCONTENT_END
  1
FORMATTEDCELLCONTENT_BEGIN
170
     1
300
CONTENTFORMAT
  1
CONTENTFORMAT_BEGIN
 90
        3
 91
        0
 92
        1
 93
        0
300

 40
0.0
140
1.0
 94
        1
 62
     0
340
0
144
0.18
309
CONTENTFORMAT_END
309
FORMATTEDCELLCONTENT_END
309
LINKEDTABLEDATACELL_END
  1
FORMATTEDTABLEDATACELL_BEGIN
300
CELLTABLEFORMAT
  1
TABLEFORMAT_BEGIN
 90
        1
170
     1
 91
       16
 92
        0
 62
   257
 93
        1
300
CONTENTFORMAT
  1
CONTENTFORMAT_BEGIN
 90
        0
 91
        0
 92
      512
 93
        0
300

 40
0.0
140
1.0
 94
        3
 62
     0
340
0
144
0.18
309
CONTENTFORMAT_END
171
     1
301
MARGIN
  1
CELLMARGIN_BEGIN
 40
0.06
 40
0.06
 40
0.06
 40
0.06
 40
0.18
 40
0.18
309
CELLMARGIN_END
 94
        4
 95
        2
302
GRIDFORMAT
  1
GRIDFORMAT_BEGIN
 90
       37
 91
        1
 62
     0
 92
       -2
340
0
 93
        0
 40
0.045
309
GRIDFORMAT_END
 95
        4
302
GRIDFORMAT
  1
GRIDFORMAT_BEGIN
 90
       37
 91
        1
 62
     0
 92
       -2
340
0
 93
        0
 40
0.045
309
GRIDFORMAT_END
 95
       16
302
GRIDFORMAT
  1
GRIDFORMAT_BEGIN
 90
       37
 91
        1
 62
     0
 92
       -2
340
0
 93
        0
 40
0.045
309
GRIDFORMAT_END
 95
       32
302
GRIDFORMAT
  1
GRIDFORMAT_BEGIN
 90
       37
 91
        1
 62
     0
 92
       -2
340
0
 93
        0
 40
0.045
309
GRIDFORMAT_END
309
TABLEFORMAT_END
309
FORMATTEDTABLEDATACELL_END
  1
TABLECELL_BEGIN
 90
        0
 91
        0
309
TABLECELL_END
300
CELL
  1
LINKEDTABLEDATACELL_BEGIN
 90
        0
300

 91
        0
301
CUSTOMDATA
  1
DATAMAP_BEGIN
 90
        1
300
ACAD_ROUNDTRIP_2008_CELL_CHECKSUM
301
DATAMAP_VALUE
 93
        2
 90
        2
140
0.0
 94
        0
300

302

304
ACVALUE_END
309
DATAMAP_END
 92
        0
 95
        1
302
CONTENT
  1
CELLCONTENT_BEGIN
 90
        1
300
VALUE
 93
        5
 90
        1
 94
        0
300

302

304
ACVALUE_END
 91
        0
309
CELLCONTENT_END
  1
FORMATTEDCELLCONTENT_BEGIN
170
     1
300
CONTENTFORMAT
  1
CONTENTFORMAT_BEGIN
 90
        3
 91
        0
 92
        1
 93
        0
300

 40
0.0
140
1.0
 94
        1
 62
     0
340
0
144
0.18
309
CONTENTFORMAT_END
309
FORMATTEDCELLCONTENT_END
309
LINKEDTABLEDATACELL_END
  1
FORMATTEDTABLEDATACELL_BEGIN
300
CELLTABLEFORMAT
  1
TABLEFORMAT_BEGIN
 90
        1
170
     1
 91
       16
 92
        0
 62
   257
 93
        1
300
CONTENTFORMAT
  1
CONTENTFORMAT_BEGIN
 90
        0
 91
        0
 92
      512
 93
        0
300

 40
0.0
140
1.0
 94
        3
 62
     0
340
0
144
0.18
309
CONTENTFORMAT_END
171
     1
301
MARGIN
  1
CELLMARGIN_BEGIN
 40
0.06
 40
0.06
 40
0.06
 40
0.06
 40
0.18
 40
0.18
309
CELLMARGIN_END
 94
        4
 95
        2
302
GRIDFORMAT
  1
GRIDFORMAT_BEGIN
 90
       37
 91
        1
 62
     0
 92
       -2
340
0
 93
        0
 40
0.045
309
GRIDFORMAT_END
 95
        4
302
GRIDFORMAT
  1
GRIDFORMAT_BEGIN
 90
       37
 91
        1
 62
     0
 92
       -2
340
0
 93
        0
 40
0.045
309
GRIDFORMAT_END
 95
       16
302
GRIDFORMAT
  1
GRIDFORMAT_BEGIN
 90
       37
 91
        1
 62
     0
 92
       -2
340
0
 93
        0
 40
0.045
309
GRIDFORMAT_END
 95
       32
302
GRIDFORMAT
  1
GRIDFORMAT_BEGIN
 90
       37
 91
        1
 62
     0
 92
       -2
340
0
 93
        0
 40
0.045
309
GRIDFORMAT_END
309
TABLEFORMAT_END
309
FORMATTEDTABLEDATACELL_END
  1
TABLECELL_BEGIN
 90
        0
 91
        0
309
TABLECELL_END
 91
        0
301
CUSTOMDATA
  1
DATAMAP_BEGIN
 90
        0
309
DATAMAP_END
309
LINKEDTABLEDATAROW_END
  1
FORMATTEDTABLEDATAROW_BEGIN
300
ROWTABLEFORMAT
  1
TABLEFORMAT_BEGIN
 90
        2
170
     0
309
TABLEFORMAT_END
309
FORMATTEDTABLEDATAROW_END
  1
TABLEROW_BEGIN
 90
        3
 40
0.3620331651045422
309
TABLEROW_END
301
ROW
  1
LINKEDTABLEDATAROW_BEGIN
 90
        5
300
CELL
  1
LINKEDTABLEDATACELL_BEGIN
 90
        0
300

 91
        0
301
CUSTOMDATA
  1
DATAMAP_BEGIN
 90
        1
300
ACAD_ROUNDTRIP_2008_CELL_CHECKSUM
301
DATAMAP_VALUE
 93
        2
 90
        2
140
104.0
 94
        0
300

302

304
ACVALUE_END
309
DATAMAP_END
 92
        0
 95
        1
302
CONTENT
  1
CELLCONTENT_BEGIN
 90
        1
300
VALUE
 93
        6
 90
        4
  1
h
 94
        0
300

302
h
304
ACVALUE_END
 91
        0
309
CELLCONTENT_END
  1
FORMATTEDCELLCONTENT_BEGIN
170
     1
300
CONTENTFORMAT
  1
CONTENTFORMAT_BEGIN
 90
        3
 91
        0
 92
        4
 93
        0
300

 40
0.0
140
1.0
 94
        1
 62
     0
340
BB
144
0.18
309
CONTENTFORMAT_END
309
FORMATTEDCELLCONTENT_END
309
LINKEDTABLEDATACELL_END
  1
FORMATTEDTABLEDATACELL_BEGIN
300
CELLTABLEFORMAT
  1
TABLEFORMAT_BEGIN
 90
        1
170
     1
 91
       16
 92
        0
 62
   257
 93
        1
300
CONTENTFORMAT
  1
CONTENTFORMAT_BEGIN
 90
        0
 91
        0
 92
      512
 93
        0
300

 40
0.0
140
1.0
 94
        3
 62
     0
340
0
144
0.18
309
CONTENTFORMAT_END
171
     1
301
MARGIN
  1
CELLMARGIN_BEGIN
 40
0.06
 40
0.06
 40
0.06
 40
0.06
 40
0.18
 40
0.18
309
CELLMARGIN_END
 94
        5
 95
        2
302
GRIDFORMAT
  1
GRIDFORMAT_BEGIN
 90
       37
 91
        1
 62
     0
 92
       -2
340
0
 93
        0
 40
0.045
309
GRIDFORMAT_END
 95
        4
302
GRIDFORMAT
  1
GRIDFORMAT_BEGIN
 90
       37
 91
        1
 62
     0
 92
       -2
340
0
 93
        0
 40
0.045
309
GRIDFORMAT_END
 95
        8
302
GRIDFORMAT
  1
GRIDFORMAT_BEGIN
 90
       37
 91
        1
 62
     0
 92
       -2
340
0
 93
        0
 40
0.045
309
GRIDFORMAT_END
 95
       16
302
GRIDFORMAT
  1
GRIDFORMAT_BEGIN
 90
       37
 91
        1
 62
     0
 92
       -2
340
0
 93
        0
 40
0.045
309
GRIDFORMAT_END
 95
       32
302
GRIDFORMAT
  1
GRIDFORMAT_BEGIN
 90
       37
 91
        1
 62
     0
 92
       -2
340
0
 93
        0
 40
0.045
309
GRIDFORMAT_END
309
TABLEFORMAT_END
309
FORMATTEDTABLEDATACELL_END
  1
TABLECELL_BEGIN
 90
        0
 91
        0
309
TABLECELL_END
300
CELL
  1
LINKEDTABLEDATACELL_BEGIN
 90
        0
300

 91
        0
301
CUSTOMDATA
  1
DATAMAP_BEGIN
 90
        1
300
ACAD_ROUNDTRIP_2008_CELL_CHECKSUM
301
DATAMAP_VALUE
 93
        2
 90
        2
140
0.0
 94
        0
300

302

304
ACVALUE_END
309
DATAMAP_END
 92
        0
 95
        1
302
CONTENT
  1
CELLCONTENT_BEGIN
 90
        1
300
VALUE
 93
        5
 90
        1
 94
        0
300

302

304
ACVALUE_END
 91
        0
309
CELLCONTENT_END
  1
FORMATTEDCELLCONTENT_BEGIN
170
     1
300
CONTENTFORMAT
  1
CONTENTFORMAT_BEGIN
 90
        3
 91
        0
 92
        1
 93
        0
300

 40
0.0
140
1.0
 94
        1
 62
     0
340
0
144
0.18
309
CONTENTFORMAT_END
309
FORMATTEDCELLCONTENT_END
309
LINKEDTABLEDATACELL_END
  1
FORMATTEDTABLEDATACELL_BEGIN
300
CELLTABLEFORMAT
  1
TABLEFORMAT_BEGIN
 90
        1
170
     1
 91
       16
 92
        0
 62
   257
 93
        1
300
CONTENTFORMAT
  1
CONTENTFORMAT_BEGIN
 90
        0
 91
        0
 92
      512
 93
        0
300

 40
0.0
140
1.0
 94
        3
 62
     0
340
0
144
0.18
309
CONTENTFORMAT_END
171
     1
301
MARGIN
  1
CELLMARGIN_BEGIN
 40
0.06
 40
0.06
 40
0.06
 40
0.06
 40
0.18
 40
0.18
309
CELLMARGIN_END
 94
        4
 95
        2
302
GRIDFORMAT
  1
GRIDFORMAT_BEGIN
 90
       37
 91
        1
 62
     0
 92
       -2
340
0
 93
        0
 40
0.045
309
GRIDFORMAT_END
 95
        4
302
GRIDFORMAT
  1
GRIDFORMAT_BEGIN
 90
       37
 91
        1
 62
     0
 92
       -2
340
0
 93
        0
 40
0.045
309
GRIDFORMAT_END
 95
       16
302
GRIDFORMAT
  1
GRIDFORMAT_BEGIN
 90
       37
 91
        1
 62
     0
 92
       -2
340
0
 93
        0
 40
0.045
309
GRIDFORMAT_END
 95
       32
302
GRIDFORMAT
  1
GRIDFORMAT_BEGIN
 90
       37
 91
        1
 62
     0
 92
       -2
340
0
 93
        0
 40
0.045
309
GRIDFORMAT_END
309
TABLEFORMAT_END
309
FORMATTEDTABLEDATACELL_END
  1
TABLECELL_BEGIN
 90
        0
 91
        0
309
TABLECELL_END
300
CELL
  1
LINKEDTABLEDATACELL_BEGIN
 90
        0
300

 91
        0
301
CUSTOMDATA
  1
DATAMAP_BEGIN
 90
        1
300
ACAD_ROUNDTRIP_2008_CELL_CHECKSUM
301
DATAMAP_VALUE
 93
        2
 90
        2
140
0.0
 94
        0
300

302

304
ACVALUE_END
309
DATAMAP_END
 92
        0
 95
        1
302
CONTENT
  1
CELLCONTENT_BEGIN
 90
        1
300
VALUE
 93
        5
 90
        4
 94
        0
300

302

304
ACVALUE_END
 91
        0
309
CELLCONTENT_END
  1
FORMATTEDCELLCONTENT_BEGIN
170
     1
300
CONTENTFORMAT
  1
CONTENTFORMAT_BEGIN
 90
        3
 91
        0
 92
        4
 93
        0
300

 40
0.0
140
1.0
 94
        1
 62
     0
340
0
144
0.18
309
CONTENTFORMAT_END
309
FORMATTEDCELLCONTENT_END
309
LINKEDTABLEDATACELL_END
  1
FORMATTEDTABLEDATACELL_BEGIN
300
CELLTABLEFORMAT
  1
TABLEFORMAT_BEGIN
 90
        1
170
     1
 91
       16
 92
        0
 62
   257
 93
        1
300
CONTENTFORMAT
  1
CONTENTFORMAT_BEGIN
 90
        0
 91
        0
 92
      512
 93
        0
300

 40
0.0
140
1.0
 94
        3
 62
     0
340
0
144
0.18
309
CONTENTFORMAT_END
171
     1
301
MARGIN
  1
CELLMARGIN_BEGIN
 40
0.06
 40
0.06
 40
0.06
 40
0.06
 40
0.18
 40
0.18
309
CELLMARGIN_END
 94
        4
 95
        2
302
GRIDFORMAT
  1
GRIDFORMAT_BEGIN
 90
       37
 91
        1
 62
     0
 92
       -2
340
0
 93
        0
 40
0.045
309
GRIDFORMAT_END
 95
        4
302
GRIDFORMAT
  1
GRIDFORMAT_BEGIN
 90
       37
 91
        1
 62
     0
 92
       -2
340
0
 93
        0
 40
0.045
309
GRIDFORMAT_END
 95
       16
302
GRIDFORMAT
  1
GRIDFORMAT_BEGIN
 90
       37
 91
        1
 62
     0
 92
       -2
340
0
 93
        0
 40
0.045
309
GRIDFORMAT_END
 95
       32
302
GRIDFORMAT
  1
GRIDFORMAT_BEGIN
 90
       37
 91
        1
 62
     0
 92
       -2
340
0
 93
        0
 40
0.045
309
GRIDFORMAT_END
309
TABLEFORMAT_END
309
FORMATTEDTABLEDATACELL_END
  1
TABLECELL_BEGIN
 90
        0
 91
        0
309
TABLECELL_END
300
CELL
  1
LINKEDTABLEDATACELL_BEGIN
 90
        0
300

 91
        0
301
CUSTOMDATA
  1
DATAMAP_BEGIN
 90
        1
300
ACAD_ROUNDTRIP_2008_CELL_CHECKSUM
301
DATAMAP_VALUE
 93
        2
 90
        2
140
0.0
 94
        0
300

302

304
ACVALUE_END
309
DATAMAP_END
 92
        0
 95
        1
302
CONTENT
  1
CELLCONTENT_BEGIN
 90
        1
300
VALUE
 93
        5
 90
        1
 94
        0
300

302

304
ACVALUE_END
 91
        0
309
CELLCONTENT_END
  1
FORMATTEDCELLCONTENT_BEGIN
170
     1
300
CONTENTFORMAT
  1
CONTENTFORMAT_BEGIN
 90
        3
 91
        0
 92
        1
 93
        0
300

 40
0.0
140
1.0
 94
        1
 62
     0
340
0
144
0.18
309
CONTENTFORMAT_END
309
FORMATTEDCELLCONTENT_END
309
LINKEDTABLEDATACELL_END
  1
FORMATTEDTABLEDATACELL_BEGIN
300
CELLTABLEFORMAT
  1
TABLEFORMAT_BEGIN
 90
        1
170
     1
 91
       16
 92
        0
 62
   257
 93
        1
300
CONTENTFORMAT
  1
CONTENTFORMAT_BEGIN
 90
        0
 91
        0
 92
      512
 93
        0
300

 40
0.0
140
1.0
 94
        3
 62
     0
340
0
144
0.18
309
CONTENTFORMAT_END
171
     1
301
MARGIN
  1
CELLMARGIN_BEGIN
 40
0.06
 40
0.06
 40
0.06
 40
0.06
 40
0.18
 40
0.18
309
CELLMARGIN_END
 94
        4
 95
        2
302
GRIDFORMAT
  1
GRIDFORMAT_BEGIN
 90
       37
 91
        1
 62
     0
 92
       -2
340
0
 93
        0
 40
0.045
309
GRIDFORMAT_END
 95
        4
302
GRIDFORMAT
  1
GRIDFORMAT_BEGIN
 90
       37
 91
        1
 62
     0
 92
       -2
340
0
 93
        0
 40
0.045
309
GRIDFORMAT_END
 95
       16
302
GRIDFORMAT
  1
GRIDFORMAT_BEGIN
 90
       37
 91
        1
 62
     0
 92
       -2
340
0
 93
        0
 40
0.045
309
GRIDFORMAT_END
 95
       32
302
GRIDFORMAT
  1
GRIDFORMAT_BEGIN
 90
       37
 91
        1
 62
     0
 92
       -2
340
0
 93
        0
 40
0.045
309
GRIDFORMAT_END
309
TABLEFORMAT_END
309
FORMATTEDTABLEDATACELL_END
  1
TABLECELL_BEGIN
 90
        0
 91
        0
309
TABLECELL_END
300
CELL
  1
LINKEDTABLEDATACELL_BEGIN
 90
        0
300

 91
        0
301
CUSTOMDATA
  1
DATAMAP_BEGIN
 90
        1
300
ACAD_ROUNDTRIP_2008_CELL_CHECKSUM
301
DATAMAP_VALUE
 93
        2
 90
        2
140
0.0
 94
        0
300

302

304
ACVALUE_END
309
DATAMAP_END
 92
        0
 95
        1
302
CONTENT
  1
CELLCONTENT_BEGIN
 90
        1
300
VALUE
 93
        5
 90
        1
 94
        0
300

302

304
ACVALUE_END
 91
        0
309
CELLCONTENT_END
  1
FORMATTEDCELLCONTENT_BEGIN
170
     1
300
CONTENTFORMAT
  1
CONTENTFORMAT_BEGIN
 90
        3
 91
        0
 92
        1
 93
        0
300

 40
0.0
140
1.0
 94
        1
 62
     0
340
0
144
0.18
309
CONTENTFORMAT_END
309
FORMATTEDCELLCONTENT_END
309
LINKEDTABLEDATACELL_END
  1
FORMATTEDTABLEDATACELL_BEGIN
300
CELLTABLEFORMAT
  1
TABLEFORMAT_BEGIN
 90
        1
170
     1
 91
       16
 92
        0
 62
   257
 93
        1
300
CONTENTFORMAT
  1
CONTENTFORMAT_BEGIN
 90
        0
 91
        0
 92
      512
 93
        0
300

 40
0.0
140
1.0
 94
        3
 62
     0
340
0
144
0.18
309
CONTENTFORMAT_END
171
     1
301
MARGIN
  1
CELLMARGIN_BEGIN
 40
0.06
 40
0.06
 40
0.06
 40
0.06
 40
0.18
 40
0.18
309
CELLMARGIN_END
 94
        4
 95
        2
302
GRIDFORMAT
  1
GRIDFORMAT_BEGIN
 90
       37
 91
        1
 62
     0
 92
       -2
340
0
 93
        0
 40
0.045
309
GRIDFORMAT_END
 95
        4
302
GRIDFORMAT
  1
GRIDFORMAT_BEGIN
 90
       37
 91
        1
 62
     0
 92
       -2
340
0
 93
        0
 40
0.045
309
GRIDFORMAT_END
 95
       16
302
GRIDFORMAT
  1
GRIDFORMAT_BEGIN
 90
       37
 91
        1
 62
     0
 92
       -2
340
0
 93
        0
 40
0.045
309
GRIDFORMAT_END
 95
       32
302
GRIDFORMAT
  1
GRIDFORMAT_BEGIN
 90
       37
 91
        1
 62
     0
 92
       -2
340
0
 93
        0
 40
0.045
309
GRIDFORMAT_END
309
TABLEFORMAT_END
309
FORMATTEDTABLEDATACELL_END
  1
TABLECELL_BEGIN
 90
        0
 91
        0
309
TABLECELL_END
 91
        0
301
CUSTOMDATA
  1
DATAMAP_BEGIN
 90
        0
309
DATAMAP_END
309
LINKEDTABLEDATAROW_END
  1
FORMATTEDTABLEDATAROW_BEGIN
300
ROWTABLEFORMAT
  1
TABLEFORMAT_BEGIN
 90
        2
170
     0
309
TABLEFORMAT_END
309
FORMATTEDTABLEDATAROW_END
  1
TABLEROW_BEGIN
 90
        3
 40
0.3620331651045422
309
TABLEROW_END
301
ROW
  1
LINKEDTABLEDATAROW_BEGIN
 90
        5
300
CELL
  1
LINKEDTABLEDATACELL_BEGIN
 90
        0
300

 91
        0
301
CUSTOMDATA
  1
DATAMAP_BEGIN
 90
        1
300
ACAD_ROUNDTRIP_2008_CELL_CHECKSUM
301
DATAMAP_VALUE
 93
        2
 90
        2
140
102.0
 94
        0
300

302

304
ACVALUE_END
309
DATAMAP_END
 92
        0
 95
        1
302
CONTENT
  1
CELLCONTENT_BEGIN
 90
        1
300
VALUE
 93
        6
 90
        4
  1
f
 94
        0
300

302
f
304
ACVALUE_END
 91
        0
309
CELLCONTENT_END
  1
FORMATTEDCELLCONTENT_BEGIN
170
     1
300
CONTENTFORMAT
  1
CONTENTFORMAT_BEGIN
 90
        3
 91
        0
 92
        4
 93
        0
300

 40
0.0
140
1.0
 94
        1
 62
     0
340
0
144
0.18
309
CONTENTFORMAT_END
309
FORMATTEDCELLCONTENT_END
309
LINKEDTABLEDATACELL_END
  1
FORMATTEDTABLEDATACELL_BEGIN
300
CELLTABLEFORMAT
  1
TABLEFORMAT_BEGIN
 90
        1
170
     1
 91
       16
 92
        0
 62
   257
 93
        1
300
CONTENTFORMAT
  1
CONTENTFORMAT_BEGIN
 90
        0
 91
        0
 92
      512
 93
        0
300

 40
0.0
140
1.0
 94
        3
 62
     0
340
0
144
0.18
309
CONTENTFORMAT_END
171
     1
301
MARGIN
  1
CELLMARGIN_BEGIN
 40
0.06
 40
0.06
 40
0.06
 40
0.06
 40
0.18
 40
0.18
309
CELLMARGIN_END
 94
        5
 95
        2
302
GRIDFORMAT
  1
GRIDFORMAT_BEGIN
 90
       37
 91
        1
 62
     0
 92
       -2
340
0
 93
        0
 40
0.045
309
GRIDFORMAT_END
 95
        4
302
GRIDFORMAT
  1
GRIDFORMAT_BEGIN
 90
       37
 91
        1
 62
     0
 92
       -2
340
0
 93
        0
 40
0.045
309
GRIDFORMAT_END
 95
        8
302
GRIDFORMAT
  1
GRIDFORMAT_BEGIN
 90
       37
 91
        1
 62
     0
 92
       -2
340
0
 93
        0
 40
0.045
309
GRIDFORMAT_END
 95
       16
302
GRIDFORMAT
  1
GRIDFORMAT_BEGIN
 90
       37
 91
        1
 62
     0
 92
       -2
340
0
 93
        0
 40
0.045
309
GRIDFORMAT_END
 95
       32
302
GRIDFORMAT
  1
GRIDFORMAT_BEGIN
 90
       37
 91
        1
 62
     0
 92
       -2
340
0
 93
        0
 40
0.045
309
GRIDFORMAT_END
309
TABLEFORMAT_END
309
FORMATTEDTABLEDATACELL_END
  1
TABLECELL_BEGIN
 90
        0
 91
        0
309
TABLECELL_END
300
CELL
  1
LINKEDTABLEDATACELL_BEGIN
 90
        0
300

 91
        0
301
CUSTOMDATA
  1
DATAMAP_BEGIN
 90
        1
300
ACAD_ROUNDTRIP_2008_CELL_CHECKSUM
301
DATAMAP_VALUE
 93
        2
 90
        2
140
0.0
 94
        0
300

302

304
ACVALUE_END
309
DATAMAP_END
 92
        0
 95
        1
302
CONTENT
  1
CELLCONTENT_BEGIN
 90
        1
300
VALUE
 93
        5
 90
        1
 94
        0
300

302

304
ACVALUE_END
 91
        0
309
CELLCONTENT_END
  1
FORMATTEDCELLCONTENT_BEGIN
170
     1
300
CONTENTFORMAT
  1
CONTENTFORMAT_BEGIN
 90
        3
 91
        0
 92
        1
 93
        0
300

 40
0.0
140
1.0
 94
        1
 62
     0
340
0
144
0.18
309
CONTENTFORMAT_END
309
FORMATTEDCELLCONTENT_END
309
LINKEDTABLEDATACELL_END
  1
FORMATTEDTABLEDATACELL_BEGIN
300
CELLTABLEFORMAT
  1
TABLEFORMAT_BEGIN
 90
        1
170
     1
 91
       16
 92
        0
 62
   257
 93
        1
300
CONTENTFORMAT
  1
CONTENTFORMAT_BEGIN
 90
        0
 91
        0
 92
      512
 93
        0
300

 40
0.0
140
1.0
 94
        3
 62
     0
340
0
144
0.18
309
CONTENTFORMAT_END
171
     1
301
MARGIN
  1
CELLMARGIN_BEGIN
 40
0.06
 40
0.06
 40
0.06
 40
0.06
 40
0.18
 40
0.18
309
CELLMARGIN_END
 94
        4
 95
        2
302
GRIDFORMAT
  1
GRIDFORMAT_BEGIN
 90
       37
 91
        1
 62
     0
 92
       -2
340
0
 93
        0
 40
0.045
309
GRIDFORMAT_END
 95
        4
302
GRIDFORMAT
  1
GRIDFORMAT_BEGIN
 90
       37
 91
        1
 62
     0
 92
       -2
340
0
 93
        0
 40
0.045
309
GRIDFORMAT_END
 95
       16
302
GRIDFORMAT
  1
GRIDFORMAT_BEGIN
 90
       37
 91
        1
 62
     0
 92
       -2
340
0
 93
        0
 40
0.045
309
GRIDFORMAT_END
 95
       32
302
GRIDFORMAT
  1
GRIDFORMAT_BEGIN
 90
       37
 91
        1
 62
     0
 92
       -2
340
0
 93
        0
 40
0.045
309
GRIDFORMAT_END
309
TABLEFORMAT_END
309
FORMATTEDTABLEDATACELL_END
  1
TABLECELL_BEGIN
 90
        0
 91
        0
309
TABLECELL_END
300
CELL
  1
LINKEDTABLEDATACELL_BEGIN
 90
        0
300

 91
        0
301
CUSTOMDATA
  1
DATAMAP_BEGIN
 90
        1
300
ACAD_ROUNDTRIP_2008_CELL_CHECKSUM
301
DATAMAP_VALUE
 93
        2
 90
        2
140
106.0
 94
        0
300

302

304
ACVALUE_END
309
DATAMAP_END
 92
        0
 95
        1
302
CONTENT
  1
CELLCONTENT_BEGIN
 90
        1
300
VALUE
 93
        6
 90
        4
  1
j
 94
        0
300

302
j
304
ACVALUE_END
 91
        0
309
CELLCONTENT_END
  1
FORMATTEDCELLCONTENT_BEGIN
170
     1
300
CONTENTFORMAT
  1
CONTENTFORMAT_BEGIN
 90
        3
 91
        0
 92
        4
 93
        0
300

 40
0.0
140
1.0
 94
        1
 62
     0
340
0
144
0.18
309
CONTENTFORMAT_END
309
FORMATTEDCELLCONTENT_END
309
LINKEDTABLEDATACELL_END
  1
FORMATTEDTABLEDATACELL_BEGIN
300
CELLTABLEFORMAT
  1
TABLEFORMAT_BEGIN
 90
        1
170
     1
 91
       16
 92
        0
 62
   257
 93
        1
300
CONTENTFORMAT
  1
CONTENTFORMAT_BEGIN
 90
        0
 91
        0
 92
      512
 93
        0
300

 40
0.0
140
1.0
 94
        3
 62
     0
340
0
144
0.18
309
CONTENTFORMAT_END
171
     1
301
MARGIN
  1
CELLMARGIN_BEGIN
 40
0.06
 40
0.06
 40
0.06
 40
0.06
 40
0.18
 40
0.18
309
CELLMARGIN_END
 94
        4
 95
        2
302
GRIDFORMAT
  1
GRIDFORMAT_BEGIN
 90
       37
 91
        1
 62
     0
 92
       -2
340
0
 93
        0
 40
0.045
309
GRIDFORMAT_END
 95
        4
302
GRIDFORMAT
  1
GRIDFORMAT_BEGIN
 90
       37
 91
        1
 62
     0
 92
       -2
340
0
 93
        0
 40
0.045
309
GRIDFORMAT_END
 95
       16
302
GRIDFORMAT
  1
GRIDFORMAT_BEGIN
 90
       37
 91
        1
 62
     0
 92
       -2
340
0
 93
        0
 40
0.045
309
GRIDFORMAT_END
 95
       32
302
GRIDFORMAT
  1
GRIDFORMAT_BEGIN
 90
       37
 91
        1
 62
     0
 92
       -2
340
0
 93
        0
 40
0.045
309
GRIDFORMAT_END
309
TABLEFORMAT_END
309
FORMATTEDTABLEDATACELL_END
  1
TABLECELL_BEGIN
 90
        0
 91
        0
309
TABLECELL_END
300
CELL
  1
LINKEDTABLEDATACELL_BEGIN
 90
        0
300

 91
        0
301
CUSTOMDATA
  1
DATAMAP_BEGIN
 90
        1
300
ACAD_ROUNDTRIP_2008_CELL_CHECKSUM
301
DATAMAP_VALUE
 93
        2
 90
        2
140
0.0
 94
        0
300

302

304
ACVALUE_END
309
DATAMAP_END
 92
        0
 95
        1
302
CONTENT
  1
CELLCONTENT_BEGIN
 90
        1
300
VALUE
 93
        5
 90
        1
 94
        0
300

302

304
ACVALUE_END
 91
        0
309
CELLCONTENT_END
  1
FORMATTEDCELLCONTENT_BEGIN
170
     1
300
CONTENTFORMAT
  1
CONTENTFORMAT_BEGIN
 90
        3
 91
        0
 92
        1
 93
        0
300

 40
0.0
140
1.0
 94
        1
 62
     0
340
0
144
0.18
309
CONTENTFORMAT_END
309
FORMATTEDCELLCONTENT_END
309
LINKEDTABLEDATACELL_END
  1
FORMATTEDTABLEDATACELL_BEGIN
300
CELLTABLEFORMAT
  1
TABLEFORMAT_BEGIN
 90
        1
170
     1
 91
       16
 92
        0
 62
   257
 93
        1
300
CONTENTFORMAT
  1
CONTENTFORMAT_BEGIN
 90
        0
 91
        0
 92
      512
 93
        0
300

 40
0.0
140
1.0
 94
        3
 62
     0
340
0
144
0.18
309
CONTENTFORMAT_END
171
     1
301
MARGIN
  1
CELLMARGIN_BEGIN
 40
0.06
 40
0.06
 40
0.06
 40
0.06
 40
0.18
 40
0.18
309
CELLMARGIN_END
 94
        4
 95
        2
302
GRIDFORMAT
  1
GRIDFORMAT_BEGIN
 90
       37
 91
        1
 62
     0
 92
       -2
340
0
 93
        0
 40
0.045
309
GRIDFORMAT_END
 95
        4
302
GRIDFORMAT
  1
GRIDFORMAT_BEGIN
 90
       37
 91
        1
 62
     0
 92
       -2
340
0
 93
        0
 40
0.045
309
GRIDFORMAT_END
 95
       16
302
GRIDFORMAT
  1
GRIDFORMAT_BEGIN
 90
       37
 91
        1
 62
     0
 92
       -2
340
0
 93
        0
 40
0.045
309
GRIDFORMAT_END
 95
       32
302
GRIDFORMAT
  1
GRIDFORMAT_BEGIN
 90
       37
 91
        1
 62
     0
 92
       -2
340
0
 93
        0
 40
0.045
309
GRIDFORMAT_END
309
TABLEFORMAT_END
309
FORMATTEDTABLEDATACELL_END
  1
TABLECELL_BEGIN
 90
        0
 91
        0
309
TABLECELL_END
300
CELL
  1
LINKEDTABLEDATACELL_BEGIN
 90
        0
300

 91
        0
301
CUSTOMDATA
  1
DATAMAP_BEGIN
 90
        1
300
ACAD_ROUNDTRIP_2008_CELL_CHECKSUM
301
DATAMAP_VALUE
 93
        2
 90
        2
140
0.0
 94
        0
300

302

304
ACVALUE_END
309
DATAMAP_END
 92
        0
 95
        1
302
CONTENT
  1
CELLCONTENT_BEGIN
 90
        1
300
VALUE
 93
        5
 90
        1
 94
        0
300

302

304
ACVALUE_END
 91
        0
309
CELLCONTENT_END
  1
FORMATTEDCELLCONTENT_BEGIN
170
     1
300
CONTENTFORMAT
  1
CONTENTFORMAT_BEGIN
 90
        3
 91
        0
 92
        1
 93
        0
300

 40
0.0
140
1.0
 94
        1
 62
     0
340
0
144
0.18
309
CONTENTFORMAT_END
309
FORMATTEDCELLCONTENT_END
309
LINKEDTABLEDATACELL_END
  1
FORMATTEDTABLEDATACELL_BEGIN
300
CELLTABLEFORMAT
  1
TABLEFORMAT_BEGIN
 90
        1
170
     1
 91
       16
 92
        0
 62
   257
 93
        1
300
CONTENTFORMAT
  1
CONTENTFORMAT_BEGIN
 90
        0
 91
        0
 92
      512
 93
        0
300

 40
0.0
140
1.0
 94
        3
 62
     0
340
0
144
0.18
309
CONTENTFORMAT_END
171
     1
301
MARGIN
  1
CELLMARGIN_BEGIN
 40
0.06
 40
0.06
 40
0.06
 40
0.06
 40
0.18
 40
0.18
309
CELLMARGIN_END
 94
        4
 95
        2
302
GRIDFORMAT
  1
GRIDFORMAT_BEGIN
 90
       37
 91
        1
 62
     0
 92
       -2
340
0
 93
        0
 40
0.045
309
GRIDFORMAT_END
 95
        4
302
GRIDFORMAT
  1
GRIDFORMAT_BEGIN
 90
       37
 91
        1
 62
     0
 92
       -2
340
0
 93
        0
 40
0.045
309
GRIDFORMAT_END
 95
       16
302
GRIDFORMAT
  1
GRIDFORMAT_BEGIN
 90
       37
 91
        1
 62
     0
 92
       -2
340
0
 93
        0
 40
0.045
309
GRIDFORMAT_END
 95
       32
302
GRIDFORMAT
  1
GRIDFORMAT_BEGIN
 90
       37
 91
        1
 62
     0
 92
       -2
340
0
 93
        0
 40
0.045
309
GRIDFORMAT_END
309
TABLEFORMAT_END
309
FORMATTEDTABLEDATACELL_END
  1
TABLECELL_BEGIN
 90
        0
 91
        0
309
TABLECELL_END
 91
        0
301
CUSTOMDATA
  1
DATAMAP_BEGIN
 90
        0
309
DATAMAP_END
309
LINKEDTABLEDATAROW_END
  1
FORMATTEDTABLEDATAROW_BEGIN
300
ROWTABLEFORMAT
  1
TABLEFORMAT_BEGIN
 90
        2
170
     0
309
TABLEFORMAT_END
309
FORMATTEDTABLEDATAROW_END
  1
TABLEROW_BEGIN
 90
        3
 40
0.3620331651045422
309
TABLEROW_END
 92
        0
100
AcDbFormattedTableData
300
TABLEFORMAT
  1
TABLEFORMAT_BEGIN
 90
        4
170
     0
309
TABLEFORMAT_END
 90
        2
 91
        0
 92
        0
 93
        0
 94
        4
 91
        6
 92
        0
 93
        6
 94
        4
100
AcDbTableContent
340
87
  0
TABLEGEOMETRY
  5
A79
330
B63
100
AcDbTableGeometry
 90
       15
 91
        5
 92
       75
 93
        3
 40
1.168269646719538
 41
0.3813554434030281
330
0
 94
        1
 10
5.72586517664024
 20
-0.0973107426099453
 30
0.0
 11
6.25
 21
-0.227988464311462
 31
0.0
 43
1.048269646719538
 44
0.2613554434030281
 45
1.048269646719538
 46
0.2613554434030281
 95
        0
 93
        3
 40
0.12
 41
0.12
330
0
 94
        0
 93
        3
 40
0.12
 41
0.12
330
0
 94
        0
 93
        3
 40
0.12
 41
0.12
330
0
 94
        0
 93
        3
 40
0.12
 41
0.12
330
0
 94
        0
 93
        3
 40
1.6
 41
0.3
330
0
 94
        1
 10
0.5099999999999909
 20
-0.0899999999999999
 30
0.0
 11
1.25
 21
-0.1799999999999997
 31
0.0
 43
1.48
 44
0.18
 45
1.48
 46
0.18
 95
        0
 93
        3
 40
1.6
 41
0.3
330
0
 94
        1
 10
0.5099999999999909
 20
-0.0899999999999999
 30
0.0
 11
1.25
 21
-0.1799999999999997
 31
0.0
 43
1.48
 44
0.18
 45
1.48
 46
0.18
 95
        0
 93
        3
 40
1.6
 41
0.3
330
0
 94
        1
 10
0.5099999999999909
 20
-0.0899999999999999
 30
0.0
 11
1.25
 21
-0.1799999999999997
 31
0.0
 43
1.48
 44
0.18
 45
1.48
 46
0.18
 95
        0
 93
        3
 40
1.6
 41
0.3
330
0
 94
        1
 10
0.5099999999999909
 20
-0.0899999999999999
 30
0.0
 11
1.25
 21
-0.1799999999999997
 31
0.0
 43
1.48
 44
0.18
 45
1.48
 46
0.18
 95
        0
 93
        3
 40
1.6
 41
0.3
330
0
 94
        1
 10
0.5099999999999909
 20
-0.0899999999999999
 30
0.0
 11
1.25
 21
-0.1799999999999997
 31
0.0
 43
1.48
 44
0.18
 45
1.48
 46
0.18
 95
        0
 93
        3
 40
1.54
 41
0.3
330
0
 94
        1
 10
0.5399999999999921
 20
-0.0899999999999999
 30
0.0
 11
1.25
 21
-0.1799999999999997
 31
0.0
 43
1.42
 44
0.18
 45
1.42
 46
0.18
 95
        0
 93
        3
 40
1.6
 41
0.3
330
0
 94
        1
 10
0.5099999999999909
 20
-0.0899999999999999
 30
0.0
 11
1.25
 21
-0.1799999999999997
 31
0.0
 43
1.48
 44
0.18
 45
1.48
 46
0.18
 95
        0
 93
        3
 40
1.6
 41
0.3
330
0
 94
        1
 10
0.5099999999999909
 20
-0.0899999999999999
 30
0.0
 11
1.25
 21
-0.1799999999999997
 31
0.0
 43
1.48
 44
0.18
 45
1.48
 46
0.18
 95
        0
 93
        3
 40
1.6
 41
0.3
330
0
 94
        1
 10
0.5099999999999909
 20
-0.0899999999999999
 30
0.0
 11
1.25
 21
-0.1799999999999997
 31
0.0
 43
1.48
 44
0.18
 45
1.48
 46
0.18
 95
        0
 93
        3
 40
1.6
 41
0.3
330
0
 94
        1
 10
0.5099999999999909
 20
-0.0899999999999999
 30
0.0
 11
1.25
 21
-0.1799999999999997
 31
0.0
 43
1.48
 44
0.18
 45
1.48
 46
0.18
 95
        0
 93
        3
 40
0.3312184571016583
 41
0.3031146359048305
330
0
 94
        1
 10
2.228781542898346
 20
-0.0599999999999987
 30
0.0
 11
2.439999999999997
 21
-0.0599999999999987
 31
0.0
 43
0.2112184571016582
 44
0.1831146359048306
 45
0.2112184571016582
 46
0.1831146359048306
 95
        0
 93
        3
 40
0.3312184571016583
 41
0.303633741888969
330
0
 94
        1
 10
2.228781542898346
 20
-0.0599999999999987
 30
0.0
 11
2.439999999999997
 21
-0.0599999999999987
 31
0.0
 43
0.2112184571016582
 44
0.183633741888969
 45
0.2112184571016582
 46
0.183633741888969
 95
        0
 93
        3
 40
0.3214852198990628
 41
0.3031146359048305
330
0
 94
        1
 10
2.238514780100928
 20
-0.0599999999999987
 30
0.0
 11
2.439999999999997
 21
-0.0599999999999987
 31
0.0
 43
0.2014852198990627
 44
0.1831146359048306
 45
0.2014852198990627
 46
0.1831146359048306
 95
        0
 93
        3
 40
0.3309589041095891
 41
0.303633741888969
330
0
 94
        1
 10
2.229041095890408
 20
-0.0599999999999987
 30
0.0
 11
2.439999999999997
 21
-0.0599999999999987
 31
0.0
 43
0.2109589041095891
 44
0.183633741888969
 45
0.2109589041095891
 46
0.183633741888969
 95
        0
 93
        3
 40
0.3338139870223504
 41
0.3031146359048305
330
0
 94
        1
 10
2.226186012977649
 20
-0.0599999999999987
 30
0.0
 11
2.439999999999997
 21
-0.0599999999999987
 31
0.0
 43
0.2138139870223504
 44
0.1831146359048306
 45
0.2138139870223504
 46
0.1831146359048306
 95
        0
 93
        3
 40
0.3526315789473684
 41
0.3
330
0
 94
        1
 10
1.133684210526325
 20
-0.0599999999999987
 30
0.0
 11
1.25
 21
-0.0599999999999987
 31
0.0
 43
0.2326315789473684
 44
0.18
 45
0.2326315789473684
 46
0.18
 95
        0
 93
        3
 40
0.3988320115356885
 41
0.3040230713770728
330
0
 94
        1
 10
1.110583994232158
 20
-0.0599999999999987
 30
0.0
 11
1.25
 21
-0.0599999999999987
 31
0.0
 43
0.2788320115356885
 44
0.1840230713770728
 45
0.2788320115356885
 46
0.1840230713770728
 95
        0
 93
        3
 40
0.4019466474405192
 41
0.3
330
0
 94
        1
 10
1.109026676279739
 20
-0.0599999999999987
 30
0.0
 11
1.25
 21
-0.0599999999999987
 31
0.0
 43
0.2819466474405191
 44
0.18
 45
0.2819466474405191
 46
0.18
 95
        0
 93
        3
 40
0.4847440519105985
 41
0.3040230713770728
330
0
 94
        1
 10
1.067627974044697
 20
-0.0599999999999987
 30
0.0
 11
1.25
 21
-0.0599999999999987
 31
0.0
 43
0.3647440519105984
 44
0.1840230713770728
 45
0.3647440519105984
 46
0.1840230713770728
 95
        0
 93
        3
 40
0.500447007930786
 41
0.3
330
0
 94
        1
 10
1.059776496034601
 20
-0.0599999999999987
 30
0.0
 11
1.25
 21
-0.0599999999999987
 31
0.0
 43
0.3804470079307859
 44
0.18
 45
0.3804470079307859
 46
0.18
 95
        0
 93
        3
 40
0.4221917808219179
 41
0.3
330
0
 94
        1
 10
2.137808219178083
 20
-0.0599999999999987
 30
0.0
 11
2.439999999999997
 21
-0.0599999999999987
 31
0.0
 43
0.3021917808219178
 44
0.18
 45
0.3021917808219178
 46
0.18
 95
        0
 93
        3
 40
0.443604902667628
 41
0.3
330
0
 94
        1
 10
2.116395097332372
 20
-0.0599999999999987
 30
0.0
 11
2.439999999999997
 21
-0.0599999999999987
 31
0.0
 43
0.323604902667628
 44
0.18
 45
0.323604902667628
 46
0.18
 95
        0
 93
        3
 40
0.4325739005046864
 41
0.3031146359048305
330
0
 94
        1
 10
2.127426099495309
 20
-0.0599999999999987
 30
0.0
 11
2.439999999999997
 21
-0.0599999999999987
 31
0.0
 43
0.3125739005046864
 44
0.1831146359048306
 45
0.3125739005046864
 46
0.1831146359048306
 95
        0
 93
        3
 40
0.4454217736121125
 41
0.3
330
0
 94
        1
 10
2.114578226387891
 20
-0.0599999999999987
 30
0.0
 11
2.439999999999997
 21
-0.0599999999999987
 31
0.0
 43
0.3254217736121125
 44
0.18
 45
0.3254217736121125
 46
0.18
 95
        0
 93
        3
 40
0.4371160778658977
 41
0.3031146359048305
330
0
 94
        1
 10
2.122883922134093
 20
-0.0599999999999987
 30
0.0
 11
2.439999999999997
 21
-0.0599999999999987
 31
0.0
 43
0.3171160778658976
 44
0.1831146359048306
 45
0.3171160778658976
 46
0.1831146359048306
 95
        0
 93
        3
 40
1.198010093727469
 41
0.3813554434030281
330
0
 94
        1
 10
5.710994953136264
 20
-0.0959889449651463
 30
0.0
 11
6.25
 21
-0.226666666666663
 31
0.0
 43
1.078010093727469
 44
0.2613554434030281
 45
1.078010093727469
 46
0.2613554434030281
 95
        0
 93
        3
 40
0.12
 41
0.37
330
0
 94
        1
 10
1.25
 20
-0.101666666666663
 30
0.0
 11
1.25
 21
-0.226666666666663
 31
0.0
 43
0.0
 44
0.25
 45
0.0
 46
0.25
 95
        0
 93
        3
 40
0.12
 41
0.37
330
0
 94
        1
 10
1.25
 20
-0.101666666666663
 30
0.0
 11
1.25
 21
-0.226666666666663
 31
0.0
 43
0.0
 44
0.25
 45
0.0
 46
0.25
 95
        0
 93
        3
 40
0.12
 41
0.37
330
0
 94
        1
 10
1.25
 20
-0.101666666666663
 30
0.0
 11
1.25
 21
-0.226666666666663
 31
0.0
 43
0.0
 44
0.25
 45
0.0
 46
0.25
 95
        0
 93
        3
 40
0.12
 41
0.37
330
0
 94
        1
 10
1.25
 20
-0.101666666666663
 30
0.0
 11
1.25
 21
-0.226666666666663
 31
0.0
 43
0.0
 44
0.25
 45
0.0
 46
0.25
 95
        0
 93
        3
 40
0.46
 41
0.3
330
0
 94
        1
 10
1.079999999999998
 20
-0.0899999999999963
 30
0.0
 11
1.25
 21
-0.1799999999999962
 31
0.0
 43
0.3399999999999999
 44
0.18
 45
0.3399999999999999
 46
0.18
 95
        0
 93
        3
 40
0.5200000000000001
 41
0.3
330
0
 94
        1
 10
1.049999999999997
 20
-0.0899999999999963
 30
0.0
 11
1.25
 21
-0.1799999999999962
 31
0.0
 43
0.4
 44
0.18
 45
0.4
 46
0.18
 95
        0
 93
        3
 40
0.5200000000000001
 41
0.3
330
0
 94
        1
 10
1.049999999999997
 20
-0.0899999999999963
 30
0.0
 11
1.25
 21
-0.1799999999999962
 31
0.0
 43
0.4
 44
0.18
 45
0.4
 46
0.18
 95
        0
 93
        3
 40
0.5200000000000001
 41
0.3
330
0
 94
        1
 10
1.049999999999997
 20
-0.0899999999999963
 30
0.0
 11
1.25
 21
-0.1799999999999962
 31
0.0
 43
0.4
 44
0.18
 45
0.4
 46
0.18
 95
        0
 93
        3
 40
0.5200000000000001
 41
0.3
330
0
 94
        1
 10
1.049999999999997
 20
-0.0899999999999963
 30
0.0
 11
1.25
 21
-0.1799999999999962
 31
0.0
 43
0.4
 44
0.18
 45
0.4
 46
0.18
 95
        0
 93
        3
 40
0.3440663302090843
 41
0.3568421052631578
330
0
 94
        1
 10
2.215933669790913
 20
-0.0599999999999987
 30
0.0
 11
2.439999999999997
 21
-0.0599999999999987
 31
0.0
 43
0.2240663302090843
 44
0.2368421052631579
 45
0.2240663302090843
 46
0.2368421052631579
 95
        0
 93
        3
 40
0.4077865897620765
 41
0.303633741888969
330
0
 94
        1
 10
2.152213410237919
 20
-0.0599999999999987
 30
0.0
 11
2.439999999999997
 21
-0.0599999999999987
 31
0.0
 43
0.2877865897620764
 44
0.183633741888969
 45
0.2877865897620764
 46
0.183633741888969
 95
        0
 93
        3
 40
0.12
 41
0.3
330
0
 94
        1
 10
2.439999999999997
 20
-0.0599999999999987
 30
0.0
 11
2.439999999999997
 21
-0.0599999999999987
 31
0.0
 43
0.0
 44
0.18
 45
0.0
 46
0.18
 95
        0
 93
        3
 40
0.12
 41
0.3
330
0
 94
        1
 10
2.439999999999997
 20
-0.0599999999999987
 30
0.0
 11
2.439999999999997
 21
-0.0599999999999987
 31
0.0
 43
0.0
 44
0.18
 45
0.0
 46
0.18
 95
        0
 93
        3
 40
0.12
 41
0.3
330
0
 94
        1
 10
2.439999999999997
 20
-0.0599999999999987
 30
0.0
 11
2.439999999999997
 21
-0.0599999999999987
 31
0.0
 43
0.0
 44
0.18
 45
0.0
 46
0.18
 95
        0
 93
        3
 40
0.308507570295602
 41
0.3
330
0
 94
        1
 10
2.251492429704399
 20
-0.0599999999999987
 30
0.0
 11
2.439999999999997
 21
-0.0599999999999987
 31
0.0
 43
0.188507570295602
 44
0.18
 45
0.188507570295602
 46
0.18
 95
        0
 93
        3
 40
0.12
 41
0.3
330
0
 94
        1
 10
2.439999999999997
 20
-0.0599999999999987
 30
0.0
 11
2.439999999999997
 21
-0.0599999999999987
 31
0.0
 43
0.0
 44
0.18
 45
0.0
 46
0.18
 95
        0
 93
        3
 40
0.12
 41
0.3
330
0
 94
        1
 10
2.439999999999997
 20
-0.0599999999999987
 30
0.0
 11
2.439999999999997
 21
-0.0599999999999987
 31
0.0
 43
0.0
 44
0.18
 45
0.0
 46
0.18
 95
        0
 93
        3
 40
0.12
 41
0.3
330
0
 94
        1
 10
2.439999999999997
 20
-0.0599999999999987
 30
0.0
 11
2.439999999999997
 21
-0.0599999999999987
 31
0.0
 43
0.0
 44
0.18
 45
0.0
 46
0.18
 95
        0
 93
        3
 40
0.12
 41
0.3
330
0
 94
        1
 10
2.439999999999997
 20
-0.0599999999999987
 30
0.0
 11
2.439999999999997
 21
-0.0599999999999987
 31
0.0
 43
0.0
 44
0.18
 45
0.0
 46
0.18
 95
        0
 93
        3
 40
0.3447152126892574
 41
0.3081759192501803
330
0
 94
        1
 10
2.215284787310736
 20
-0.0600000000000005
 30
0.0
 11
2.439999999999997
 21
-0.0600000000000005
 31
0.0
 43
0.2247152126892574
 44
0.1881759192501803
 45
0.2247152126892574
 46
0.1881759192501803
 95
        0
 93
        3
 40
0.12
 41
0.3
330
0
 94
        1
 10
2.439999999999997
 20
-0.0600000000000005
 30
0.0
 11
2.439999999999997
 21
-0.0600000000000005
 31
0.0
 43
0.0
 44
0.18
 45
0.0
 46
0.18
 95
        0
 93
        3
 40
0.12
 41
0.3
330
0
 94
        1
 10
2.439999999999997
 20
-0.0600000000000005
 30
0.0
 11
2.439999999999997
 21
-0.0600000000000005
 31
0.0
 43
0.0
 44
0.18
 45
0.0
 46
0.18
 95
        0
 93
        3
 40
0.12
 41
0.3
330
0
 94
        1
 10
2.439999999999997
 20
-0.0600000000000005
 30
0.0
 11
2.439999999999997
 21
-0.0600000000000005
 31
0.0
 43
0.0
 44
0.18
 45
0.0
 46
0.18
 95
        0
 93
        3
 40
0.12
 41
0.3
330
0
 94
        1
 10
2.439999999999997
 20
-0.0600000000000005
 30
0.0
 11
2.439999999999997
 21
-0.0600000000000005
 31
0.0
 43
0.0
 44
0.18
 45
0.0
 46
0.18
 95
        0
 93
        3
 40
0.3252487382840663
 41
0.304282624369142
330
0
 94
        1
 10
2.234751261715928
 20
-0.0600000000000005
 30
0.0
 11
2.439999999999997
 21
-0.0600000000000005
 31
0.0
 43
0.2052487382840663
 44
0.184282624369142
 45
0.2052487382840663
 46
0.184282624369142
 95
        0
 93
        3
 40
0.12
 41
0.3
330
0
 94
        1
 10
2.439999999999997
 20
-0.0600000000000005
 30
0.0
 11
2.439999999999997
 21
-0.0600000000000005
 31
0.0
 43
0.0
 44
0.18
 45
0.0
 46
0.18
 95
        0
 93
        3
 40
0.12
 41
0.3
330
0
 94
        1
 10
2.439999999999997
 20
-0.0600000000000005
 30
0.0
 11
2.439999999999997
 21
-0.0600000000000005
 31
0.0
 43
0.0
 44
0.18
 45
0.0
 46
0.18
 95
        0
 93
        3
 40
0.12
 41
0.3
330
0
 94
        1
 10
2.439999999999997
 20
-0.0600000000000005
 30
0.0
 11
2.439999999999997
 21
-0.0600000000000005
 31
0.0
 43
0.0
 44
0.18
 45
0.0
 46
0.18
 95
        0
 93
        3
 40
0.12
 41
0.3
330
0
 94
        1
 10
2.439999999999997
 20
-0.0600000000000005
 30
0.0
 11
2.439999999999997
 21
-0.0600000000000005
 31
0.0
 43
0.0
 44
0.18
 45
0.0
 46
0.18
 95
        0
 93
        3
 40
0.3401730353280461
 41
0.3573612112472963
330
0
 94
        1
 10
2.219826964671952
 20
-0.0600000000000005
 30
0.0
 11
2.439999999999997
 21
-0.0600000000000005
 31
0.0
 43
0.2201730353280462
 44
0.2373612112472963
 45
0.2201730353280462
 46
0.2373612112472963
 95
        0
 93
        3
 40
0.12
 41
0.3
330
0
 94
        1
 10
2.439999999999997
 20
-0.0600000000000005
 30
0.0
 11
2.439999999999997
 21
-0.0600000000000005
 31
0.0
 43
0.0
 44
0.18
 45
0.0
 46
0.18
 95
        0
 93
        3
 40
0.12
 41
0.3
330
0
 94
        1
 10
2.439999999999997
 20
-0.0600000000000005
 30
0.0
 11
2.439999999999997
 21
-0.0600000000000005
 31
0.0
 43
0.0
 44
0.18
 45
0.0
 46
0.18
 95
        0
 93
        3
 40
0.12
 41
0.3
330
0
 94
        1
 10
2.439999999999997
 20
-0.0600000000000005
 30
0.0
 11
2.439999999999997
 21
-0.0600000000000005
 31
0.0
 43
0.0
 44
0.18
 45
0.0
 46
0.18
 95
        0
 93
        3
 40
0.12
 41
0.3
330
0
 94
        1
 10
2.439999999999997
 20
-0.0600000000000005
 30
0.0
 11
2.439999999999997
 21
-0.0600000000000005
 31
0.0
 43
0.0
 44
0.18
 45
0.0
 46
0.18
 95
        0
 93
        3
 40
0.3495169430425379
 41
0.3045421773612112
330
0
 94
        1
 10
2.210483056957457
 20
-0.0600000000000005
 30
0.0
 11
2.439999999999997
 21
-0.0600000000000005
 31
0.0
 43
0.2295169430425378
 44
0.1845421773612113
 45
0.2295169430425378
 46
0.1845421773612113
 95
        0
 93
        3
 40
0.12
 41
0.3
330
0
 94
        1
 10
2.439999999999997
 20
-0.0600000000000005
 30
0.0
 11
2.439999999999997
 21
-0.0600000000000005
 31
0.0
 43
0.0
 44
0.18
 45
0.0
 46
0.18
 95
        0
 93
        3
 40
0.12
 41
0.3
330
0
 94
        1
 10
2.439999999999997
 20
-0.0600000000000005
 30
0.0
 11
2.439999999999997
 21
-0.0600000000000005
 31
0.0
 43
0.0
 44
0.18
 45
0.0
 46
0.18
 95
        0
 93
        3
 40
0.12
 41
0.3
330
0
 94
        1
 10
2.439999999999997
 20
-0.0600000000000005
 30
0.0
 11
2.439999999999997
 21
-0.0600000000000005
 31
0.0
 43
0.0
 44
0.18
 45
0.0
 46
0.18
 95
        0
 93
        3
 40
0.12
 41
0.3
330
0
 94
        1
 10
2.439999999999997
 20
-0.0600000000000005
 30
0.0
 11
2.439999999999997
 21
-0.0600000000000005
 31
0.0
 43
0.0
 44
0.18
 45
0.0
 46
0.18
 95
        0
 93
        3
 40
0.3252487382840663
 41
0.304282624369142
330
0
 94
        1
 10
2.234751261715928
 20
-0.0600000000000005
 30
0.0
 11
2.439999999999997
 21
-0.0600000000000005
 31
0.0
 43
0.2052487382840663
 44
0.184282624369142
 45
0.2052487382840663
 46
0.184282624369142
 95
        0
 93
        3
 40
0.12
 41
0.3
330
0
 94
        1
 10
2.439999999999997
 20
-0.0600000000000005
 30
0.0
 11
2.439999999999997
 21
-0.0600000000000005
 31
0.0
 43
0.0
 44
0.18
 45
0.0
 46
0.18
 95
        0
 93
        3
 40
0.2717808219178082
 41
0.3620331651045422
330
0
 94
        1
 10
2.288219178082186
 20
-0.0600000000000005
 30
0.0
 11
2.439999999999997
 21
-0.0600000000000005
 31
0.0
 43
0.1517808219178082
 44
0.2420331651045422
 45
0.1517808219178082
 46
0.2420331651045422
 95
        0
 93
        3
 40
0.12
 41
0.3
330
0
 94
        1
 10
2.439999999999997
 20
-0.0600000000000005
 30
0.0
 11
2.439999999999997
 21
-0.0600000000000005
 31
0.0
 43
0.0
 44
0.18
 45
0.0
 46
0.18
 95
        0
 93
        3
 40
0.12
 41
0.3
330
0
 94
        1
 10
2.439999999999997
 20
-0.0600000000000005
 30
0.0
 11
2.439999999999997
 21
-0.0600000000000005
 31
0.0
 43
0.0
 44
0.18
 45
0.0
 46
0.18
 95
        0
  0
DICTIONARY
  5
205
330
BE
100
AcDbDictionary
280
     1
281
     1
  3
ACAD_ROUNDTRIP_2008_TABLESTYLE_CELLSTYLEMAP
360
A77
  0
DICTIONARY
  5
201
330
87
100
AcDbDictionary
280
     1
281
     1
  3
ACAD_ROUNDTRIP_2008_TABLESTYLE_CELLSTYLEMAP
360
A75
  0
DICTIONARY
  5
203
330
BA
100
AcDbDictionary
280
     1
281
     1
  3
ACAD_ROUNDTRIP_2008_TABLESTYLE_CELLSTYLEMAP
360
A76
  0
CELLSTYLEMAP
  5
A77
102
{ACAD_REACTORS
330
205
102
}
330
205
100
AcDbCellStyleMap
 90
        3
300
CELLSTYLE
  1
TABLEFORMAT_BEGIN
 90
        5
170
     1
 91
        0
 92
    32768
 62
   257
 93
        1
300
CONTENTFORMAT
  1
CONTENTFORMAT_BEGIN
 90
        0
 91
        0
 92
      512
 93
        0
300

 40
0.0
140
1.0
 94
        5
 62
     0
340
BB
144
40.0
309
CONTENTFORMAT_END
171
     1
301
MARGIN
  1
CELLMARGIN_BEGIN
 40
0.06
 40
0.06
 40
0.06
 40
0.06
 40
0.18
 40
0.18
309
CELLMARGIN_END
 94
        6
 95
        1
302
GRIDFORMAT
  1
GRIDFORMAT_BEGIN
 90
        0
 91
        1
 62
     0
 92
       -2
340
0
 93
        0
 40
0.045
309
GRIDFORMAT_END
 95
        2
302
GRIDFORMAT
  1
GRIDFORMAT_BEGIN
 90
        0
 91
        1
 62
     0
 92
       -2
340
0
 93
        0
 40
0.045
309
GRIDFORMAT_END
 95
        4
302
GRIDFORMAT
  1
GRIDFORMAT_BEGIN
 90
        0
 91
        1
 62
     0
 92
       -2
340
0
 93
        0
 40
0.045
309
GRIDFORMAT_END
 95
        8
302
GRIDFORMAT
  1
GRIDFORMAT_BEGIN
 90
        0
 91
        1
 62
     0
 92
       -2
340
0
 93
        0
 40
0.045
309
GRIDFORMAT_END
 95
       16
302
GRIDFORMAT
  1
GRIDFORMAT_BEGIN
 90
        0
 91
        1
 62
     0
 92
       -2
340
0
 93
        0
 40
0.045
309
GRIDFORMAT_END
 95
       32
302
GRIDFORMAT
  1
GRIDFORMAT_BEGIN
 90
        0
 91
        1
 62
     0
 92
       -2
340
0
 93
        0
 40
0.045
309
GRIDFORMAT_END
309
TABLEFORMAT_END
  1
CELLSTYLE_BEGIN
 90
        1
 91
        1
300
_TITLE
309
CELLSTYLE_END
300
CELLSTYLE
  1
TABLEFORMAT_BEGIN
 90
        5
170
     1
 91
        0
 92
        0
 62
   257
 93
        1
300
CONTENTFORMAT
  1
CONTENTFORMAT_BEGIN
 90
        0
 91
        0
 92
      512
 93
        0
300

 40
0.0
140
1.0
 94
        5
 62
     0
340
BB
144
28.0
309
CONTENTFORMAT_END
171
     1
301
MARGIN
  1
CELLMARGIN_BEGIN
 40
0.06
 40
0.06
 40
0.06
 40
0.06
 40
0.18
 40
0.18
309
CELLMARGIN_END
 94
        6
 95
        1
302
GRIDFORMAT
  1
GRIDFORMAT_BEGIN
 90
        0
 91
        1
 62
     0
 92
       -2
340
0
 93
        0
 40
0.045
309
GRIDFORMAT_END
 95
        2
302
GRIDFORMAT
  1
GRIDFORMAT_BEGIN
 90
        0
 91
        1
 62
     0
 92
       -2
340
0
 93
        0
 40
0.045
309
GRIDFORMAT_END
 95
        4
302
GRIDFORMAT
  1
GRIDFORMAT_BEGIN
 90
        0
 91
        1
 62
     0
 92
       -2
340
0
 93
        0
 40
0.045
309
GRIDFORMAT_END
 95
        8
302
GRIDFORMAT
  1
GRIDFORMAT_BEGIN
 90
        0
 91
        1
 62
     0
 92
       -2
340
0
 93
        0
 40
0.045
309
GRIDFORMAT_END
 95
       16
302
GRIDFORMAT
  1
GRIDFORMAT_BEGIN
 90
        0
 91
        1
 62
     0
 92
       -2
340
0
 93
        0
 40
0.045
309
GRIDFORMAT_END
 95
       32
302
GRIDFORMAT
  1
GRIDFORMAT_BEGIN
 90
        0
 91
        1
 62
     0
 92
       -2
340
0
 93
        0
 40
0.045
309
GRIDFORMAT_END
309
TABLEFORMAT_END
  1
CELLSTYLE_BEGIN
 90
        2
 91
        1
300
_HEADER
309
CELLSTYLE_END
300
CELLSTYLE
  1
TABLEFORMAT_BEGIN
 90
        5
170
     1
 91
        0
 92
        0
 62
   257
 93
        1
300
CONTENTFORMAT
  1
CONTENTFORMAT_BEGIN
 90
        0
 91
        0
 92
      512
 93
        0
300

 40
0.0
140
1.0
 94
        2
 62
     0
340
BB
144
18.0
309
CONTENTFORMAT_END
171
     1
301
MARGIN
  1
CELLMARGIN_BEGIN
 40
0.06
 40
0.06
 40
0.06
 40
0.06
 40
0.18
 40
0.18
309
CELLMARGIN_END
 94
        6
 95
        1
302
GRIDFORMAT
  1
GRIDFORMAT_BEGIN
 90
        0
 91
        1
 62
     0
 92
       -2
340
0
 93
        0
 40
0.045
309
GRIDFORMAT_END
 95
        2
302
GRIDFORMAT
  1
GRIDFORMAT_BEGIN
 90
        0
 91
        1
 62
     0
 92
       -2
340
0
 93
        0
 40
0.045
309
GRIDFORMAT_END
 95
        4
302
GRIDFORMAT
  1
GRIDFORMAT_BEGIN
 90
        0
 91
        1
 62
     0
 92
       -2
340
0
 93
        0
 40
0.045
309
GRIDFORMAT_END
 95
        8
302
GRIDFORMAT
  1
GRIDFORMAT_BEGIN
 90
        0
 91
        1
 62
     0
 92
       -2
340
0
 93
        0
 40
0.045
309
GRIDFORMAT_END
 95
       16
302
GRIDFORMAT
  1
GRIDFORMAT_BEGIN
 90
        0
 91
        1
 62
     0
 92
       -2
340
0
 93
        0
 40
0.045
309
GRIDFORMAT_END
 95
       32
302
GRIDFORMAT
  1
GRIDFORMAT_BEGIN
 90
        0
 91
        1
 62
     0
 92
       -2
340
0
 93
        0
 40
0.045
309
GRIDFORMAT_END
309
TABLEFORMAT_END
  1
CELLSTYLE_BEGIN
 90
        3
 91
        2
300
_DATA
309
CELLSTYLE_END
  0
CELLSTYLEMAP
  5
A75
102
{ACAD_REACTORS
330
201
102
}
330
201
100
AcDbCellStyleMap
 90
        3
300
CELLSTYLE
  1
TABLEFORMAT_BEGIN
 90
        5
170
     1
 91
        0
 92
    32768
 62
   257
 93
        1
300
CONTENTFORMAT
  1
CONTENTFORMAT_BEGIN
 90
        0
 91
        0
 92
      512
 93
        0
300

 40
0.0
140
1.0
 94
        5
 62
     0
340
BB
144
0.25
309
CONTENTFORMAT_END
171
     1
301
MARGIN
  1
CELLMARGIN_BEGIN
 40
0.06
 40
0.06
 40
0.06
 40
0.06
 40
0.18
 40
0.18
309
CELLMARGIN_END
 94
        6
 95
        1
302
GRIDFORMAT
  1
GRIDFORMAT_BEGIN
 90
        0
 91
        1
 62
     0
 92
       -2
340
0
 93
        0
 40
0.045
309
GRIDFORMAT_END
 95
        2
302
GRIDFORMAT
  1
GRIDFORMAT_BEGIN
 90
        0
 91
        1
 62
     0
 92
       -2
340
0
 93
        0
 40
0.045
309
GRIDFORMAT_END
 95
        4
302
GRIDFORMAT
  1
GRIDFORMAT_BEGIN
 90
        0
 91
        1
 62
     0
 92
       -2
340
0
 93
        0
 40
0.045
309
GRIDFORMAT_END
 95
        8
302
GRIDFORMAT
  1
GRIDFORMAT_BEGIN
 90
        0
 91
        1
 62
     0
 92
       -2
340
0
 93
        0
 40
0.045
309
GRIDFORMAT_END
 95
       16
302
GRIDFORMAT
  1
GRIDFORMAT_BEGIN
 90
        0
 91
        1
 62
     0
 92
       -2
340
0
 93
        0
 40
0.045
309
GRIDFORMAT_END
 95
       32
302
GRIDFORMAT
  1
GRIDFORMAT_BEGIN
 90
        0
 91
        1
 62
     0
 92
       -2
340
0
 93
        0
 40
0.045
309
GRIDFORMAT_END
309
TABLEFORMAT_END
  1
CELLSTYLE_BEGIN
 90
        1
 91
        1
300
_TITLE
309
CELLSTYLE_END
300
CELLSTYLE
  1
TABLEFORMAT_BEGIN
 90
        5
170
     1
 91
        0
 92
        0
 62
   257
 93
        1
300
CONTENTFORMAT
  1
CONTENTFORMAT_BEGIN
 90
        0
 91
        0
 92
      512
 93
        0
300

 40
0.0
140
1.0
 94
        5
 62
     0
340
11
144
0.18
309
CONTENTFORMAT_END
171
     1
301
MARGIN
  1
CELLMARGIN_BEGIN
 40
0.06
 40
0.06
 40
0.06
 40
0.06
 40
0.18
 40
0.18
309
CELLMARGIN_END
 94
        6
 95
        1
302
GRIDFORMAT
  1
GRIDFORMAT_BEGIN
 90
        0
 91
        1
 62
     0
 92
       -2
340
0
 93
        0
 40
0.045
309
GRIDFORMAT_END
 95
        2
302
GRIDFORMAT
  1
GRIDFORMAT_BEGIN
 90
        0
 91
        1
 62
     0
 92
       -2
340
0
 93
        0
 40
0.045
309
GRIDFORMAT_END
 95
        4
302
GRIDFORMAT
  1
GRIDFORMAT_BEGIN
 90
        0
 91
        1
 62
     0
 92
       -2
340
0
 93
        0
 40
0.045
309
GRIDFORMAT_END
 95
        8
302
GRIDFORMAT
  1
GRIDFORMAT_BEGIN
 90
        0
 91
        1
 62
     0
 92
       -2
340
0
 93
        0
 40
0.045
309
GRIDFORMAT_END
 95
       16
302
GRIDFORMAT
  1
GRIDFORMAT_BEGIN
 90
        0
 91
        1
 62
     0
 92
       -2
340
0
 93
        0
 40
0.045
309
GRIDFORMAT_END
 95
       32
302
GRIDFORMAT
  1
GRIDFORMAT_BEGIN
 90
        0
 91
        1
 62
     0
 92
       -2
340
0
 93
        0
 40
0.045
309
GRIDFORMAT_END
309
TABLEFORMAT_END
  1
CELLSTYLE_BEGIN
 90
        2
 91
        1
300
_HEADER
309
CELLSTYLE_END
300
CELLSTYLE
  1
TABLEFORMAT_BEGIN
 90
        5
170
     1
 91
        0
 92
        0
 62
   257
 93
        1
300
CONTENTFORMAT
  1
CONTENTFORMAT_BEGIN
 90
        0
 91
        0
 92
      512
 93
        0
300

 40
0.0
140
1.0
 94
        2
 62
     0
340
BB
144
0.18
309
CONTENTFORMAT_END
171
     1
301
MARGIN
  1
CELLMARGIN_BEGIN
 40
0.06
 40
0.06
 40
0.06
 40
0.06
 40
0.18
 40
0.18
309
CELLMARGIN_END
 94
        6
 95
        1
302
GRIDFORMAT
  1
GRIDFORMAT_BEGIN
 90
        0
 91
        1
 62
     0
 92
       -2
340
0
 93
        0
 40
0.045
309
GRIDFORMAT_END
 95
        2
302
GRIDFORMAT
  1
GRIDFORMAT_BEGIN
 90
        0
 91
        1
 62
     0
 92
       -2
340
0
 93
        0
 40
0.045
309
GRIDFORMAT_END
 95
        4
302
GRIDFORMAT
  1
GRIDFORMAT_BEGIN
 90
        0
 91
        1
 62
     0
 92
       -2
340
0
 93
        0
 40
0.045
309
GRIDFORMAT_END
 95
        8
302
GRIDFORMAT
  1
GRIDFORMAT_BEGIN
 90
        0
 91
        1
 62
     0
 92
       -2
340
0
 93
        0
 40
0.045
309
GRIDFORMAT_END
 95
       16
302
GRIDFORMAT
  1
GRIDFORMAT_BEGIN
 90
        0
 91
        1
 62
     0
 92
       -2
340
0
 93
        0
 40
0.045
309
GRIDFORMAT_END
 95
       32
302
GRIDFORMAT
  1
GRIDFORMAT_BEGIN
 90
        0
 91
        1
 62
     0
 92
       -2
340
0
 93
        0
 40
0.045
309
GRIDFORMAT_END
309
TABLEFORMAT_END
  1
CELLSTYLE_BEGIN
 90
        3
 91
        2
300
_DATA
309
CELLSTYLE_END
  0
CELLSTYLEMAP
  5
A76
102
{ACAD_REACTORS
330
203
102
}
330
203
100
AcDbCellStyleMap
 90
        3
300
CELLSTYLE
  1
TABLEFORMAT_BEGIN
 90
        5
170
     1
 91
        0
 92
    32768
 62
   257
 93
        1
300
CONTENTFORMAT
  1
CONTENTFORMAT_BEGIN
 90
        0
 91
        0
 92
      512
 93
        0
300

 40
0.0
140
1.0
 94
        5
 62
     0
340
11
144
4.0
309
CONTENTFORMAT_END
171
     1
301
MARGIN
  1
CELLMARGIN_BEGIN
 40
0.06
 40
0.06
 40
0.06
 40
0.06
 40
0.18
 40
0.18
309
CELLMARGIN_END
 94
        6
 95
        1
302
GRIDFORMAT
  1
GRIDFORMAT_BEGIN
 90
        0
 91
        1
 62
     0
 92
       -2
340
0
 93
        0
 40
0.045
309
GRIDFORMAT_END
 95
        2
302
GRIDFORMAT
  1
GRIDFORMAT_BEGIN
 90
        0
 91
        1
 62
     0
 92
       -2
340
0
 93
        0
 40
0.045
309
GRIDFORMAT_END
 95
        4
302
GRIDFORMAT
  1
GRIDFORMAT_BEGIN
 90
        0
 91
        1
 62
     0
 92
       -2
340
0
 93
        0
 40
0.045
309
GRIDFORMAT_END
 95
        8
302
GRIDFORMAT
  1
GRIDFORMAT_BEGIN
 90
        0
 91
        1
 62
     0
 92
       -2
340
0
 93
        0
 40
0.045
309
GRIDFORMAT_END
 95
       16
302
GRIDFORMAT
  1
GRIDFORMAT_BEGIN
 90
        0
 91
        1
 62
     0
 92
       -2
340
0
 93
        0
 40
0.045
309
GRIDFORMAT_END
 95
       32
302
GRIDFORMAT
  1
GRIDFORMAT_BEGIN
 90
        0
 91
        1
 62
     0
 92
       -2
340
0
 93
        0
 40
0.045
309
GRIDFORMAT_END
309
TABLEFORMAT_END
  1
CELLSTYLE_BEGIN
 90
        1
 91
        1
300
_TITLE
309
CELLSTYLE_END
300
CELLSTYLE
  1
TABLEFORMAT_BEGIN
 90
        5
170
     1
 91
        0
 92
        0
 62
   257
 93
        1
300
CONTENTFORMAT
  1
CONTENTFORMAT_BEGIN
 90
        0
 91
        0
 92
      512
 93
        0
300

 40
0.0
140
1.0
 94
        5
 62
     0
340
BB
144
2.799999999999998
309
CONTENTFORMAT_END
171
     1
301
MARGIN
  1
CELLMARGIN_BEGIN
 40
0.06
 40
0.06
 40
0.06
 40
0.06
 40
0.18
 40
0.18
309
CELLMARGIN_END
 94
        6
 95
        1
302
GRIDFORMAT
  1
GRIDFORMAT_BEGIN
 90
        0
 91
        1
 62
     0
 92
       -2
340
0
 93
        0
 40
0.045
309
GRIDFORMAT_END
 95
        2
302
GRIDFORMAT
  1
GRIDFORMAT_BEGIN
 90
        0
 91
        1
 62
     0
 92
       -2
340
0
 93
        0
 40
0.045
309
GRIDFORMAT_END
 95
        4
302
GRIDFORMAT
  1
GRIDFORMAT_BEGIN
 90
        0
 91
        1
 62
     0
 92
       -2
340
0
 93
        0
 40
0.045
309
GRIDFORMAT_END
 95
        8
302
GRIDFORMAT
  1
GRIDFORMAT_BEGIN
 90
        0
 91
        1
 62
     0
 92
       -2
340
0
 93
        0
 40
0.045
309
GRIDFORMAT_END
 95
       16
302
GRIDFORMAT
  1
GRIDFORMAT_BEGIN
 90
        0
 91
        1
 62
     0
 92
       -2
340
0
 93
        0
 40
0.045
309
GRIDFORMAT_END
 95
       32
302
GRIDFORMAT
  1
GRIDFORMAT_BEGIN
 90
        0
 91
        1
 62
     0
 92
       -2
340
0
 93
        0
 40
0.045
309
GRIDFORMAT_END
309
TABLEFORMAT_END
  1
CELLSTYLE_BEGIN
 90
        2
 91
        1
300
_HEADER
309
CELLSTYLE_END
300
CELLSTYLE
  1
TABLEFORMAT_BEGIN
 90
        5
170
     1
 91
        0
 92
        0
 62
   257
 93
        1
300
CONTENTFORMAT
  1
CONTENTFORMAT_BEGIN
 90
        0
 91
        0
 92
      512
 93
        0
300

 40
0.0
140
1.0
 94
        2
 62
     0
340
11
144
1.8
309
CONTENTFORMAT_END
171
     1
301
MARGIN
  1
CELLMARGIN_BEGIN
 40
0.06
 40
0.06
 40
0.06
 40
0.06
 40
0.18
 40
0.18
309
CELLMARGIN_END
 94
        6
 95
        1
302
GRIDFORMAT
  1
GRIDFORMAT_BEGIN
 90
        0
 91
        1
 62
     0
 92
       -2
340
0
 93
        0
 40
0.045
309
GRIDFORMAT_END
 95
        2
302
GRIDFORMAT
  1
GRIDFORMAT_BEGIN
 90
        0
 91
        1
 62
     0
 92
       -2
340
0
 93
        0
 40
0.045
309
GRIDFORMAT_END
 95
        4
302
GRIDFORMAT
  1
GRIDFORMAT_BEGIN
 90
        0
 91
        1
 62
     0
 92
       -2
340
0
 93
        0
 40
0.045
309
GRIDFORMAT_END
 95
        8
302
GRIDFORMAT
  1
GRIDFORMAT_BEGIN
 90
        0
 91
        1
 62
     0
 92
       -2
340
0
 93
        0
 40
0.045
309
GRIDFORMAT_END
 95
       16
302
GRIDFORMAT
  1
GRIDFORMAT_BEGIN
 90
        0
 91
        1
 62
     0
 92
       -2
340
0
 93
        0
 40
0.045
309
GRIDFORMAT_END
 95
       32
302
GRIDFORMAT
  1
GRIDFORMAT_BEGIN
 90
        0
 91
        1
 62
     0
 92
       -2
340
0
 93
        0
 40
0.045
309
GRIDFORMAT_END
309
TABLEFORMAT_END
  1
CELLSTYLE_BEGIN
 90
        3
 91
        2
300
_DATA
309
CELLSTYLE_END
  0
ENDSEC
  0
EOF
