  0
SECTION
  2
HEADER
  9
$ACADVER
  1
AC1021
  9
$ACADMAINTVER
 70
    50
  9
$DWGCODEPAGE
  3
ANSI_1251
  9
$LASTSAVEDBY
  1
veb
  9
$INSBASE
 10
0.0
 20
0.0
 30
0.0
  9
$EXTMIN
 10
82.01934875340539
 20
2.944198320812631
 30
0.0
  9
$EXTMAX
 10
133.1475547250421
 20
24.0815757127605
 30
0.0
  9
$LIMMIN
 10
0.0
 20
0.0
  9
$LIMMAX
 10
12.0
 20
9.0
  9
$ORTHOMODE
 70
     0
  9
$REGENMODE
 70
     1
  9
$FILLMODE
 70
     1
  9
$QTEXTMODE
 70
     0
  9
$MIRRTEXT
 70
     0
  9
$LTSCALE
 40
1.0
  9
$ATTMODE
 70
     1
  9
$TEXTSIZE
 40
0.2
  9
$TRACEWID
 40
0.05
  9
$TEXTSTYLE
  7
newtext
  9
$CLAYER
  8
0
  9
$CELTYPE
  6
ByLayer
  9
$CECOLOR
 62
   256
  9
$CELTSCALE
 40
1.0
  9
$DISPSILH
 70
     0
  9
$DIMSCALE
 40
1.0
  9
$DIMASZ
 40
0.18
  9
$DIMEXO
 40
0.0625
  9
$DIMDLI
 40
0.38
  9
$DIMRND
 40
0.0
  9
$DIMDLE
 40
0.0
  9
$DIMEXE
 40
0.18
  9
$DIMTP
 40
0.0
  9
$DIMTM
 40
0.0
  9
$DIMTXT
 40
0.18
  9
$DIMCEN
 40
0.09
  9
$DIMTSZ
 40
0.0
  9
$DIMTOL
 70
     0
  9
$DIMLIM
 70
     0
  9
$DIMTIH
 70
     1
  9
$DIMTOH
 70
     1
  9
$DIMSE1
 70
     0
  9
$DIMSE2
 70
     0
  9
$DIMTAD
 70
     0
  9
$DIMZIN
 70
     0
  9
$DIMBLK
  1

  9
$DIMASO
 70
     1
  9
$DIMSHO
 70
     1
  9
$DIMPOST
  1

  9
$DIMAPOST
  1

  9
$DIMALT
 70
     0
  9
$DIMALTD
 70
     2
  9
$DIMALTF
 40
25.4
  9
$DIMLFAC
 40
1.0
  9
$DIMTOFL
 70
     0
  9
$DIMTVP
 40
0.0
  9
$DIMTIX
 70
     0
  9
$DIMSOXD
 70
     0
  9
$DIMSAH
 70
     0
  9
$DIMBLK1
  1

  9
$DIMBLK2
  1

  9
$DIMSTYLE
  2
Standard
  9
$DIMCLRD
 70
     0
  9
$DIMCLRE
 70
     0
  9
$DIMCLRT
 70
     0
  9
$DIMTFAC
 40
1.0
  9
$DIMGAP
 40
0.09
  9
$DIMJUST
 70
     0
  9
$DIMSD1
 70
     0
  9
$DIMSD2
 70
     0
  9
$DIMTOLJ
 70
     1
  9
$DIMTZIN
 70
     0
  9
$DIMALTZ
 70
     0
  9
$DIMALTTZ
 70
     0
  9
$DIMUPT
 70
     0
  9
$DIMDEC
 70
     4
  9
$DIMTDEC
 70
     4
  9
$DIMALTU
 70
     2
  9
$DIMALTTD
 70
     2
  9
$DIMTXSTY
  7
Standard
  9
$DIMAUNIT
 70
     0
  9
$DIMADEC
 70
     0
  9
$DIMALTRND
 40
0.0
  9
$DIMAZIN
 70
     0
  9
$DIMDSEP
 70
    46
  9
$DIMATFIT
 70
     3
  9
$DIMFRAC
 70
     0
  9
$DIMLDRBLK
  1

  9
$DIMLUNIT
 70
     2
  9
$DIMLWD
 70
    -2
  9
$DIMLWE
 70
    -2
  9
$DIMTMOVE
 70
     0
  9
$DIMFXL
 40
1.0
  9
$DIMFXLON
 70
     0
  9
$DIMJOGANG
 40
0.7853981633974483
  9
$DIMTFILL
 70
     0
  9
$DIMTFILLCLR
 70
     0
  9
$DIMARCSYM
 70
     0
  9
$DIMLTYPE
  6

  9
$DIMLTEX1
  6

  9
$DIMLTEX2
  6

  9
$LUNITS
 70
     2
  9
$LUPREC
 70
     4
  9
$SKETCHINC
 40
0.1
  9
$FILLETRAD
 40
0.0
  9
$AUNITS
 70
     0
  9
$AUPREC
 70
     0
  9
$MENU
  1
.
  9
$ELEVATION
 40
0.0
  9
$PELEVATION
 40
0.0
  9
$THICKNESS
 40
0.0
  9
$LIMCHECK
 70
     0
  9
$CHAMFERA
 40
0.0
  9
$CHAMFERB
 40
0.0
  9
$CHAMFERC
 40
0.0
  9
$CHAMFERD
 40
0.0
  9
$SKPOLY
 70
     0
  9
$TDCREATE
 40
2461139.977708333
  9
$TDUCREATE
 40
2461139.852713496
  9
$TDUPDATE
 40
2461312.878946760
  9
$TDUUPDATE
 40
2461312.753946760
  9
$TDINDWG
 40
0.0112004745
  9
$TDUSRTIMER
 40
0.0111995370
  9
$USRTIMER
 70
     1
  9
$ANGBASE
 50
0.0
  9
$ANGDIR
 70
     0
  9
$PDMODE
 70
     0
  9
$PDSIZE
 40
0.0
  9
$PLINEWID
 40
0.0
  9
$SPLFRAME
 70
     0
  9
$SPLINETYPE
 70
     6
  9
$SPLINESEGS
 70
     8
  9
$HANDSEED
  5
DDE
  9
$SURFTAB1
 70
     6
  9
$SURFTAB2
 70
     6
  9
$SURFTYPE
 70
     6
  9
$SURFU
 70
     6
  9
$SURFV
 70
     6
  9
$UCSBASE
  2

  9
$UCSNAME
  2

  9
$UCSORG
 10
0.0
 20
0.0
 30
0.0
  9
$UCSXDIR
 10
1.0
 20
0.0
 30
0.0
  9
$UCSYDIR
 10
0.0
 20
1.0
 30
0.0
  9
$UCSORTHOREF
  2

  9
$UCSORTHOVIEW
 70
     0
  9
$UCSORGTOP
 10
0.0
 20
0.0
 30
0.0
  9
$UCSORGBOTTOM
 10
0.0
 20
0.0
 30
0.0
  9
$UCSORGLEFT
 10
0.0
 20
0.0
 30
0.0
  9
$UCSORGRIGHT
 10
0.0
 20
0.0
 30
0.0
  9
$UCSORGFRONT
 10
0.0
 20
0.0
 30
0.0
  9
$UCSORGBACK
 10
0.0
 20
0.0
 30
0.0
  9
$PUCSBASE
  2

  9
$PUCSNAME
  2

  9
$PUCSORG
 10
0.0
 20
0.0
 30
0.0
  9
$PUCSXDIR
 10
1.0
 20
0.0
 30
0.0
  9
$PUCSYDIR
 10
0.0
 20
1.0
 30
0.0
  9
$PUCSORTHOREF
  2

  9
$PUCSORTHOVIEW
 70
     0
  9
$PUCSORGTOP
 10
0.0
 20
0.0
 30
0.0
  9
$PUCSORGBOTTOM
 10
0.0
 20
0.0
 30
0.0
  9
$PUCSORGLEFT
 10
0.0
 20
0.0
 30
0.0
  9
$PUCSORGRIGHT
 10
0.0
 20
0.0
 30
0.0
  9
$PUCSORGFRONT
 10
0.0
 20
0.0
 30
0.0
  9
$PUCSORGBACK
 10
0.0
 20
0.0
 30
0.0
  9
$USERI1
 70
     0
  9
$USERI2
 70
     0
  9
$USERI3
 70
     0
  9
$USERI4
 70
     0
  9
$USERI5
 70
     0
  9
$USERR1
 40
0.0
  9
$USERR2
 40
0.0
  9
$USERR3
 40
0.0
  9
$USERR4
 40
0.0
  9
$USERR5
 40
0.0
  9
$WORLDVIEW
 70
     1
  9
$SHADEDGE
 70
     3
  9
$SHADEDIF
 70
    70
  9
$TILEMODE
 70
     1
  9
$MAXACTVP
 70
    64
  9
$PINSBASE
 10
0.0
 20
0.0
 30
0.0
  9
$PLIMCHECK
 70
     0
  9
$PEXTMIN
 10
0.0
 20
0.0
 30
0.0
  9
$PEXTMAX
 10
0.0
 20
0.0
 30
0.0
  9
$PLIMMIN
 10
0.0
 20
0.0
  9
$PLIMMAX
 10
12.0
 20
9.0
  9
$UNITMODE
 70
     0
  9
$VISRETAIN
 70
     1
  9
$PLINEGEN
 70
     0
  9
$PSLTSCALE
 70
     1
  9
$TREEDEPTH
 70
  3020
  9
$CMLSTYLE
  2
Standard
  9
$CMLJUST
 70
     0
  9
$CMLSCALE
 40
1.0
  9
$PROXYGRAPHICS
 70
     1
  9
$MEASUREMENT
 70
     0
  9
$CELWEIGHT
370
    -1
  9
$ENDCAPS
280
     0
  9
$JOINSTYLE
280
     0
  9
$LWDISPLAY
290
     0
  9
$INSUNITS
 70
     1
  9
$HYPERLINKBASE
  1

  9
$STYLESHEET
  1

  9
$XEDIT
290
     1
  9
$CEPSNTYPE
380
     0
  9
$PSTYLEMODE
290
     1
  9
$FINGERPRINTGUID
  2
{04049715-8E36-4D44-8FAC-0E0BE8CDE4EA}
  9
$VERSIONGUID
  2
{1EE8B7E2-121C-734E-8600-C3FE2C70B10E}
  9
$EXTNAMES
290
     1
  9
$PSVPSCALE
 40
0.0
  9
$OLESTARTUP
290
     0
  9
$SORTENTS
280
   127
  9
$INDEXCTL
280
     0
  9
$HIDETEXT
280
     1
  9
$XCLIPFRAME
290
     0
  9
$HALOGAP
280
     0
  9
$OBSCOLOR
 70
   257
  9
$OBSLTYPE
280
     0
  9
$INTERSECTIONDISPLAY
280
     0
  9
$INTERSECTIONCOLOR
 70
   257
  9
$DIMASSOC
280
     2
  9
$PROJECTNAME
  1

  9
$CAMERADISPLAY
290
     0
  9
$LENSLENGTH
 40
50.0
  9
$CAMERAHEIGHT
 40
0.0
  9
$STEPSPERSEC
 40
2.0
  9
$STEPSIZE
 40
6.0
  9
$3DDWFPREC
 40
2.0
  9
$PSOLWIDTH
 40
0.25
  9
$PSOLHEIGHT
 40
4.0
  9
$LOFTANG1
 40
1.570796326794896
  9
$LOFTANG2
 40
1.570796326794896
  9
$LOFTMAG1
 40
0.0
  9
$LOFTMAG2
 40
0.0
  9
$LOFTPARAM
 70
     7
  9
$LOFTNORMALS
280
     1
  9
$LATITUDE
 40
37.795
  9
$LONGITUDE
 40
-122.394
  9
$NORTHDIRECTION
 40
0.0
  9
$TIMEZONE
 70
 -8000
  9
$LIGHTGLYPHDISPLAY
280
     1
  9
$TILEMODELIGHTSYNCH
280
     1
  9
$CMATERIAL
347
96
  9
$SOLIDHIST
280
     1
  9
$SHOWHIST
280
     1
  9
$DWFFRAME
280
     2
  9
$DGNFRAME
280
     0
  9
$REALWORLDSCALE
290
     1
  9
$INTERFERECOLOR
 62
     1
  9
$INTERFEREOBJVS
345
A3
  9
$INTERFEREVPVS
346
A0
  9
$CSHADOW
280
     0
  9
$SHADOWPLANELOCATION
 40
0.0
  0
ENDSEC
  0
SECTION
  2
CLASSES
  0
CLASS
  1
ACDBDICTIONARYWDFLT
  2
AcDbDictionaryWithDefault
  3
ObjectDBX Classes
 90
        0
 91
        1
280
     0
281
     0
  0
CLASS
  1
DICTIONARYVAR
  2
AcDbDictionaryVar
  3
ObjectDBX Classes
 90
        0
 91
       15
280
     0
281
     0
  0
CLASS
  1
TABLESTYLE
  2
AcDbTableStyle
  3
ObjectDBX Classes
 90
     4095
 91
        3
280
     0
281
     0
  0
CLASS
  1
MATERIAL
  2
AcDbMaterial
  3
ObjectDBX Classes
 90
     1153
 91
        3
280
     0
281
     0
  0
CLASS
  1
VISUALSTYLE
  2
AcDbVisualStyle
  3
ObjectDBX Classes
 90
     4095
 91
       26
280
     0
281
     0
  0
CLASS
  1
SCALE
  2
AcDbScale
  3
ObjectDBX Classes
 90
     1153
 91
       33
280
     0
281
     0
  0
CLASS
  1
MLEADERSTYLE
  2
AcDbMLeaderStyle
  3
ACDB_MLEADERSTYLE_CLASS
 90
     4095
 91
        1
280
     0
281
     0
  0
CLASS
  1
ACAD_TABLE
  2
AcDbTable
  3
ObjectDBX Classes
 90
     1025
 91
        7
280
     0
281
     1
  0
CLASS
  1
CELLSTYLEMAP
  2
AcDbCellStyleMap
  3
ObjectDBX Classes
 90
     1152
 91
        9
280
     0
281
     0
  0
CLASS
  1
TABLECONTENT
  2
AcDbTableContent
  3
ObjectDBX Classes
 90
     1152
 91
        3
280
     0
281
     0
  0
CLASS
  1
TABLEGEOMETRY
  2
AcDbTableGeometry
  3
ObjectDBX Classes
 90
     1152
 91
        3
280
     0
281
     0
  0
CLASS
  1
ACDBSECTIONVIEWSTYLE
  2
AcDbSectionViewStyle
  3
ObjectDBX Classes
 90
     1025
 91
        1
280
     0
281
     0
  0
CLASS
  1
ACDBDETAILVIEWSTYLE
  2
AcDbDetailViewStyle
  3
ObjectDBX Classes
 90
     1025
 91
        1
280
     0
281
     0
  0
CLASS
  1
EXACXREFPANELOBJECT
  2
ExAcXREFPanelObject
  3
EXAC_ESW
 90
     1025
 91
        1
280
     0
281
     0
  0
CLASS
  1
NPOCOLLECTION
  2
AcDbImpNonPersistentObjectsCollection
  3
ObjectDBX Classes
 90
     1153
 91
        1
280
     0
281
     0
  0
ENDSEC
  0
SECTION
  2
TABLES
  0
TABLE
  2
VPORT
  5
8
330
0
100
AcDbSymbolTable
 70
     1
  0
VPORT
  5
94
330
8
100
AcDbSymbolTableRecord
100
AcDbViewportTableRecord
  2
*Active
 70
     0
 10
0.0
 20
0.0
 11
1.0
 21
1.0
 12
112.3280137569965
 22
13.5134758446976
 13
0.0
 23
0.0
 14
0.5
 24
0.5
 15
0.5
 25
0.5
 16
0.0
 26
0.0
 36
1.0
 17
0.0
 27
0.0
 37
0.0
 40
37.29223513792849
 41
1.632379248658318
 42
50.0
 43
0.0
 44
0.0
 50
0.0
 51
0.0
 71
     0
 72
  1000
 73
     1
 74
     3
 75
     0
 76
     0
 77
     0
 78
     0
281
     0
 65
     1
110
0.0
120
0.0
130
0.0
111
1.0
121
0.0
131
0.0
112
0.0
122
1.0
132
0.0
 79
     0
146
0.0
348
9F
 60
     2
 61
     5
292
     1
282
     1
141
0.0
142
0.0
 63
   250
421
  3355443
1001
ACAD_NAV_VCDISPLAY
1070
     3
  0
ENDTAB
  0
TABLE
  2
LTYPE
  5
5
330
0
100
AcDbSymbolTable
 70
     1
  0
LTYPE
  5
14
330
5
100
AcDbSymbolTableRecord
100
AcDbLinetypeTableRecord
  2
ByBlock
 70
     0
  3

 72
    65
 73
     0
 40
0.0
  0
LTYPE
  5
15
330
5
100
AcDbSymbolTableRecord
100
AcDbLinetypeTableRecord
  2
ByLayer
 70
     0
  3

 72
    65
 73
     0
 40
0.0
  0
LTYPE
  5
16
330
5
100
AcDbSymbolTableRecord
100
AcDbLinetypeTableRecord
  2
Continuous
 70
     0
  3
Solid line
 72
    65
 73
     0
 40
0.0
  0
ENDTAB
  0
TABLE
  2
LAYER
  5
2
330
0
100
AcDbSymbolTable
 70
     2
  0
LAYER
  5
10
102
{ACAD_XDICTIONARY
360
18C
102
}
330
2
100
AcDbSymbolTableRecord
100
AcDbLayerTableRecord
  2
0
 70
     0
 62
     7
  6
Continuous
370
    -3
390
F
347
98
  0
LAYER
  5
EC
330
2
100
AcDbSymbolTableRecord
100
AcDbLayerTableRecord
  2
Defpoints
 70
     0
 62
     7
  6
Continuous
290
     0
370
    -3
390
F
347
98
  0
ENDTAB
  0
TABLE
  2
STYLE
  5
3
330
0
100
AcDbSymbolTable
 70
     2
  0
STYLE
  5
11
330
3
100
AcDbSymbolTableRecord
100
AcDbTextStyleTableRecord
  2
Standard
 70
     0
 40
0.0
 41
1.0
 50
0.0
 71
     0
 42
0.2
  3
txt
  4

  0
STYLE
  5
BB
330
3
100
AcDbSymbolTableRecord
100
AcDbTextStyleTableRecord
  2
newtext
 70
     0
 40
0.0
 41
1.0
 50
0.0
 71
     0
 42
0.2
  3
times.ttf
  4

1001
ACAD
1000
Times New Roman
1071
       18
  0
ENDTAB
  0
TABLE
  2
VIEW
  5
6
330
0
100
AcDbSymbolTable
 70
     0
  0
ENDTAB
  0
TABLE
  2
UCS
  5
7
330
0
100
AcDbSymbolTable
 70
     0
  0
ENDTAB
  0
TABLE
  2
APPID
  5
9
330
0
100
AcDbSymbolTable
 70
     9
  0
APPID
  5
12
330
9
100
AcDbSymbolTableRecord
100
AcDbRegAppTableRecord
  2
ACAD
 70
     0
  0
APPID
  5
E5
330
9
100
AcDbSymbolTableRecord
100
AcDbRegAppTableRecord
  2
ACAD_MLEADERVER
 70
     0
  0
APPID
  5
97C
330
9
100
AcDbSymbolTableRecord
100
AcDbRegAppTableRecord
  2
ACAD_EXEMPT_FROM_CAD_STANDARDS
 70
     0
  0
APPID
  5
B7B
330
9
100
AcDbSymbolTableRecord
100
AcDbRegAppTableRecord
  2
MCS_DOCUMENT_ID
 70
     0
  0
APPID
  5
B7D
330
9
100
AcDbSymbolTableRecord
100
AcDbRegAppTableRecord
  2
MCS_PARAMS_DATA
 70
     0
  0
APPID
  5
B7F
330
9
100
AcDbSymbolTableRecord
100
AcDbRegAppTableRecord
  2
MC_VERSION_DATA
 70
     0
  0
APPID
  5
B82
330
9
100
AcDbSymbolTableRecord
100
AcDbRegAppTableRecord
  2
MCS_DIM1
 70
     0
  0
APPID
  5
B83
330
9
100
AcDbSymbolTableRecord
100
AcDbRegAppTableRecord
  2
McsXdata5
 70
     0
  0
APPID
  5
B85
330
9
100
AcDbSymbolTableRecord
100
AcDbRegAppTableRecord
  2
ACAD_NAV_VCDISPLAY
 70
     0
  0
ENDTAB
  0
TABLE
  2
DIMSTYLE
  5
A
330
0
100
AcDbSymbolTable
 70
     1
100
AcDbDimStyleTable
 71
     1
340
27
  0
DIMSTYLE
105
27
330
A
100
AcDbSymbolTableRecord
100
AcDbDimStyleTableRecord
  2
Standard
 70
     0
340
11
  0
ENDTAB
  0
TABLE
  2
BLOCK_RECORD
  5
1
330
0
100
AcDbSymbolTable
 70
     8
  0
BLOCK_RECORD
  5
1F
330
1
100
AcDbSymbolTableRecord
100
AcDbBlockTableRecord
  2
*Model_Space
340
22
 70
     0
280
     1
281
     0
  0
BLOCK_RECORD
  5
58
330
1
100
AcDbSymbolTableRecord
100
AcDbBlockTableRecord
  2
*Paper_Space
340
59
 70
     0
280
     1
281
     0
  0
BLOCK_RECORD
  5
5D
330
1
100
AcDbSymbolTableRecord
100
AcDbBlockTableRecord
  2
*Paper_Space0
340
5E
 70
     0
280
     1
281
     0
  0
BLOCK_RECORD
  5
ED
330
1
100
AcDbSymbolTableRecord
100
AcDbBlockTableRecord
  2
*T1
340
0
102
{BLKREFS
331
EB
102
}
 70
     0
280
     1
281
     0
  0
BLOCK_RECORD
  5
88C
330
1
100
AcDbSymbolTableRecord
100
AcDbBlockTableRecord
  2
*T2
340
0
 70
     0
280
     1
281
     0
  0
BLOCK_RECORD
  5
900
330
1
100
AcDbSymbolTableRecord
100
AcDbBlockTableRecord
  2
*T3
340
0
 70
     0
280
     1
281
     0
  0
BLOCK_RECORD
  5
A7B
330
1
100
AcDbSymbolTableRecord
100
AcDbBlockTableRecord
  2
*T4
340
0
 70
     0
280
     1
281
     0
  0
BLOCK_RECORD
  5
AEF
330
1
100
AcDbSymbolTableRecord
100
AcDbBlockTableRecord
  2
*T5
340
0
 70
     0
280
     1
281
     0
  0
BLOCK_RECORD
  5
CBC
330
1
100
AcDbSymbolTableRecord
100
AcDbBlockTableRecord
  2
*T6
340
0
102
{BLKREFS
331
CBB
102
}
 70
     0
280
     1
281
     0
  0
BLOCK_RECORD
  5
D30
330
1
100
AcDbSymbolTableRecord
100
AcDbBlockTableRecord
  2
*T7
340
0
102
{BLKREFS
331
D2F
102
}
 70
     0
280
     1
281
     0
  0
ENDTAB
  0
ENDSEC
  0
SECTION
  2
BLOCKS
  0
BLOCK
  5
20
330
1F
100
AcDbEntity
  8
0
100
AcDbBlockBegin
  2
*Model_Space
 70
     0
 10
0.0
 20
0.0
 30
0.0
  3
*Model_Space
  1

  0
ENDBLK
  5
21
330
1F
100
AcDbEntity
  8
0
100
AcDbBlockEnd
  0
BLOCK
  5
5A
330
58
100
AcDbEntity
 67
     1
  8
0
100
AcDbBlockBegin
  2
*Paper_Space
 70
     0
 10
0.0
 20
0.0
 30
0.0
  3
*Paper_Space
  1

  0
ENDBLK
  5
5B
330
58
100
AcDbEntity
 67
     1
  8
0
100
AcDbBlockEnd
  0
BLOCK
  5
5F
330
5D
100
AcDbEntity
 67
     1
  8
0
100
AcDbBlockBegin
  2
*Paper_Space0
 70
     0
 10
0.0
 20
0.0
 30
0.0
  3
*Paper_Space0
  1

  0
ENDBLK
  5
60
330
5D
100
AcDbEntity
 67
     1
  8
0
100
AcDbBlockEnd
  0
BLOCK
  5
F9
330
ED
100
AcDbEntity
  8
0
100
AcDbBlockBegin
  2
*T1
 70
     1
 10
0.0
 20
0.0
 30
0.0
  3
*T1
  1

  0
MTEXT
  5
FB
330
ED
100
AcDbEntity
  8
0
 62
     0
440
 16777216
100
AcDbMText
 10
6.25
 20
-0.227988464311462
 30
0.0
 40
0.25
 41
12.38
 46
0.0
 71
     5
 72
     5
  1
Title-1
  7
newtext
 73
     1
 44
1.0
  0
MTEXT
  5
FC
330
ED
100
AcDbEntity
  8
0
 62
     0
440
 16777216
100
AcDbMText
 10
1.25
 20
-0.6359769286229238
 30
0.0
 40
0.18
 41
2.379999999999999
 46
0.0
 71
     5
 72
     5
  1
Header-A
 73
     1
 44
1.0
  0
MTEXT
  5
FD
330
ED
100
AcDbEntity
  8
0
 62
     0
440
 16777216
100
AcDbMText
 10
3.75
 20
-0.6359769286229238
 30
0.0
 40
0.18
 41
2.379999999999999
 46
0.0
 71
     5
 72
     5
  1
Header-B
 73
     1
 44
1.0
  0
MTEXT
  5
FE
330
ED
100
AcDbEntity
  8
0
 62
     0
440
 16777216
100
AcDbMText
 10
6.25
 20
-0.6359769286229238
 30
0.0
 40
0.18
 41
2.379999999999999
 46
0.0
 71
     5
 72
     5
  1
Header-C
 73
     1
 44
1.0
  0
MTEXT
  5
FF
330
ED
100
AcDbEntity
  8
0
 62
     0
440
 16777216
100
AcDbMText
 10
8.75
 20
-0.6359769286229238
 30
0.0
 40
0.18
 41
2.379999999999999
 46
0.0
 71
     5
 72
     5
  1
Header-D
 73
     1
 44
1.0
  0
MTEXT
  5
100
330
ED
100
AcDbEntity
  8
0
 62
     0
440
 16777216
100
AcDbMText
 10
11.25
 20
-0.6359769286229238
 30
0.0
 40
0.18
 41
2.379999999999999
 46
0.0
 71
     5
 72
     5
  1
Header-E
 73
     1
 44
1.0
  0
MTEXT
  5
101
330
ED
100
AcDbEntity
  8
0
 62
     0
440
 16777216
100
AcDbMText
 10
1.25
 20
-0.9959769286229231
 30
0.0
 40
0.18
 41
2.379999999999999
 46
0.0
 71
     5
 72
     5
  1
Header-1
 73
     1
 44
1.0
  0
MTEXT
  5
102
330
ED
100
AcDbEntity
  8
0
 62
     0
440
 16777216
100
AcDbMText
 10
3.75
 20
-0.9959769286229231
 30
0.0
 40
0.18
 41
2.379999999999999
 46
0.0
 71
     5
 72
     5
  1
Header-2
 73
     1
 44
1.0
  0
MTEXT
  5
103
330
ED
100
AcDbEntity
  8
0
 62
     0
440
 16777216
100
AcDbMText
 10
6.25
 20
-0.9959769286229231
 30
0.0
 40
0.18
 41
2.379999999999999
 46
0.0
 71
     5
 72
     5
  1
Header-3
 73
     1
 44
1.0
  0
MTEXT
  5
104
330
ED
100
AcDbEntity
  8
0
 62
     0
440
 16777216
100
AcDbMText
 10
8.75
 20
-0.9959769286229231
 30
0.0
 40
0.18
 41
2.379999999999999
 46
0.0
 71
     5
 72
     5
  1
Header-4
 73
     1
 44
1.0
  0
MTEXT
  5
105
330
ED
100
AcDbEntity
  8
0
 62
     0
440
 16777216
100
AcDbMText
 10
11.25
 20
-0.9959769286229231
 30
0.0
 40
0.18
 41
2.379999999999999
 46
0.0
 71
     5
 72
     5
  1
Header-5
 73
     1
 44
1.0
  0
MTEXT
  5
125
330
ED
100
AcDbEntity
  8
0
 62
     0
440
 16777216
100
AcDbMText
 10
2.439999999999997
 20
-1.235976928622925
 30
0.0
 40
0.18
 41
2.379999999999999
 46
0.0
 71
     3
 72
     5
  1
6
  7
newtext
 73
     1
 44
1.0
  0
MTEXT
  5
126
330
ED
100
AcDbEntity
  8
0
 62
     0
440
 16777216
100
AcDbMText
 10
4.939999999999997
 20
-1.235976928622925
 30
0.0
 40
0.18
 41
2.379999999999999
 46
0.0
 71
     3
 72
     5
  1
7
  7
newtext
 73
     1
 44
1.0
  0
MTEXT
  5
127
330
ED
100
AcDbEntity
  8
0
 62
     0
440
 16777216
100
AcDbMText
 10
7.439999999999997
 20
-1.235976928622925
 30
0.0
 40
0.18
 41
2.379999999999999
 46
0.0
 71
     3
 72
     5
  1
8
  7
newtext
 73
     1
 44
1.0
  0
MTEXT
  5
128
330
ED
100
AcDbEntity
  8
0
 62
     0
440
 16777216
100
AcDbMText
 10
9.939999999999997
 20
-1.235976928622925
 30
0.0
 40
0.18
 41
2.379999999999999
 46
0.0
 71
     3
 72
     5
  1
9
  7
newtext
 73
     1
 44
1.0
  0
MTEXT
  5
129
330
ED
100
AcDbEntity
  8
0
 62
     0
440
 16777216
100
AcDbMText
 10
12.43999999999999
 20
-1.235976928622925
 30
0.0
 40
0.18
 41
2.379999999999999
 46
0.0
 71
     3
 72
     5
  1
0
  7
newtext
 73
     1
 44
1.0
  0
MTEXT
  5
12A
330
ED
100
AcDbEntity
  8
0
 62
     0
440
 16777216
100
AcDbMText
 10
1.25
 20
-1.595976928622924
 30
0.0
 40
0.18
 41
2.379999999999999
 46
0.0
 71
     2
 72
     5
  1
F
  7
newtext
 73
     1
 44
1.0
  0
MTEXT
  5
17D
330
ED
100
AcDbEntity
  8
0
 62
     0
440
 16777216
100
AcDbMText
 10
3.75
 20
-1.595976928622924
 30
0.0
 40
0.18
 41
2.379999999999999
 46
0.0
 71
     2
 72
     5
  1
G
  7
newtext
 73
     1
 44
1.0
  0
MTEXT
  5
17E
330
ED
100
AcDbEntity
  8
0
 62
     0
440
 16777216
100
AcDbMText
 10
6.25
 20
-1.595976928622924
 30
0.0
 40
0.18
 41
2.379999999999999
 46
0.0
 71
     2
 72
     5
  1
H
  7
newtext
 73
     1
 44
1.0
  0
MTEXT
  5
17F
330
ED
100
AcDbEntity
  8
0
 62
     0
440
 16777216
100
AcDbMText
 10
8.75
 20
-1.595976928622924
 30
0.0
 40
0.18
 41
2.379999999999999
 46
0.0
 71
     2
 72
     5
  1
SS
  7
newtext
 73
     1
 44
1.0
  0
MTEXT
  5
180
330
ED
100
AcDbEntity
  8
0
 62
     0
440
 16777216
100
AcDbMText
 10
11.25
 20
-1.595976928622924
 30
0.0
 40
0.18
 41
2.379999999999999
 46
0.0
 71
     2
 72
     5
  1
FF
  7
newtext
 73
     1
 44
1.0
  0
MTEXT
  5
181
330
ED
100
AcDbEntity
  8
0
 62
     0
440
 16777216
100
AcDbMText
 10
2.439999999999997
 20
-1.955976928622924
 30
0.0
 40
0.18
 41
2.379999999999999
 46
0.0
 71
     3
 72
     5
  1
11
  7
newtext
 73
     1
 44
1.0
  0
MTEXT
  5
182
330
ED
100
AcDbEntity
  8
0
 62
     0
440
 16777216
100
AcDbMText
 10
4.939999999999997
 20
-1.955976928622924
 30
0.0
 40
0.18
 41
2.379999999999999
 46
0.0
 71
     3
 72
     5
  1
12
  7
newtext
 73
     1
 44
1.0
  0
MTEXT
  5
183
330
ED
100
AcDbEntity
  8
0
 62
     0
440
 16777216
100
AcDbMText
 10
7.439999999999997
 20
-1.955976928622924
 30
0.0
 40
0.18
 41
2.379999999999999
 46
0.0
 71
     3
 72
     5
  1
13
  7
newtext
 73
     1
 44
1.0
  0
MTEXT
  5
184
330
ED
100
AcDbEntity
  8
0
 62
     0
440
 16777216
100
AcDbMText
 10
9.939999999999997
 20
-1.955976928622924
 30
0.0
 40
0.18
 41
2.379999999999999
 46
0.0
 71
     3
 72
     5
  1
14
  7
newtext
 73
     1
 44
1.0
  0
MTEXT
  5
185
330
ED
100
AcDbEntity
  8
0
 62
     0
440
 16777216
100
AcDbMText
 10
12.43999999999999
 20
-1.955976928622924
 30
0.0
 40
0.18
 41
2.379999999999999
 46
0.0
 71
     3
 72
     5
  1
15
  7
newtext
 73
     1
 44
1.0
  0
MTEXT
  5
724
330
ED
100
AcDbEntity
  8
0
 62
     0
440
 16777216
100
AcDbMText
 10
6.25
 20
-2.482643595289587
 30
0.0
 40
0.25
 41
12.38
 46
0.0
 71
     5
 72
     5
  1
Title-2
  7
newtext
 73
     1
 44
1.0
  0
MTEXT
  5
725
330
ED
100
AcDbEntity
  8
0
 62
     0
440
 16777216
100
AcDbMText
 10
1.25
 20
-2.889310261956254
 30
0.0
 40
0.18
 41
2.379999999999999
 46
0.0
 71
     5
 72
     5
  1
H1
 73
     1
 44
1.0
  0
MTEXT
  5
726
330
ED
100
AcDbEntity
  8
0
 62
     0
440
 16777216
100
AcDbMText
 10
3.75
 20
-2.889310261956254
 30
0.0
 40
0.18
 41
2.379999999999999
 46
0.0
 71
     5
 72
     5
  1
H2
 73
     1
 44
1.0
  0
MTEXT
  5
727
330
ED
100
AcDbEntity
  8
0
 62
     0
440
 16777216
100
AcDbMText
 10
6.25
 20
-2.889310261956254
 30
0.0
 40
0.18
 41
2.379999999999999
 46
0.0
 71
     5
 72
     5
  1
H3
 73
     1
 44
1.0
  0
MTEXT
  5
728
330
ED
100
AcDbEntity
  8
0
 62
     0
440
 16777216
100
AcDbMText
 10
8.75
 20
-2.889310261956254
 30
0.0
 40
0.18
 41
2.379999999999999
 46
0.0
 71
     5
 72
     5
  1
H4
 73
     1
 44
1.0
  0
MTEXT
  5
729
330
ED
100
AcDbEntity
  8
0
 62
     0
440
 16777216
100
AcDbMText
 10
11.25
 20
-2.889310261956254
 30
0.0
 40
0.18
 41
2.379999999999999
 46
0.0
 71
     5
 72
     5
  1
H5
 73
     1
 44
1.0
  0
MTEXT
  5
745
330
ED
100
AcDbEntity
  8
0
 62
     0
440
 16777216
100
AcDbMText
 10
2.439999999999997
 20
-3.129310261956256
 30
0.0
 40
0.18
 41
2.379999999999999
 46
0.0
 71
     3
 72
     5
  1
q
  7
newtext
 73
     1
 44
1.0
  0
MTEXT
  5
746
330
ED
100
AcDbEntity
  8
0
 62
     0
440
 16777216
100
AcDbMText
 10
4.939999999999997
 20
-3.129310261956256
 30
0.0
 40
0.18
 41
2.379999999999999
 46
0.0
 71
     3
 72
     5
  1
w
  7
newtext
 73
     1
 44
1.0
  0
MTEXT
  5
747
330
ED
100
AcDbEntity
  8
0
 62
     0
440
 16777216
100
AcDbMText
 10
2.439999999999997
 20
-3.489310261956255
 30
0.0
 40
0.18
 41
2.379999999999999
 46
0.0
 71
     3
 72
     5
  1
r
  7
newtext
 73
     1
 44
1.0
  0
MTEXT
  5
748
330
ED
100
AcDbEntity
  8
0
 62
     0
440
 16777216
100
AcDbMText
 10
16.27899606084969
 20
-5.676375825380347
 30
0.0
 40
0.25
 41
12.38
 46
0.0
 71
     5
 72
     5
  1
Title-1
  7
newtext
 73
     1
 44
1.0
  0
MTEXT
  5
7FD
330
ED
100
AcDbEntity
  8
0
 62
     0
440
 16777216
100
AcDbMText
 10
11.27899606084969
 20
-6.084364289691809
 30
0.0
 40
0.18
 41
2.379999999999999
 46
0.0
 71
     5
 72
     5
  1
Header-A
 73
     1
 44
1.0
  0
MTEXT
  5
7FE
330
ED
100
AcDbEntity
  8
0
 62
     0
440
 16777216
100
AcDbMText
 10
13.77899606084969
 20
-6.084364289691809
 30
0.0
 40
0.18
 41
2.379999999999999
 46
0.0
 71
     5
 72
     5
  1
Header-B
 73
     1
 44
1.0
  0
MTEXT
  5
7FF
330
ED
100
AcDbEntity
  8
0
 62
     0
440
 16777216
100
AcDbMText
 10
16.27899606084969
 20
-6.084364289691809
 30
0.0
 40
0.18
 41
2.379999999999999
 46
0.0
 71
     5
 72
     5
  1
Header-C
 73
     1
 44
1.0
  0
MTEXT
  5
800
330
ED
100
AcDbEntity
  8
0
 62
     0
440
 16777216
100
AcDbMText
 10
18.77899606084969
 20
-6.084364289691809
 30
0.0
 40
0.18
 41
2.379999999999999
 46
0.0
 71
     5
 72
     5
  1
Header-D
 73
     1
 44
1.0
  0
MTEXT
  5
801
330
ED
100
AcDbEntity
  8
0
 62
     0
440
 16777216
100
AcDbMText
 10
21.27899606084969
 20
-6.084364289691809
 30
0.0
 40
0.18
 41
2.379999999999999
 46
0.0
 71
     5
 72
     5
  1
Header-E
 73
     1
 44
1.0
  0
MTEXT
  5
802
330
ED
100
AcDbEntity
  8
0
 62
     0
440
 16777216
100
AcDbMText
 10
11.27899606084969
 20
-6.444364289691808
 30
0.0
 40
0.18
 41
2.379999999999999
 46
0.0
 71
     5
 72
     5
  1
Header-1
 73
     1
 44
1.0
  0
MTEXT
  5
803
330
ED
100
AcDbEntity
  8
0
 62
     0
440
 16777216
100
AcDbMText
 10
13.77899606084969
 20
-6.444364289691808
 30
0.0
 40
0.18
 41
2.379999999999999
 46
0.0
 71
     5
 72
     5
  1
Header-2
 73
     1
 44
1.0
  0
MTEXT
  5
804
330
ED
100
AcDbEntity
  8
0
 62
     0
440
 16777216
100
AcDbMText
 10
16.27899606084969
 20
-6.444364289691808
 30
0.0
 40
0.18
 41
2.379999999999999
 46
0.0
 71
     5
 72
     5
  1
Header-3
 73
     1
 44
1.0
  0
MTEXT
  5
805
330
ED
100
AcDbEntity
  8
0
 62
     0
440
 16777216
100
AcDbMText
 10
18.77899606084969
 20
-6.444364289691808
 30
0.0
 40
0.18
 41
2.379999999999999
 46
0.0
 71
     5
 72
     5
  1
Header-4
 73
     1
 44
1.0
  0
MTEXT
  5
806
330
ED
100
AcDbEntity
  8
0
 62
     0
440
 16777216
100
AcDbMText
 10
21.27899606084969
 20
-6.444364289691808
 30
0.0
 40
0.18
 41
2.379999999999999
 46
0.0
 71
     5
 72
     5
  1
Header-5
 73
     1
 44
1.0
  0
MTEXT
  5
807
330
ED
100
AcDbEntity
  8
0
 62
     0
440
 16777216
100
AcDbMText
 10
12.46899606084969
 20
-6.68436428969181
 30
0.0
 40
0.18
 41
2.379999999999999
 46
0.0
 71
     3
 72
     5
  1
d
  7
newtext
 73
     1
 44
1.0
  0
MTEXT
  5
808
330
ED
100
AcDbEntity
  8
0
 62
     0
440
 16777216
100
AcDbMText
 10
12.46899606084969
 20
-7.046397454796352
 30
0.0
 40
0.18
 41
2.379999999999999
 46
0.0
 71
     3
 72
     5
  1
f
  7
newtext
 73
     1
 44
1.0
  0
MTEXT
  5
809
330
ED
100
AcDbEntity
  8
0
 62
     0
440
 16777216
100
AcDbMText
 10
12.46899606084969
 20
-7.408430619900894
 30
0.0
 40
0.18
 41
2.379999999999999
 46
0.0
 71
     3
 72
     5
  1
g
  7
newtext
 73
     1
 44
1.0
  0
MTEXT
  5
80A
330
ED
100
AcDbEntity
  8
0
 62
     0
440
 16777216
100
AcDbMText
 10
29.05487883482493
 20
-9.617298896873505
 30
0.0
 40
0.25
 41
12.38
 46
0.0
 71
     5
 72
     5
  1
Title-1
  7
newtext
 73
     1
 44
1.0
  0
MTEXT
  5
80B
330
ED
100
AcDbEntity
  8
0
 62
     0
440
 16777216
100
AcDbMText
 10
24.05487883482493
 20
-10.02528736118496
 30
0.0
 40
0.18
 41
2.379999999999999
 46
0.0
 71
     5
 72
     5
  1
Header-A
 73
     1
 44
1.0
  0
MTEXT
  5
80C
330
ED
100
AcDbEntity
  8
0
 62
     0
440
 16777216
100
AcDbMText
 10
26.55487883482493
 20
-10.02528736118496
 30
0.0
 40
0.18
 41
2.379999999999999
 46
0.0
 71
     5
 72
     5
  1
Header-B
 73
     1
 44
1.0
  0
MTEXT
  5
844
330
ED
100
AcDbEntity
  8
0
 62
     0
440
 16777216
100
AcDbMText
 10
29.05487883482493
 20
-10.02528736118496
 30
0.0
 40
0.18
 41
2.379999999999999
 46
0.0
 71
     5
 72
     5
  1
Header-C
 73
     1
 44
1.0
  0
MTEXT
  5
845
330
ED
100
AcDbEntity
  8
0
 62
     0
440
 16777216
100
AcDbMText
 10
31.55487883482493
 20
-10.02528736118496
 30
0.0
 40
0.18
 41
2.379999999999999
 46
0.0
 71
     5
 72
     5
  1
Header-D
 73
     1
 44
1.0
  0
MTEXT
  5
846
330
ED
100
AcDbEntity
  8
0
 62
     0
440
 16777216
100
AcDbMText
 10
34.05487883482493
 20
-10.02528736118496
 30
0.0
 40
0.18
 41
2.379999999999999
 46
0.0
 71
     5
 72
     5
  1
Header-E
 73
     1
 44
1.0
  0
MTEXT
  5
847
330
ED
100
AcDbEntity
  8
0
 62
     0
440
 16777216
100
AcDbMText
 10
24.05487883482493
 20
-10.38528736118496
 30
0.0
 40
0.18
 41
2.379999999999999
 46
0.0
 71
     5
 72
     5
  1
Header-1
 73
     1
 44
1.0
  0
MTEXT
  5
848
330
ED
100
AcDbEntity
  8
0
 62
     0
440
 16777216
100
AcDbMText
 10
26.55487883482493
 20
-10.38528736118496
 30
0.0
 40
0.18
 41
2.379999999999999
 46
0.0
 71
     5
 72
     5
  1
Header-2
 73
     1
 44
1.0
  0
MTEXT
  5
849
330
ED
100
AcDbEntity
  8
0
 62
     0
440
 16777216
100
AcDbMText
 10
29.05487883482493
 20
-10.38528736118496
 30
0.0
 40
0.18
 41
2.379999999999999
 46
0.0
 71
     5
 72
     5
  1
Header-3
 73
     1
 44
1.0
  0
MTEXT
  5
84A
330
ED
100
AcDbEntity
  8
0
 62
     0
440
 16777216
100
AcDbMText
 10
31.55487883482493
 20
-10.38528736118496
 30
0.0
 40
0.18
 41
2.379999999999999
 46
0.0
 71
     5
 72
     5
  1
Header-4
 73
     1
 44
1.0
  0
MTEXT
  5
84B
330
ED
100
AcDbEntity
  8
0
 62
     0
440
 16777216
100
AcDbMText
 10
34.05487883482493
 20
-10.38528736118496
 30
0.0
 40
0.18
 41
2.379999999999999
 46
0.0
 71
     5
 72
     5
  1
Header-5
 73
     1
 44
1.0
  0
MTEXT
  5
84C
330
ED
100
AcDbEntity
  8
0
 62
     0
440
 16777216
100
AcDbMText
 10
25.24487883482493
 20
-10.62528736118497
 30
0.0
 40
0.18
 41
2.379999999999999
 46
0.0
 71
     3
 72
     5
  1
h
  7
newtext
 73
     1
 44
1.0
  0
MTEXT
  5
84D
330
ED
100
AcDbEntity
  8
0
 62
     0
440
 16777216
100
AcDbMText
 10
25.24487883482493
 20
-10.98732052628951
 30
0.0
 40
0.18
 41
2.379999999999999
 46
0.0
 71
     3
 72
     5
  1
f
  7
newtext
 73
     1
 44
1.0
  0
MTEXT
  5
84E
330
ED
100
AcDbEntity
  8
0
 62
     0
440
 16777216
100
AcDbMText
 10
30.24487883482493
 20
-10.98732052628951
 30
0.0
 40
0.18
 41
2.379999999999999
 46
0.0
 71
     3
 72
     5
  1
j
  7
newtext
 73
     1
 44
1.0
  0
LINE
  5
EE
330
ED
100
AcDbEntity
  8
0
  6
ByBlock
 62
     0
440
 16777216
370
    -2
100
AcDbLine
 10
0.0
 20
0.0
 30
0.0
 11
12.5
 21
0.0
 31
0.0
  0
LINE
  5
EF
330
ED
100
AcDbEntity
  8
0
  6
ByBlock
 62
     0
440
 16777216
370
    -2
100
AcDbLine
 10
0.0
 20
-0.4559769286229276
 30
0.0
 11
12.5
 21
-0.4559769286229276
 31
0.0
  0
LINE
  5
F0
330
ED
100
AcDbEntity
  8
0
  6
ByBlock
 62
     0
440
 16777216
370
    -2
100
AcDbLine
 10
0.0
 20
-0.815976928622927
 30
0.0
 11
12.5
 21
-0.815976928622927
 31
0.0
  0
LINE
  5
F1
330
ED
100
AcDbEntity
  8
0
  6
ByBlock
 62
     0
440
 16777216
370
    -2
100
AcDbLine
 10
0.0
 20
-1.175976928622926
 30
0.0
 11
12.5
 21
-1.175976928622926
 31
0.0
  0
LINE
  5
F2
330
ED
100
AcDbEntity
  8
0
  6
ByBlock
 62
     0
440
 16777216
370
    -2
100
AcDbLine
 10
0.0
 20
-1.535976928622925
 30
0.0
 11
12.5
 21
-1.535976928622925
 31
0.0
  0
LINE
  5
F3
330
ED
100
AcDbEntity
  8
0
  6
ByBlock
 62
     0
440
 16777216
370
    -2
100
AcDbLine
 10
0.0
 20
-1.895976928622925
 30
0.0
 11
12.5
 21
-1.895976928622925
 31
0.0
  0
LINE
  5
F4
330
ED
100
AcDbEntity
  8
0
  6
ByBlock
 62
     0
440
 16777216
370
    -2
100
AcDbLine
 10
0.0
 20
-2.255976928622924
 30
0.0
 11
12.5
 21
-2.255976928622924
 31
0.0
  0
LINE
  5
F5
330
ED
100
AcDbEntity
  8
0
  6
ByBlock
 62
     0
440
 16777216
370
    -2
100
AcDbLine
 10
0.0
 20
-2.709310261956257
 30
0.0
 11
12.5
 21
-2.709310261956257
 31
0.0
  0
LINE
  5
F6
330
ED
100
AcDbEntity
  8
0
  6
ByBlock
 62
     0
440
 16777216
370
    -2
100
AcDbLine
 10
0.0
 20
-3.069310261956257
 30
0.0
 11
12.5
 21
-3.069310261956257
 31
0.0
  0
LINE
  5
F7
330
ED
100
AcDbEntity
  8
0
  6
ByBlock
 62
     0
440
 16777216
370
    -2
100
AcDbLine
 10
0.0
 20
-3.429310261956256
 30
0.0
 11
12.5
 21
-3.429310261956256
 31
0.0
  0
LINE
  5
F8
330
ED
100
AcDbEntity
  8
0
  6
ByBlock
 62
     0
440
 16777216
370
    -2
100
AcDbLine
 10
0.0
 20
-3.791343427060798
 30
0.0
 11
12.5
 21
-3.791343427060798
 31
0.0
  0
LINE
  5
106
330
ED
100
AcDbEntity
  8
0
  6
ByBlock
 62
     0
440
 16777216
370
    -2
100
AcDbLine
 10
0.0
 20
0.0
 30
0.0
 11
0.0
 21
-3.791343427060798
 31
0.0
  0
LINE
  5
107
330
ED
100
AcDbEntity
  8
0
  6
ByBlock
 62
     0
440
 16777216
370
    -2
100
AcDbLine
 10
2.5
 20
-0.4559769286229276
 30
0.0
 11
2.5
 21
-2.255976928622924
 31
0.0
  0
LINE
  5
108
330
ED
100
AcDbEntity
  8
0
  6
ByBlock
 62
     0
440
 16777216
370
    -2
100
AcDbLine
 10
2.5
 20
-2.709310261956257
 30
0.0
 11
2.5
 21
-3.791343427060798
 31
0.0
  0
LINE
  5
109
330
ED
100
AcDbEntity
  8
0
  6
ByBlock
 62
     0
440
 16777216
370
    -2
100
AcDbLine
 10
5.0
 20
-0.4559769286229276
 30
0.0
 11
5.0
 21
-2.255976928622924
 31
0.0
  0
LINE
  5
10A
330
ED
100
AcDbEntity
  8
0
  6
ByBlock
 62
     0
440
 16777216
370
    -2
100
AcDbLine
 10
5.0
 20
-2.709310261956257
 30
0.0
 11
5.0
 21
-3.791343427060798
 31
0.0
  0
LINE
  5
10B
330
ED
100
AcDbEntity
  8
0
  6
ByBlock
 62
     0
440
 16777216
370
    -2
100
AcDbLine
 10
7.5
 20
-0.4559769286229276
 30
0.0
 11
7.5
 21
-2.255976928622924
 31
0.0
  0
LINE
  5
10C
330
ED
100
AcDbEntity
  8
0
  6
ByBlock
 62
     0
440
 16777216
370
    -2
100
AcDbLine
 10
7.5
 20
-2.709310261956257
 30
0.0
 11
7.5
 21
-3.791343427060798
 31
0.0
  0
LINE
  5
72A
330
ED
100
AcDbEntity
  8
0
  6
ByBlock
 62
     0
440
 16777216
370
    -2
100
AcDbLine
 10
10.0
 20
-0.4559769286229276
 30
0.0
 11
10.0
 21
-2.255976928622924
 31
0.0
  0
LINE
  5
72B
330
ED
100
AcDbEntity
  8
0
  6
ByBlock
 62
     0
440
 16777216
370
    -2
100
AcDbLine
 10
10.0
 20
-2.709310261956257
 30
0.0
 11
10.0
 21
-3.791343427060798
 31
0.0
  0
LINE
  5
72C
330
ED
100
AcDbEntity
  8
0
  6
ByBlock
 62
     0
440
 16777216
370
    -2
100
AcDbLine
 10
12.5
 20
0.0
 30
0.0
 11
12.5
 21
-3.791343427060798
 31
0.0
  0
LINE
  5
72D
330
ED
100
AcDbEntity
  8
Defpoints
 62
     8
440
 16777216
 60
     1
370
     0
100
AcDbLine
 10
0.0
 20
0.0
 30
0.0
 11
0.0
 21
0.0
 31
0.0
  0
LINE
  5
7A8
330
ED
100
AcDbEntity
  8
0
  6
ByBlock
 62
     0
440
 16777216
370
    -2
100
AcDbLine
 10
10.02899606084969
 20
-5.448387361068885
 30
0.0
 11
22.52899606084969
 21
-5.448387361068885
 31
0.0
  0
LINE
  5
7A9
330
ED
100
AcDbEntity
  8
0
  6
ByBlock
 62
     0
440
 16777216
370
    -2
100
AcDbLine
 10
10.02899606084969
 20
-5.904364289691812
 30
0.0
 11
22.52899606084969
 21
-5.904364289691812
 31
0.0
  0
LINE
  5
7AA
330
ED
100
AcDbEntity
  8
0
  6
ByBlock
 62
     0
440
 16777216
370
    -2
100
AcDbLine
 10
10.02899606084969
 20
-6.264364289691812
 30
0.0
 11
22.52899606084969
 21
-6.264364289691812
 31
0.0
  0
LINE
  5
7AB
330
ED
100
AcDbEntity
  8
0
  6
ByBlock
 62
     0
440
 16777216
370
    -2
100
AcDbLine
 10
10.02899606084969
 20
-6.624364289691811
 30
0.0
 11
22.52899606084969
 21
-6.624364289691811
 31
0.0
  0
LINE
  5
7AC
330
ED
100
AcDbEntity
  8
0
  6
ByBlock
 62
     0
440
 16777216
370
    -2
100
AcDbLine
 10
10.02899606084969
 20
-6.986397454796353
 30
0.0
 11
22.52899606084969
 21
-6.986397454796353
 31
0.0
  0
LINE
  5
823
330
ED
100
AcDbEntity
  8
0
  6
ByBlock
 62
     0
440
 16777216
370
    -2
100
AcDbLine
 10
10.02899606084969
 20
-7.348430619900895
 30
0.0
 11
22.52899606084969
 21
-7.348430619900895
 31
0.0
  0
LINE
  5
824
330
ED
100
AcDbEntity
  8
0
  6
ByBlock
 62
     0
440
 16777216
370
    -2
100
AcDbLine
 10
10.02899606084969
 20
-7.710463785005437
 30
0.0
 11
22.52899606084969
 21
-7.710463785005437
 31
0.0
  0
LINE
  5
825
330
ED
100
AcDbEntity
  8
0
  6
ByBlock
 62
     0
440
 16777216
370
    -2
100
AcDbLine
 10
10.02899606084969
 20
-5.448387361068885
 30
0.0
 11
10.02899606084969
 21
-7.710463785005437
 31
0.0
  0
LINE
  5
826
330
ED
100
AcDbEntity
  8
0
  6
ByBlock
 62
     0
440
 16777216
370
    -2
100
AcDbLine
 10
12.52899606084969
 20
-5.904364289691812
 30
0.0
 11
12.52899606084969
 21
-7.710463785005437
 31
0.0
  0
LINE
  5
827
330
ED
100
AcDbEntity
  8
0
  6
ByBlock
 62
     0
440
 16777216
370
    -2
100
AcDbLine
 10
15.02899606084969
 20
-5.904364289691812
 30
0.0
 11
15.02899606084969
 21
-7.710463785005437
 31
0.0
  0
LINE
  5
828
330
ED
100
AcDbEntity
  8
0
  6
ByBlock
 62
     0
440
 16777216
370
    -2
100
AcDbLine
 10
17.52899606084969
 20
-5.904364289691812
 30
0.0
 11
17.52899606084969
 21
-7.710463785005437
 31
0.0
  0
LINE
  5
829
330
ED
100
AcDbEntity
  8
0
  6
ByBlock
 62
     0
440
 16777216
370
    -2
100
AcDbLine
 10
20.02899606084969
 20
-5.904364289691812
 30
0.0
 11
20.02899606084969
 21
-7.710463785005437
 31
0.0
  0
LINE
  5
82A
330
ED
100
AcDbEntity
  8
0
  6
ByBlock
 62
     0
440
 16777216
370
    -2
100
AcDbLine
 10
22.52899606084969
 20
-5.448387361068885
 30
0.0
 11
22.52899606084969
 21
-7.710463785005437
 31
0.0
  0
LINE
  5
82B
330
ED
100
AcDbEntity
  8
Defpoints
 62
     8
440
 16777216
 60
     1
370
     0
100
AcDbLine
 10
0.0
 20
0.0
 30
0.0
 11
0.0
 21
0.0
 31
0.0
  0
LINE
  5
82C
330
ED
100
AcDbEntity
  8
0
  6
ByBlock
 62
     0
440
 16777216
370
    -2
100
AcDbLine
 10
22.80487883482493
 20
-9.389310432562043
 30
0.0
 11
35.30487883482493
 21
-9.389310432562043
 31
0.0
  0
LINE
  5
82D
330
ED
100
AcDbEntity
  8
0
  6
ByBlock
 62
     0
440
 16777216
370
    -2
100
AcDbLine
 10
22.80487883482493
 20
-9.84528736118497
 30
0.0
 11
35.30487883482493
 21
-9.84528736118497
 31
0.0
  0
LINE
  5
85A
330
ED
100
AcDbEntity
  8
0
  6
ByBlock
 62
     0
440
 16777216
370
    -2
100
AcDbLine
 10
22.80487883482493
 20
-10.20528736118497
 30
0.0
 11
35.30487883482493
 21
-10.20528736118497
 31
0.0
  0
LINE
  5
85B
330
ED
100
AcDbEntity
  8
0
  6
ByBlock
 62
     0
440
 16777216
370
    -2
100
AcDbLine
 10
22.80487883482493
 20
-10.56528736118497
 30
0.0
 11
35.30487883482493
 21
-10.56528736118497
 31
0.0
  0
LINE
  5
85C
330
ED
100
AcDbEntity
  8
0
  6
ByBlock
 62
     0
440
 16777216
370
    -2
100
AcDbLine
 10
22.80487883482493
 20
-10.92732052628951
 30
0.0
 11
35.30487883482493
 21
-10.92732052628951
 31
0.0
  0
LINE
  5
85D
330
ED
100
AcDbEntity
  8
0
  6
ByBlock
 62
     0
440
 16777216
370
    -2
100
AcDbLine
 10
22.80487883482493
 20
-11.28935369139405
 30
0.0
 11
35.30487883482493
 21
-11.28935369139405
 31
0.0
  0
LINE
  5
85E
330
ED
100
AcDbEntity
  8
0
  6
ByBlock
 62
     0
440
 16777216
370
    -2
100
AcDbLine
 10
22.80487883482493
 20
-9.389310432562043
 30
0.0
 11
22.80487883482493
 21
-11.28935369139405
 31
0.0
  0
LINE
  5
85F
330
ED
100
AcDbEntity
  8
0
  6
ByBlock
 62
     0
440
 16777216
370
    -2
100
AcDbLine
 10
25.30487883482493
 20
-9.84528736118497
 30
0.0
 11
25.30487883482493
 21
-11.28935369139405
 31
0.0
  0
LINE
  5
860
330
ED
100
AcDbEntity
  8
0
  6
ByBlock
 62
     0
440
 16777216
370
    -2
100
AcDbLine
 10
27.80487883482493
 20
-9.84528736118497
 30
0.0
 11
27.80487883482493
 21
-11.28935369139405
 31
0.0
  0
LINE
  5
861
330
ED
100
AcDbEntity
  8
0
  6
ByBlock
 62
     0
440
 16777216
370
    -2
100
AcDbLine
 10
30.30487883482493
 20
-9.84528736118497
 30
0.0
 11
30.30487883482493
 21
-11.28935369139405
 31
0.0
  0
LINE
  5
862
330
ED
100
AcDbEntity
  8
0
  6
ByBlock
 62
     0
440
 16777216
370
    -2
100
AcDbLine
 10
32.80487883482493
 20
-9.84528736118497
 30
0.0
 11
32.80487883482493
 21
-11.28935369139405
 31
0.0
  0
LINE
  5
863
330
ED
100
AcDbEntity
  8
0
  6
ByBlock
 62
     0
440
 16777216
370
    -2
100
AcDbLine
 10
35.30487883482493
 20
-9.389310432562043
 30
0.0
 11
35.30487883482493
 21
-11.28935369139405
 31
0.0
  0
LINE
  5
864
330
ED
100
AcDbEntity
  8
Defpoints
 62
     8
440
 16777216
 60
     1
370
     0
100
AcDbLine
 10
0.0
 20
0.0
 30
0.0
 11
0.0
 21
0.0
 31
0.0
  0
ENDBLK
  5
FA
330
ED
100
AcDbEntity
  8
0
100
AcDbBlockEnd
  0
BLOCK
  5
8FD
330
88C
100
AcDbEntity
  8
0
100
AcDbBlockBegin
  2
*T2
 70
     1
 10
0.0
 20
0.0
 30
0.0
  3
*T2
  1

  0
ENDBLK
  5
8FE
330
88C
100
AcDbEntity
  8
0
100
AcDbBlockEnd
  0
BLOCK
  5
971
330
900
100
AcDbEntity
  8
0
100
AcDbBlockBegin
  2
*T3
 70
     1
 10
0.0
 20
0.0
 30
0.0
  3
*T3
  1

  0
ENDBLK
  5
972
330
900
100
AcDbEntity
  8
0
100
AcDbBlockEnd
  0
BLOCK
  5
AEC
330
A7B
100
AcDbEntity
  8
0
100
AcDbBlockBegin
  2
*T4
 70
     1
 10
0.0
 20
0.0
 30
0.0
  3
*T4
  1

  0
ENDBLK
  5
AED
330
A7B
100
AcDbEntity
  8
0
100
AcDbBlockEnd
  0
BLOCK
  5
B60
330
AEF
100
AcDbEntity
  8
0
100
AcDbBlockBegin
  2
*T5
 70
     1
 10
0.0
 20
0.0
 30
0.0
  3
*T5
  1

  0
ENDBLK
  5
B61
330
AEF
100
AcDbEntity
  8
0
100
AcDbBlockEnd
  0
BLOCK
  5
D2D
330
CBC
100
AcDbEntity
  8
0
100
AcDbBlockBegin
  2
*T6
 70
     1
 10
0.0
 20
0.0
 30
0.0
  3
*T6
  1

  0
MTEXT
  5
CBD
330
CBC
100
AcDbEntity
  8
0
 62
     0
440
 16777216
100
AcDbMText
 10
6.25
 20
-0.2279884643114638
 30
0.0
 40
0.25
 41
12.38
 46
0.0
 71
     5
 72
     5
  1
Title-1
  7
newtext
 73
     1
 44
1.0
  0
MTEXT
  5
CBE
330
CBC
100
AcDbEntity
  8
0
 62
     0
440
 16777216
100
AcDbMText
 10
1.25
 20
-0.6359769286229274
 30
0.0
 40
0.18
 41
2.379999999999999
 46
0.0
 71
     5
 72
     5
  1
Header-A
 73
     1
 44
1.0
  0
MTEXT
  5
CBF
330
CBC
100
AcDbEntity
  8
0
 62
     0
440
 16777216
100
AcDbMText
 10
3.75
 20
-0.6359769286229274
 30
0.0
 40
0.18
 41
2.379999999999999
 46
0.0
 71
     5
 72
     5
  1
Header-B
 73
     1
 44
1.0
  0
MTEXT
  5
CC0
330
CBC
100
AcDbEntity
  8
0
 62
     0
440
 16777216
100
AcDbMText
 10
6.25
 20
-0.6359769286229274
 30
0.0
 40
0.18
 41
2.379999999999999
 46
0.0
 71
     5
 72
     5
  1
Header-C
 73
     1
 44
1.0
  0
MTEXT
  5
CC1
330
CBC
100
AcDbEntity
  8
0
 62
     0
440
 16777216
100
AcDbMText
 10
8.75
 20
-0.6359769286229274
 30
0.0
 40
0.18
 41
2.379999999999999
 46
0.0
 71
     5
 72
     5
  1
Header-D
 73
     1
 44
1.0
  0
MTEXT
  5
CC2
330
CBC
100
AcDbEntity
  8
0
 62
     0
440
 16777216
100
AcDbMText
 10
11.25
 20
-0.6359769286229274
 30
0.0
 40
0.18
 41
2.379999999999999
 46
0.0
 71
     5
 72
     5
  1
Header-E
 73
     1
 44
1.0
  0
MTEXT
  5
CC3
330
CBC
100
AcDbEntity
  8
0
 62
     0
440
 16777216
100
AcDbMText
 10
1.25
 20
-0.9959769286229267
 30
0.0
 40
0.18
 41
2.379999999999999
 46
0.0
 71
     5
 72
     5
  1
Header-1
 73
     1
 44
1.0
  0
MTEXT
  5
CC4
330
CBC
100
AcDbEntity
  8
0
 62
     0
440
 16777216
100
AcDbMText
 10
3.75
 20
-0.9959769286229267
 30
0.0
 40
0.18
 41
2.379999999999999
 46
0.0
 71
     5
 72
     5
  1
Header-2
 73
     1
 44
1.0
  0
MTEXT
  5
CC5
330
CBC
100
AcDbEntity
  8
0
 62
     0
440
 16777216
100
AcDbMText
 10
6.25
 20
-0.9959769286229267
 30
0.0
 40
0.18
 41
2.379999999999999
 46
0.0
 71
     5
 72
     5
  1
Header-3
 73
     1
 44
1.0
  0
MTEXT
  5
CC6
330
CBC
100
AcDbEntity
  8
0
 62
     0
440
 16777216
100
AcDbMText
 10
8.75
 20
-0.9959769286229267
 30
0.0
 40
0.18
 41
2.379999999999999
 46
0.0
 71
     5
 72
     5
  1
Header-4
 73
     1
 44
1.0
  0
MTEXT
  5
CC7
330
CBC
100
AcDbEntity
  8
0
 62
     0
440
 16777216
100
AcDbMText
 10
11.25
 20
-0.9959769286229267
 30
0.0
 40
0.18
 41
2.379999999999999
 46
0.0
 71
     5
 72
     5
  1
Header-5
 73
     1
 44
1.0
  0
MTEXT
  5
CC8
330
CBC
100
AcDbEntity
  8
0
 62
     0
440
 16777216
100
AcDbMText
 10
2.439999999999997
 20
-1.235976928622926
 30
0.0
 40
0.18
 41
2.379999999999999
 46
0.0
 71
     3
 72
     5
  1
d
  7
newtext
 73
     1
 44
1.0
  0
MTEXT
  5
CC9
330
CBC
100
AcDbEntity
  8
0
 62
     0
440
 16777216
100
AcDbMText
 10
2.439999999999997
 20
-1.598010093727468
 30
0.0
 40
0.18
 41
2.379999999999999
 46
0.0
 71
     3
 72
     5
  1
f
  7
newtext
 73
     1
 44
1.0
  0
MTEXT
  5
CCA
330
CBC
100
AcDbEntity
  8
0
 62
     0
440
 16777216
100
AcDbMText
 10
2.439999999999997
 20
-1.96004325883201
 30
0.0
 40
0.18
 41
2.379999999999999
 46
0.0
 71
     3
 72
     5
  1
g
  7
newtext
 73
     1
 44
1.0
  0
LINE
  5
CFC
330
CBC
100
AcDbEntity
  8
0
  6
ByBlock
 62
     0
440
 16777216
370
    -2
100
AcDbLine
 10
0.0
 20
0.0
 30
0.0
 11
12.5
 21
0.0
 31
0.0
  0
LINE
  5
CFD
330
CBC
100
AcDbEntity
  8
0
  6
ByBlock
 62
     0
440
 16777216
370
    -2
100
AcDbLine
 10
0.0
 20
-0.4559769286229276
 30
0.0
 11
12.5
 21
-0.4559769286229276
 31
0.0
  0
LINE
  5
CFE
330
CBC
100
AcDbEntity
  8
0
  6
ByBlock
 62
     0
440
 16777216
370
    -2
100
AcDbLine
 10
0.0
 20
-0.815976928622927
 30
0.0
 11
12.5
 21
-0.815976928622927
 31
0.0
  0
LINE
  5
CFF
330
CBC
100
AcDbEntity
  8
0
  6
ByBlock
 62
     0
440
 16777216
370
    -2
100
AcDbLine
 10
0.0
 20
-1.175976928622926
 30
0.0
 11
12.5
 21
-1.175976928622926
 31
0.0
  0
LINE
  5
D00
330
CBC
100
AcDbEntity
  8
0
  6
ByBlock
 62
     0
440
 16777216
370
    -2
100
AcDbLine
 10
0.0
 20
-1.538010093727468
 30
0.0
 11
12.5
 21
-1.538010093727468
 31
0.0
  0
LINE
  5
D01
330
CBC
100
AcDbEntity
  8
0
  6
ByBlock
 62
     0
440
 16777216
370
    -2
100
AcDbLine
 10
0.0
 20
-1.90004325883201
 30
0.0
 11
12.5
 21
-1.90004325883201
 31
0.0
  0
LINE
  5
D02
330
CBC
100
AcDbEntity
  8
0
  6
ByBlock
 62
     0
440
 16777216
370
    -2
100
AcDbLine
 10
0.0
 20
-2.262076423936552
 30
0.0
 11
12.5
 21
-2.262076423936552
 31
0.0
  0
LINE
  5
D03
330
CBC
100
AcDbEntity
  8
0
  6
ByBlock
 62
     0
440
 16777216
370
    -2
100
AcDbLine
 10
0.0
 20
0.0
 30
0.0
 11
0.0
 21
-2.262076423936552
 31
0.0
  0
LINE
  5
D04
330
CBC
100
AcDbEntity
  8
0
  6
ByBlock
 62
     0
440
 16777216
370
    -2
100
AcDbLine
 10
2.5
 20
-0.4559769286229276
 30
0.0
 11
2.5
 21
-2.262076423936552
 31
0.0
  0
LINE
  5
D05
330
CBC
100
AcDbEntity
  8
0
  6
ByBlock
 62
     0
440
 16777216
370
    -2
100
AcDbLine
 10
5.0
 20
-0.4559769286229276
 30
0.0
 11
5.0
 21
-2.262076423936552
 31
0.0
  0
LINE
  5
D06
330
CBC
100
AcDbEntity
  8
0
  6
ByBlock
 62
     0
440
 16777216
370
    -2
100
AcDbLine
 10
7.5
 20
-0.4559769286229276
 30
0.0
 11
7.5
 21
-2.262076423936552
 31
0.0
  0
LINE
  5
D07
330
CBC
100
AcDbEntity
  8
0
  6
ByBlock
 62
     0
440
 16777216
370
    -2
100
AcDbLine
 10
10.0
 20
-0.4559769286229276
 30
0.0
 11
10.0
 21
-2.262076423936552
 31
0.0
  0
LINE
  5
D08
330
CBC
100
AcDbEntity
  8
0
  6
ByBlock
 62
     0
440
 16777216
370
    -2
100
AcDbLine
 10
12.5
 20
0.0
 30
0.0
 11
12.5
 21
-2.262076423936552
 31
0.0
  0
LINE
  5
D09
330
CBC
100
AcDbEntity
  8
Defpoints
 62
     8
440
 16777216
 60
     1
370
     0
100
AcDbLine
 10
0.0
 20
0.0
 30
0.0
 11
0.0
 21
0.0
 31
0.0
  0
ENDBLK
  5
D2E
330
CBC
100
AcDbEntity
  8
0
100
AcDbBlockEnd
  0
BLOCK
  5
DA1
330
D30
100
AcDbEntity
  8
0
100
AcDbBlockBegin
  2
*T7
 70
     1
 10
0.0
 20
0.0
 30
0.0
  3
*T7
  1

  0
MTEXT
  5
D31
330
D30
100
AcDbEntity
  8
0
 62
     0
440
 16777216
100
AcDbMText
 10
6.25
 20
-0.2279884643114638
 30
0.0
 40
0.25
 41
12.38
 46
0.0
 71
     5
 72
     5
  1
Title-1
  7
newtext
 73
     1
 44
1.0
  0
MTEXT
  5
D32
330
D30
100
AcDbEntity
  8
0
 62
     0
440
 16777216
100
AcDbMText
 10
1.25
 20
-0.6359769286229291
 30
0.0
 40
0.18
 41
2.379999999999999
 46
0.0
 71
     5
 72
     5
  1
Header-A
 73
     1
 44
1.0
  0
MTEXT
  5
D33
330
D30
100
AcDbEntity
  8
0
 62
     0
440
 16777216
100
AcDbMText
 10
3.75
 20
-0.6359769286229291
 30
0.0
 40
0.18
 41
2.379999999999999
 46
0.0
 71
     5
 72
     5
  1
Header-B
 73
     1
 44
1.0
  0
MTEXT
  5
D34
330
D30
100
AcDbEntity
  8
0
 62
     0
440
 16777216
100
AcDbMText
 10
6.25
 20
-0.6359769286229291
 30
0.0
 40
0.18
 41
2.379999999999999
 46
0.0
 71
     5
 72
     5
  1
Header-C
 73
     1
 44
1.0
  0
MTEXT
  5
D35
330
D30
100
AcDbEntity
  8
0
 62
     0
440
 16777216
100
AcDbMText
 10
8.75
 20
-0.6359769286229291
 30
0.0
 40
0.18
 41
2.379999999999999
 46
0.0
 71
     5
 72
     5
  1
Header-D
 73
     1
 44
1.0
  0
MTEXT
  5
D36
330
D30
100
AcDbEntity
  8
0
 62
     0
440
 16777216
100
AcDbMText
 10
11.25
 20
-0.6359769286229291
 30
0.0
 40
0.18
 41
2.379999999999999
 46
0.0
 71
     5
 72
     5
  1
Header-E
 73
     1
 44
1.0
  0
MTEXT
  5
D37
330
D30
100
AcDbEntity
  8
0
 62
     0
440
 16777216
100
AcDbMText
 10
1.25
 20
-0.9959769286229285
 30
0.0
 40
0.18
 41
2.379999999999999
 46
0.0
 71
     5
 72
     5
  1
Header-1
 73
     1
 44
1.0
  0
MTEXT
  5
D38
330
D30
100
AcDbEntity
  8
0
 62
     0
440
 16777216
100
AcDbMText
 10
3.75
 20
-0.9959769286229285
 30
0.0
 40
0.18
 41
2.379999999999999
 46
0.0
 71
     5
 72
     5
  1
Header-2
 73
     1
 44
1.0
  0
MTEXT
  5
D39
330
D30
100
AcDbEntity
  8
0
 62
     0
440
 16777216
100
AcDbMText
 10
6.25
 20
-0.9959769286229285
 30
0.0
 40
0.18
 41
2.379999999999999
 46
0.0
 71
     5
 72
     5
  1
Header-3
 73
     1
 44
1.0
  0
MTEXT
  5
D3A
330
D30
100
AcDbEntity
  8
0
 62
     0
440
 16777216
100
AcDbMText
 10
8.75
 20
-0.9959769286229285
 30
0.0
 40
0.18
 41
2.379999999999999
 46
0.0
 71
     5
 72
     5
  1
Header-4
 73
     1
 44
1.0
  0
MTEXT
  5
D3B
330
D30
100
AcDbEntity
  8
0
 62
     0
440
 16777216
100
AcDbMText
 10
11.25
 20
-0.9959769286229285
 30
0.0
 40
0.18
 41
2.379999999999999
 46
0.0
 71
     5
 72
     5
  1
Header-5
 73
     1
 44
1.0
  0
MTEXT
  5
D3C
330
D30
100
AcDbEntity
  8
0
 62
     0
440
 16777216
100
AcDbMText
 10
2.439999999999997
 20
-1.235976928622926
 30
0.0
 40
0.18
 41
2.379999999999999
 46
0.0
 71
     3
 72
     5
  1
h
  7
newtext
 73
     1
 44
1.0
  0
MTEXT
  5
D3D
330
D30
100
AcDbEntity
  8
0
 62
     0
440
 16777216
100
AcDbMText
 10
2.439999999999997
 20
-1.598010093727468
 30
0.0
 40
0.18
 41
2.379999999999999
 46
0.0
 71
     3
 72
     5
  1
f
  7
newtext
 73
     1
 44
1.0
  0
MTEXT
  5
D3E
330
D30
100
AcDbEntity
  8
0
 62
     0
440
 16777216
100
AcDbMText
 10
7.439999999999997
 20
-1.598010093727468
 30
0.0
 40
0.18
 41
2.379999999999999
 46
0.0
 71
     3
 72
     5
  1
j
  7
newtext
 73
     1
 44
1.0
  0
LINE
  5
D70
330
D30
100
AcDbEntity
  8
0
  6
ByBlock
 62
     0
440
 16777216
370
    -2
100
AcDbLine
 10
0.0
 20
0.0
 30
0.0
 11
12.5
 21
0.0
 31
0.0
  0
LINE
  5
D71
330
D30
100
AcDbEntity
  8
0
  6
ByBlock
 62
     0
440
 16777216
370
    -2
100
AcDbLine
 10
0.0
 20
-0.4559769286229276
 30
0.0
 11
12.5
 21
-0.4559769286229276
 31
0.0
  0
LINE
  5
D72
330
D30
100
AcDbEntity
  8
0
  6
ByBlock
 62
     0
440
 16777216
370
    -2
100
AcDbLine
 10
0.0
 20
-0.815976928622927
 30
0.0
 11
12.5
 21
-0.815976928622927
 31
0.0
  0
LINE
  5
D73
330
D30
100
AcDbEntity
  8
0
  6
ByBlock
 62
     0
440
 16777216
370
    -2
100
AcDbLine
 10
0.0
 20
-1.175976928622926
 30
0.0
 11
12.5
 21
-1.175976928622926
 31
0.0
  0
LINE
  5
D74
330
D30
100
AcDbEntity
  8
0
  6
ByBlock
 62
     0
440
 16777216
370
    -2
100
AcDbLine
 10
0.0
 20
-1.538010093727468
 30
0.0
 11
12.5
 21
-1.538010093727468
 31
0.0
  0
LINE
  5
D75
330
D30
100
AcDbEntity
  8
0
  6
ByBlock
 62
     0
440
 16777216
370
    -2
100
AcDbLine
 10
0.0
 20
-1.90004325883201
 30
0.0
 11
12.5
 21
-1.90004325883201
 31
0.0
  0
LINE
  5
D76
330
D30
100
AcDbEntity
  8
0
  6
ByBlock
 62
     0
440
 16777216
370
    -2
100
AcDbLine
 10
0.0
 20
0.0
 30
0.0
 11
0.0
 21
-1.90004325883201
 31
0.0
  0
LINE
  5
D77
330
D30
100
AcDbEntity
  8
0
  6
ByBlock
 62
     0
440
 16777216
370
    -2
100
AcDbLine
 10
2.5
 20
-0.4559769286229276
 30
0.0
 11
2.5
 21
-1.90004325883201
 31
0.0
  0
LINE
  5
D78
330
D30
100
AcDbEntity
  8
0
  6
ByBlock
 62
     0
440
 16777216
370
    -2
100
AcDbLine
 10
5.0
 20
-0.4559769286229276
 30
0.0
 11
5.0
 21
-1.90004325883201
 31
0.0
  0
LINE
  5
D79
330
D30
100
AcDbEntity
  8
0
  6
ByBlock
 62
     0
440
 16777216
370
    -2
100
AcDbLine
 10
7.5
 20
-0.4559769286229276
 30
0.0
 11
7.5
 21
-1.90004325883201
 31
0.0
  0
LINE
  5
D7A
330
D30
100
AcDbEntity
  8
0
  6
ByBlock
 62
     0
440
 16777216
370
    -2
100
AcDbLine
 10
10.0
 20
-0.4559769286229276
 30
0.0
 11
10.0
 21
-1.90004325883201
 31
0.0
  0
LINE
  5
D7B
330
D30
100
AcDbEntity
  8
0
  6
ByBlock
 62
     0
440
 16777216
370
    -2
100
AcDbLine
 10
12.5
 20
0.0
 30
0.0
 11
12.5
 21
-1.90004325883201
 31
0.0
  0
LINE
  5
D7C
330
D30
100
AcDbEntity
  8
Defpoints
 62
     8
440
 16777216
 60
     1
370
     0
100
AcDbLine
 10
0.0
 20
0.0
 30
0.0
 11
0.0
 21
0.0
 31
0.0
  0
ENDBLK
  5
DA2
330
D30
100
AcDbEntity
  8
0
100
AcDbBlockEnd
  0
ENDSEC
  0
SECTION
  2
ENTITIES
  0
ACAD_TABLE
  5
EB
102
{ACAD_XDICTIONARY
360
DA3
102
}
330
1F
100
AcDbEntity
  8
0
 92
    20916
310
B4510000C2010000880000001D000000000000000000F03F00000000000000000000000000000000640945F7902A55400000000000000000000000000000F03F0000000000000000E93CDD0FAB80344000000000000000000000000000000000000000000000F03F0000000000000000000000000000000000000000000000
310
000000000000000000000000000000F03F0C00000016000000070000C30C00000017000000FDFFFFFF0C0000001200000000000000D400000026000000F1B8C2E30A0F174066D01AF0B2A1D6BF000000000000000000000000000000000000000000000000000000000000F03F000000000000F03F00000000000000000000
310
0000000000005400690074006C0065002D00310000000700000001000000000000000000D03F000000000000F03F0000000000000000000000000000F03F000000000000000000000000000000000000000000000000000000000100000012000000540069006D006500730020004E0065007700200052006F006D0061006E
310
00000000000000000000000C00000016000000070000C30C00000017000000FDFFFFFF0C0000001200000000000000C800000026000000EA51B81E85EBE13F62C0C2F7333BE7BF000000000000000000000000000000000000000000000000000000000000F03F000000000000F03F00000000000000000000000000000000
310
4800650061006400650072002D0041000000330008000000010000000AD7A3703D0AC73F000000000000F03F0000000000000000000000000000F03F000000000000000000000000000000000000000000000000000000000100000000000000000044007400780074002E007300680078000000000000000C000000160000
310
00070000C30C00000017000000FDFFFFFF0C0000001200000000000000C8000000260000007A14AE47E17A084062C0C2F7333BE7BF000000000000000000000000000000000000000000000000000000000000F03F000000000000F03F000000000000000000000000000000004800650061006400650072002D0042000000
310
000008000000010000000AD7A3703D0AC73F000000000000F03F0000000000000000000000000000F03F000000000000000000000000000000000000000000000000000000000100000000000000000000007400780074002E007300680078000000000000000C00000016000000070000C30C00000017000000FDFFFFFF0C
310
0000001200000000000000C8000000260000003E0AD7A3703D164062C0C2F7333BE7BF000000000000000000000000000000000000000000000000000000000000F03F000000000000F03F000000000000000000000000000000004800650061006400650072002D0043000000330008000000010000000AD7A3703D0AC73F
310
000000000000F03F0000000000000000000000000000F03F000000000000000000000000000000000000000000000000000000000100000000000000000044007400780074002E007300680078000000000000000C00000016000000070000C30C00000017000000FDFFFFFF0C0000001200000000000000C8000000260000
310
001F85EB51B81E204062C0C2F7333BE7BF000000000000000000000000000000000000000000000000000000000000F03F000000000000F03F000000000000000000000000000000004800650061006400650072002D0044000000330008000000010000000AD7A3703D0AC73F000000000000F03F00000000000000000000
310
00000000F03F000000000000000000000000000000000000000000000000000000000100000000000000000044007400780074002E007300680078000000000000000C00000016000000070000C30C00000017000000FDFFFFFF0C0000001200000000000000C8000000260000001F85EB51B81E254062C0C2F7333BE7BF00
310
0000000000000000000000000000000000000000000000000000000000F03F000000000000F03F000000000000000000000000000000004800650061006400650072002D0045000000330008000000010000000AD7A3703D0AC73F000000000000F03F0000000000000000000000000000F03F000000000000000000000000
310
000000000000000000000000000000000100000000000000000044007400780074002E007300680078000000000000000C00000016000000070000C30C00000017000000FDFFFFFF0C0000001200000000000000C800000026000000E07A14AE47E1E23FF1550A582960F1BF00000000000000000000000000000000000000
310
0000000000000000000000F03F000000000000F03F000000000000000000000000000000004800650061006400650072002D00310000005C0008000000010000000AD7A3703D0AC73F000000000000F03F0000000000000000000000000000F03F000000000000000000000000000000000000000000000000000000000100
310
000000000000000035047400780074002E007300680078000000000000000C00000016000000070000C30C00000017000000FDFFFFFF0C0000001200000000000000C8000000260000007A14AE47E17A0840F1550A582960F1BF000000000000000000000000000000000000000000000000000000000000F03F0000000000
310
00F03F000000000000000000000000000000004800650061006400650072002D0032000000000008000000010000000AD7A3703D0AC73F000000000000F03F0000000000000000000000000000F03F000000000000000000000000000000000000000000000000000000000100000000000000000000007400780074002E00
310
7300680078000000000000000C00000016000000070000C30C00000017000000FDFFFFFF0C0000001200000000000000C8000000260000003E0AD7A3703D1640F1550A582960F1BF000000000000000000000000000000000000000000000000000000000000F03F000000000000F03F000000000000000000000000000000
310
004800650061006400650072002D0033000000000008000000010000000AD7A3703D0AC73F000000000000F03F0000000000000000000000000000F03F000000000000000000000000000000000000000000000000000000000100000000000000000000007400780074002E007300680078000000000000000C0000001600
310
0000070000C30C00000017000000FDFFFFFF0C0000001200000000000000C8000000260000001F85EB51B81E2040F1550A582960F1BF000000000000000000000000000000000000000000000000000000000000F03F000000000000F03F000000000000000000000000000000004800650061006400650072002D00340000
310
00000008000000010000000AD7A3703D0AC73F000000000000F03F0000000000000000000000000000F03F000000000000000000000000000000000000000000000000000000000100000000000000000000007400780074002E007300680078000000000000000C00000016000000070000C30C00000017000000FDFFFFFF
310
0C0000001200000000000000C8000000260000001F85EB51B81E2540F1550A582960F1BF000000000000000000000000000000000000000000000000000000000000F03F000000000000F03F000000000000000000000000000000004800650061006400650072002D0035000000000008000000010000000AD7A3703D0AC7
310
3F000000000000F03F0000000000000000000000000000F03F000000000000000000000000000000000000000000000000000000000100000000000000000000007400780074002E007300680078000000000000000C00000016000000070000C30C00000017000000FDFFFFFF0C0000001200000000000000C80000002600
310
0000CD9BBAACF48902404137856CD7A7F6BF000000000000000000000000000000000000000000000000000000000000F03F000000000000F03F000000000000000000000000000000003600000001000000010000000AD7A3703D0AC73F000000000000F03F0000000000000000000000000000F03F000000000000000000
310
000000000000000000000000000000000000000100000012000000540069006D006500730020004E0065007700200052006F006D0061006E00000000000000000000000C00000016000000070000C30C00000017000000FDFFFFFF0C0000001200000000000000C80000002600000033013494924613404137856CD7A7F6BF
310
000000000000000000000000000000000000000000000000000000000000F03F000000000000F03F000000000000000000000000000000003700000001000000010000000AD7A3703D0AC73F000000000000F03F0000000000000000000000000000F03F000000000000000000000000000000000000000000000000000000
310
000100000012000000540069006D006500730020004E0065007700200052006F006D0061006E00000000000000000000000C00000016000000070000C30C00000017000000FDFFFFFF0C0000001200000000000000C800000026000000A014571F294A1D404137856CD7A7F6BF000000000000000000000000000000000000
310
000000000000000000000000F03F000000000000F03F000000000000000000000000000000003800000001000000010000000AD7A3703D0AC73F000000000000F03F0000000000000000000000000000F03F000000000000000000000000000000000000000000000000000000000100000012000000540069006D00650073
310
0020004E0065007700200052006F006D0061006E00000000000000000000000C00000016000000070000C30C00000017000000FDFFFFFF0C0000001200000000000000C800000026000000302A5F4216A323404137856CD7A7F6BF000000000000000000000000000000000000000000000000000000000000F03F00000000
310
0000F03F000000000000000000000000000000003900000001000000010000000AD7A3703D0AC73F000000000000F03F0000000000000000000000000000F03F000000000000000000000000000000000000000000000000000000000100000012000000540069006D006500730020004E0065007700200052006F006D0061
310
006E00000000000000000000000C00000016000000070000C30C00000017000000FDFFFFFF0C0000001200000000000000C80000002600000020FAB81B17A228404137856CD7A7F6BF000000000000000000000000000000000000000000000000000000000000F03F000000000000F03F0000000000000000000000000000
310
00003000000001000000010000000AD7A3703D0AC73F000000000000F03F0000000000000000000000000000F03F000000000000000000000000000000000000000000000000000000000100000012000000540069006D006500730020004E0065007700200052006F006D0061006E00000000000000000000000C00000016
310
000000070000C30C00000017000000FDFFFFFF0C0000001200000000000000C80000002600000054549632D4DEF23F012DAEC8666AFCBF000000000000000000000000000000000000000000000000000000000000F03F000000000000F03F000000000000000000000000000000004600000001000000010000000AD7A370
310
3D0AC73F000000000000F03F0000000000000000000000000000F03F000000000000000000000000000000000000000000000000000000000100000012000000540069006D006500730020004E0065007700200052006F006D0061006E00000000000000000000000C00000016000000070000C30C00000017000000FDFFFF
310
FF0C0000001200000000000000C8000000260000002880CB5CBD350D40012DAEC8666AFCBF000000000000000000000000000000000000000000000000000000000000F03F000000000000F03F000000000000000000000000000000004700000001000000010000000AD7A3703D0AC73F000000000000F03F000000000000
310
0000000000000000F03F000000000000000000000000000000000000000000000000000000000100000012000000540069006D006500730020004E0065007700200052006F006D0061006E00000000000000000000000C00000016000000070000C30C00000017000000FDFFFFFF0C0000001200000000000000C800000026
310
0000004A603A2F319E1840012DAEC8666AFCBF000000000000000000000000000000000000000000000000000000000000F03F000000000000F03F000000000000000000000000000000004800000001000000010000000AD7A3703D0AC73F000000000000F03F0000000000000000000000000000F03F0000000000000000
310
00000000000000000000000000000000000000000100000012000000540069006D006500730020004E0065007700200052006F006D0061006E00000000003004000000000C00000016000000070000C30C00000017000000FDFFFFFF0C0000001200000000000000CC00000026000000D6D40C72B8332140012DAEC8666AFC
310
BF000000000000000000000000000000000000000000000000000000000000F03F000000000000F03F00000000000000000000000000000000530053000000000002000000010000000AD7A3703D0AC73F000000000000F03F0000000000000000000000000000F03F00000000000000000000000000000000000000000000
310
0000000000000100000012000000540069006D006500730020004E0065007700200052006F006D0061006E00000000000000000000000C00000016000000070000C30C00000017000000FDFFFFFF0C0000001200000000000000CC000000260000009476F14A03362640012DAEC8666AFCBF00000000000000000000000000
310
0000000000000000000000000000000000F03F000000000000F03F00000000000000000000000000000000460046000000000002000000010000000AD7A3703D0AC73F000000000000F03F0000000000000000000000000000F03F000000000000000000000000000000000000000000000000000000000100000012000000
310
540069006D006500730020004E0065007700200052006F006D0061006E00000000000000000000000C00000016000000070000C30C00000017000000FDFFFFFF0C0000001200000000000000CC0000002600000008B454553EA7014061916B127B1601C0000000000000000000000000000000000000000000000000000000
310
000000F03F000000000000F03F00000000000000000000000000000000310031000000000002000000010000000AD7A3703D0AC73F000000000000F03F0000000000000000000000000000F03F000000000000000000000000000000000000000000000000000000000100000012000000540069006D006500730020004E00
310
65007700200052006F006D0061006E00000000000000000000000C00000016000000070000C30C00000017000000FDFFFFFF0C0000001200000000000000CC00000026000000A63862D8B1BD124061916B127B1601C0000000000000000000000000000000000000000000000000000000000000F03F000000000000F03F00
310
000000000000000000000000000000310032000000000002000000010000000AD7A3703D0AC73F000000000000F03F0000000000000000000000000000F03F000000000000000000000000000000000000000000000000000000000100000012000000540069006D006500730020004E0065007700200052006F006D006100
310
6E00000000000000000000000C00000016000000070000C30C00000017000000FDFFFFFF0C0000001200000000000000CC000000260000005A59688EFDC81C4061916B127B1601C0000000000000000000000000000000000000000000000000000000000000F03F000000000000F03F000000000000000000000000000000
310
00310033000000000002000000010000000AD7A3703D0AC73F000000000000F03F0000000000000000000000000000F03F000000000000000000000000000000000000000000000000000000000100000012000000540069006D006500730020004E0065007700200052006F006D0061006E00000000000000000000000C00
310
000016000000070000C30C00000017000000FDFFFFFF0C0000001200000000000000CC0000002600000011891EC8EA5D234061916B127B1601C0000000000000000000000000000000000000000000000000000000000000F03F000000000000F03F0000000000000000000000000000000031003400000000000200000001
310
0000000AD7A3703D0AC73F000000000000F03F0000000000000000000000000000F03F000000000000000000000000000000000000000000000000000000000100000012000000540069006D006500730020004E0065007700200052006F006D0061006E00000000000000000000000C00000016000000070000C30C000000
310
17000000FDFFFFFF0C0000001200000000000000CC0000002600000089BC056D2B62284061916B127B1601C0000000000000000000000000000000000000000000000000000000000000F03F000000000000F03F00000000000000000000000000000000310035000000000002000000010000000AD7A3703D0AC73F000000
310
000000F03F0000000000000000000000000000F03F000000000000000000000000000000000000000000000000000000000100000012000000540069006D006500730020004E0065007700200052006F006D0061006E00000000000000000000000C00000016000000070000C30C00000017000000FDFFFFFF0C0000001200
310
000000000000D400000026000000FD2FF4BFD0FF164035D41DFFBEDD04C0000000000000000000000000000000000000000000000000000000000000F03F000000000000F03F000000000000000000000000000000005400690074006C0065002D00320000000700000001000000000000000000D03F000000000000F03F00
310
00000000000000000000000000F03F000000000000000000000000000000000000000000000000000000000100000012000000540069006D006500730020004E0065007700200052006F006D0061006E00000000000000000000000C00000016000000070000C30C00000017000000FDFFFFFF0C0000001200000000000000
310
BC0000002600000014AE47E17A14F23F19EA5D9EA0D507C0000000000000000000000000000000000000000000000000000000000000F03F000000000000F03F00000000000000000000000000000000480031000000320002000000010000000AD7A3703D0AC73F000000000000F03F0000000000000000000000000000F0
310
3F000000000000000000000000000000000000000000000000000000000100000000000000000061007400780074002E007300680078000000000022250C00000016000000070000C30C00000017000000FDFFFFFF0C0000001200000000000000BC00000026000000CDCCCCCCCCCC0C4019EA5D9EA0D507C0000000000000
310
000000000000000000000000000000000000000000000000F03F000000000000F03F00000000000000000000000000000000480032000000000002000000010000000AD7A3703D0AC73F000000000000F03F0000000000000000000000000000F03F0000000000000000000000000000000000000000000000000000000001
310
00000000000000000000007400780074002E007300680078000000000000000C00000016000000070000C30C00000017000000FDFFFFFF0C0000001200000000000000BC00000026000000676666666666184019EA5D9EA0D507C0000000000000000000000000000000000000000000000000000000000000F03F00000000
310
0000F03F00000000000000000000000000000000480033000000000002000000010000000AD7A3703D0AC73F000000000000F03F0000000000000000000000000000F03F000000000000000000000000000000000000000000000000000000000100000000000000000065007400780074002E007300680078000000000061
310
000C00000016000000070000C30C00000017000000FDFFFFFF0C0000001200000000000000BC00000026000000343333333333214019EA5D9EA0D507C0000000000000000000000000000000000000000000000000000000000000F03F000000000000F03F0000000000000000000000000000000048003400000063000200
310
0000010000000AD7A3703D0AC73F000000000000F03F0000000000000000000000000000F03F000000000000000000000000000000000000000000000000000000000100000000000000000074007400780074002E00730068007800000000002E000C00000016000000070000C30C00000017000000FDFFFFFF0C00000012
310
00000000000000BC00000026000000343333333333264019EA5D9EA0D507C0000000000000000000000000000000000000000000000000000000000000F03F000000000000F03F00000000000000000000000000000000480035000000320002000000010000000AD7A3703D0AC73F000000000000F03F0000000000000000
310
000000000000F03F000000000000000000000000000000000000000000000000000000000100000000000000000041007400780074002E007300680078000000000000000C00000016000000070000C30C00000017000000FDFFFFFF0C0000001200000000000000C800000026000000B00D857EF5740240C15A9BA877790A
310
C0000000000000000000000000000000000000000000000000000000000000F03F000000000000F03F000000000000000000000000000000007100000001000000010000000AD7A3703D0AC73F000000000000F03F0000000000000000000000000000F03F0000000000000000000000000000000000000000000000000000
310
00000100000012000000540069006D006500730020004E0065007700200052006F006D0061006E00000000000000000000000C00000016000000070000C30C00000017000000FDFFFFFF0C0000001200000000000000C800000026000000A06974F889001340C15A9BA877790AC00000000000000000000000000000000000
310
00000000000000000000000000F03F000000000000F03F000000000000000000000000000000007700000001000000010000000AD7A3703D0AC73F000000000000F03F0000000000000000000000000000F03F000000000000000000000000000000000000000000000000000000000100000012000000540069006D006500
310
730020004E0065007700200052006F006D0061006E00000000007D6A000000000C00000016000000070000C30C00000017000000FDFFFFFF0C0000001200000000000000C800000026000000F41F57BD66CC0240A1D5AF56BF5A0DC0000000000000000000000000000000000000000000000000000000000000F03F000000
310
000000F03F000000000000000000000000000000007200000001000000010000000AD7A3703D0AC73F000000000000F03F0000000000000000000000000000F03F000000000000000000000000000000000000000000000000000000000100000012000000540069006D006500730020004E0065007700200052006F006D00
310
61006E00000000007D6A000000000C00000016000000070000C30C00000017000000FDFFFFFF0C0000001200000000000000D400000026000000587C3B045E962F402A99703D413517C0000000000000000000000000000000000000000000000000000000000000F03F000000000000F03F00000000000000000000000000
310
0000005400690074006C0065002D00310000000700000001000000000000000000D03F000000000000F03F0000000000000000000000000000F03F000000000000000000000000000000000000000000000000000000000100000012000000540069006D006500730020004E0065007700200052006F006D0061006E000000
310
00000000000000000C00000016000000070000C30C00000017000000FDFFFFFF0C0000001200000000000000C800000026000000FFA445E4902D25403044678D8CB218C0000000000000000000000000000000000000000000000000000000000000F03F000000000000F03F00000000000000000000000000000000480065
310
0061006400650072002D0041000000720008000000010000000AD7A3703D0AC73F000000000000F03F0000000000000000000000000000F03F000000000000000000000000000000000000000000000000000000000100000000000000000065007400780074002E007300680078000000000000000C000000160000000700
310
00C30C00000017000000FDFFFFFF0C0000001200000000000000C800000026000000FFA445E4902D2A403044678D8CB218C0000000000000000000000000000000000000000000000000000000000000F03F000000000000F03F000000000000000000000000000000004800650061006400650072002D0042000000FFFF08
310
000000010000000AD7A3703D0AC73F000000000000F03F0000000000000000000000000000F03F000000000000000000000000000000000000000000000000000000000100000000000000000000007400780074002E007300680078000000000000000C00000016000000070000C30C00000017000000FDFFFFFF0C000000
310
1200000000000000C800000026000000FFA445E4902D2F403044678D8CB218C0000000000000000000000000000000000000000000000000000000000000F03F000000000000F03F000000000000000000000000000000004800650061006400650072002D0043000000FFFF08000000010000000AD7A3703D0AC73F000000
310
000000F03F0000000000000000000000000000F03F000000000000000000000000000000000000000000000000000000000100000000000000000000007400780074002E007300680078000000000000000C00000016000000070000C30C00000017000000FDFFFFFF0C0000001200000000000000C8000000260000007FD2
310
2272C81632403044678D8CB218C0000000000000000000000000000000000000000000000000000000000000F03F000000000000F03F000000000000000000000000000000004800650061006400650072002D0044000000C73F08000000010000000AD7A3703D0AC73F000000000000F03F00000000000000000000000000
310
00F03F000000000000000000000000000000000000000000000000000000000100000000000000000020007400780074002E007300680078000000000000000C00000016000000070000C30C00000017000000FDFFFFFF0C0000001200000000000000C8000000260000007FD22272C89634403044678D8CB218C000000000
310
0000000000000000000000000000000000000000000000000000F03F000000000000F03F000000000000000000000000000000004800650061006400650072002D0045000000FFFF08000000010000000AD7A3703D0AC73F000000000000F03F0000000000000000000000000000F03F000000000000000000000000000000
310
000000000000000000000000000100000000000000000000007400780074002E007300680078000000000000000C00000016000000070000C30C00000017000000FDFFFFFF0C0000001200000000000000C8000000260000008E673B0DED3C2540A081716430231AC000000000000000000000000000000000000000000000
310
0000000000000000F03F000000000000F03F000000000000000000000000000000004800650061006400650072002D0031000000000008000000010000000AD7A3703D0AC73F000000000000F03F0000000000000000000000000000F03F000000000000000000000000000000000000000000000000000000000100000000
310
000000000000007400780074002E007300680078000000000000000C00000016000000070000C30C00000017000000FDFFFFFF0C0000001200000000000000C800000026000000FFA445E4902D2A40A081716430231AC0000000000000000000000000000000000000000000000000000000000000F03F000000000000F03F
310
000000000000000000000000000000004800650061006400650072002D0032000000FFFF08000000010000000AD7A3703D0AC73F000000000000F03F0000000000000000000000000000F03F000000000000000000000000000000000000000000000000000000000100000000000000000000007400780074002E00730068
310
0078000000000000000C00000016000000070000C30C00000017000000FDFFFFFF0C0000001200000000000000C800000026000000FFA445E4902D2F40A081716430231AC0000000000000000000000000000000000000000000000000000000000000F03F000000000000F03F000000000000000000000000000000004800
310
650061006400650072002D0033000000FFFF08000000010000000AD7A3703D0AC73F000000000000F03F0000000000000000000000000000F03F000000000000000000000000000000000000000000000000000000000100000000000000000000007400780074002E007300680078000000000000000C0000001600000007
310
0000C30C00000017000000FDFFFFFF0C0000001200000000000000C8000000260000007FD22272C8163240A081716430231AC0000000000000000000000000000000000000000000000000000000000000F03F000000000000F03F000000000000000000000000000000004800650061006400650072002D00340000005000
310
08000000010000000AD7A3703D0AC73F000000000000F03F0000000000000000000000000000F03F000000000000000000000000000000000000000000000000000000000100000000000000000074007400780074002E007300680078000000000000000C00000016000000070000C30C00000017000000FDFFFFFF0C0000
310
001200000000000000C8000000260000007FD22272C8963440A081716430231AC0000000000000000000000000000000000000000000000000000000000000F03F000000000000F03F000000000000000000000000000000004800650061006400650072002D0035000000FFFF08000000010000000AD7A3703D0AC73F0000
310
00000000F03F0000000000000000000000000000F03F000000000000000000000000000000000000000000000000000000000100000000000000000000007400780074002E007300680078000000000000000C00000016000000070000C30C00000017000000FDFFFFFF0C0000001200000000000000C80000002600000047
310
5319E5C0AB28403F1AED9DC2791BC0000000000000000000000000000000000000000000000000000000000000F03F000000000000F03F000000000000000000000000000000006400000001000000010000000AD7A3703D0AC73F000000000000F03F0000000000000000000000000000F03F000000000000000000000000
310
000000000000000000000000000000000100000012000000540069006D006500730020004E0065007700200052006F006D0061006E00000000007D6A000000000C00000016000000070000C30C00000017000000FDFFFFFF0C0000001200000000000000C8000000260000000F773F4BFDB42840FF6A0F6637EC1CC0000000
310
000000000000000000000000000000000000000000000000000000F03F000000000000F03F000000000000000000000000000000006600000001000000010000000AD7A3703D0AC73F000000000000F03F0000000000000000000000000000F03F000000000000000000000000000000000000000000000000000000000100
310
000012000000540069006D006500730020004E0065007700200052006F006D0061006E00000000000000000000000C00000016000000070000C30C00000017000000FDFFFFFF0C0000001200000000000000C8000000260000000D0D51518BAE2840E4C1718E8D5A1EC0000000000000000000000000000000000000000000
310
000000000000000000F03F000000000000F03F000000000000000000000000000000006700000001000000010000000AD7A3703D0AC73F000000000000F03F0000000000000000000000000000F03F000000000000000000000000000000000000000000000000000000000100000012000000540069006D00650073002000
310
4E0065007700200052006F006D0061006E00000000006400000000000C00000016000000070000C30C00000017000000FDFFFFFF0C0000001200000000000000D4000000260000000C7F0143CF913C407487F049617C23C0000000000000000000000000000000000000000000000000000000000000F03F000000000000F0
310
3F000000000000000000000000000000005400690074006C0065002D00310000000700000001000000000000000000D03F000000000000F03F0000000000000000000000000000F03F000000000000000000000000000000000000000000000000000000000100000012000000540069006D006500730020004E0065007700
310
200052006F006D0061006E00000000000000000000000C00000016000000070000C30C00000017000000FDFFFFFF0C0000001200000000000000C8000000260000005F9306B3685D3740F7DCEBF1063B24C0000000000000000000000000000000000000000000000000000000000000F03F000000000000F03F0000000000
310
00000000000000000000004800650061006400650072002D0041000000FFFF08000000010000000AD7A3703D0AC73F000000000000F03F0000000000000000000000000000F03F000000000000000000000000000000000000000000000000000000000100000000000000000000007400780074002E007300680078000000
310
000000000C00000016000000070000C30C00000017000000FDFFFFFF0C0000001200000000000000C8000000260000005F9306B368DD3940F7DCEBF1063B24C0000000000000000000000000000000000000000000000000000000000000F03F000000000000F03F0000000000000000000000000000000048006500610064
310
00650072002D0042000000FFFF08000000010000000AD7A3703D0AC73F000000000000F03F0000000000000000000000000000F03F000000000000000000000000000000000000000000000000000000000100000000000000000000007400780074002E007300680078000000000000000C00000016000000070000C30C00
310
000017000000FDFFFFFF0C0000001200000000000000C8000000260000005F9306B3685D3C40F7DCEBF1063B24C0000000000000000000000000000000000000000000000000000000000000F03F000000000000F03F000000000000000000000000000000004800650061006400650072002D004300000000000800000001
310
0000000AD7A3703D0AC73F000000000000F03F0000000000000000000000000000F03F000000000000000000000000000000000000000000000000000000000100000000000000000000007400780074002E007300680078000000000000000C00000016000000070000C30C00000017000000FDFFFFFF0C00000012000000
310
00000000C8000000260000005F9306B368DD3E40F7DCEBF1063B24C0000000000000000000000000000000000000000000000000000000000000F03F000000000000F03F000000000000000000000000000000004800650061006400650072002D0044000000200008000000010000000AD7A3703D0AC73F000000000000F0
310
3F0000000000000000000000000000F03F00000000000000000000000000000000000000000000000000000000010000000000000000006E007400780074002E007300680078000000000000000C00000016000000070000C30C00000017000000FDFFFFFF0C0000001200000000000000C800000026000000B0498359B4AE
310
4040F7DCEBF1063B24C0000000000000000000000000000000000000000000000000000000000000F03F000000000000F03F000000000000000000000000000000004800650061006400650072002D0045000000FFFF08000000010000000AD7A3703D0AC73F000000000000F03F0000000000000000000000000000F03F00
310
0000000000000000000000000000000000000000000000000000000100000000000000000000007400780074002E007300680078000000000000000C00000016000000070000C30C00000017000000FDFFFFFF0C0000001200000000000000C800000026000000A77481C716653740AFFB70DD58F324C00000000000000000
310
00000000000000000000000000000000000000000000F03F000000000000F03F000000000000000000000000000000004800650061006400650072002D0031000000FFFF08000000010000000AD7A3703D0AC73F000000000000F03F0000000000000000000000000000F03F00000000000000000000000000000000000000
310
0000000000000000000100000000000000000000007400780074002E007300680078000000000000000C00000016000000070000C30C00000017000000FDFFFFFF0C0000001200000000000000C8000000260000005F9306B368DD3940AFFB70DD58F324C00000000000000000000000000000000000000000000000000000
310
00000000F03F000000000000F03F000000000000000000000000000000004800650061006400650072002D0032000000690008000000010000000AD7A3703D0AC73F000000000000F03F0000000000000000000000000000F03F00000000000000000000000000000000000000000000000000000000010000000000000000
310
0065007400780074002E007300680078000000000000000C00000016000000070000C30C00000017000000FDFFFFFF0C0000001200000000000000C8000000260000005F9306B3685D3C40AFFB70DD58F324C0000000000000000000000000000000000000000000000000000000000000F03F000000000000F03F00000000
310
0000000000000000000000004800650061006400650072002D0033000000FFFF08000000010000000AD7A3703D0AC73F000000000000F03F0000000000000000000000000000F03F000000000000000000000000000000000000000000000000000000000100000000000000000000007400780074002E0073006800780000
310
00000000000C00000016000000070000C30C00000017000000FDFFFFFF0C0000001200000000000000C8000000260000005F9306B368DD3E40AFFB70DD58F324C0000000000000000000000000000000000000000000000000000000000000F03F000000000000F03F00000000000000000000000000000000480065006100
310
6400650072002D0034000000620008000000010000000AD7A3703D0AC73F000000000000F03F0000000000000000000000000000F03F000000000000000000000000000000000000000000000000000000000100000000000000000000007400780074002E007300680078000000000000000C00000016000000070000C30C
310
00000017000000FDFFFFFF0C0000001200000000000000C800000026000000B0498359B4AE4040AFFB70DD58F324C0000000000000000000000000000000000000000000000000000000000000F03F000000000000F03F000000000000000000000000000000004800650061006400650072002D0035000000620008000000
310
010000000AD7A3703D0AC73F000000000000F03F0000000000000000000000000000F03F000000000000000000000000000000000000000000000000000000000100000000000000000000007400780074002E007300680078000000000000000C00000016000000070000C30C00000017000000FDFFFFFF0C000000120000
310
0000000000C800000026000000C0EDA0CA191D3940FEC72EFAA19E25C0000000000000000000000000000000000000000000000000000000000000F03F000000000000F03F000000000000000000000000000000006800000001000000010000000AD7A3703D0AC73F000000000000F03F0000000000000000000000000000
310
F03F000000000000000000000000000000000000000000000000000000000100000012000000540069006D006500730020004E0065007700200052006F006D0061006E00000000007D6A000000000C00000016000000070000C30C00000017000000FDFFFFFF0C0000001200000000000000C800000026000000677C83E61E
310
2139405FF03F5EDC5726C0000000000000000000000000000000000000000000000000000000000000F03F000000000000F03F000000000000000000000000000000006600000001000000010000000AD7A3703D0AC73F000000000000F03F0000000000000000000000000000F03F00000000000000000000000000000000
310
0000000000000000000000000100000012000000540069006D006500730020004E0065007700200052006F006D0061006E00000000007D6A000000000C00000016000000070000C30C00000017000000FDFFFFFF0C0000001200000000000000C800000026000000D25B12DF6E313E40C8C6FA650F5826C000000000000000
310
0000000000000000000000000000000000000000000000F03F000000000000F03F000000000000000000000000000000006A00000001000000010000000AD7A3703D0AC73F000000000000F03F0000000000000000000000000000F03F00000000000000000000000000000000000000000000000000000000010000001200
310
0000540069006D006500730020004E0065007700200052006F006D0061006E00000000000000000000000C00000016000000070000C30C00000017000000FDFFFFFF0C000000120000000000000054000000200000000200000000000000000000000000000000000000000000000000000000000000000029400000000000
310
000000000000000000000000000000000000000000000000000000000000000000F03F0C00000016000000070000C30C00000017000000FDFFFFFF0C00000012000000000000005400000020000000020000000000000000000000C09F0ADBB92EDDBF00000000000000000000000000002940C09F0ADBB92EDDBF00000000
310
0000000000000000000000000000000000000000000000000000F03F0C00000016000000070000C30C00000017000000FDFFFFFF0C00000012000000000000005400000020000000020000000000000000000000603BD7A57B1CEABF00000000000000000000000000002940603BD7A57B1CEABF0000000000000000000000
310
00000000000000000000000000000000000000F03F0C00000016000000070000C30C00000017000000FDFFFFFF0C000000120000000000000054000000200000000200000000000000000000007093142FCDD0F2BF000000000000000000000000000029407093142FCDD0F2BF000000000000000000000000000000000000
310
000000000000000000000000F03F0C00000016000000070000C30C00000017000000FDFFFFFF0C0000001200000000000000540000002000000002000000000000000000000030893D8B5C93F8BF0000000000000000000000000000294030893D8B5C93F8BF00000000000000000000000000000000000000000000000000
310
0000000000F03F0C00000016000000070000C30C00000017000000FDFFFFFF0C00000012000000000000005400000020000000020000000000000000000000F07E66E7EB55FEBF00000000000000000000000000002940F07E66E7EB55FEBF000000000000000000000000000000000000000000000000000000000000F03F
310
0C00000016000000070000C30C00000017000000FDFFFFFF0C0000001200000000000000540000002000000002000000000000000000000058BAC7A13D0C02C00000000000000000000000000000294058BAC7A13D0C02C0000000000000000000000000000000000000000000000000000000000000F03F0C000000160000
310
00070000C30C00000017000000FDFFFFFF0C00000012000000000000005400000020000000020000000000000000000000F88DCEDBAAAC05C000000000000000000000000000002940F88DCEDBAAAC05C0000000000000000000000000000000000000000000000000000000000000F03F0C00000016000000070000C30C00
310
000017000000FDFFFFFF0C00000012000000000000005400000020000000020000000000000000000000D808E389F28D08C000000000000000000000000000002940D808E389F28D08C0000000000000000000000000000000000000000000000000000000000000F03F0C00000016000000070000C30C00000017000000FD
310
FFFFFF0C00000012000000000000005400000020000000020000000000000000000000B883F7373A6F0BC000000000000000000000000000002940B883F7373A6F0BC0000000000000000000000000000000000000000000000000000000000000F03F0C00000016000000070000C30C00000017000000FDFFFFFF0C000000
310
12000000000000005400000020000000020000000000000000000000A80BD9DCAB540EC000000000000000000000000000002940A80BD9DCAB540EC0000000000000000000000000000000000000000000000000000000000000F03F0C00000016000000070000C30C00000017000000FDFFFFFF0C00000012000000000000
310
005400000020000000020000000000000000000000000000000000000000000000000000000000000000000000A80BD9DCAB540EC0000000000000000000000000000000000000000000000000000000000000F03F0C00000016000000070000C30C00000017000000FDFFFFFF0C0000001200000000000000540000002000
310
0000020000000000000000000440C09F0ADBB92EDDBF0000000000000000000000000000044058BAC7A13D0C02C0000000000000000000000000000000000000000000000000000000000000F03F0C00000016000000070000C30C00000017000000FDFFFFFF0C000000120000000000000054000000200000000200000000
310
00000000000440F88DCEDBAAAC05C000000000000000000000000000000440A80BD9DCAB540EC0000000000000000000000000000000000000000000000000000000000000F03F0C00000016000000070000C30C00000017000000FDFFFFFF0C00000012000000000000005400000020000000020000000000000000001440
310
C09F0ADBB92EDDBF0000000000000000000000000000144058BAC7A13D0C02C0000000000000000000000000000000000000000000000000000000000000F03F0C00000016000000070000C30C00000017000000FDFFFFFF0C00000012000000000000005400000020000000020000000000000000001440F88DCEDBAAAC05
310
C000000000000000000000000000001440A80BD9DCAB540EC0000000000000000000000000000000000000000000000000000000000000F03F0C00000016000000070000C30C00000017000000FDFFFFFF0C00000012000000000000005400000020000000020000000000000000001E40C09F0ADBB92EDDBF000000000000
310
00000000000000001E4058BAC7A13D0C02C0000000000000000000000000000000000000000000000000000000000000F03F0C00000016000000070000C30C00000017000000FDFFFFFF0C00000012000000000000005400000020000000020000000000000000001E40F88DCEDBAAAC05C000000000000000000000000000
310
001E40A80BD9DCAB540EC0000000000000000000000000000000000000000000000000000000000000F03F0C00000016000000070000C30C00000017000000FDFFFFFF0C00000012000000000000005400000020000000020000000000000000002440C09F0ADBB92EDDBF0000000000000000000000000000244058BAC7A1
310
3D0C02C0000000000000000000000000000000000000000000000000000000000000F03F0C00000016000000070000C30C00000017000000FDFFFFFF0C00000012000000000000005400000020000000020000000000000000002440F88DCEDBAAAC05C000000000000000000000000000002440A80BD9DCAB540EC0000000
310
000000000000000000000000000000000000000000000000000000F03F0C00000016000000070000C30C00000017000000FDFFFFFF0C00000012000000000000005400000020000000020000000000000000002940000000000000000000000000000000000000000000002940A80BD9DCAB540EC000000000000000000000
310
0000000000000000000000000000000000000000F03F0C00000016000000080000C30C00000017000000000000000C0000001200000000000000540000002000000002000000000000000000000000000000000000000000000000000000000000000000000000000000000000000000000000000000000000000000000000
310
00000000000000000000000000F03F0C00000016000000070000C30C00000017000000FDFFFFFF0C0000001200000000000000540000002000000002000000E01F5A92D80E244024EC6E0E26CB15C00000000000000000F00F2D496C87364024EC6E0E26CB15C0000000000000000000000000000000000000000000000000
310
000000000000F03F0C00000016000000070000C30C00000017000000FDFFFFFF0C0000001200000000000000540000002000000002000000E01F5A92D80E244020961FAC119E17C00000000000000000F00F2D496C87364020961FAC119E17C0000000000000000000000000000000000000000000000000000000000000F0
310
3F0C00000016000000070000C30C00000017000000FDFFFFFF0C0000001200000000000000540000002000000002000000E01F5A92D80E244090D32983B50E19C00000000000000000F00F2D496C87364090D32983B50E19C0000000000000000000000000000000000000000000000000000000000000F03F0C0000001600
310
0000070000C30C00000017000000FDFFFFFF0C0000001200000000000000540000002000000002000000E01F5A92D80E24400011345A597F1AC00000000000000000F00F2D496C8736400011345A597F1AC0000000000000000000000000000000000000000000000000000000000000F03F0C00000016000000070000C30C
310
00000017000000FDFFFFFF0C0000001200000000000000540000002000000002000000E01F5A92D80E2440F8D4A42C12F21BC00000000000000000F00F2D496C873640F8D4A42C12F21BC0000000000000000000000000000000000000000000000000000000000000F03F0C00000016000000070000C30C00000017000000
310
FDFFFFFF0C0000001200000000000000540000002000000002000000E01F5A92D80E2440F09815FFCA641DC00000000000000000F00F2D496C873640F09815FFCA641DC0000000000000000000000000000000000000000000000000000000000000F03F0C00000016000000070000C30C00000017000000FDFFFFFF0C0000
310
001200000000000000540000002000000002000000E01F5A92D80E2440E85C86D183D71EC00000000000000000F00F2D496C873640E85C86D183D71EC0000000000000000000000000000000000000000000000000000000000000F03F0C00000016000000070000C30C00000017000000FDFFFFFF0C000000120000000000
310
0000540000002000000002000000E01F5A92D80E244024EC6E0E26CB15C00000000000000000E01F5A92D80E2440E85C86D183D71EC0000000000000000000000000000000000000000000000000000000000000F03F0C00000016000000070000C30C00000017000000FDFFFFFF0C00000012000000000000005400000020
310
00000002000000E01F5A92D80E294020961FAC119E17C00000000000000000E01F5A92D80E2940E85C86D183D71EC0000000000000000000000000000000000000000000000000000000000000F03F0C00000016000000070000C30C00000017000000FDFFFFFF0C0000001200000000000000540000002000000002000000
310
E01F5A92D80E2E4020961FAC119E17C00000000000000000E01F5A92D80E2E40E85C86D183D71EC0000000000000000000000000000000000000000000000000000000000000F03F0C00000016000000070000C30C00000017000000FDFFFFFF0C0000001200000000000000540000002000000002000000F00F2D496C8731
310
4020961FAC119E17C00000000000000000F00F2D496C873140E85C86D183D71EC0000000000000000000000000000000000000000000000000000000000000F03F0C00000016000000070000C30C00000017000000FDFFFFFF0C0000001200000000000000540000002000000002000000F00F2D496C07344020961FAC119E
310
17C00000000000000000F00F2D496C073440E85C86D183D71EC0000000000000000000000000000000000000000000000000000000000000F03F0C00000016000000070000C30C00000017000000FDFFFFFF0C0000001200000000000000540000002000000002000000F00F2D496C87364024EC6E0E26CB15C00000000000
310
000000F00F2D496C873640E85C86D183D71EC0000000000000000000000000000000000000000000000000000000000000F03F0C00000016000000080000C30C00000017000000000000000C000000120000000000000054000000200000000200000000000000000000000000000000000000000000000000000000000000
310
000000000000000000000000000000000000000000000000000000000000000000000000000000000000F03F0C00000016000000070000C30C00000017000000FDFFFFFF0C0000001200000000000000540000002000000002000000D0D0108A0CCE3640F1B06FB253C722C000000000000000006868084506A74140F1B06F
310
B253C722C0000000000000000000000000000000000000000000000000000000000000F03F0C00000016000000070000C30C00000017000000FDFFFFFF0C0000001200000000000000540000002000000002000000D0D0108A0CCE3640EF054881C9B023C000000000000000006868084506A74140EF054881C9B023C00000
310
00000000000000000000000000000000000000000000000000000000F03F0C00000016000000070000C30C00000017000000FDFFFFFF0C0000001200000000000000540000002000000002000000D0D0108A0CCE3640A724CD6C1B6924C000000000000000006868084506A74140A724CD6C1B6924C0000000000000000000
310
000000000000000000000000000000000000000000F03F0C00000016000000070000C30C00000017000000FDFFFFFF0C0000001200000000000000540000002000000002000000D0D0108A0CCE36405F4352586D2125C000000000000000006868084506A741405F4352586D2125C000000000000000000000000000000000
310
0000000000000000000000000000F03F0C00000016000000070000C30C00000017000000FDFFFFFF0C0000001200000000000000540000002000000002000000D0D0108A0CCE36405BA58AC1C9DA25C000000000000000006868084506A741405BA58AC1C9DA25C00000000000000000000000000000000000000000000000
310
00000000000000F03F0C00000016000000070000C30C00000017000000FDFFFFFF0C0000001200000000000000540000002000000002000000D0D0108A0CCE36405707C32A269426C000000000000000006868084506A741405707C32A269426C0000000000000000000000000000000000000000000000000000000000000
310
F03F0C00000016000000070000C30C00000017000000FDFFFFFF0C0000001200000000000000540000002000000002000000D0D0108A0CCE3640F1B06FB253C722C00000000000000000D0D0108A0CCE36405707C32A269426C0000000000000000000000000000000000000000000000000000000000000F03F0C00000016
310
000000070000C30C00000017000000FDFFFFFF0C0000001200000000000000540000002000000002000000D0D0108A0C4E3940EF054881C9B023C00000000000000000D0D0108A0C4E39405707C32A269426C0000000000000000000000000000000000000000000000000000000000000F03F0C00000016000000070000C3
310
0C00000017000000FDFFFFFF0C0000001200000000000000540000002000000002000000D0D0108A0CCE3B40EF054881C9B023C00000000000000000D0D0108A0CCE3B405707C32A269426C0000000000000000000000000000000000000000000000000000000000000F03F0C00000016000000070000C30C000000170000
310
00FDFFFFFF0C0000001200000000000000540000002000000002000000D0D0108A0C4E3E40EF054881C9B023C00000000000000000D0D0108A0C4E3E405707C32A269426C0000000000000000000000000000000000000000000000000000000000000F03F0C00000016000000070000C30C00000017000000FDFFFFFF0C00
310
000012000000000000005400000020000000020000006868084506674040EF054881C9B023C0000000000000000068680845066740405707C32A269426C0000000000000000000000000000000000000000000000000000000000000F03F0C00000016000000070000C30C00000017000000FDFFFFFF0C0000001200000000
310
0000005400000020000000020000006868084506A74140F1B06FB253C722C000000000000000006868084506A741405707C32A269426C0000000000000000000000000000000000000000000000000000000000000F03F0C00000016000000080000C30C00000017000000000000000C000000120000000000000054000000
310
200000000200000000000000000000000000000000000000000000000000000000000000000000000000000000000000000000000000000000000000000000000000000000000000000000000000F03F080000001F000000
100
AcDbBlockReference
  2
*T1
 10
84.66509801618446
 20
20.50261019851033
 30
0.0
100
AcDbTable
342
87
343
ED
 11
1.0
 21
0.0
 31
0.0
 90
       22
 91
       10
 92
        5
 93
        0
 94
        0
 95
        0
 96
        0
141
0.4559769286229275
141
0.36
141
0.36
141
0.36
141
0.36
141
0.36
141
0.4533333333333334
141
0.36
141
0.36
141
0.3620331651045422
142
2.5
142
2.5
142
2.5
142
2.5
142
2.5
171
     1
172
     0
173
     0
174
     0
175
     5
176
     1
 91
   262144
178
     0
145
0.0
 92
        0
301
CELL_VALUE
 93
        6
 90
        4
  1
Title-1
 94
        0
300

302
Title-1
304
ACVALUE_END
171
     1
172
     0
173
     1
174
     0
175
     1
176
     1
 91
        0
178
     0
145
0.0
 92
        0
301
CELL_VALUE
 93
        7
 90
        0
 94
        0
300

302

304
ACVALUE_END
171
     1
172
     0
173
     1
174
     0
175
     1
176
     1
 91
        0
178
     0
145
0.0
 92
        0
301
CELL_VALUE
 93
        7
 90
        0
 94
        0
300

302

304
ACVALUE_END
171
     1
172
     0
173
     1
174
     0
175
     1
176
     1
 91
        0
178
     0
145
0.0
 92
        0
301
CELL_VALUE
 93
        7
 90
        0
 94
        0
300

302

304
ACVALUE_END
171
     1
172
     0
173
     1
174
     0
175
     1
176
     1
 91
        0
178
     0
145
0.0
 92
        0
301
CELL_VALUE
 93
        7
 90
        0
 94
        0
300

302

304
ACVALUE_END
171
     1
172
     0
173
     0
174
     0
175
     1
176
     1
 91
   262144
178
     0
145
0.0
 92
        0
301
CELL_VALUE
 93
        6
 90
        4
  1
Header-A
 94
        0
300

302
Header-A
304
ACVALUE_END
171
     1
172
     0
173
     0
174
     0
175
     1
176
     1
 91
   262144
178
     0
145
0.0
 92
        0
301
CELL_VALUE
 93
        6
 90
        4
  1
Header-B
 94
        0
300

302
Header-B
304
ACVALUE_END
171
     1
172
     0
173
     0
174
     0
175
     1
176
     1
 91
   262144
178
     0
145
0.0
 92
        0
301
CELL_VALUE
 93
        6
 90
        4
  1
Header-C
 94
        0
300

302
Header-C
304
ACVALUE_END
171
     1
172
     0
173
     0
174
     0
175
     1
176
     1
 91
   262144
178
     0
145
0.0
 92
        0
301
CELL_VALUE
 93
        6
 90
        4
  1
Header-D
 94
        0
300

302
Header-D
304
ACVALUE_END
171
     1
172
     0
173
     0
174
     0
175
     1
176
     1
 91
   262144
178
     0
145
0.0
 92
        0
301
CELL_VALUE
 93
        6
 90
        4
  1
Header-E
 94
        0
300

302
Header-E
304
ACVALUE_END
171
     1
172
     0
173
     0
174
     0
175
     1
176
     1
 91
   262161
178
     0
145
0.0
170
     5
  7
Standard
 92
        0
301
CELL_VALUE
 93
        6
 90
        4
  1
Header-1
 94
        0
300

302
Header-1
304
ACVALUE_END
171
     1
172
     0
173
     0
174
     0
175
     1
176
     1
 91
   262161
178
     0
145
0.0
170
     5
  7
Standard
 92
        0
301
CELL_VALUE
 93
        6
 90
        4
  1
Header-2
 94
        0
300

302
Header-2
304
ACVALUE_END
171
     1
172
     0
173
     0
174
     0
175
     1
176
     1
 91
   262161
178
     0
145
0.0
170
     5
  7
Standard
 92
        0
301
CELL_VALUE
 93
        6
 90
        4
  1
Header-3
 94
        0
300

302
Header-3
304
ACVALUE_END
171
     1
172
     0
173
     0
174
     0
175
     1
176
     1
 91
   262161
178
     0
145
0.0
170
     5
  7
Standard
 92
        0
301
CELL_VALUE
 93
        6
 90
        4
  1
Header-4
 94
        0
300

302
Header-4
304
ACVALUE_END
171
     1
172
     0
173
     0
174
     0
175
     1
176
     1
 91
   262161
178
     0
145
0.0
170
     5
  7
Standard
 92
        0
301
CELL_VALUE
 93
        6
 90
        4
  1
Header-5
 94
        0
300

302
Header-5
304
ACVALUE_END
171
     1
172
     0
173
     0
174
     0
175
     1
176
     1
 91
   262145
178
     0
145
0.0
170
     3
 92
        0
301
CELL_VALUE
 93
        6
 90
        1
 91
        6
 94
        0
300

302
6
304
ACVALUE_END
171
     1
172
     0
173
     0
174
     0
175
     1
176
     1
 91
   262145
178
     0
145
0.0
170
     3
 92
        0
301
CELL_VALUE
 93
        6
 90
        1
 91
        7
 94
        0
300

302
7
304
ACVALUE_END
171
     1
172
     0
173
     0
174
     0
175
     1
176
     1
 91
   262145
178
     0
145
0.0
170
     3
 92
        0
301
CELL_VALUE
 93
        6
 90
        1
 91
        8
 94
        0
300

302
8
304
ACVALUE_END
171
     1
172
     0
173
     0
174
     0
175
     1
176
     1
 91
   262145
178
     0
145
0.0
170
     3
 92
        0
301
CELL_VALUE
 93
        6
 90
        1
 91
        9
 94
        0
300

302
9
304
ACVALUE_END
171
     1
172
     0
173
     0
174
     0
175
     1
176
     1
 91
   262145
178
     0
145
0.0
170
     3
 92
        0
301
CELL_VALUE
 93
        6
 90
        1
 91
        0
 94
        0
300

302
0
304
ACVALUE_END
171
     1
172
     0
173
     0
174
     0
175
     1
176
     1
 91
   262144
178
     0
145
0.0
 92
        0
301
CELL_VALUE
 93
        6
 90
        4
  1
F
 94
        0
300

302
F
304
ACVALUE_END
171
     1
172
     0
173
     0
174
     0
175
     1
176
     1
 91
   262144
178
     0
145
0.0
 92
        0
301
CELL_VALUE
 93
        6
 90
        4
  1
G
 94
        0
300

302
G
304
ACVALUE_END
171
     1
172
     0
173
     0
174
     0
175
     1
176
     1
 91
   262144
178
     0
145
0.0
 92
        0
301
CELL_VALUE
 93
        6
 90
        4
  1
H
 94
        0
300

302
H
304
ACVALUE_END
171
     1
172
     0
173
     0
174
     0
175
     1
176
     1
 91
   262144
178
     0
145
0.0
 92
        0
301
CELL_VALUE
 93
        6
 90
        4
  1
SS
 94
        0
300

302
SS
304
ACVALUE_END
171
     1
172
     0
173
     0
174
     0
175
     1
176
     1
 91
   262144
178
     0
145
0.0
 92
        0
301
CELL_VALUE
 93
        6
 90
        4
  1
FF
 94
        0
300

302
FF
304
ACVALUE_END
171
     1
172
     0
173
     0
174
     0
175
     1
176
     1
 91
   262145
178
     0
145
0.0
170
     3
 92
        0
301
CELL_VALUE
 93
        6
 90
        1
 91
       11
 94
        0
300

302
11
304
ACVALUE_END
171
     1
172
     0
173
     0
174
     0
175
     1
176
     1
 91
   262145
178
     0
145
0.0
170
     3
 92
        0
301
CELL_VALUE
 93
        6
 90
        1
 91
       12
 94
        0
300

302
12
304
ACVALUE_END
171
     1
172
     0
173
     0
174
     0
175
     1
176
     1
 91
   262145
178
     0
145
0.0
170
     3
 92
        0
301
CELL_VALUE
 93
        6
 90
        1
 91
       13
 94
        0
300

302
13
304
ACVALUE_END
171
     1
172
     0
173
     0
174
     0
175
     1
176
     1
 91
   262145
178
     0
145
0.0
170
     3
 92
        0
301
CELL_VALUE
 93
        6
 90
        1
 91
       14
 94
        0
300

302
14
304
ACVALUE_END
171
     1
172
     0
173
     0
174
     0
175
     1
176
     1
 91
   262145
178
     0
145
0.0
170
     3
 92
        0
301
CELL_VALUE
 93
        6
 90
        1
 91
       15
 94
        0
300

302
15
304
ACVALUE_END
171
     1
172
     0
173
     0
174
     0
175
     5
176
     1
 91
   262177
178
     0
145
0.0
170
     5
140
0.25
 92
        0
301
CELL_VALUE
 93
        6
 90
        4
  1
Title-2
 94
        0
300

302
Title-2
304
ACVALUE_END
171
     1
172
     0
173
     1
174
     0
175
     1
176
     1
 91
       33
178
     0
145
0.0
170
     5
140
0.25
 92
        0
301
CELL_VALUE
 93
        7
 90
        0
 94
        0
300

302

304
ACVALUE_END
171
     1
172
     0
173
     1
174
     0
175
     1
176
     1
 91
       33
178
     0
145
0.0
170
     5
140
0.25
 92
        0
301
CELL_VALUE
 93
        7
 90
        0
 94
        0
300

302

304
ACVALUE_END
171
     1
172
     0
173
     1
174
     0
175
     1
176
     1
 91
       33
178
     0
145
0.0
170
     5
140
0.25
 92
        0
301
CELL_VALUE
 93
        7
 90
        0
 94
        0
300

302

304
ACVALUE_END
171
     1
172
     0
173
     1
174
     0
175
     1
176
     1
 91
       33
178
     0
145
0.0
170
     5
140
0.25
 92
        0
301
CELL_VALUE
 93
        7
 90
        0
 94
        0
300

302

304
ACVALUE_END
171
     1
172
     0
173
     0
174
     0
175
     1
176
     1
 91
   262161
178
     0
145
0.0
170
     5
  7
Standard
 92
        0
301
CELL_VALUE
 93
        6
 90
        4
  1
H1
 94
        0
300

302
H1
304
ACVALUE_END
171
     1
172
     0
173
     0
174
     0
175
     1
176
     1
 91
   262161
178
     0
145
0.0
170
     5
  7
Standard
 92
        0
301
CELL_VALUE
 93
        6
 90
        4
  1
H2
 94
        0
300

302
H2
304
ACVALUE_END
171
     1
172
     0
173
     0
174
     0
175
     1
176
     1
 91
   262161
178
     0
145
0.0
170
     5
  7
Standard
 92
        0
301
CELL_VALUE
 93
        6
 90
        4
  1
H3
 94
        0
300

302
H3
304
ACVALUE_END
171
     1
172
     0
173
     0
174
     0
175
     1
176
     1
 91
   262161
178
     0
145
0.0
170
     5
  7
Standard
 92
        0
301
CELL_VALUE
 93
        6
 90
        4
  1
H4
 94
        0
300

302
H4
304
ACVALUE_END
171
     1
172
     0
173
     0
174
     0
175
     1
176
     1
 91
   262161
178
     0
145
0.0
170
     5
  7
Standard
 92
        0
301
CELL_VALUE
 93
        6
 90
        4
  1
H5
 94
        0
300

302
H5
304
ACVALUE_END
171
     1
172
     0
173
     0
174
     0
175
     1
176
     1
 91
   262145
178
     0
145
0.0
170
     3
 92
        0
301
CELL_VALUE
 93
        6
 90
        4
  1
q
 94
        0
300

302
q
304
ACVALUE_END
171
     1
172
     0
173
     0
174
     0
175
     1
176
     1
 91
   262145
178
     0
145
0.0
170
     3
 92
        0
301
CELL_VALUE
 93
        6
 90
        4
  1
w
 94
        0
300

302
w
304
ACVALUE_END
171
     1
172
     0
173
     0
174
     0
175
     1
176
     1
 91
   262145
178
     0
145
0.0
170
     3
 92
        0
301
CELL_VALUE
 93
        5
 90
        1
 94
        0
300

302

304
ACVALUE_END
171
     1
172
     0
173
     0
174
     0
175
     1
176
     1
 91
   262145
178
     0
145
0.0
170
     3
 92
        0
301
CELL_VALUE
 93
        5
 90
        1
 94
        0
300

302

304
ACVALUE_END
171
     1
172
     0
173
     0
174
     0
175
     1
176
     1
 91
   262145
178
     0
145
0.0
170
     3
 92
        0
301
CELL_VALUE
 93
        5
 90
        1
 94
        0
300

302

304
ACVALUE_END
171
     1
172
     0
173
     0
174
     0
175
     1
176
     1
 91
   262145
178
     0
145
0.0
170
     3
 92
        0
301
CELL_VALUE
 93
        6
 90
        4
  1
r
 94
        0
300

302
r
304
ACVALUE_END
171
     1
172
     0
173
     0
174
     0
175
     1
176
     1
 91
   262145
178
     0
145
0.0
170
     3
 92
        0
301
CELL_VALUE
 93
        5
 90
        1
 94
        0
300

302

304
ACVALUE_END
171
     1
172
     0
173
     0
174
     0
175
     1
176
     1
 91
   262145
178
     0
145
0.0
170
     3
 92
        0
301
CELL_VALUE
 93
        5
 90
        4
 94
        0
300

302

304
ACVALUE_END
171
     1
172
     0
173
     0
174
     0
175
     1
176
     1
 91
   262145
178
     0
145
0.0
170
     3
 92
        0
301
CELL_VALUE
 93
        5
 90
        1
 94
        0
300

302

304
ACVALUE_END
171
     1
172
     0
173
     0
174
     0
175
     1
176
     1
 91
   262145
178
     0
145
0.0
170
     3
 92
        0
301
CELL_VALUE
 93
        5
 90
        1
 94
        0
300

302

304
ACVALUE_END
  0
LINE
  5
982
330
1F
100
AcDbEntity
  8
0
100
AcDbLine
 10
82.01934875340539
 20
2.944198320812631
 30
0.0
 11
82.01934875340539
 21
24.0815757127605
 31
0.0
  0
LINE
  5
983
330
1F
100
AcDbEntity
  8
0
100
AcDbLine
 10
82.01934875340539
 20
24.0815757127605
 30
0.0
 11
123.2448936201193
 21
24.0815757127605
 31
0.0
  0
LINE
  5
984
330
1F
100
AcDbEntity
  8
0
100
AcDbLine
 10
123.2448936201193
 20
24.0815757127605
 30
0.0
 11
123.2448936201193
 21
2.944198320812631
 31
0.0
  0
LINE
  5
985
330
1F
100
AcDbEntity
  8
0
100
AcDbLine
 10
123.2448936201193
 20
2.944198320812631
 30
0.0
 11
82.01934875340539
 21
2.944198320812636
 31
0.0
  0
OLE2FRAME
  5
B84
330
1F
100
AcDbEntity
  8
0
100
AcDbOle2Frame
 70
     2
  3
Picture (Device Independent Bitmap)
 10
125.6798571111033
 20
16.01295545080668
 30
0.0
 11
133.1475547250421
 21
12.28039922049386
 31
0.0
 71
     3
 72
     0
 73
     2
 90
   103552
310
8055168966C7826B5F400885650C510330400000000000000000A3CDAFC4B8A4
310
60400885650C510330400000000000000000A3CDAFC4B8A46040A8B0937C908F
310
28400000000000000000168966C7826B5F40A8B0937C908F2840000000000000
310
00000B17920B0100000000010000030000000000000000000100000000940100
310
D0CF11E0A1B11AE1000000000000000000000000000000003E000300FEFF0900
310
0600000000000000000000000200000001000000000000000010000002000000
310
01000000FEFFFFFF000000000000000004000000FFFFFFFFFFFFFFFFFFFFFFFF
310
FFFFFFFFFFFFFFFFFFFFFFFFFFFFFFFFFFFFFFFFFFFFFFFFFFFFFFFFFFFFFFFF
310
FFFFFFFFFFFFFFFFFFFFFFFFFFFFFFFFFFFFFFFFFFFFFFFFFFFFFFFFFFFFFFFF
310
FFFFFFFFFFFFFFFFFFFFFFFFFFFFFFFFFFFFFFFFFFFFFFFFFFFFFFFFFFFFFFFF
310
FFFFFFFFFFFFFFFFFFFFFFFFFFFFFFFFFFFFFFFFFFFFFFFFFFFFFFFFFFFFFFFF
310
FFFFFFFFFFFFFFFFFFFFFFFFFFFFFFFFFFFFFFFFFFFFFFFFFFFFFFFFFFFFFFFF
310
FFFFFFFFFFFFFFFFFFFFFFFFFFFFFFFFFFFFFFFFFFFFFFFFFFFFFFFFFFFFFFFF
310
FFFFFFFFFFFFFFFFFFFFFFFFFFFFFFFFFFFFFFFFFFFFFFFFFFFFFFFFFFFFFFFF
310
FFFFFFFFFFFFFFFFFFFFFFFFFFFFFFFFFFFFFFFFFFFFFFFFFFFFFFFFFFFFFFFF
310
FFFFFFFFFFFFFFFFFFFFFFFFFFFFFFFFFFFFFFFFFFFFFFFFFFFFFFFFFFFFFFFF
310
FFFFFFFFFFFFFFFFFFFFFFFFFFFFFFFFFFFFFFFFFFFFFFFFFFFFFFFFFFFFFFFF
310
FFFFFFFFFFFFFFFFFFFFFFFFFFFFFFFFFFFFFFFFFFFFFFFFFFFFFFFFFFFFFFFF
310
FFFFFFFFFFFFFFFFFFFFFFFFFFFFFFFFFFFFFFFFFFFFFFFFFFFFFFFFFFFFFFFF
310
FFFFFFFFFFFFFFFFFFFFFFFFFFFFFFFFFFFFFFFFFFFFFFFFFFFFFFFFFFFFFFFF
310
FDFFFFFFFEFFFFFFFEFFFFFFFEFFFFFFFDFFFFFF060000000700000008000000
310
090000000A0000000B0000000C0000000D0000000E0000000F00000010000000
310
1100000012000000130000001400000015000000160000001700000018000000
310
190000001A0000001B0000001C0000001D0000001E0000001F00000020000000
310
2100000022000000230000002400000025000000260000002700000028000000
310
290000002A0000002B0000002C0000002D0000002E0000002F00000030000000
310
3100000032000000330000003400000035000000360000003700000038000000
310
390000003A0000003B0000003C0000003D0000003E0000003F00000040000000
310
4100000042000000430000004400000045000000460000004700000048000000
310
490000004A0000004B0000004C0000004D0000004E0000004F00000050000000
310
5100000052000000530000005400000055000000560000005700000058000000
310
590000005A0000005B0000005C0000005D0000005E0000005F00000060000000
310
6100000062000000630000006400000065000000660000006700000068000000
310
690000006A0000006B0000006C0000006D0000006E0000006F00000070000000
310
7100000072000000730000007400000075000000760000007700000078000000
310
790000007A0000007B0000007C0000007D0000007E0000007F00000080000000
310
52006F006F007400200045006E00740072007900000000000000000000000000
310
0000000000000000000000000000000000000000000000000000000000000000
310
16000500FFFFFFFFFFFFFFFF030000001603000000000000C000000000000046
310
0000000000000000000000002080B9F9734FDD0103000000C000000000000000
310
01004F006C006500000000000000000000000000000000000000000000000000
310
0000000000000000000000000000000000000000000000000000000000000000
310
0A000200FFFFFFFFFFFFFFFFFFFFFFFF00000000000000000000000000000000
310
0000000000000000000000000000000000000000000000001400000000000000
310
43004F004E00540045004E005400530000000000000000000000000000000000
310
0000000000000000000000000000000000000000000000000000000000000000
310
12000200FFFFFFFFFFFFFFFFFFFFFFFF00000000000000000000000000000000
310
0000000000000000000000000000000000000000050000008286010000000000
310
010043006F006D0070004F0062006A0000000000000000000000000000000000
310
0000000000000000000000000000000000000000000000000000000000000000
310
120002010100000002000000FFFFFFFF00000000000000000000000000000000
310
0000000000000000000000000000000000000000010000006A00000000000000
310
FEFFFFFF02000000FEFFFFFFFFFFFFFFFFFFFFFFFFFFFFFFFFFFFFFFFFFFFFFF
310
FFFFFFFFFFFFFFFFFFFFFFFFFFFFFFFFFFFFFFFFFFFFFFFFFFFFFFFFFFFFFFFF
310
FFFFFFFFFFFFFFFFFFFFFFFFFFFFFFFFFFFFFFFFFFFFFFFFFFFFFFFFFFFFFFFF
310
FFFFFFFFFFFFFFFFFFFFFFFFFFFFFFFFFFFFFFFFFFFFFFFFFFFFFFFFFFFFFFFF
310
FFFFFFFFFFFFFFFFFFFFFFFFFFFFFFFFFFFFFFFFFFFFFFFFFFFFFFFFFFFFFFFF
310
FFFFFFFFFFFFFFFFFFFFFFFFFFFFFFFFFFFFFFFFFFFFFFFFFFFFFFFFFFFFFFFF
310
FFFFFFFFFFFFFFFFFFFFFFFFFFFFFFFFFFFFFFFFFFFFFFFFFFFFFFFFFFFFFFFF
310
FFFFFFFFFFFFFFFFFFFFFFFFFFFFFFFFFFFFFFFFFFFFFFFFFFFFFFFFFFFFFFFF
310
FFFFFFFFFFFFFFFFFFFFFFFFFFFFFFFFFFFFFFFFFFFFFFFFFFFFFFFFFFFFFFFF
310
FFFFFFFFFFFFFFFFFFFFFFFFFFFFFFFFFFFFFFFFFFFFFFFFFFFFFFFFFFFFFFFF
310
FFFFFFFFFFFFFFFFFFFFFFFFFFFFFFFFFFFFFFFFFFFFFFFFFFFFFFFFFFFFFFFF
310
FFFFFFFFFFFFFFFFFFFFFFFFFFFFFFFFFFFFFFFFFFFFFFFFFFFFFFFFFFFFFFFF
310
FFFFFFFFFFFFFFFFFFFFFFFFFFFFFFFFFFFFFFFFFFFFFFFFFFFFFFFFFFFFFFFF
310
FFFFFFFFFFFFFFFFFFFFFFFFFFFFFFFFFFFFFFFFFFFFFFFFFFFFFFFFFFFFFFFF
310
FFFFFFFFFFFFFFFFFFFFFFFFFFFFFFFFFFFFFFFFFFFFFFFFFFFFFFFFFFFFFFFF
310
FFFFFFFFFFFFFFFFFFFFFFFFFFFFFFFFFFFFFFFFFFFFFFFFFFFFFFFFFFFFFFFF
310
0100000200000000000000000000000000000000000000000000000000000000
310
0000000000000000000000000000000000000000000000000000000000000000
310
0100FEFF030A0000FFFFFFFF1603000000000000C00000000000004624000000
310
50696374757265202844657669636520496E646570656E64656E74204269746D
310
61702900FFFFFFFF080000000A00000053746174696344696200F439B2710000
310
0000000000000000000000000000000000000000000000000000000000000000
310
0000000000000000000000000000000000000000000000000000000000000000
310
0000000000000000000000000000000000000000000000000000000000000000
310
0000000000000000000000000000000000000000000000000000000000000000
310
0000000000000000000000000000000000000000000000000000000000000000
310
0000000000000000000000000000000000000000000000000000000000000000
310
0000000000000000000000000000000000000000000000000000000000000000
310
0000000000000000000000000000000000000000000000000000000000000000
310
0000000000000000000000000000000000000000000000000000000000000000
310
0000000000000000000000000000000000000000000000000000000000000000
310
0000000000000000000000000000000000000000000000000000000000000000
310
8100000082000000830000008400000085000000860000008700000088000000
310
890000008A0000008B0000008C0000008D0000008E0000008F00000090000000
310
9100000092000000930000009400000095000000960000009700000098000000
310
990000009A0000009B0000009C0000009D0000009E0000009F000000A0000000
310
A1000000A2000000A3000000A4000000A5000000A6000000A7000000A8000000
310
A9000000AA000000AB000000AC000000AD000000AE000000AF000000B0000000
310
B1000000B2000000B3000000B4000000B5000000B6000000B7000000B8000000
310
B9000000BA000000BB000000BC000000BD000000BE000000BF000000C0000000
310
C1000000C2000000C3000000C4000000C5000000C6000000C7000000C8000000
310
FEFFFFFFFFFFFFFFFFFFFFFFFFFFFFFFFFFFFFFFFFFFFFFFFFFFFFFFFFFFFFFF
310
FFFFFFFFFFFFFFFFFFFFFFFFFFFFFFFFFFFFFFFFFFFFFFFFFFFFFFFFFFFFFFFF
310
FFFFFFFFFFFFFFFFFFFFFFFFFFFFFFFFFFFFFFFFFFFFFFFFFFFFFFFFFFFFFFFF
310
FFFFFFFFFFFFFFFFFFFFFFFFFFFFFFFFFFFFFFFFFFFFFFFFFFFFFFFFFFFFFFFF
310
FFFFFFFFFFFFFFFFFFFFFFFFFFFFFFFFFFFFFFFFFFFFFFFFFFFFFFFFFFFFFFFF
310
FFFFFFFFFFFFFFFFFFFFFFFFFFFFFFFFFFFFFFFFFFFFFFFFFFFFFFFFFFFFFFFF
310
FFFFFFFFFFFFFFFFFFFFFFFFFFFFFFFFFFFFFFFFFFFFFFFFFFFFFFFFFFFFFFFF
310
424D82860100000000004200000028000000DF00000070000000010020000300
310
000040860100C40E0000C40E000000000000000000000000FF0000FF0000FF00
310
0000FFFFFF00FFFFFF00FFFFFF00FFFFFF00FFFFFF00FFFFFF00FFFFFF00FFFF
310
FF00FFFFFF00FFFFFF00FFFFFF00FFFFFF00FFFFFF00FFFFFF00FFFFFF00FFFF
310
FF00FFFFFF00FFFFFF00FFFFFF00FFFFFF00FFFFFF00FFFFFF00FFFFFF00FFFF
310
FF00FFFFFF00FFFFFF00FFFFFF00FFFFFF00FFFFFF00FFFFFF00FFFFFF00FFFF
310
FF00FFFFFF00FFFFFF00FFFFFF00FFFFFF00FFFFFF00FFFFFF00FFFFFF00FFFF
310
FF00FFFFFF00FFFFFF00FFFFFF00FFFFFF00FFFFFF00FFFFFF00FFFFFF00FFFF
310
FF00FFFFFF00FFFFFF00FFFFFF00FFFFFF00FFFFFF00FFFFFF00FFFFFF00FFFF
310
FF00FFFFFF00FFFFFF00FFFFFF00FFFFFF00FFFFFF00FFFFFF00FFFFFF00FFFF
310
FF00FFFFFF00FFFFFF00FFFFFF00FFFFFF00FFFFFF00FFFFFF00FFFFFF00FFFF
310
FF00FFFFFF00FFFFFF00FFFFFF00FFFFFF00FFFFFF00FFFFFF00FFFFFF00FFFF
310
FF00FFFFFF00FFFFFF00FFFFFF00FFFFFF00FFFFFF00FFFFFF00FFFFFF00FFFF
310
FF00FFFFFF00FFFFFF00FFFFFF00FFFFFF00FFFFFF00FFFFFF00FFFFFF00FFFF
310
FF00FFFFFF00FFFFFF00FFFFFF00FFFFFF00FFFFFF00FFFFFF00FFFFFF00FFFF
310
FF00FFFFFF00FFFFFF00FFFFFF00FFFFFF00FFFFFF00FFFFFF00FFFFFF00FFFF
310
FF00FFFFFF00FFFFFF00FFFFFF00FFFFFF00FFFFFF00FFFFFF00FFFFFF00FFFF
310
FF00FFFFFF00FFFFFF00FFFFFF00FFFFFF00FFFFFF00FFFFFF00FFFFFF00FFFF
310
FF00FFFFFF00FFFFFF00FFFFFF00FFFFFF00FFFFFF00FFFFFF00FFFFFF00FFFF
310
FF00FFFFFF00FFFFFF00FFFFFF00FFFFFF00FFFFFF00FFFFFF00FFFFFF00FFFF
310
FF00FFFFFF00FFFFFF00FFFFFF00FFFFFF00FFFFFF00FFFFFF00FFFFFF00FFFF
310
FF00FFFFFF00FFFFFF00FFFFFF00FFFFFF00FFFFFF00FFFFFF00FFFFFF00FFFF
310
FF00FFFFFF00FFFFFF00FFFFFF00FFFFFF00FFFFFF00FFFFFF00FFFFFF00FFFF
310
FF00FFFFFF00FFFFFF00FFFFFF00FFFFFF00FFFFFF00FFFFFF00FFFFFF00FFFF
310
FF00FFFFFF00FFFFFF00FFFFFF00FFFFFF00FFFFFF00FFFFFF00FFFFFF00FFFF
310
FF00FFFFFF00FFFFFF00FFFFFF00FFFFFF00FFFFFF00FFFFFF00FFFFFF00FFFF
310
FF00FFFFFF00FFFFFF00FFFFFF00FFFFFF00FFFFFF00FFFFFF00FFFFFF00FFFF
310
FF00FFFFFF00FFFFFF00FFFFFF00FFFFFF00FFFFFF00FFFFFF00FFFFFF00FFFF
310
FF00FFFFFF00FFFFFF00FFFFFF00FFFFFF00FFFFFF00FFFFFF00FFFFFF00FFFF
310
FF00FFFFFF00FFFFFF00FFFFFF00FFFFFF00FFFFFF00FFFFFF00FFFFFF00FFFF
310
FF00FFFFFF00FFFFFF00FFFFFF00FFFFFF00FFFFFF00FFFFFF00FFFFFF00FFFF
310
FF00FFFFFF00FFFFFF00FFFFFF00FFFFFF00FFFFFF00FFFFFF00FFFFFF00FFFF
310
FF00FFFFFF00FFFFFF00FFFFFF00FFFFFF00FFFFFF00FFFFFF00FFFFFF00FFFF
310
FF00FFFFFF00FFFFFF00FFFFFF00FFFFFF00FFFFFF00FFFFFF00FFFFFF00FFFF
310
FF00FFFFFF00FFFFFF00FFFFFF00FFFFFF00FFFFFF00FFFFFF00FFFFFF00FFFF
310
FF00FFFFFF00FFFFFF00FFFFFF00FFFFFF00FFFFFF00FFFFFF00FFFFFF00FFFF
310
FF00FFFFFF00FFFFFF00FFFFFF00FFFFFF00FFFFFF00FFFFFF00FFFFFF00FFFF
310
FF00FFFFFF00FFFFFF00FFFFFF00FFFFFF00FFFFFF00FFFFFF00FFFFFF00FFFF
310
FF00FFFFFF00FFFFFF00FFFFFF00FFFFFF00FFFFFF00FFFFFF00FFFFFF00FFFF
310
FF00FFFFFF00FFFFFF00FFFFFF00FFFFFF00FFFFFF00FFFFFF00FFFFFF00FFFF
310
FF00FFFFFF00FFFFFF00FFFFFF00FFFFFF00FFFFFF00FFFFFF00FFFFFF00FFFF
310
FF00FFFFFF00FFFFFF00FFFFFF00FFFFFF00FFFFFF00FFFFFF00FFFFFF00FFFF
310
FF00FFFFFF00FFFFFF00FFFFFF00FFFFFF00FFFFFF00FFFFFF00FFFFFF00FFFF
310
FF00FFFFFF00FFFFFF00FFFFFF00FFFFFF00FFFFFF00FFFFFF00FFFFFF00FFFF
310
FF00FFFFFF00FFFFFF00FFFFFF00FFFFFF00FFFFFF00FFFFFF00FFFFFF00FFFF
310
FF00FFFFFF00FFFFFF00FFFFFF00FFFFFF00FFFFFF00FFFFFF00FFFFFF00FFFF
310
FF00FFFFFF00FFFFFF00FFFFFF00FFFFFF00FFFFFF00FFFFFF00FFFFFF00FFFF
310
FF00FFFFFF00FFFFFF00FFFFFF00FFFFFF00FFFFFF00FFFFFF00FFFFFF00FFFF
310
FF00FFFFFF00FFFFFF00FFFFFF00FFFFFF00FFFFFF00FFFFFF00FFFFFF00FFFF
310
FF00FFFFFF00FFFFFF00FFFFFF00FFFFFF00FFFFFF00FFFFFF00FFFFFF00FFFF
310
FF00FFFFFF00FFFFFF00FFFFFF00FFFFFF00FFFFFF00FFFFFF00FFFFFF00FFFF
310
FF00FFFFFF00FFFFFF00FFFFFF00FFFFFF00FFFFFF00FFFFFF00FFFFFF00FFFF
310
FF00FFFFFF00FFFFFF00FFFFFF00FFFFFF00FFFFFF00FFFFFF00FFFFFF00FFFF
310
FF00FFFFFF00FFFFFF00FFFFFF00FFFFFF00FFFFFF00FFFFFF00FFFFFF00FFFF
310
FF00FFFFFF00FFFFFF00FFFFFF00FFFFFF00FFFFFF00FFFFFF00FFFFFF00FFFF
310
FF00FFFFFF00FFFFFF00FFFFFF00FFFFFF00FFFFFF00FFFFFF00FFFFFF00FFFF
310
FF00FFFFFF00FFFFFF00FFFFFF00FFFFFF00FFFFFF00FFFFFF00FFFFFF00FFFF
310
FF00FFFFFF00FFFFFF00FFFFFF00FFFFFF00FFFFFF00FFFFFF00FFFFFF00FFFF
310
FF00FFFFFF00FFFFFF00FFFFFF00FFFFFF00FFFFFF00FFFFFF00FFFFFF00FFFF
310
FF00FFFFFF00FFFFFF00FFFFFF00FFFFFF00FFFFFF00FFFFFF00FFFFFF00FFFF
310
FF00FFFFFF00FFFFFF00FFFFFF00FFFFFF00FFFFFF00FFFFFF00FFFFFF00FFFF
310
FF00FFFFFF00FFFFFF00FFFFFF00FFFFFF00FFFFFF00FFFFFF00FFFFFF00FFFF
310
FF00FFFFFF00FFFFFF00FFFFFF00FFFFFF00FFFFFF00FFFFFF00FFFFFF00FFFF
310
FF00FFFFFF00FFFFFF00FFFFFF00FFFFFF00FFFFFF00FFFFFF00FFFFFF00FFFF
310
FF00FFFFFF00FFFFFF00FFFFFF00FFFFFF00FFFFFF00FFFFFF00FFFFFF00FFFF
310
FF00FFFFFF00FFFFFF00FFFFFF00FFFFFF00FFFFFF00FFFFFF00FFFFFF00FFFF
310
FF00FFFFFF00FFFFFF00FFFFFF00FFFFFF00FFFFFF00FFFFFF00FFFFFF00FFFF
310
FF00FFFFFF00FFFFFF00FFFFFF00FFFFFF00FFFFFF00FFFFFF00FFFFFF00FFFF
310
FF00FFFFFF00FFFFFF00FFFFFF00FFFFFF00FFFFFF00FFFFFF00FFFFFF00FFFF
310
FF00FFFFFF00FFFFFF00FFFFFF00FFFFFF00FFFFFF00FFFFFF00FFFFFF00FFFF
310
FF00FFFFFF00FFFFFF00FFFFFF00FFFFFF00FFFFFF00FFFFFF00FFFFFF00FFFF
310
FF00FFFFFF00FFFFFF00FFFFFF00FFFFFF00FFFFFF00FFFFFF00FFFFFF00FFFF
310
FF00FFFFFF00FFFFFF00FFFFFF00FFFFFF00FFFFFF00FFFFFF00FFFFFF00FFFF
310
FF00FFFFFF00FFFFFF00FFFFFF00FFFFFF00FFFFFF00FFFFFF00FFFFFF00FFFF
310
FF00FFFFFF00FFFFFF00FFFFFF00FFFFFF00FFFFFF00FFFFFF00FFFFFF00FFFF
310
FF00FFFFFF00FFFFFF00FFFFFF00FFFFFF00FFFFFF00FFFFFF00FFFFFF00FFFF
310
FF00FFFFFF00FFFFFF00FFFFFF00FFFFFF00FFFFFF00FFFFFF00FFFFFF00FFFF
310
FF00FFFFFF00FFFFFF00FFFFFF00FFFFFF00FFFFFF00FFFFFF00FFFFFF00FFFF
310
FF00FFFFFF00FFFFFF00FFFFFF00FFFFFF00FFFFFF00FFFFFF00FFFFFF00FFFF
310
FF00FFFFFF00FFFFFF00FFFFFF00FFFFFF00FFFFFF00FFFFFF00FFFFFF00FFFF
310
FF00FFFFFF00FFFFFF00FFFFFF00FFFFFF00FFFFFF00FFFFFF00FFFFFF00FFFF
310
FF00FFFFFF00FFFFFF00FFFFFF00FFFFFF00FFFFFF00FFFFFF00FFFFFF00FFFF
310
FF00FFFFFF00FFFFFF00FFFFFF00FFFFFF00FFFFFF00FFFFFF00FFFFFF00FFFF
310
FF00FFFFFF00FFFFFF00FFFFFF00FFFFFF00FFFFFF00FFFFFF00FFFFFF00FFFF
310
FF00FFFFFF00FFFFFF00FFFFFF00FFFFFF00FFFFFF00FFFFFF00FFFFFF00FFFF
310
FF00FFFFFF00FFFFFF00FFFFFF00FFFFFF00FFFFFF00FFFFFF00FFFFFF00FFFF
310
FF00FFFFFF00FFFFFF00FFFFFF00FFFFFF00FFFFFF00FFFFFF00FFFFFF00FFFF
310
FF00FFFFFF00FFFFFF00FFFFFF00FFFFFF00FFFFFF00FFFFFF00FFFFFF00FFFF
310
FF00FFFFFF00FFFFFF00FFFFFF00FFFFFF00FFFFFF00FFFFFF00FFFFFF00FFFF
310
FF00FFFFFF00FFFFFF00FFFFFF00FFFFFF00FFFFFF00FFFFFF00FFFFFF00FFFF
310
FF00FFFFFF00FFFFFF00FFFFFF00FFFFFF00FFFFFF00FFFFFF00FFFFFF00FFFF
310
FF00FFFFFF00FFFFFF00FFFFFF00FFFFFF00FFFFFF00FFFFFF00FFFFFF00FFFF
310
FF00FFFFFF00FFFFFF00FFFFFF00FFFFFF00FFFFFF00FFFFFF00FFFFFF00FFFF
310
FF00FFFFFF00FFFFFF00FFFFFF00FFFFFF00FFFFFF00FFFFFF00FFFFFF00FFFF
310
FF00FFFFFF00FFFFFF00FFFFFF00FFFFFF00FFFFFF00FFFFFF00FFFFFF00FFFF
310
FF00FFFFFF00FFFFFF00FFFFFF00FFFFFF00FFFFFF00FFFFFF00FFFFFF00FFFF
310
FF00FFFFFF00FFFFFF00FFFFFF00FFFFFF00FFFFFF00FFFFFF00FFFFFF00FFFF
310
FF00FFFFFF00FFFFFF00FFFFFF00FFFFFF00FFFFFF00FFFFFF00FFFFFF00FFFF
310
FF00FFFFFF00FFFFFF00FFFFFF00FFFFFF00FFFFFF00FFFFFF00FFFFFF00FFFF
310
FF00FFFFFF00FFFFFF00FFFFFF00FFFFFF00FFFFFF00FFFFFF00FFFFFF00FFFF
310
FF00FFFFFF00FFFFFF00FFFFFF00FFFFFF00FFFFFF00FFFFFF00FFFFFF00FFFF
310
FF00FFFFFF00FFFFFF00FFFFFF00FFFFFF00FFFFFF00FFFFFF00FFFFFF00FFFF
310
FF00FFFFFF00FFFFFF00FFFFFF00FFFFFF00FFFFFF00FFFFFF00FFFFFF00FFFF
310
FF00FFFFFF00FFFFFF00FFFFFF00FFFFFF00FFFFFF00FFFFFF00FFFFFF00FFFF
310
FF00FFFFFF00FFFFFF00FFFFFF00FFFFFF00FFFFFF00FFFFFF00FFFFFF00FFFF
310
FF00FFFFFF00FFFFFF00FFFFFF00FFFFFF00FFFFFF00FFFFFF00FFFFFF00FFFF
310
FF00FFFFFF00FFFFFF00FFFFFF00FFFFFF00FFFFFF00FFFFFF00FFFFFF00FFFF
310
FF00FFFFFF00FFFFFF00FFFFFF00FFFFFF00FFFFFF00FFFFFF00FFFFFF00FFFF
310
FF00FFFFFF00FFFFFF00FFFFFF00FFFFFF00FFFFFF00FFFFFF00FFFFFF00FFFF
310
FF00FFFFFF00FFFFFF00FFFFFF00FFFFFF00FFFFFF00FFFFFF00FFFFFF00FFFF
310
FF00FFFFFF00FFFFFF00FFFFFF00FFFFFF00FFFFFF00FFFFFF00FFFFFF00FFFF
310
FF00FFFFFF00FFFFFF00FFFFFF00FFFFFF00FFFFFF00FFFFFF00FFFFFF00FFFF
310
FF00FFFFFF00FFFFFF00FFFFFF00FFFFFF00FFFFFF00FFFFFF00FFFFFF00FFFF
310
FF00FFFFFF00FFFFFF00FFFFFF00FFFFFF00FFFFFF00FFFFFF00FFFFFF00FFFF
310
FF00FFFFFF00FFFFFF00FFFFFF00FFFFFF00FFFFFF00FFFFFF00FFFFFF00FFFF
310
FF00FFFFFF00FFFFFF00FFFFFF00FFFFFF00FFFFFF00FFFFFF00FFFFFF00FFFF
310
FF00FFFFFF00FFFFFF00FFFFFF00FFFFFF00FFFFFF00FFFFFF00FFFFFF00FFFF
310
FF00FFFFFF00FFFFFF00FFFFFF00FFFFFF00FFFFFF00FFFFFF00FFFFFF00FFFF
310
FF00FFFFFF00FFFFFF00FFFFFF00FFFFFF00FFFFFF00FFFFFF00FFFFFF00FFFF
310
FF00FFFFFF00FFFFFF00FFFFFF00FFFFFF00FFFFFF00FFFFFF00FFFFFF00FFFF
310
FF00FFFFFF00FFFFFF00FFFFFF00FFFFFF00FFFFFF00FFFFFF00FFFFFF00FFFF
310
FF00FFFFFF00FFFFFF00FFFFFF00FFFFFF00FFFFFF00FFFFFF00FFFFFF00FFFF
310
FF00FFFFFF00FFFFFF00FFFFFF00FFFFFF00FFFFFF00FFFFFF00FFFFFF00FFFF
310
FF00FFFFFF00FFFFFF00FFFFFF00FFFFFF00FFFFFF00FFFFFF00FFFFFF00FFFF
310
FF00FFFFFF00FFFFFF00FFFFFF00FFFFFF00FFFFFF00FFFFFF00FFFFFF00FFFF
310
FF00FFFFFF00FFFFFF00FFFFFF00FFFFFF00FFFFFF00FFFFFF00FFFFFF00FFFF
310
FF00FFFFFF00FFFFFF00FFFFFF00FFFFFF00FFFFFF00FFFFFF00FFFFFF00FFFF
310
FF00FFFFFF00FFFFFF00FFFFFF00FFFFFF00FFFFFF00FFFFFF00FFFFFF00FFFF
310
FF00FFFFFF00FFFFFF00FFFFFF00FFFFFF00FFFFFF00FFFFFF00FFFFFF00FFFF
310
FF00FFFFFF00FFFFFF00FFFFFF00FFFFFF00FFFFFF00FFFFFF00FFFFFF00FFFF
310
FF00FFFFFF00FFFFFF00FFFFFF00FFFFFF00FFFFFF00FFFFFF00FFFFFF00FFFF
310
FF00FFFFFF00FFFFFF00FFFFFF00FFFFFF00FFFFFF00FFFFFF00FFFFFF00FFFF
310
FF00FFFFFF00FFFFFF00FFFFFF00FFFFFF00FFFFFF00FFFFFF00FFFFFF00FFFF
310
FF00FFFFFF00FFFFFF00FFFFFF00FFFFFF00FFFFFF00FFFFFF00FFFFFF00FFFF
310
FF00FFFFFF00FFFFFF00FFFFFF00FFFFFF00FFFFFF00FFFFFF00FFFFFF00FFFF
310
FF00FFFFFF00FFFFFF00FFFFFF00FFFFFF00FFFFFF00FFFFFF00FFFFFF00FFFF
310
FF00FFFFFF00FFFFFF00FFFFFF00FFFFFF00FFFFFF00FFFFFF00FFFFFF00FFFF
310
FF00FFFFFF00FFFFFF00FFFFFF00FFFFFF00FFFFFF00FFFFFF00FFFFFF00FFFF
310
FF00FFFFFF00FFFFFF00FFFFFF00FFFFFF00FFFFFF00FFFFFF00FFFFFF00FFFF
310
FF00FFFFFF00FFFFFF00FFFFFF00FFFFFF00FFFFFF00FFFFFF00FFFFFF00FFFF
310
FF00FFFFFF00FFFFFF00FFFFFF00FFFFFF00FFFFFF00FFFFFF00FFFFFF00FFFF
310
FF00FFFFFF00FFFFFF00FFFFFF00FFFFFF00FFFFFF00FFFFFF00FFFFFF00FFFF
310
FF00FFFFFF00FFFFFF00FFFFFF00FFFFFF00FFFFFF00FFFFFF00FFFFFF00FFFF
310
FF00FFFFFF00FFFFFF00FFFFFF00FFFFFF00FFFFFF00FFFFFF00FFFFFF00FFFF
310
FF00FFFFFF00FFFFFF00FFFFFF00FFFFFF00FFFFFF00FFFFFF00FFFFFF00FFFF
310
FF00FFFFFF00FFFFFF00FFFFFF00FFFFFF00FFFFFF00FFFFFF00FFFFFF00FFFF
310
FF00FFFFFF00FFFFFF00FFFFFF00FFFFFF00FFFFFF00FFFFFF00FFFFFF00FFFF
310
FF00FFFFFF00FFFFFF00FFFFFF00FFFFFF00FFFFFF00FFFFFF00FFFFFF00FFFF
310
FF00FFFFFF00FFFFFF00FFFFFF00FFFFFF00FFFFFF00FFFFFF00FFFFFF00FFFF
310
FF00FFFFFF00FFFFFF00FFFFFF00FFFFFF00FFFFFF00FFFFFF00FFFFFF00FFFF
310
FF00FFFFFF00FFFFFF00FFFFFF00FFFFFF00FFFFFF00FFFFFF00FFFFFF00FFFF
310
FF00FFFFFF00FFFFFF00FFFFFF00FFFFFF00FFFFFF00FFFFFF00FFFFFF00FFFF
310
FF00FFFFFF00FFFFFF00FFFFFF00FFFFFF00FFFFFF00FFFFFF00FFFFFF00FFFF
310
FF00FFFFFF00FFFFFF00FFFFFF00FFFFFF00FFFFFF00FFFFFF00FFFFFF00FFFF
310
FF00FFFFFF00FFFFFF00FFFFFF00FFFFFF00FFFFFF00FFFFFF00FFFFFF00FFFF
310
FF00FFFFFF00FFFFFF00FFFFFF00FFFFFF00FFFFFF00FFFFFF00FFFFFF00FFFF
310
FF00FFFFFF00FFFFFF00FFFFFF00FFFFFF00FFFFFF00FFFFFF00FFFFFF00FFFF
310
FF00FFFFFF00FFFFFF00FFFFFF00FFFFFF00FFFFFF00FFFFFF00FFFFFF00FFFF
310
FF00FFFFFF00FFFFFF00FFFFFF00FFFFFF00FFFFFF00FFFFFF00FFFFFF00FFFF
310
FF00FFFFFF00FFFFFF00FFFFFF00FFFFFF00FFFFFF00FFFFFF00FFFFFF00FFFF
310
FF00FFFFFF00FFFFFF00FFFFFF00FFFFFF00FFFFFF00FFFFFF00FFFFFF00FFFF
310
FF00FFFFFF00FFFFFF00FFFFFF00FFFFFF00FFFFFF00FFFFFF00FFFFFF00FFFF
310
FF00FFFFFF00FFFFFF00FFFFFF00FFFFFF00FFFFFF00FFFFFF00FFFFFF00FFFF
310
FF00FFFFFF00FFFFFF00FFFFFF00FFFFFF00FFFFFF00FFFFFF00FFFFFF00FFFF
310
FF00FFFFFF00FFFFFF00FFFFFF00FFFFFF00FFFFFF00FFFFFF00FFFFFF00FFFF
310
FF00FFFFFF00FFFFFF00FFFFFF00FFFFFF00FFFFFF00FFFFFF00FFFFFF00FFFF
310
FF00FFFFFF00FFFFFF00FFFFFF00FFFFFF00FFFFFF00FFFFFF00FFFFFF00FFFF
310
FF00FFFFFF00FFFFFF00FFFFFF00FFFFFF00FFFFFF00FFFFFF00FFFFFF00FFFF
310
FF00FFFFFF00FFFFFF00FFFFFF00FFFFFF00FFFFFF00FFFFFF00FFFFFF00FFFF
310
FF00FFFFFF00FFFFFF00FFFFFF00FFFFFF00FFFFFF00FFFFFF00FFFFFF00FFFF
310
FF00FFFFFF00FFFFFF00FFFFFF00FFFFFF00FFFFFF00FFFFFF00FFFFFF00FFFF
310
FF00FFFFFF00FFFFFF00FFFFFF00FFFFFF00FFFFFF00FFFFFF00FFFFFF00FFFF
310
FF00FFFFFF00FFFFFF00FFFFFF00FFFFFF00FFFFFF00FFFFFF00FFFFFF00FFFF
310
FF00FFFFFF00FFFFFF00FFFFFF00FFFFFF00FFFFFF00FFFFFF00FFFFFF00FFFF
310
FF00FFFFFF00FFFFFF00FFFFFF00FFFFFF00FFFFFF00FFFFFF00FFFFFF00FFFF
310
FF00FFFFFF00FFFFFF00FFFFFF00FFFFFF00FFFFFF00FFFFFF00FFFFFF00FFFF
310
FF00FFFFFF00FFFFFF00FFFFFF00FFFFFF00FFFFFF00FFFFFF00FFFFFF00FFFF
310
FF00FFFFFF00FFFFFF00FFFFFF00FFFFFF00FFFFFF00FFFFFF00FFFFFF00FFFF
310
FF00FFFFFF00FFFFFF00FFFFFF00FFFFFF00FFFFFF00FFFFFF00FFFFFF00FFFF
310
FF00FFFFFF00FFFFFF00FFFFFF00FFFFFF00FFFFFF00FFFFFF00FFFFFF00FFFF
310
FF00FFFFFF00FFFFFF00FFFFFF00FFFFFF00FFFFFF00FFFFFF00FFFFFF00FFFF
310
FF00FFFFFF00FFFFFF00FFFFFF00FFFFFF00FFFFFF00FFFFFF00FFFFFF00FFFF
310
FF00FFFFFF00FFFFFF00FFFFFF00FFFFFF00FFFFFF00FFFFFF00FFFFFF00FFFF
310
FF00FFFFFF00FFFFFF00FFFFFF00FFFFFF00FFFFFF00FFFFFF00FFFFFF00FFFF
310
FF00FFFFFF00FFFFFF00FFFFFF00FFFFFF00FFFFFF00FFFFFF00FFFFFF00FFFF
310
FF00FFFFFF00FFFFFF00FFFFFF00FFFFFF00FFFFFF00FFFFFF00FFFFFF00FFFF
310
FF00FFFFFF00FFFFFF00FFFFFF00FFFFFF00FFFFFF00FFFFFF00FFFFFF00FFFF
310
FF00FFFFFF00FFFFFF00FFFFFF00FFFFFF00FFFFFF00FFFFFF00FFFFFF00FFFF
310
FF00FFFFFF00FFFFFF00FFFFFF00FFFFFF00FFFFFF00FFFFFF00FFFFFF00FFFF
310
FF00FFFFFF00FFFFFF00FFFFFF00FFFFFF00FFFFFF00FFFFFF00FFFFFF00FFFF
310
FF00FFFFFF00FFFFFF00FFFFFF00FFFFFF00FFFFFF00FFFFFF00FFFFFF00FFFF
310
FF00FFFFFF00FFFFFF00FFFFFF00FFFFFF00FFFFFF00FFFFFF00FFFFFF00FFFF
310
FF00FFFFFF00FFFFFF00FFFFFF00FFFFFF00FFFFFF00FFFFFF00FFFFFF00FFFF
310
FF00FFFFFF00FFFFFF00FFFFFF00FFFFFF00FFFFFF00FFFFFF00FFFFFF00FFFF
310
FF00FFFFFF00FFFFFF00FFFFFF00FFFFFF00FFFFFF00FFFFFF00FFFFFF00FFFF
310
FF00FFFFFF00FFFFFF00FFFFFF00FFFFFF00FFFFFF00FFFFFF00FFFFFF00FFFF
310
FF00FFFFFF00FFFFFF00FFFFFF00FFFFFF00FFFFFF00FFFFFF00FFFFFF00FFFF
310
FF00FFFFFF00FFFFFF00FFFFFF00FFFFFF00FFFFFF00FFFFFF00FFFFFF00FFFF
310
FF00FFFFFF00FFFFFF00FFFFFF00FFFFFF00FFFFFF00FFFFFF00FFFFFF00FFFF
310
FF00FFFFFF00FFFFFF00FFFFFF00FFFFFF00FFFFFF00FFFFFF00FFFFFF00FFFF
310
FF00FFFFFF00FFFFFF00FFFFFF00FFFFFF00FFFFFF00FFFFFF00FFFFFF00FFFF
310
FF00FFFFFF00FFFFFF00FFFFFF00FFFFFF00FFFFFF00FFFFFF00FFFFFF00FFFF
310
FF00FFFFFF00FFFFFF00FFFFFF00FFFFFF00FFFFFF00FFFFFF00FFFFFF00FFFF
310
FF00FFFFFF00FFFFFF00FFFFFF00FFFFFF00FFFFFF00FFFFFF00FFFFFF00FFFF
310
FF00FFFFFF00FFFFFF00FFFFFF00FFFFFF00FFFFFF00FFFFFF00FFFFFF00FFFF
310
FF00FFFFFF00FFFFFF00FFFFFF00FFFFFF00FFFFFF00FFFFFF00FFFFFF00FFFF
310
FF00FFFFFF00FFFFFF00FFFFFF00FFFFFF00FFFFFF00FFFFFF00FFFFFF00FFFF
310
FF00FFFFFF00FFFFFF00FFFFFF00FFFFFF00FFFFFF00FFFFFF00FFFFFF00FFFF
310
FF00FFFFFF00FFFFFF00FFFFFF00FFFFFF00FFFFFF00FFFFFF00FFFFFF00FFFF
310
FF00FFFFFF00FFFFFF00FFFFFF00FFFFFF00FFFFFF00FFFFFF00FFFFFF00FFFF
310
FF00FFFFFF00FFFFFF00FFFFFF00FFFFFF00FFFFFF00FFFFFF00FFFFFF00FFFF
310
FF00FFFFFF00FFFFFF00FFFFFF00FFFFFF00FFFFFF00FFFFFF00FFFFFF00FFFF
310
FF00FFFFFF00FFFFFF00FFFFFF00FFFFFF00FFFFFF00FFFFFF00FFFFFF00FFFF
310
FF00FFFFFF00FFFFFF00FFFFFF00FFFFFF00FFFFFF00FFFFFF00FFFFFF00FFFF
310
FF00FFFFFF00FFFFFF00FFFFFF00FFFFFF00FFFFFF00FFFFFF00FFFFFF00FFFF
310
FF00FFFFFF00FFFFFF00FFFFFF00FFFFFF00FFFFFF00FFFFFF00FFFFFF00FFFF
310
FF00FFFFFF00FFFFFF00FFFFFF00FFFFFF00FFFFFF00FFFFFF00FFFFFF00FFFF
310
FF00FFFFFF00FFFFFF00FFFFFF00FFFFFF00FFFFFF00FFFFFF00FFFFFF00FFFF
310
FF00FFFFFF00FFFFFF00FFFFFF00FFFFFF00FFFFFF00FFFFFF00FFFFFF00FFFF
310
FF00FFFFFF00FFFFFF00FFFFFF00FFFFFF00FFFFFF00FFFFFF00FFFFFF00FFFF
310
FF00FFFFFF00FFFFFF00FFFFFF00FFFFFF00FFFFFF00FFFFFF00FFFFFF00FFFF
310
FF00FFFFFF00FFFFFF00FFFFFF00FFFFFF00FFFFFF00FFFFFF00FFFFFF00FFFF
310
FF00FFFFFF00FFFFFF00FFFFFF00FFFFFF00FFFFFF00FFFFFF00FFFFFF00FFFF
310
FF00FFFFFF00FFFFFF00FFFFFF00FFFFFF00FFFFFF00FFFFFF00FFFFFF00FFFF
310
FF00FFFFFF00FFFFFF00FFFFFF00FFFFFF00FFFFFF00FFFFFF00FFFFFF00FFFF
310
FF00FFFFFF00FFFFFF00FFFFFF00FFFFFF00FFFFFF00FFFFFF00FFFFFF00FFFF
310
FF00FFFFFF00FFFFFF00FFFFFF00FFFFFF00FFFFFF00FFFFFF00FFFFFF00FFFF
310
FF00FFFFFF00FFFFFF00FFFFFF00FFFFFF00FFFFFF00FFFFFF00FFFFFF00FFFF
310
FF00FFFFFF00FFFFFF00FFFFFF00FFFFFF00FFFFFF00FFFFFF00FFFFFF00FFFF
310
FF00FFFFFF00FFFFFF00FFFFFF00FFFFFF00FFFFFF00FFFFFF00FFFFFF00FFFF
310
FF00FFFFFF00FFFFFF00FFFFFF00FFFFFF00FFFFFF00FFFFFF00FFFFFF00FFFF
310
FF00FFFFFF00FFFFFF00FFFFFF00FFFFFF00FFFFFF00FFFFFF00FFFFFF00FFFF
310
FF00FFFFFF00FFFFFF00FFFFFF00FFFFFF00FFFFFF00FFFFFF00FFFFFF00FFFF
310
FF00FFFFFF00FFFFFF00FFFFFF00FFFFFF00FFFFFF00FFFFFF00FFFFFF00FFFF
310
FF00FFFFFF00FFFFFF00FFFFFF00FFFFFF00FFFFFF00FFFFFF00FFFFFF00FFFF
310
FF00FFFFFF00FFFFFF00FFFFFF00FFFFFF00FFFFFF00FFFFFF00FFFFFF00FFFF
310
FF00FFFFFF00FFFFFF00FFFFFF00FFFFFF00FFFFFF00FFFFFF00FFFFFF00FFFF
310
FF00FFFFFF00FFFFFF00FFFFFF00FFFFFF00FFFFFF00FFFFFF00FFFFFF00FFFF
310
FF00FFFFFF00FFFFFF00FFFFFF00FFFFFF00FFFFFF00FFFFFF00FFFFFF00FFFF
310
FF00FFFFFF00FFFFFF00FFFFFF00FFFFFF00FFFFFF00FFFFFF00FFFFFF00FFFF
310
FF00FFFFFF00FFFFFF00FFFFFF00FFFFFF00FFFFFF00FFFFFF00FFFFFF00FFFF
310
FF00FFFFFF00FFFFFF00FFFFFF00FFFFFF00FFFFFF00FFFFFF00FFFFFF00FFFF
310
FF00FFFFFF00FFFFFF00FFFFFF00FFFFFF00FFFFFF00FFFFFF00FFFFFF00FFFF
310
FF00FFFFFF00FFFFFF00FFFFFF00FFFFFF00FFFFFF00FFFFFF00FFFFFF00FFFF
310
FF00FFFFFF00FFFFFF00FFFFFF00FFFFFF00FFFFFF00FFFFFF00FFFFFF00FFFF
310
FF00FFFFFF00FFFFFF00FFFFFF00FFFFFF00FFFFFF00FFFFFF00FFFFFF00FFFF
310
FF00FFFFFF00FFFFFF00FFFFFF00FFFFFF00FFFFFF00FFFFFF00FFFFFF00FFFF
310
FF00FFFFFF00FFFFFF00FFFFFF00FFFFFF00FFFFFF00FFFFFF00FFFFFF00FFFF
310
FF00FFFFFF00FFFFFF00FFFFFF00FFFFFF00FFFFFF00FFFFFF00FFFFFF00FFFF
310
FF00FFFFFF00FFFFFF00FFFFFF00FFFFFF00FFFFFF00FFFFFF00FFFFFF00FFFF
310
FF00FFFFFF00FFFFFF00FFFFFF00FFFFFF00FFFFFF00FFFFFF00FFFFFF00FFFF
310
FF00FFFFFF00FFFFFF00FFFFFF00FFFFFF00FFFFFF00FFFFFF00FFFFFF00FFFF
310
FF00FFFFFF00FFFFFF00FFFFFF00FFFFFF00FFFFFF00FFFFFF00FFFFFF00FFFF
310
FF00FFFFFF00FFFFFF00FFFFFF00FFFFFF00FFFFFF00FFFFFF00FFFFFF00FFFF
310
FF00FFFFFF00FFFFFF00FFFFFF00FFFFFF00FFFFFF00FFFFFF00FFFFFF00FFFF
310
FF00FFFFFF00FFFFFF00FFFFFF00FFFFFF00FFFFFF00FFFFFF00FFFFFF00FFFF
310
FF00FFFFFF00FFFFFF00FFFFFF00FFFFFF00FFFFFF00FFFFFF00FFFFFF00FFFF
310
FF00FFFFFF00FFFFFF00FFFFFF00FFFFFF00FFFFFF00FFFFFF00FFFFFF00FFFF
310
FF00FFFFFF00FFFFFF00FFFFFF00FFFFFF00FFFFFF00FFFFFF00FFFFFF00FFFF
310
FF00FFFFFF00FFFFFF00FFFFFF00FFFFFF00FFFFFF00FFFFFF00FFFFFF00FFFF
310
FF00FFFFFF00FFFFFF00FFFFFF00FFFFFF00FFFFFF00FFFFFF00FFFFFF00FFFF
310
FF00FFFFFF00FFFFFF00FFFFFF00FFFFFF00FFFFFF00FFFFFF00FFFFFF00FFFF
310
FF00FFFFFF00FFFFFF00FFFFFF00FFFFFF00FFFFFF00FFFFFF00FFFFFF00FFFF
310
FF00FFFFFF00FFFFFF00FFFFFF00FFFFFF00FFFFFF00FFFFFF00FFFFFF00FFFF
310
FF00FFFFFF00FFFFFF00FFFFFF00FFFFFF00FFFFFF00FFFFFF00FFFFFF00FFFF
310
FF00FFFFFF00FFFFFF00FFFFFF00FFFFFF00FFFFFF00FFFFFF00FFFFFF00FFFF
310
FF00FFFFFF00FFFFFF00FFFFFF00FFFFFF00FFFFFF00FFFFFF00FFFFFF00FFFF
310
FF00FFFFFF00FFFFFF00FFFFFF00FFFFFF00FFFFFF00FFFFFF00FFFFFF00FFFF
310
FF00FFFFFF00FFFFFF00FFFFFF00FFFFFF00FFFFFF00FFFFFF00FFFFFF00FFFF
310
FF00FFFFFF00FFFFFF00FFFFFF00FFFFFF00FFFFFF00FFFFFF00FFFFFF00FFFF
310
FF00FFFFFF00FFFFFF00FFFFFF00FFFFFF00FFFFFF00FFFFFF00FFFFFF00FFFF
310
FF00FFFFFF00FFFFFF00FFFFFF00FFFFFF00FFFFFF00FFFFFF00FFFFFF00FFFF
310
FF00FFFFFF00FFFFFF00FFFFFF00FFFFFF00FFFFFF00FFFFFF00FFFFFF00FFFF
310
FF00FFFFFF00FFFFFF00FFFFFF00FFFFFF00FFFFFF00FFFFFF00FFFFFF00FFFF
310
FF00FFFFFF00FFFFFF00FFFFFF00FFFFFF00FFFFFF00FFFFFF00FFFFFF00FFFF
310
FF00FFFFFF00FFFFFF00FFFFFF00FFFFFF00FFFFFF00FFFFFF00FFFFFF00FFFF
310
FF00FFFFFF00FFFFFF00FFFFFF00FFFFFF00FFFFFF00FFFFFF00FFFFFF00FFFF
310
FF00FFFFFF00FFFFFF00FFFFFF00FFFFFF00FFFFFF00FFFFFF00FFFFFF00FFFF
310
FF00FFFFFF00FFFFFF00FFFFFF00FFFFFF00FFFFFF00FFFFFF00FFFFFF00FFFF
310
FF00FFFFFF00FFFFFF00FFFFFF00FFFFFF00FFFFFF00FFFFFF00FFFFFF00FFFF
310
FF00FFFFFF00FFFFFF00FFFFFF00FFFFFF00FFFFFF00FFFFFF00FFFFFF00FFFF
310
FF00FFFFFF00FFFFFF00FFFFFF00FFFFFF00FFFFFF00FFFFFF00FFFFFF00FFFF
310
FF00FFFFFF00FFFFFF00FFFFFF00FFFFFF00FFFFFF00FFFFFF00FFFFFF00FFFF
310
FF00FFFFFF00FFFFFF00FFFFFF00FFFFFF00FFFFFF00FFFFFF00FFFFFF00FFFF
310
FF00FFFFFF00FFFFFF00FFFFFF00FFFFFF00FFFFFF00FFFFFF00FFFFFF00FFFF
310
FF00FFFFFF00FFFFFF00FFFFFF00FFFFFF00FFFFFF00FFFFFF00FFFFFF00FFFF
310
FF00FFFFFF00FFFFFF00FFFFFF00FFFFFF00FFFFFF00FFFFFF00FFFFFF00FFFF
310
FF00FFFFFF00FFFFFF00FFFFFF00FFFFFF00FFFFFF00FFFFFF00FFFFFF00FFFF
310
FF00FFFFFF00FFFFFF00FFFFFF00FFFFFF00FFFFFF00FFFFFF00FFFFFF00FFFF
310
FF00FFFFFF00FFFFFF00FFFFFF00FFFFFF00FFFFFF00FFFFFF00FFFFFF00FFFF
310
FF00FFFFFF00FFFFFF00FFFFFF00FFFFFF00FFFFFF00FFFFFF00FFFFFF00FFFF
310
FF00FFFFFF00FFFFFF00FFFFFF00FFFFFF00FFFFFF00FFFFFF00FFFFFF00FFFF
310
FF00FFFFFF00FFFFFF00FFFFFF00FFFFFF00FFFFFF00FFFFFF00FFFFFF00FFFF
310
FF00FFFFFF00FFFFFF00FFFFFF00FFFFFF00FFFFFF00FFFFFF00FFFFFF00FFFF
310
FF00FFFFFF00FFFFFF00FFFFFF00FFFFFF00FFFFFF00FFFFFF00FFFFFF00FFFF
310
FF00FFFFFF00FFFFFF00FFFFFF00FFFFFF00FFFFFF00FFFFFF00FFFFFF00FFFF
310
FF00FFFFFF00FFFFFF00FFFFFF00FFFFFF00FFFFFF00FFFFFF00FFFFFF00FFFF
310
FF00FFFFFF00FFFFFF00FFFFFF00FFFFFF00FFFFFF00FFFFFF00FFFFFF00FFFF
310
FF00FFFFFF00FFFFFF00FFFFFF00FFFFFF00FFFFFF00FFFFFF00FFFFFF00FFFF
310
FF00FFFFFF00FFFFFF00FFFFFF00FFFFFF00FFFFFF00FFFFFF00FFFFFF00FFFF
310
FF00FFFFFF00FFFFFF00FFFFFF00FFFFFF00FFFFFF00FFFFFF00FFFFFF00FFFF
310
FF00FFFFFF00FFFFFF00FFFFFF00FFFFFF00FFFFFF00FFFFFF00FFFFFF00FFFF
310
FF00FFFFFF00FFFFFF00FFFFFF00FFFFFF00FFFFFF00FFFFFF00FFFFFF00FFFF
310
FF00FFFFFF00FFFFFF00FFFFFF00FFFFFF00FFFFFF00FFFFFF00FFFFFF00FFFF
310
FF00FFFFFF00FFFFFF00FFFFFF00FFFFFF00FFFFFF00FFFFFF00FFFFFF00FFFF
310
FF00FFFFFF00FFFFFF00FFFFFF00FFFFFF00FFFFFF00FFFFFF00FFFFFF00FFFF
310
FF00FFFFFF00FFFFFF00FFFFFF00FFFFFF00FFFFFF00FFFFFF00FFFFFF00FFFF
310
FF00FFFFFF00FFFFFF00FFFFFF00FFFFFF00FFFFFF00FFFFFF00FFFFFF00FFFF
310
FF00FFFFFF00FFFFFF00FFFFFF00FFFFFF00FFFFFF00FFFFFF00FFFFFF00FFFF
310
FF00FFFFFF00FFFFFF00FFFFFF00FFFFFF00FFFFFF00FFFFFF00FFFFFF00FFFF
310
FF00FFFFFF00FFFFFF00FFFFFF00FFFFFF00FFFFFF00FFFFFF00FFFFFF00FFFF
310
FF00FFFFFF00FFFFFF00FFFFFF00FFFFFF00FFFFFF00FFFFFF00FFFFFF00FFFF
310
FF00FFFFFF00FFFFFF00FFFFFF00FFFFFF00FFFFFF00FFFFFF00FFFFFF00FFFF
310
FF00FFFFFF00FFFFFF00FFFFFF00FFFFFF00FFFFFF00FFFFFF00FFFFFF00FFFF
310
FF00FFFFFF00FFFFFF00FFFFFF00FFFFFF00FFFFFF00FFFFFF00FFFFFF00FFFF
310
FF00FFFFFF00FFFFFF00FFFFFF00FFFFFF00FFFFFF00FFFFFF00FFFFFF00FFFF
310
FF00FFFFFF00FFFFFF00FFFFFF00FFFFFF00FFFFFF00FFFFFF00FFFFFF00FFFF
310
FF00FFFFFF00FFFFFF00FFFFFF00FFFFFF00FFFFFF00FFFFFF00FFFFFF00FFFF
310
FF00FFFFFF00FFFFFF00FFFFFF00FFFFFF00FFFFFF00FFFFFF00FFFFFF00FFFF
310
FF00FFFFFF00FFFFFF00FFFFFF00FFFFFF00FFFFFF00FFFFFF00FFFFFF00FFFF
310
FF00FFFFFF00FFFFFF00FFFFFF00FFFFFF00FFFFFF00FFFFFF00FFFFFF00FFFF
310
FF00FFFFFF00FFFFFF00FFFFFF00FFFFFF00FFFFFF00FFFFFF00FFFFFF00FFFF
310
FF00FFFFFF00FFFFFF00FFFFFF00FFFFFF00FFFFFF00FFFFFF00FFFFFF00FFFF
310
FF00FFFFFF00FFFFFF00FFFFFF00FFFFFF00FFFFFF00FFFFFF00FFFFFF00FFFF
310
FF00FFFFFF00FFFFFF00FFFFFF00FFFFFF00FFFFFF00FFFFFF00FFFFFF00FFFF
310
FF00FFFFFF00FFFFFF00FFFFFF00FFFFFF00FFFFFF00FFFFFF00FFFFFF00FFFF
310
FF00FFFFFF00FFFFFF00FFFFFF00FFFFFF00FFFFFF00FFFFFF00FFFFFF00FFFF
310
FF00FFFFFF00FFFFFF00FFFFFF00FFFFFF00FFFFFF00FFFFFF00FFFFFF00FFFF
310
FF00FFFFFF00FFFFFF00FFFFFF00FFFFFF00FFFFFF00FFFFFF00FFFFFF00FFFF
310
FF00FFFFFF00FFFFFF00FFFFFF00FFFFFF00FFFFFF00FFFFFF00FFFFFF00FFFF
310
FF00FFFFFF00FFFFFF00FFFFFF00FFFFFF00FFFFFF00FFFFFF00FFFFFF00FFFF
310
FF00FFFFFF00FFFFFF00FFFFFF00FFFFFF00FFFFFF00FFFFFF00FFFFFF00FFFF
310
FF00FFFFFF00FFFFFF00FFFFFF00FFFFFF00FFFFFF00FFFFFF00FFFFFF00FFFF
310
FF00FFFFFF00FFFFFF00FFFFFF00FFFFFF00FFFFFF00FFFFFF00FFFFFF00FFFF
310
FF00FFFFFF00FFFFFF00FFFFFF00FFFFFF00FFFFFF00FFFFFF00FFFFFF00FFFF
310
FF00FFFFFF00FFFFFF00FFFFFF00FFFFFF00FFFFFF00FFFFFF00FFFFFF00FFFF
310
FF00FFFFFF00FFFFFF00FFFFFF00FFFFFF00FFFFFF00FFFFFF00FFFFFF00FFFF
310
FF00FFFFFF00FFFFFF00FFFFFF00FFFFFF00FFFFFF00FFFFFF00FFFFFF00FFFF
310
FF00FFFFFF00FFFFFF00FFFFFF00FFFFFF00FFFFFF00FFFFFF00FFFFFF00FFFF
310
FF00FFFFFF00FFFFFF00FFFFFF00FFFFFF00FFFFFF00FFFFFF00FFFFFF00FFFF
310
FF00FFFFFF00FFFFFF00FFFFFF00FFFFFF00FFFFFF00FFFFFF00FFFFFF00FFFF
310
FF00FFFFFF00FFFFFF00FFFFFF00FFFFFF00FFFFFF00FFFFFF00FFFFFF00FFFF
310
FF00FFFFFF00FFFFFF00FFFFFF00FFFFFF00FFFFFF00FFFFFF00FFFFFF00FFFF
310
FF00FFFFFF00FFFFFF00FFFFFF00FFFFFF00FFFFFF00FFFFFF00FFFFFF00FFFF
310
FF00FFFFFF00FFFFFF00FFFFFF00FFFFFF00FFFFFF00FFFFFF00FFFFFF00FFFF
310
FF00FFFFFF00FFFFFF00FFFFFF00FFFFFF00FFFFFF00FFFFFF00FFFFFF00FFFF
310
FF00FFFFFF00FFFFFF00FFFFFF00FFFFFF00FFFFFF00FFFFFF00FFFFFF00FFFF
310
FF00FFFFFF00FFFFFF00FFFFFF00FFFFFF00FFFFFF00FFFFFF00FFFFFF00FFFF
310
FF00FFFFFF00FFFFFF00FFFFFF00FFFFFF00FFFFFF00FFFFFF00FFFFFF00FFFF
310
FF00FFFFFF00FFFFFF00FFFFFF00FFFFFF00FFFFFF00FFFFFF00FFFFFF00FFFF
310
FF00FFFFFF00FFFFFF00FFFFFF00FFFFFF00FFFFFF00FFFFFF00FFFFFF00FFFF
310
FF00FFFFFF00FFFFFF00FFFFFF00FFFFFF00FFFFFF00FFFFFF00FFFFFF00FFFF
310
FF00FFFFFF00FFFFFF00FFFFFF00FFFFFF00FFFFFF00FFFFFF00FFFFFF00FFFF
310
FF00FFFFFF00FFFFFF00FFFFFF00FFFFFF00FFFFFF00FFFFFF00FFFFFF00FFFF
310
FF00FFFFFF00FFFFFF00FFFFFF00FFFFFF00FFFFFF00FFFFFF00FFFFFF00FFFF
310
FF00FFFFFF00FFFFFF00FFFFFF00FFFFFF00FFFFFF00FFFFFF00FFFFFF00FFFF
310
FF00FFFFFF00FFFFFF00FFFFFF00FFFFFF00FFFFFF00FFFFFF00FFFFFF00FFFF
310
FF00FFFFFF00FFFFFF00FFFFFF00FFFFFF00FFFFFF00FFFFFF00FFFFFF00FFFF
310
FF00FFFFFF00FFFFFF00FFFFFF00FFFFFF00FFFFFF00FFFFFF00FFFFFF00FFFF
310
FF00FFFFFF00FFFFFF00FFFFFF00FFFFFF00FFFFFF00FFFFFF00FFFFFF00FFFF
310
FF00FFFFFF00FFFFFF00FFFFFF00FFFFFF00FFFFFF00FFFFFF00FFFFFF00FFFF
310
FF00FFFFFF00FFFFFF00FFFFFF00FFFFFF00FFFFFF00FFFFFF00FFFFFF00FFFF
310
FF00FFFFFF00FFFFFF00FFFFFF00FFFFFF00FFFFFF00FFFFFF00FFFFFF00FFFF
310
FF00FFFFFF00FFFFFF00FFFFFF00FFFFFF00FFFFFF00FFFFFF00FFFFFF00FFFF
310
FF00FFFFFF00FFFFFF00FFFFFF00FFFFFF00FFFFFF00FFFFFF00FFFFFF00FFFF
310
FF00FFFFFF00FFFFFF00FFFFFF00FFFFFF00FFFFFF00FFFFFF00FFFFFF00FFFF
310
FF00FFFFFF00FFFFFF00FFFFFF00FFFFFF00FFFFFF00FFFFFF00FFFFFF00FFFF
310
FF00FFFFFF00FFFFFF00FFFFFF00FFFFFF00FFFFFF00FFFFFF00FFFFFF00FFFF
310
FF00FFFFFF00FFFFFF00FFFFFF00FFFFFF00FFFFFF00FFFFFF00FFFFFF00FFFF
310
FF00FFFFFF00FFFFFF00FFFFFF00FFFFFF00FFFFFF00FFFFFF00FFFFFF00FFFF
310
FF00FFFFFF00FFFFFF00FFFFFF00FFFFFF00FFFFFF00FFFFFF00FFFFFF00FFFF
310
FF00FFFFFF00FFFFFF00FFFFFF00FFFFFF00FFFFFF00FFFFFF00FFFFFF00FFFF
310
FF00FFFFFF00FFFFFF00FFFFFF00FFFFFF00FFFFFF00FFFFFF00FFFFFF00FFFF
310
FF00FFFFFF00FFFFFF00FFFFFF00FFFFFF00FFFFFF00FFFFFF00FFFFFF00FFFF
310
FF00FFFFFF00FFFFFF00FFFFFF00FFFFFF00FFFFFF00FFFFFF00FFFFFF00FFFF
310
FF00FFFFFF00FFFFFF00FFFFFF00FFFFFF00FFFFFF00FFFFFF00FFFFFF00FFFF
310
FF00FFFFFF00FFFFFF00FFFFFF00FFFFFF00FFFFFF00FFFFFF00FFFFFF00FFFF
310
FF00FFFFFF00FFFFFF00FFFFFF00FFFFFF00FFFFFF00FFFFFF00FFFFFF00FFFF
310
FF00FFFFFF00FFFFFF00FFFFFF00FFFFFF00FFFFFF00FFFFFF00FFFFFF00FFFF
310
FF00FFFFFF00FFFFFF00FFFFFF00FFFFFF00FFFFFF00FFFFFF00FFFFFF00FFFF
310
FF00FFFFFF00FFFFFF00FFFFFF00FFFFFF00FFFFFF00FFFFFF00FFFFFF00FFFF
310
FF00FFFFFF00FFFFFF00FFFFFF00FFFFFF00FFFFFF00FFFFFF00FFFFFF00FFFF
310
FF00FFFFFF00FFFFFF00FFFFFF00FFFFFF00FFFFFF00FFFFFF00FFFFFF00FFFF
310
FF00FFFFFF00FFFFFF00FFFFFF00FFFFFF00FFFFFF00FFFFFF00FFFFFF00FFFF
310
FF00FFFFFF00FFFFFF00FFFFFF00FFFFFF00FFFFFF00FFFFFF00FFFFFF00FFFF
310
FF00FFFFFF00FFFFFF00FFFFFF00FFFFFF00FFFFFF00FFFFFF00FFFFFF00FFFF
310
FF00FFFFFF00FFFFFF00FFFFFF00FFFFFF00FFFFFF00FFFFFF00FFFFFF00FFFF
310
FF00FFFFFF00FFFFFF00FFFFFF00FFFFFF00FFFFFF00FFFFFF00FFFFFF00FFFF
310
FF00FFFFFF00FFFFFF00FFFFFF00FFFFFF00FFFFFF00FFFFFF00FFFFFF00FFFF
310
FF00FFFFFF00FFFFFF00FFFFFF00FFFFFF00FFFFFF00FFFFFF00FFFFFF00FFFF
310
FF00FFFFFF00FFFFFF00FFFFFF00FFFFFF00FFFFFF00FFFFFF00FFFFFF00FFFF
310
FF00FFFFFF00FFFFFF00FFFFFF00FFFFFF00FFFFFF00FFFFFF00FFFFFF00FFFF
310
FF00FFFFFF00FFFFFF00FFFFFF00FFFFFF00FFFFFF00FFFFFF00FFFFFF00FFFF
310
FF00FFFFFF00FFFFFF00FFFFFF00FFFFFF00FFFFFF00FFFFFF00FFFFFF00FFFF
310
FF00FFFFFF00FFFFFF00FFFFFF00FFFFFF00FFFFFF00FFFFFF00FFFFFF00FFFF
310
FF00FFFFFF00FFFFFF00FFFFFF00FFFFFF00FFFFFF00FFFFFF00FFFFFF00FFFF
310
FF00FFFFFF00FFFFFF00FFFFFF00FFFFFF00FFFFFF00FFFFFF00FFFFFF00FFFF
310
FF00FFFFFF00FFFFFF00FFFFFF00FFFFFF00FFFFFF00FFFFFF00FFFFFF00FFFF
310
FF00FFFFFF00FFFFFF00FFFFFF00FFFFFF00FFFFFF00FFFFFF00FFFFFF00FFFF
310
FF00FFFFFF00FFFFFF00FFFFFF00FFFFFF00FFFFFF00FFFFFF00FFFFFF00FFFF
310
FF00FFFFFF00FFFFFF00FFFFFF00FFFFFF00FFFFFF00FFFFFF00FFFFFF00FFFF
310
FF00FFFFFF00FFFFFF00FFFFFF00FFFFFF00FFFFFF00FFFFFF00FFFFFF00FFFF
310
FF00FFFFFF00FFFFFF00FFFFFF00FFFFFF00FFFFFF00FFFFFF00FFFFFF00FFFF
310
FF00FFFFFF00FFFFFF00FFFFFF00FFFFFF00FFFFFF00FFFFFF00FFFFFF00FFFF
310
FF00FFFFFF00FFFFFF00FFFFFF00FFFFFF00FFFFFF00FFFFFF00FFFFFF00FFFF
310
FF00FFFFFF00FFFFFF00FFFFFF00FFFFFF00FFFFFF00FFFFFF00FFFFFF00FFFF
310
FF00FFFFFF00FFFFFF00FFFFFF00FFFFFF00FFFFFF00FFFFFF00FFFFFF00FFFF
310
FF00FFFFFF00FFFFFF00FFFFFF00FFFFFF00FFFFFF00FFFFFF00FFFFFF00FFFF
310
FF00FFFFFF00FFFFFF00FFFFFF00FFFFFF00FFFFFF00FFFFFF00FFFFFF00FFFF
310
FF00FFFFFF00FFFFFF00FFFFFF00FFFFFF00FFFFFF00FFFFFF00FFFFFF00FFFF
310
FF00FFFFFF00FFFFFF00FFFFFF00FFFFFF00FFFFFF00FFFFFF00FFFFFF00FFFF
310
FF00FFFFFF00FFFFFF00FFFFFF00FFFFFF00FFFFFF00FFFFFF00FFFFFF00FFFF
310
FF00FFFFFF00FFFFFF00FFFFFF00FFFFFF00FFFFFF00FFFFFF00FFFFFF00FFFF
310
FF00FFFFFF00FFFFFF00FFFFFF00FFFFFF00FFFFFF00FFFFFF00FFFFFF00FFFF
310
FF00FFFFFF00FFFFFF00FFFFFF00FFFFFF00FFFFFF00FFFFFF00FFFFFF00FFFF
310
FF00FFFFFF00FFFFFF00FFFFFF00FFFFFF00FFFFFF00FFFFFF00FFFFFF00FFFF
310
FF00FFFFFF00FFFFFF00FFFFFF00FFFFFF00FFFFFF00FFFFFF00FFFFFF00FFFF
310
FF00FFFFFF00FFFFFF00FFFFFF00FFFFFF00FFFFFF00FFFFFF00FFFFFF00FFFF
310
FF00FFFFFF00FFFFFF00FFFFFF00FFFFFF00FFFFFF00FFFFFF00FFFFFF00FFFF
310
FF00FFFFFF00FFFFFF00FFFFFF00FFFFFF00FFFFFF00FFFFFF00FFFFFF00FFFF
310
FF00FFFFFF00FFFFFF00FFFFFF00FFFFFF00FFFFFF00FFFFFF00FFFFFF00FFFF
310
FF00FFFFFF00FFFFFF00FFFFFF00FFFFFF00FFFFFF00FFFFFF00FFFFFF00FFFF
310
FF00FFFFFF00FFFFFF00FFFFFF00FFFFFF00FFFFFF00FFFFFF00FFFFFF00FFFF
310
FF00FFFFFF00FFFFFF00FFFFFF00FFFFFF00FFFFFF00FFFFFF00FFFFFF00FFFF
310
FF00FFFFFF00FFFFFF00FFFFFF00FFFFFF00FFFFFF00FFFFFF00FFFFFF00FFFF
310
FF00FFFFFF00FFFFFF00FFFFFF00FFFFFF00FFFFFF00FFFFFF00FFFFFF00FFFF
310
FF00FFFFFF00FFFFFF00FFFFFF00FFFFFF00FFFFFF00FFFFFF00FFFFFF00FFFF
310
FF00FFFFFF00FFFFFF00FFFFFF00FFFFFF00FFFFFF00FFFFFF00FFFFFF00FFFF
310
FF00FFFFFF00FFFFFF00FFFFFF00FFFFFF00FFFFFF00FFFFFF00FFFFFF00FFFF
310
FF00FFFFFF00FFFFFF00FFFFFF00FFFFFF00FFFFFF00FFFFFF00FFFFFF00FFFF
310
FF00FFFFFF00FFFFFF00FFFFFF00FFFFFF00FFFFFF00FFFFFF00FFFFFF00FFFF
310
FF00FFFFFF00FFFFFF00FFFFFF00FFFFFF00FFFFFF00FFFFFF00FFFFFF00FFFF
310
FF00FFFFFF00FFFFFF00FFFFFF00FFFFFF00FFFFFF00FFFFFF00FFFFFF00FFFF
310
FF00FFFFFF00FFFFFF00FFFFFF00FFFFFF00FFFFFF00FFFFFF00FFFFFF00FFFF
310
FF00FFFFFF00FFFFFF00FFFFFF00FFFFFF00FFFFFF00FFFFFF00FFFFFF00FFFF
310
FF00FFFFFF00FFFFFF00FFFFFF00FFFFFF00FFFFFF00FFFFFF00FFFFFF00FFFF
310
FF00FFFFFF00FFFFFF00FFFFFF00FFFFFF00FFFFFF00FFFFFF00FFFFFF00FFFF
310
FF00FFFFFF00FFFFFF00FFFFFF00FFFFFF00FFFFFF00FFFFFF00FFFFFF00FFFF
310
FF00FFFFFF00FFFFFF00FFFFFF00FFFFFF00FFFFFF00FFFFFF00FFFFFF00FFFF
310
FF00FFFFFF00FFFFFF00FFFFFF00FFFFFF00FFFFFF00FFFFFF00FFFFFF00FFFF
310
FF00FFFFFF00FFFFFF00FFFFFF00FFFFFF00FFFFFF00FFFFFF00FFFFFF00FFFF
310
FF00FFFFFF00FFFFFF00FFFFFF00FFFFFF00FFFFFF00FFFFFF00FFFFFF00FFFF
310
FF00FFFFFF00FFFFFF00FFFFFF00FFFFFF00FFFFFF00FFFFFF00FFFFFF00FFFF
310
FF00FFFFFF00FFFFFF00FFFFFF00FFFFFF00FFFFFF00FFFFFF00FFFFFF00FFFF
310
FF00FFFFFF00FFFFFF00FFFFFF00FFFFFF00FFFFFF00FFFFFF00FFFFFF00FFFF
310
FF00FFFFFF00FFFFFF00FFFFFF00FFFFFF00FFFFFF00FFFFFF00FFFFFF00FFFF
310
FF00FFFFFF00FFFFFF00FFFFFF00FFFFFF00FFFFFF00FFFFFF00FFFFFF00FFFF
310
FF00FFFFFF00FFFFFF00FFFFFF00FFFFFF00FFFFFF00FFFFFF00FFFFFF00FFFF
310
FF00FFFFFF00FFFFFF00FFFFFF00FFFFFF00FFFFFF00FFFFFF00FFFFFF00FFFF
310
FF00FFFFFF00FFFFFF00FFFFFF00FFFFFF00FFFFFF00FFFFFF00FFFFFF00FFFF
310
FF00FFFFFF00FFFFFF00FFFFFF00FFFFFF00FFFFFF00FFFFFF00FFFFFF00FFFF
310
FF00FFFFFF00FFFFFF00FFFFFF00FFFFFF00FFFFFF00FFFFFF00FFFFFF00FFFF
310
FF00FFFFFF00FFFFFF00FFFFFF00FFFFFF00FFFFFF00FFFFFF00FFFFFF00FFFF
310
FF00FFFFFF00FFFFFF00FFFFFF00FFFFFF00FFFFFF00FFFFFF00FFFFFF00FFFF
310
FF00FFFFFF00FFFFFF00FFFFFF00FFFFFF00FFFFFF00FFFFFF00FFFFFF00FFFF
310
FF00FFFFFF00FFFFFF00FFFFFF00FFFFFF00FFFFFF00FFFFFF00FFFFFF00FFFF
310
FF00FFFFFF00FFFFFF00FFFFFF00FFFFFF00FFFFFF00FFFFFF00FFFFFF00FFFF
310
FF00FFFFFF00FFFFFF00FFFFFF00FFFFFF00FFFFFF00FFFFFF00FFFFFF00FFFF
310
FF00FFFFFF00FFFFFF00FFFFFF00FFFFFF00FFFFFF00FFFFFF00FFFFFF00FFFF
310
FF00FFFFFF00FFFFFF00FFFFFF00FFFFFF00FFFFFF00FFFFFF00FFFFFF00FFFF
310
FF00FFFFFF00FFFFFF00FFFFFF00FFFFFF00FFFFFF00FFFFFF00FFFFFF00FFFF
310
FF00FFFFFF00FFFFFF00FFFFFF00FFFFFF00FFFFFF00FFFFFF00FFFFFF00FFFF
310
FF00FFFFFF00FFFFFF00FFFFFF00FFFFFF00FFFFFF00FFFFFF00FFFFFF00FFFF
310
FF00FFFFFF00FFFFFF00FFFFFF00FFFFFF00FFFFFF00FFFFFF00FFFFFF00FFFF
310
FF00FFFFFF00FFFFFF00FFFFFF00FFFFFF00FFFFFF00FFFFFF00FFFFFF00FFFF
310
FF00FFFFFF00FFFFFF00FFFFFF00FFFFFF00FFFFFF00FFFFFF00FFFFFF00FFFF
310
FF00FFFFFF00FFFFFF00FFFFFF00FFFFFF00FFFFFF00FFFFFF00FFFFFF00FFFF
310
FF00FFFFFF00FFFFFF00FFFFFF00FFFFFF00FFFFFF00FFFFFF00FFFFFF00FFFF
310
FF00FFFFFF00FFFFFF00FFFFFF00FFFFFF00FFFFFF00FFFFFF00FFFFFF00FFFF
310
FF00FFFFFF00FFFFFF00FFFFFF00FFFFFF00FFFFFF00FFFFFF00FFFFFF00FFFF
310
FF00FFFFFF00FFFFFF00FFFFFF00FFFFFF00FFFFFF00FFFFFF00FFFFFF00FFFF
310
FF00FFFFFF00FFFFFF00FFFFFF00FFFFFF00FFFFFF00FFFFFF00FFFFFF00FFFF
310
FF00FFFFFF00FFFFFF00FFFFFF00FFFFFF00FFFFFF00FFFFFF00FFFFFF00FFFF
310
FF00FFFFFF00FFFFFF00FFFFFF00FFFFFF00FFFFFF00FFFFFF00FFFFFF00FFFF
310
FF00FFFFFF00FFFFFF00FFFFFF00FFFFFF00FFFFFF00FFFFFF00FFFFFF00FFFF
310
FF00FFFFFF00FFFFFF00FFFFFF00FFFFFF00FFFFFF00FFFFFF00FFFFFF00FFFF
310
FF00FFFFFF00FFFFFF00FFFFFF00FFFFFF00FFFFFF00FFFFFF00FFFFFF00FFFF
310
FF00FFFFFF00FFFFFF00FFFFFF00FFFFFF00FFFFFF00FFFFFF00FFFFFF00FFFF
310
FF00FFFFFF00FFFFFF00FFFFFF00FFFFFF00FFFFFF00FFFFFF00FFFFFF00FFFF
310
FF00FFFFFF00FFFFFF00FFFFFF00FFFFFF00FFFFFF00FFFFFF00FFFFFF00FFFF
310
FF00FFFFFF00FFFFFF00FFFFFF00FFFFFF00FFFFFF00FFFFFF00FFFFFF00FFFF
310
FF00FFFFFF00FFFFFF00FFFFFF00FFFFFF00FFFFFF00FFFFFF00FFFFFF00FFFF
310
FF00FFFFFF00FFFFFF00FFFFFF00FFFFFF00FFFFFF00FFFFFF00FFFFFF00FFFF
310
FF00FFFFFF00FFFFFF00FFFFFF00FFFFFF00FFFFFF00FFFFFF00FFFFFF00FFFF
310
FF00FFFFFF00FFFFFF00FFFFFF00FFFFFF00FFFFFF00FFFFFF00FFFFFF00FFFF
310
FF00FFFFFF00FFFFFF00FFFFFF00FFFFFF00FFFFFF00FFFFFF00FFFFFF00FFFF
310
FF00FFFFFF00FFFFFF00FFFFFF00FFFFFF00FFFFFF00FFFFFF00FFFFFF00FFFF
310
FF00FFFFFF00FFFFFF00FFFFFF00FFFFFF00FFFFFF00FFFFFF00FFFFFF00FFFF
310
FF00FFFFFF00FFFFFF00FFFFFF00FFFFFF00FFFFFF00FFFFFF00FFFFFF00FFFF
310
FF00FFFFFF00FFFFFF00FFFFFF00FFFFFF00FFFFFF00FFFFFF00FFFFFF00FFFF
310
FF00FFFFFF00FFFFFF00FFFFFF00FFFFFF00FFFFFF00FFFFFF00FFFFFF00FFFF
310
FF00FFFFFF00FFFFFF00FFFFFF00FFFFFF00FFFFFF00FFFFFF00FFFFFF00FFFF
310
FF00FFFFFF00FFFFFF00FFFFFF00FFFFFF00FFFFFF00FFFFFF00FFFFFF00FFFF
310
FF00FFFFFF00FFFFFF00FFFFFF00FFFFFF00FFFFFF00FFFFFF00FFFFFF00FFFF
310
FF00FFFFFF00FFFFFF00FFFFFF00FFFFFF00FFFFFF00FFFFFF00FFFFFF00FFFF
310
FF00FFFFFF00FFFFFF00FFFFFF00FFFFFF00FFFFFF00FFFFFF00FFFFFF00FFFF
310
FF00FFFFFF00FFFFFF00FFFFFF00FFFFFF00FFFFFF00FFFFFF00FFFFFF00FFFF
310
FF00FFFFFF00FFFFFF00FFFFFF00FFFFFF00FFFFFF00FFFFFF00FFFFFF00FFFF
310
FF00FFFFFF00FFFFFF00FFFFFF00FFFFFF00FFFFFF00FFFFFF00FFFFFF00FFFF
310
FF00FFFFFF00FFFFFF00FFFFFF00FFFFFF00FFFFFF00FFFFFF00FFFFFF00FFFF
310
FF00FFFFFF00FFFFFF00FFFFFF00FFFFFF00FFFFFF00FFFFFF00FFFFFF00FFFF
310
FF00FFFFFF00FFFFFF00FFFFFF00FFFFFF00FFFFFF00FFFFFF00FFFFFF00FFFF
310
FF00FFFFFF00FFFFFF00FFFFFF00FFFFFF00FFFFFF00FFFFFF00FFFFFF00FFFF
310
FF00FFFFFF00FFFFFF00FFFFFF00FFFFFF00FFFFFF00FFFFFF00FFFFFF00FFFF
310
FF00FFFFFF00FFFFFF00FFFFFF00FFFFFF00FFFFFF00FFFFFF00FFFFFF00FFFF
310
FF00FFFFFF00FFFFFF00FFFFFF00FFFFFF00FFFFFF00FFFFFF00FFFFFF00FFFF
310
FF00FFFFFF00FFFFFF00FFFFFF00FFFFFF00FFFFFF00FFFFFF00FFFFFF00FFFF
310
FF00FFFFFF00FFFFFF00FFFFFF00FFFFFF00FFFFFF00FFFFFF00FFFFFF00FFFF
310
FF00FFFFFF00FFFFFF00FFFFFF00FFFFFF00FFFFFF00FFFFFF00FFFFFF00FFFF
310
FF00FFFFFF00FFFFFF00FFFFFF00FFFFFF00FFFFFF00FFFFFF00FFFFFF00FFFF
310
FF00FFFFFF00FFFFFF00FFFFFF00FFFFFF00FFFFFF00FFFFFF00FFFFFF00FFFF
310
FF00FFFFFF00FFFFFF00FFFFFF00FFFFFF00FFFFFF00FFFFFF00FFFFFF00FFFF
310
FF00FFFFFF00FFFFFF00FFFFFF00FFFFFF00FFFFFF00FFFFFF00FFFFFF00FFFF
310
FF00FFFFFF00FFFFFF00FFFFFF00FFFFFF00FFFFFF00FFFFFF00FFFFFF00FFFF
310
FF00FFFFFF00FFFFFF00FFFFFF00FFFFFF00FFFFFF00FFFFFF00FFFFFF00FFFF
310
FF00FFFFFF00FFFFFF00FFFFFF00FFFFFF00FFFFFF00FFFFFF00FFFFFF00FFFF
310
FF00FFFFFF00FFFFFF00FFFFFF00FFFFFF00FFFFFF00FFFFFF00FFFFFF00FFFF
310
FF00FFFFFF00FFFFFF00FFFFFF00FFFFFF00FFFFFF00FFFFFF00FFFFFF00FFFF
310
FF00FFFFFF00FFFFFF00FFFFFF00FFFFFF00FFFFFF00FFFFFF00FFFFFF00FFFF
310
FF00FFFFFF00FFFFFF00FFFFFF00FFFFFF00FFFFFF00FFFFFF00FFFFFF00FFFF
310
FF00FFFFFF00FFFFFF00FFFFFF00FFFFFF00FFFFFF00FFFFFF00FFFFFF00FFFF
310
FF00FFFFFF00FFFFFF00FFFFFF00FFFFFF00FFFFFF00FFFFFF00FFFFFF00FFFF
310
FF00FFFFFF00FFFFFF00FFFFFF00FFFFFF00FFFFFF00FFFFFF00FFFFFF00FFFF
310
FF00FFFFFF00FFFFFF00FFFFFF00FFFFFF00FFFFFF00FFFFFF00FFFFFF00FFFF
310
FF00FFFFFF00FFFFFF00FFFFFF00FFFFFF00FFFFFF00FFFFFF00FFFFFF00FFFF
310
FF00FFFFFF00FFFFFF00FFFFFF00FFFFFF00FFFFFF00FFFFFF00FFFFFF00FFFF
310
FF00FFFFFF00FFFFFF00FFFFFF00FFFFFF00FFFFFF00FFFFFF00FFFFFF00FFFF
310
FF00FFFFFF00FFFFFF00FFFFFF00FFFFFF00FFFFFF00FFFFFF00FFFFFF00FFFF
310
FF00FFFFFF00FFFFFF00FFFFFF00FFFFFF00FFFFFF00FFFFFF00FFFFFF00FFFF
310
FF00FFFFFF00FFFFFF00FFFFFF00FFFFFF00FFFFFF00FFFFFF00FFFFFF00FFFF
310
FF00FFFFFF00FFFFFF00FFFFFF00FFFFFF00FFFFFF00FFFFFF00FFFFFF00FFFF
310
FF00FFFFFF00FFFFFF00FFFFFF00FFFFFF00FFFFFF00FFFFFF00FFFFFF00FFFF
310
FF00FFFFFF00FFFFFF00FFFFFF00FFFFFF00FFFFFF00FFFFFF00FFFFFF00FFFF
310
FF00FFFFFF00FFFFFF00FFFFFF00FFFFFF00FFFFFF00FFFFFF00FFFFFF00FFFF
310
FF00FFFFFF00FFFFFF00FFFFFF00FFFFFF00FFFFFF00FFFFFF00FFFFFF00FFFF
310
FF00FFFFFF00FFFFFF00FFFFFF00FFFFFF00FFFFFF00FFFFFF00FFFFFF00FFFF
310
FF00FFFFFF00FFFFFF00FFFFFF00FFFFFF00FFFFFF00FFFFFF00FFFFFF00FFFF
310
FF00FFFFFF00FFFFFF00FFFFFF00FFFFFF00FFFFFF00FFFFFF00FFFFFF00FFFF
310
FF00FFFFFF00FFFFFF00FFFFFF00FFFFFF00FFFFFF00FFFFFF00FFFFFF00FFFF
310
FF00FFFFFF00FFFFFF00FFFFFF00FFFFFF00FFFFFF00FFFFFF00FFFFFF00FFFF
310
FF00FFFFFF00FFFFFF00FFFFFF00FFFFFF00FFFFFF00FFFFFF00FFFFFF00FFFF
310
FF00FFFFFF00FFFFFF00FFFFFF00FFFFFF00FFFFFF00FFFFFF00FFFFFF00FFFF
310
FF00FFFFFF00FFFFFF00FFFFFF00FFFFFF00FFFFFF00FFFFFF00FFFFFF00FFFF
310
FF00FFFFFF00FFFFFF00FFFFFF00FFFFFF00FFFFFF00FFFFFF00FFFFFF00FFFF
310
FF00FFFFFF00FFFFFF00FFFFFF00FFFFFF00FFFFFF00FFFFFF00FFFFFF00FFFF
310
FF00FFFFFF00FFFFFF00FFFFFF00FFFFFF00FFFFFF00FFFFFF00FFFFFF00FFFF
310
FF00FFFFFF00FFFFFF00FFFFFF00FFFFFF00FFFFFF00FFFFFF00FFFFFF00FFFF
310
FF00FFFFFF00FFFFFF00FFFFFF00FFFFFF00FFFFFF00FFFFFF00FFFFFF00FFFF
310
FF00FFFFFF00FFFFFF00FFFFFF00FFFFFF00FFFFFF00FFFFFF00FFFFFF00FFFF
310
FF00FFFFFF00FFFFFF00FFFFFF00FFFFFF00FFFFFF00FFFFFF00FFFFFF00FFFF
310
FF00FFFFFF00FFFFFF00FFFFFF00FFFFFF00FFFFFF00FFFFFF00FFFFFF00FFFF
310
FF00FFFFFF00FFFFFF00FFFFFF00FFFFFF00FFFFFF00FFFFFF00FFFFFF00FFFF
310
FF00FFFFFF00FFFFFF00FFFFFF00FFFFFF00FFFFFF00FFFFFF00FFFFFF00FFFF
310
FF00FFFFFF00FFFFFF00FFFFFF00FFFFFF00FFFFFF00FFFFFF00FFFFFF00FFFF
310
FF00FFFFFF00FFFFFF00FFFFFF00FFFFFF00FFFFFF00FFFFFF00FFFFFF00FFFF
310
FF00FFFFFF00FFFFFF00FFFFFF00FFFFFF00FFFFFF00FFFFFF00FFFFFF00FFFF
310
FF00FFFFFF00FFFFFF00FFFFFF00FFFFFF00FFFFFF00FFFFFF00FFFFFF00FFFF
310
FF00FFFFFF00FFFFFF00FFFFFF00FFFFFF00FFFFFF00FFFFFF00FFFFFF00FFFF
310
FF00FFFFFF00FFFFFF00FFFFFF00FFFFFF00FFFFFF00FFFFFF00FFFFFF00FFFF
310
FF00FFFFFF00FFFFFF00FFFFFF00FFFFFF00FFFFFF00FFFFFF00FFFFFF00FFFF
310
FF00FFFFFF00FFFFFF00FFFFFF00FFFFFF00FFFFFF00FFFFFF00FFFFFF00FFFF
310
FF00FFFFFF00FFFFFF00FFFFFF00FFFFFF00FFFFFF00FFFFFF00FFFFFF00FFFF
310
FF00FFFFFF00FFFFFF00FFFFFF00FFFFFF00FFFFFF00FFFFFF00FFFFFF00FFFF
310
FF00FFFFFF00FFFFFF00FFFFFF00FFFFFF00FFFFFF00FFFFFF00FFFFFF00FFFF
310
FF00FFFFFF00FFFFFF00FFFFFF00FFFFFF00FFFFFF00FFFFFF00FFFFFF00FFFF
310
FF00FFFFFF00FFFFFF00FFFFFF00FFFFFF00FFFFFF00FFFFFF00FFFFFF00FFFF
310
FF00FFFFFF00FFFFFF00FFFFFF00FFFFFF00FFFFFF00FFFFFF00FFFFFF00FFFF
310
FF00FFFFFF00FFFFFF00FFFFFF00FFFFFF00FFFFFF00FFFFFF00FFFFFF00FFFF
310
FF00FFFFFF00FFFFFF00FFFFFF00FFFFFF00FFFFFF00FFFFFF00FFFFFF00FFFF
310
FF00FFFFFF00FFFFFF00FFFFFF00FFFFFF00FFFFFF00FFFFFF00FFFFFF00FFFF
310
FF00FFFFFF00FFFFFF00FFFFFF00FFFFFF00FFFFFF00FFFFFF00FFFFFF00FFFF
310
FF00FFFFFF00FFFFFF00FFFFFF00FFFFFF00FFFFFF00FFFFFF00FFFFFF00FFFF
310
FF00FFFFFF00FFFFFF00FFFFFF00FFFFFF00FFFFFF00FFFFFF00FFFFFF00FFFF
310
FF00FFFFFF00FFFFFF00FFFFFF00FFFFFF00FFFFFF00FFFFFF00FFFFFF00FFFF
310
FF00FFFFFF00FFFFFF00FFFFFF00FFFFFF00FFFFFF00FFFFFF00FFFFFF00FFFF
310
FF00FFFFFF00FFFFFF00FFFFFF00FFFFFF00FFFFFF00FFFFFF00FFFFFF00FFFF
310
FF00FFFFFF00FFFFFF00FFFFFF00FFFFFF00FFFFFF00FFFFFF00FFFFFF00FFFF
310
FF00FFFFFF00FFFFFF00FFFFFF00FFFFFF00FFFFFF00FFFFFF00FFFFFF00FFFF
310
FF00FFFFFF00FFFFFF00FFFFFF00FFFFFF00FFFFFF00FFFFFF00FFFFFF00FFFF
310
FF00FFFFFF00FFFFFF00FFFFFF00FFFFFF00FFFFFF00FFFFFF00FFFFFF00FFFF
310
FF00FFFFFF00FFFFFF00FFFFFF00FFFFFF00FFFFFF00FFFFFF00FFFFFF00FFFF
310
FF00FFFFFF00FFFFFF00FFFFFF00FFFFFF00FFFFFF00FFFFFF00FFFFFF00FFFF
310
FF00FFFFFF00FFFFFF00FFFFFF00FFFFFF00FFFFFF00FFFFFF00FFFFFF00FFFF
310
FF00FFFFFF00FFFFFF00FFFFFF00FFFFFF00FFFFFF00FFFFFF00FFFFFF00FFFF
310
FF00FFFFFF00FFFFFF00FFFFFF00FFFFFF00FFFFFF00FFFFFF00FFFFFF00FFFF
310
FF00FFFFFF00FFFFFF00FFFFFF00FFFFFF00FFFFFF00FFFFFF00FFFFFF00FFFF
310
FF00FFFFFF00FFFFFF00FFFFFF00FFFFFF00FFFFFF00FFFFFF00FFFFFF00FFFF
310
FF00FFFFFF00FFFFFF00FFFFFF00FFFFFF00FFFFFF00FFFFFF00FFFFFF00FFFF
310
FF00FFFFFF00FFFFFF00FFFFFF00FFFFFF00FFFFFF00FFFFFF00FFFFFF00FFFF
310
FF00FFFFFF00FFFFFF00FFFFFF00FFFFFF00FFFFFF00FFFFFF00FFFFFF00FFFF
310
FF00FFFFFF00FFFFFF00FFFFFF00FFFFFF00FFFFFF00FFFFFF00FFFFFF00FFFF
310
FF00FFFFFF00FFFFFF00FFFFFF00FFFFFF00FFFFFF00FFFFFF00FFFFFF00FFFF
310
FF00FFFFFF00FFFFFF00FFFFFF00FFFFFF00FFFFFF00FFFFFF00FFFFFF00FFFF
310
FF00FFFFFF00FFFFFF00FFFFFF00FFFFFF00FFFFFF00FFFFFF00FFFFFF00FFFF
310
FF00FFFFFF00FFFFFF00FFFFFF00FFFFFF00FFFFFF00FFFFFF00FFFFFF00FFFF
310
FF00FFFFFF00FFFFFF00FFFFFF00FFFFFF00FFFFFF00FFFFFF00FFFFFF00FFFF
310
FF00FFFFFF00FFFFFF00FFFFFF00FFFFFF00FFFFFF00FFFFFF00FFFFFF00FFFF
310
FF00FFFFFF00FFFFFF00FFFFFF00FFFFFF00FFFFFF00FFFFFF00FFFFFF00FFFF
310
FF00FFFFFF00FFFFFF00FFFFFF00FFFFFF00FFFFFF00FFFFFF00FFFFFF00FFFF
310
FF00FFFFFF00FFFFFF00FFFFFF00FFFFFF00FFFFFF00FFFFFF00FFFFFF00FFFF
310
FF00FFFFFF00FFFFFF00FFFFFF00FFFFFF00FFFFFF00FFFFFF00FFFFFF00FFFF
310
FF00FFFFFF00FFFFFF00FFFFFF00FFFFFF00FFFFFF00FFFFFF00FFFFFF00FFFF
310
FF00FFFFFF00FFFFFF00FFFFFF00FFFFFF00FFFFFF00FFFFFF00FFFFFF00FFFF
310
FF00FFFFFF00FFFFFF00FFFFFF00FFFFFF00FFFFFF00FFFFFF00FFFFFF00FFFF
310
FF00FFFFFF00FFFFFF00FFFFFF00FFFFFF00FFFFFF00FFFFFF00FFFFFF00FFFF
310
FF00FFFFFF00FFFFFF00FFFFFF00FFFFFF00FFFFFF00FFFFFF00FFFFFF00FFFF
310
FF00FFFFFF00FFFFFF00FFFFFF00FFFFFF00FFFFFF00FFFFFF00FFFFFF00FFFF
310
FF00FFFFFF00FFFFFF00FFFFFF00FFFFFF00FFFFFF00FFFFFF00FFFFFF00FFFF
310
FF00FFFFFF00FFFFFF00FFFFFF00FFFFFF00FFFFFF00FFFFFF00FFFFFF00FFFF
310
FF00FFFFFF00FFFFFF00FFFFFF00FFFFFF00FFFFFF00FFFFFF00FFFFFF00FFFF
310
FF00FFFFFF00FFFFFF00FFFFFF00FFFFFF00FFFFFF00FFFFFF00FFFFFF00FFFF
310
FF00FFFFFF00FFFFFF00FFFFFF00FFFFFF00FFFFFF00FFFFFF00FFFFFF00FFFF
310
FF00FFFFFF00FFFFFF00FFFFFF00FFFFFF00FFFFFF00FFFFFF00FFFFFF00FFFF
310
FF00FFFFFF00FFFFFF00FFFFFF00FFFFFF00FFFFFF00FFFFFF00FFFFFF00FFFF
310
FF00FFFFFF00FFFFFF00FFFFFF00FFFFFF00FFFFFF00FFFFFF00FFFFFF00FFFF
310
FF00FFFFFF00FFFFFF00FFFFFF00FFFFFF00FFFFFF00FFFFFF00FFFFFF00FFFF
310
FF00FFFFFF00FFFFFF00FFFFFF00FFFFFF00FFFFFF00FFFFFF00FFFFFF00FFFF
310
FF00FFFFFF00FFFFFF00FFFFFF00FFFFFF00FFFFFF00FFFFFF00FFFFFF00FFFF
310
FF00FFFFFF00FFFFFF00FFFFFF00FFFFFF00FFFFFF00FFFFFF00FFFFFF00FFFF
310
FF00FFFFFF00FFFFFF00FFFFFF00FFFFFF00FFFFFF00FFFFFF00FFFFFF00FFFF
310
FF00FFFFFF00FFFFFF00FFFFFF00FFFFFF00FFFFFF00FFFFFF00FFFFFF00FFFF
310
FF00FFFFFF00FFFFFF00FFFFFF00FFFFFF00FFFFFF00FFFFFF00FFFFFF00FFFF
310
FF00FFFFFF00FFFFFF00FFFFFF00FFFFFF00FFFFFF00FFFFFF00FFFFFF00FFFF
310
FF00FFFFFF00FFFFFF00FFFFFF00FFFFFF00FFFFFF00FFFFFF00FFFFFF00FFFF
310
FF00FFFFFF00FFFFFF00FFFFFF00FFFFFF00FFFFFF00FFFFFF00FFFFFF00FFFF
310
FF00FFFFFF00FFFFFF00FFFFFF00FFFFFF00FFFFFF00FFFFFF00FFFFFF00FFFF
310
FF00FFFFFF00FFFFFF00FFFFFF00FFFFFF00FFFFFF00FFFFFF00FFFFFF00FFFF
310
FF00FFFFFF00FFFFFF00FFFFFF00FFFFFF00FFFFFF00FFFFFF00FFFFFF00FFFF
310
FF00FFFFFF00FFFFFF00FFFFFF00FFFFFF00FFFFFF00FFFFFF00FFFFFF00FFFF
310
FF00FFFFFF00FFFFFF00FFFFFF00FFFFFF00FFFFFF00FFFFFF00FFFFFF00FFFF
310
FF00FFFFFF00FFFFFF00FFFFFF00FFFFFF00FFFFFF00FFFFFF00FFFFFF00FFFF
310
FF00FFFFFF00FFFFFF00FFFFFF00FFFFFF00FFFFFF00FFFFFF00FFFFFF00FFFF
310
FF00FFFFFF00FFFFFF00FFFFFF00FFFFFF00FFFFFF00FFFFFF00FFFFFF00FFFF
310
FF00FFFFFF00FFFFFF00FFFFFF00FFFFFF00FFFFFF00FFFFFF00FFFFFF00FFFF
310
FF00FFFFFF00FFFFFF00FFFFFF00FFFFFF00FFFFFF00FFFFFF00FFFFFF00FFFF
310
FF00FFFFFF00FFFFFF00FFFFFF00FFFFFF00FFFFFF00FFFFFF00FFFFFF00FFFF
310
FF00FFFFFF00FFFFFF00FFFFFF00FFFFFF00FFFFFF00FFFFFF00FFFFFF00FFFF
310
FF00FFFFFF00FFFFFF00FFFFFF00FFFFFF00FFFFFF00FFFFFF00FFFFFF00FFFF
310
FF00FFFFFF00FFFFFF00FFFFFF00FFFFFF00FFFFFF00FFFFFF00FFFFFF00FFFF
310
FF00FFFFFF00FFFFFF00FFFFFF00FFFFFF00FFFFFF00FFFFFF00FFFFFF00FFFF
310
FF00FFFFFF00FFFFFF00FFFFFF00FFFFFF00FFFFFF00FFFFFF00FFFFFF00FFFF
310
FF00FFFFFF00FFFFFF00FFFFFF00FFFFFF00FFFFFF00FFFFFF00FFFFFF00FFFF
310
FF00FFFFFF00FFFFFF00FFFFFF00FFFFFF00FFFFFF00FFFFFF00FFFFFF00FFFF
310
FF00FFFFFF00FFFFFF00FFFFFF00FFFFFF00FFFFFF00FFFFFF00FFFFFF00FFFF
310
FF00FFFFFF00FFFFFF00FFFFFF00FFFFFF00FFFFFF00FFFFFF00FFFFFF00FFFF
310
FF00FFFFFF00FFFFFF00FFFFFF00FFFFFF00FFFFFF00FFFFFF00FFFFFF00FFFF
310
FF00FFFFFF00FFFFFF00FFFFFF00FFFFFF00FFFFFF00FFFFFF00FFFFFF00FFFF
310
FF00FFFFFF00FFFFFF00FFFFFF00FFFFFF00FFFFFF00FFFFFF00FFFFFF00FFFF
310
FF00FFFFFF00FFFFFF00FFFFFF00FFFFFF00FFFFFF00FFFFFF00FFFFFF00FFFF
310
FF00FFFFFF00FFFFFF00FFFFFF00FFFFFF00FFFFFF00FFFFFF00FFFFFF00FFFF
310
FF00FFFFFF00FFFFFF00FFFFFF00FFFFFF00FFFFFF00FFFFFF00FFFFFF00FFFF
310
FF00FFFFFF00FFFFFF00FFFFFF00FFFFFF00FFFFFF00FFFFFF00FFFFFF00FFFF
310
FF00FFFFFF00FFFFFF00FFFFFF00FFFFFF00FFFFFF00FFFFFF00FFFFFF00FFFF
310
FF00FFFFFF00FFFFFF00FFFFFF00FFFFFF00FFFFFF00FFFFFF00FFFFFF00FFFF
310
FF00FFFFFF00FFFFFF00FFFFFF00FFFFFF00FFFFFF00FFFFFF00FFFFFF00FFFF
310
FF00FFFFFF00FFFFFF00FFFFFF00FFFFFF00FFFFFF00FFFFFF00FFFFFF00FFFF
310
FF00FFFFFF00FFFFFF00FFFFFF00FFFFFF00FFFFFF00FFFFFF00FFFFFF00FFFF
310
FF00FFFFFF00FFFFFF00FFFFFF00FFFFFF00FFFFFF00FFFFFF00FFFFFF00FFFF
310
FF00FFFFFF00FFFFFF00FFFFFF00FFFFFF00FFFFFF00FFFFFF00FFFFFF00FFFF
310
FF00FFFFFF00FFFFFF00FFFFFF00FFFFFF00FFFFFF00FFFFFF00FFFFFF00FFFF
310
FF00FFFFFF00FFFFFF00FFFFFF00FFFFFF00FFFFFF00FFFFFF00FFFFFF00FFFF
310
FF00FFFFFF00FFFFFF00FFFFFF00FFFFFF00FFFFFF00FFFFFF00FFFFFF00FFFF
310
FF00FFFFFF00FFFFFF00FFFFFF00FFFFFF00FFFFFF00FFFFFF00FFFFFF00FFFF
310
FF00FFFFFF00FFFFFF00FFFFFF00FFFFFF00FFFFFF00FFFFFF00FFFFFF00FFFF
310
FF00FFFFFF00FFFFFF00FFFFFF00FFFFFF00FFFFFF00FFFFFF00FFFFFF00FFFF
310
FF00FFFFFF00FFFFFF00FFFFFF00FFFFFF00FFFFFF00FFFFFF00FFFFFF00FFFF
310
FF00FFFFFF00FFFFFF00FFFFFF00FFFFFF00FFFFFF00FFFFFF00FFFFFF00FFFF
310
FF00FFFFFF00FFFFFF00FFFFFF00FFFFFF00FFFFFF00FFFFFF00FFFFFF00FFFF
310
FF00FFFFFF00FFFFFF00FFFFFF00FFFFFF00FFFFFF00FFFFFF00FFFFFF00FFFF
310
FF00FFFFFF00FFFFFF00FFFFFF00FFFFFF00FFFFFF00FFFFFF00FFFFFF00FFFF
310
FF00FFFFFF00FFFFFF00FFFFFF00FFFFFF00FFFFFF00FFFFFF00FFFFFF00FFFF
310
FF00FFFFFF00FFFFFF00FFFFFF00FFFFFF00FFFFFF00FFFFFF00FFFFFF00FFFF
310
FF00FFFFFF00FFFFFF00FFFFFF00FFFFFF00FFFFFF00FFFFFF00FFFFFF00FFFF
310
FF00FFFFFF00FFFFFF00FFFFFF00FFFFFF00FFFFFF00FFFFFF00FFFFFF00FFFF
310
FF00FFFFFF00FFFFFF00FFFFFF00FFFFFF00FFFFFF00FFFFFF00FFFFFF00FFFF
310
FF00FFFFFF00FFFFFF00FFFFFF00FFFFFF00FFFFFF00FFFFFF00FFFFFF00FFFF
310
FF00FFFFFF00FFFFFF00FFFFFF00FFFFFF00FFFFFF00FFFFFF00FFFFFF00FFFF
310
FF00FFFFFF00FFFFFF00FFFFFF00FFFFFF00FFFFFF00FFFFFF00FFFFFF00FFFF
310
FF00FFFFFF00FFFFFF00FFFFFF00FFFFFF00FFFFFF00FFFFFF00FFFFFF00FFFF
310
FF00FFFFFF00FFFFFF00FFFFFF00FFFFFF00FFFFFF00FFFFFF00FFFFFF00FFFF
310
FF00FFFFFF00FFFFFF00FFFFFF00FFFFFF00FFFFFF00FFFFFF00FFFFFF00FFFF
310
FF00FFFFFF00FFFFFF00FFFFFF00FFFFFF00FFFFFF00FFFFFF00FFFFFF00FFFF
310
FF00FFFFFF00FFFFFF00FFFFFF00FFFFFF00FFFFFF00FFFFFF00FFFFFF00FFFF
310
FF00FFFFFF00FFFFFF00FFFFFF00FFFFFF00FFFFFF00FFFFFF00FFFFFF00FFFF
310
FF00FFFFFF00FFFFFF00FFFFFF00FFFFFF00FFFFFF00FFFFFF00FFFFFF00FFFF
310
FF00FFFFFF00FFFFFF00FFFFFF00FFFFFF00FFFFFF00FFFFFF00FFFFFF00FFFF
310
FF00FFFFFF00FFFFFF00FFFFFF00FFFFFF00FFFFFF00FFFFFF00FFFFFF00FFFF
310
FF00FFFFFF00FFFFFF00FFFFFF00FFFFFF00FFFFFF00FFFFFF00FFFFFF00FFFF
310
FF00FFFFFF00FFFFFF00FFFFFF00FFFFFF00FFFFFF00FFFFFF00FFFFFF00FFFF
310
FF00FFFFFF00FFFFFF00FFFFFF00FFFFFF00FFFFFF00FFFFFF00FFFFFF00FFFF
310
FF00FFFFFF00FFFFFF00FFFFFF00FFFFFF00FFFFFF00FFFFFF00FFFFFF00FFFF
310
FF00FFFFFF00FFFFFF00FFFFFF00FFFFFF00FFFFFF00FFFFFF00FFFFFF00FFFF
310
FF00FFFFFF00FFFFFF00FFFFFF00FFFFFF00FFFFFF00FFFFFF00FFFFFF00FFFF
310
FF00FFFFFF00FFFFFF00FFFFFF00FFFFFF00FFFFFF00FFFFFF00FFFFFF00FFFF
310
FF00FFFFFF00FFFFFF00FFFFFF00FFFFFF00FFFFFF00FFFFFF00FFFFFF00FFFF
310
FF00FFFFFF00FFFFFF00FFFFFF00FFFFFF00FFFFFF00FFFFFF00FFFFFF00FFFF
310
FF00FFFFFF00FFFFFF00FFFFFF00FFFFFF00FFFFFF00FFFFFF00FFFFFF00FFFF
310
FF00FFFFFF00FFFFFF00FFFFFF00FFFFFF00FFFFFF00FFFFFF00FFFFFF00FFFF
310
FF00FFFFFF00FFFFFF00FFFFFF00FFFFFF00FFFFFF00FFFFFF00FFFFFF00FFFF
310
FF00FFFFFF00FFFFFF00FFFFFF00FFFFFF00FFFFFF00FFFFFF00FFFFFF00FFFF
310
FF00FFFFFF00FFFFFF00FFFFFF00FFFFFF00FFFFFF00FFFFFF00FFFFFF00FFFF
310
FF00FFFFFF00FFFFFF00FFFFFF00FFFFFF00FFFFFF00FFFFFF00FFFFFF00FFFF
310
FF00FFFFFF00FFFFFF00FFFFFF00FFFFFF00FFFFFF00FFFFFF00FFFFFF00FFFF
310
FF00FFFFFF00FFFFFF00FFFFFF00FFFFFF00FFFFFF00FFFFFF00FFFFFF00FFFF
310
FF00FFFFFF00FFFFFF00FFFFFF00FFFFFF00FFFFFF00FFFFFF00FFFFFF00FFFF
310
FF00FFFFFF00FFFFFF00FFFFFF00FFFFFF00FFFFFF00FFFFFF00FFFFFF00FFFF
310
FF00FFFFFF00FFFFFF00FFFFFF00FFFFFF00FFFFFF00FFFFFF00FFFFFF00FFFF
310
FF00FFFFFF00FFFFFF00FFFFFF00FFFFFF00FFFFFF00FFFFFF00FFFFFF00FFFF
310
FF00FFFFFF00FFFFFF00FFFFFF00FFFFFF00FFFFFF00FFFFFF00FFFFFF00FFFF
310
FF00FFFFFF00FFFFFF00FFFFFF00FFFFFF00FFFFFF00FFFFFF00FFFFFF00FFFF
310
FF00FFFFFF00FFFFFF00FFFFFF00FFFFFF00FFFFFF00FFFFFF00FFFFFF00FFFF
310
FF00FFFFFF00FFFFFF00FFFFFF00FFFFFF00FFFFFF00FFFFFF00FFFFFF00FFFF
310
FF00FFFFFF00FFFFFF00FFFFFF00FFFFFF00FFFFFF00FFFFFF00FFFFFF00FFFF
310
FF00FFFFFF00FFFFFF00FFFFFF00FFFFFF00FFFFFF00FFFFFF00FFFFFF00FFFF
310
FF00FFFFFF00FFFFFF00FFFFFF00FFFFFF00FFFFFF00FFFFFF00FFFFFF00FFFF
310
FF00FFFFFF00FFFFFF00FFFFFF00FFFFFF00FFFFFF00FFFFFF00FFFFFF00FFFF
310
FF00FFFFFF00FFFFFF00FFFFFF00FFFFFF00FFFFFF00FFFFFF00FFFFFF00FFFF
310
FF00FFFFFF00FFFFFF00FFFFFF00FFFFFF00FFFFFF00FFFFFF00FFFFFF00FFFF
310
FF00FFFFFF00FFFFFF00FFFFFF00FFFFFF00FFFFFF00FFFFFF00FFFFFF00FFFF
310
FF00FFFFFF00FFFFFF00FFFFFF00FFFFFF00FFFFFF00FFFFFF00FFFFFF00FFFF
310
FF00FFFFFF00FFFFFF00FFFFFF00FFFFFF00FFFFFF00FFFFFF00FFFFFF00FFFF
310
FF00FFFFFF00FFFFFF00FFFFFF00FFFFFF00FFFFFF00FFFFFF00FFFFFF00FFFF
310
FF00FFFFFF00FFFFFF00FFFFFF00FFFFFF00FFFFFF00FFFFFF00FFFFFF00FFFF
310
FF00FFFFFF00FFFFFF00FFFFFF00FFFFFF00FFFFFF00FFFFFF00FFFFFF00FFFF
310
FF00FFFFFF00FFFFFF00FFFFFF00FFFFFF00FFFFFF00FFFFFF00FFFFFF00FFFF
310
FF00FFFFFF00FFFFFF00FFFFFF00FFFFFF00FFFFFF00FFFFFF00FFFFFF00FFFF
310
FF00FFFFFF00FFFFFF00FFFFFF00FFFFFF00FFFFFF00FFFFFF00FFFFFF00FFFF
310
FF00FFFFFF00FFFFFF00FFFFFF00FFFFFF00FFFFFF00FFFFFF00FFFFFF00FFFF
310
FF00FFFFFF00FFFFFF00FFFFFF00FFFFFF00FFFFFF00FFFFFF00FFFFFF00FFFF
310
FF00FFFFFF00FFFFFF00FFFFFF00FFFFFF00FFFFFF00FFFFFF00FFFFFF00FFFF
310
FF00FFFFFF00FFFFFF00FFFFFF00FFFFFF00FFFFFF00FFFFFF00FFFFFF00FFFF
310
FF00FFFFFF00FFFFFF00FFFFFF00FFFFFF00FFFFFF00FFFFFF00FFFFFF00FFFF
310
FF00FFFFFF00FFFFFF00FFFFFF00FFFFFF00FFFFFF00FFFFFF00FFFFFF00FFFF
310
FF00FFFFFF00FFFFFF00FFFFFF00FFFFFF00FFFFFF00FFFFFF00FFFFFF00FFFF
310
FF00FFFFFF00FFFFFF00FFFFFF00FFFFFF00FFFFFF00FFFFFF00FFFFFF00FFFF
310
FF00FFFFFF00FFFFFF00FFFFFF00FFFFFF00FFFFFF00FFFFFF00FFFFFF00FFFF
310
FF00FFFFFF00FFFFFF00FFFFFF00FFFFFF00FFFFFF00FFFFFF00FFFFFF00FFFF
310
FF00FFFFFF00FFFFFF00FFFFFF00FFFFFF00FFFFFF00FFFFFF00FFFFFF00FFFF
310
FF00FFFFFF00FFFFFF00FFFFFF00FFFFFF00FFFFFF00FFFFFF00FFFFFF00FFFF
310
FF00FFFFFF00FFFFFF00FFFFFF00FFFFFF00FFFFFF00FFFFFF00FFFFFF00FFFF
310
FF00FFFFFF00FFFFFF00FFFFFF00FFFFFF00FFFFFF00FFFFFF00FFFFFF00FFFF
310
FF00FFFFFF00FFFFFF00FFFFFF00FFFFFF00FFFFFF00FFFFFF00FFFFFF00FFFF
310
FF00FFFFFF00FFFFFF00FFFFFF00FFFFFF00FFFFFF00FFFFFF00FFFFFF00FFFF
310
FF00FFFFFF00FFFFFF00FFFFFF00FFFFFF00FFFFFF00FFFFFF00FFFFFF00FFFF
310
FF00FFFFFF00FFFFFF00FFFFFF00FFFFFF00FFFFFF00FFFFFF00FFFFFF00FFFF
310
FF00FFFFFF00FFFFFF00FFFFFF00FFFFFF00FFFFFF00FFFFFF00FFFFFF00FFFF
310
FF00FFFFFF00FFFFFF00FFFFFF00FFFFFF00FFFFFF00FFFFFF00FFFFFF00FFFF
310
FF00FFFFFF00FFFFFF00FFFFFF00FFFFFF00FFFFFF00FFFFFF00FFFFFF00FFFF
310
FF00FFFFFF00FFFFFF00FFFFFF00FFFFFF00FFFFFF00FFFFFF00FFFFFF00FFFF
310
FF00FFFFFF00FFFFFF00FFFFFF00FFFFFF00FFFFFF00FFFFFF00FFFFFF00FFFF
310
FF00FFFFFF00FFFFFF00FFFFFF00FFFFFF00FFFFFF00FFFFFF00FFFFFF00FFFF
310
FF00FFFFFF00FFFFFF00FFFFFF00FFFFFF00FFFFFF00FFFFFF00FFFFFF00FFFF
310
FF00FFFFFF00FFFFFF00FFFFFF00FFFFFF00FFFFFF00FFFFFF00FFFFFF00FFFF
310
FF00FFFFFF00FFFFFF00FFFFFF00FFFFFF00FFFFFF00FFFFFF00FFFFFF00FFFF
310
FF00FFFFFF00FFFFFF00FFFFFF00FFFFFF00FFFFFF00FFFFFF00FFFFFF00FFFF
310
FF00FFFFFF00FFFFFF00FFFFFF00FFFFFF00FFFFFF00FFFFFF00FFFFFF00FFFF
310
FF00FFFFFF00FFFFFF00FFFFFF00FFFFFF00FFFFFF00FFFFFF00FFFFFF00FFFF
310
FF00FFFFFF00FFFFFF00FFFFFF00FFFFFF00FFFFFF00FFFFFF00FFFFFF00FFFF
310
FF00FFFFFF00FFFFFF00FFFFFF00FFFFFF00FFFFFF00FFFFFF00FFFFFF00FFFF
310
FF00FFFFFF00FFFFFF00FFFFFF00FFFFFF00FFFFFF00FFFFFF00FFFFFF00FFFF
310
FF00FFFFFF00FFFFFF00FFFFFF00FFFFFF00FFFFFF00FFFFFF00FFFFFF00FFFF
310
FF00FFFFFF00FFFFFF00FFFFFF00FFFFFF00FFFFFF00FFFFFF00FFFFFF00FFFF
310
FF00FFFFFF00FFFFFF00FFFFFF00FFFFFF00FFFFFF00FFFFFF00FFFFFF00FFFF
310
FF00FFFFFF00FFFFFF00FFFFFF00FFFFFF00FFFFFF00FFFFFF00FFFFFF00FFFF
310
FF00FFFFFF00FFFFFF00FFFFFF00FFFFFF00FFFFFF00FFFFFF00FFFFFF00FFFF
310
FF00FFFFFF00FFFFFF00FFFFFF00FFFFFF00FFFFFF00FFFFFF00FFFFFF00FFFF
310
FF00FFFFFF00FFFFFF00FFFFFF00FFFFFF00FFFFFF00FFFFFF00FFFFFF00FFFF
310
FF00FFFFFF00FFFFFF00FFFFFF00FFFFFF00FFFFFF00FFFFFF00FFFFFF00FFFF
310
FF00FFFFFF00FFFFFF00FFFFFF00FFFFFF00FFFFFF00FFFFFF00FFFFFF00FFFF
310
FF00FFFFFF00FFFFFF00FFFFFF00FFFFFF00FFFFFF00FFFFFF00FFFFFF00FFFF
310
FF00FFFFFF00FFFFFF00FFFFFF00FFFFFF00FFFFFF00FFFFFF00FFFFFF00FFFF
310
FF00FFFFFF00FFFFFF00FFFFFF00FFFFFF00FFFFFF00FFFFFF00FFFFFF00FFFF
310
FF00FFFFFF00FFFFFF00FFFFFF00FFFFFF00FFFFFF00FFFFFF00FFFFFF00FFFF
310
FF00FFFFFF00FFFFFF00FFFFFF00FFFFFF00FFFFFF00FFFFFF00FFFFFF00FFFF
310
FF00FFFFFF00FFFFFF00FFFFFF00FFFFFF00FFFFFF00FFFFFF00FFFFFF00FFFF
310
FF00FFFFFF00FFFFFF00FFFFFF00FFFFFF00FFFFFF00FFFFFF00FFFFFF00FFFF
310
FF00FFFFFF00FFFFFF00FFFFFF00FFFFFF00FFFFFF00FFFFFF00FFFFFF00FFFF
310
FF00FFFFFF00FFFFFF00FFFFFF00FFFFFF00FFFFFF00FFFFFF00FFFFFF00FFFF
310
FF00FFFFFF00FFFFFF00FFFFFF00FFFFFF00FFFFFF00FFFFFF00FFFFFF00FFFF
310
FF00FFFFFF00FFFFFF00FFFFFF00FFFFFF00FFFFFF00FFFFFF00FFFFFF00FFFF
310
FF00FFFFFF00FFFFFF00FFFFFF00FFFFFF00FFFFFF00FFFFFF00FFFFFF00FFFF
310
FF00FFFFFF00FFFFFF00FFFFFF00FFFFFF00FFFFFF00FFFFFF00FFFFFF00FFFF
310
FF00FFFFFF00FFFFFF00FFFFFF00FFFFFF00FFFFFF00FFFFFF00FFFFFF00FFFF
310
FF00FFFFFF00FFFFFF00FFFFFF00FFFFFF00FFFFFF00FFFFFF00FFFFFF00FFFF
310
FF00FFFFFF00FFFFFF00FFFFFF00FFFFFF00FFFFFF00FFFFFF00FFFFFF00FFFF
310
FF00FFFFFF00FFFFFF00FFFFFF00FFFFFF00FFFFFF00FFFFFF00FFFFFF00FFFF
310
FF00FFFFFF00FFFFFF00FFFFFF00FFFFFF00FFFFFF00FFFFFF00FFFFFF00FFFF
310
FF00FFFFFF00FFFFFF00FFFFFF00FFFFFF00FFFFFF00FFFFFF00FFFFFF00FFFF
310
FF00FFFFFF00FFFFFF00FFFFFF00FFFFFF00FFFFFF00FFFFFF00FFFFFF00FFFF
310
FF00FFFFFF00FFFFFF00FFFFFF00FFFFFF00FFFFFF00FFFFFF00FFFFFF00FFFF
310
FF00FFFFFF00FFFFFF00FFFFFF00FFFFFF00FFFFFF00FFFFFF00FFFFFF00FFFF
310
FF00FFFFFF00FFFFFF00FFFFFF00FFFFFF00FFFFFF00FFFFFF00FFFFFF00FFFF
310
FF00FFFFFF00FFFFFF00FFFFFF00FFFFFF00FFFFFF00FFFFFF00FFFFFF00FFFF
310
FF00FFFFFF00FFFFFF00FFFFFF00FFFFFF00FFFFFF00FFFFFF00FFFFFF00FFFF
310
FF00FFFFFF00FFFFFF00FFFFFF00FFFFFF00FFFFFF00FFFFFF00FFFFFF00FFFF
310
FF00FFFFFF00FFFFFF00FFFFFF00FFFFFF00FFFFFF00FFFFFF00FFFFFF00FFFF
310
FF00FFFFFF00FFFFFF00FFFFFF00FFFFFF00FFFFFF00FFFFFF00FFFFFF00FFFF
310
FF00FFFFFF00FFFFFF00FFFFFF00FFFFFF00FFFFFF00FFFFFF00FFFFFF00FFFF
310
FF00FFFFFF00FFFFFF00FFFFFF00FFFFFF00FFFFFF00FFFFFF00FFFFFF00FFFF
310
FF00FFFFFF00FFFFFF00FFFFFF00FFFFFF00FFFFFF00FFFFFF00FFFFFF00FFFF
310
FF00FFFFFF00FFFFFF00FFFFFF00FFFFFF00FFFFFF00FFFFFF00FFFFFF00FFFF
310
FF00FFFFFF00FFFFFF00FFFFFF00FFFFFF00FFFFFF00FFFFFF00FFFFFF00FFFF
310
FF00FFFFFF00FFFFFF00FFFFFF00FFFFFF00FFFFFF00FFFFFF00FFFFFF00FFFF
310
FF00FFFFFF00FFFFFF00FFFFFF00FFFFFF00FFFFFF00FFFFFF00FFFFFF00FFFF
310
FF00FFFFFF00FFFFFF00FFFFFF00FFFFFF00FFFFFF00FFFFFF00FFFFFF00FFFF
310
FF00FFFFFF00FFFFFF00FFFFFF00FFFFFF00FFFFFF00FFFFFF00FFFFFF00FFFF
310
FF00FFFFFF00FFFFFF00FFFFFF00FFFFFF00FFFFFF00FFFFFF00FFFFFF00FFFF
310
FF00FFFFFF00FFFFFF00FFFFFF00FFFFFF00FFFFFF00FFFFFF00FFFFFF00FFFF
310
FF00FFFFFF00FFFFFF00FFFFFF00FFFFFF00FFFFFF00FFFFFF00FFFFFF00FFFF
310
FF00FFFFFF00FFFFFF00FFFFFF00FFFFFF00FFFFFF00FFFFFF00FFFFFF00FFFF
310
FF00FFFFFF00FFFFFF00FFFFFF00FFFFFF00FFFFFF00FFFFFF00FFFFFF00FFFF
310
FF00FFFFFF00FFFFFF00FFFFFF00FFFFFF00FFFFFF00FFFFFF00FFFFFF00FFFF
310
FF00FFFFFF00FFFFFF00FFFFFF00FFFFFF00FFFFFF00FFFFFF00FFFFFF00FFFF
310
FF00FFFFFF00FFFFFF00FFFFFF00FFFFFF00FFFFFF00FFFFFF00FFFFFF00FFFF
310
FF00FFFFFF00FFFFFF00FFFFFF00FFFFFF00FFFFFF00FFFFFF00FFFFFF00FFFF
310
FF00FFFFFF00FFFFFF00FFFFFF00FFFFFF00FFFFFF00FFFFFF00FFFFFF00FFFF
310
FF00FFFFFF00FFFFFF00FFFFFF00FFFFFF00FFFFFF00FFFFFF00FFFFFF00FFFF
310
FF00FFFFFF00FFFFFF00FFFFFF00FFFFFF00FFFFFF00FFFFFF00FFFFFF00FFFF
310
FF00FFFFFF00FFFFFF00FFFFFF00FFFFFF00FFFFFF00FFFFFF00FFFFFF00FFFF
310
FF00FFFFFF00FFFFFF00FFFFFF00FFFFFF00FFFFFF00FFFFFF00FFFFFF00FFFF
310
FF00FFFFFF00FFFFFF00FFFFFF00FFFFFF00FFFFFF00FFFFFF00FFFFFF00FFFF
310
FF00FFFFFF00FFFFFF00FFFFFF00FFFFFF00FFFFFF00FFFFFF00FFFFFF00FFFF
310
FF00FFFFFF00FFFFFF00FFFFFF00FFFFFF00FFFFFF00FFFFFF00FFFFFF00FFFF
310
FF00FFFFFF00FFFFFF00FFFFFF00FFFFFF00FFFFFF00FFFFFF00FFFFFF00FFFF
310
FF00FFFFFF00FFFFFF00FFFFFF00FFFFFF00FFFFFF00FFFFFF00FFFFFF00FFFF
310
FF00FFFFFF00FFFFFF00FFFFFF00FFFFFF00FFFFFF00FFFFFF00FFFFFF00FFFF
310
FF00FFFFFF00FFFFFF00FFFFFF00FFFFFF00FFFFFF00FFFFFF00FFFFFF00FFFF
310
FF00FFFFFF00FFFFFF00FFFFFF00FFFFFF00FFFFFF00FFFFFF00FFFFFF00FFFF
310
FF00FFFFFF00FFFFFF00FFFFFF00FFFFFF00FFFFFF00FFFFFF00FFFFFF00FFFF
310
FF00FFFFFF00FFFFFF00FFFFFF00FFFFFF00FFFFFF00FFFFFF00FFFFFF00FFFF
310
FF00FFFFFF00FFFFFF00FFFFFF00FFFFFF00FFFFFF00FFFFFF00FFFFFF00FFFF
310
FF00FFFFFF00FFFFFF00FFFFFF00FFFFFF00FFFFFF00FFFFFF00FFFFFF00FFFF
310
FF00FFFFFF00FFFFFF00FFFFFF00FFFFFF00FFFFFF00FFFFFF00FFFFFF00FFFF
310
FF00FFFFFF00FFFFFF00FFFFFF00FFFFFF00FFFFFF00FFFFFF00FFFFFF00FFFF
310
FF00FFFFFF00FFFFFF00FFFFFF00FFFFFF00FFFFFF00FFFFFF00FFFFFF00FFFF
310
FF00FFFFFF00FFFFFF00FFFFFF00FFFFFF00FFFFFF00FFFFFF00FFFFFF00FFFF
310
FF00FFFFFF00FFFFFF00FFFFFF00FFFFFF00FFFFFF00FFFFFF00FFFFFF00FFFF
310
FF00FFFFFF00FFFFFF00FFFFFF00FFFFFF00FFFFFF00FFFFFF00FFFFFF00FFFF
310
FF00FFFFFF00FFFFFF00FFFFFF00FFFFFF00FFFFFF00FFFFFF00FFFFFF00FFFF
310
FF00FFFFFF00FFFFFF00FFFFFF00FFFFFF00FFFFFF00FFFFFF00FFFFFF00FFFF
310
FF00FFFFFF00FFFFFF00FFFFFF00FFFFFF00FFFFFF00FFFFFF00FFFFFF00FFFF
310
FF00FFFFFF00FFFFFF00FFFFFF00FFFFFF00FFFFFF00FFFFFF00FFFFFF00FFFF
310
FF00FFFFFF00FFFFFF00FFFFFF00FFFFFF00FFFFFF00FFFFFF00FFFFFF00FFFF
310
FF00FFFFFF00FFFFFF00FFFFFF00FFFFFF00FFFFFF00FFFFFF00FFFFFF00FFFF
310
FF00FFFFFF00FFFFFF00FFFFFF00FFFFFF00FFFFFF00FFFFFF00FFFFFF00FFFF
310
FF00FFFFFF00FFFFFF00FFFFFF00FFFFFF00FFFFFF00FFFFFF00FFFFFF00FFFF
310
FF00FFFFFF00FFFFFF00FFFFFF00FFFFFF00FFFFFF00FFFFFF00FFFFFF00FFFF
310
FF00FFFFFF00FFFFFF00FFFFFF00FFFFFF00FFFFFF00FFFFFF00FFFFFF00FFFF
310
FF00FFFFFF00FFFFFF00FFFFFF00FFFFFF00FFFFFF00FFFFFF00FFFFFF00FFFF
310
FF00FFFFFF00FFFFFF00FFFFFF00FFFFFF00FFFFFF00FFFFFF00FFFFFF00FFFF
310
FF00FFFFFF00FFFFFF00FFFFFF00FFFFFF00FFFFFF00FFFFFF00FFFFFF00FFFF
310
FF00FFFFFF00FFFFFF00FFFFFF00FFFFFF00FFFFFF00FFFFFF00FFFFFF00FFFF
310
FF00FFFFFF00FFFFFF00FFFFFF00FFFFFF00FFFFFF00FFFFFF00FFFFFF00FFFF
310
FF00FFFFFF00FFFFFF00FFFFFF00FFFFFF00FFFFFF00FFFFFF00FFFFFF00FFFF
310
FF00FFFFFF00FFFFFF00FFFFFF00FFFFFF00FFFFFF00FFFFFF00FFFFFF00FFFF
310
FF00FFFFFF00FFFFFF00FFFFFF00FFFFFF00FFFFFF00FFFFFF00FFFFFF00FFFF
310
FF00FFFFFF00FFFFFF00FFFFFF00FFFFFF00FFFFFF00FFFFFF00FFFFFF00FFFF
310
FF00FFFFFF00FFFFFF00FFFFFF00FFFFFF00FFFFFF00FFFFFF00FFFFFF00FFFF
310
FF00FFFFFF00FFFFFF00FFFFFF00FFFFFF00FFFFFF00FFFFFF00FFFFFF00FFFF
310
FF00FFFFFF00FFFFFF00FFFFFF00FFFFFF00FFFFFF00FFFFFF00FFFFFF00FFFF
310
FF00FFFFFF00FFFFFF00FFFFFF00FFFFFF00FFFFFF00FFFFFF00FFFFFF00FFFF
310
FF00FFFFFF00FFFFFF00FFFFFF00FFFFFF00FFFFFF00FFFFFF00FFFFFF00FFFF
310
FF00FFFFFF00FFFFFF00FFFFFF00FFFFFF00FFFFFF00FFFFFF00FFFFFF00FFFF
310
FF00FFFFFF00FFFFFF00FFFFFF00FFFFFF00FFFFFF00FFFFFF00FFFFFF00FFFF
310
FF00FFFFFF00FFFFFF00FFFFFF00FFFFFF00FFFFFF00FFFFFF00FFFFFF00FFFF
310
FF00FFFFFF00FFFFFF00FFFFFF00FFFFFF00FFFFFF00FFFFFF00FFFFFF00FFFF
310
FF00FFFFFF00FFFFFF00FFFFFF00FFFFFF00FFFFFF00FFFFFF00FFFFFF00FFFF
310
FF00FFFFFF00FFFFFF00FFFFFF00FFFFFF00FFFFFF00FFFFFF00FFFFFF00FFFF
310
FF00FFFFFF00FFFFFF00FFFFFF00FFFFFF00FFFFFF00FFFFFF00FFFFFF00FFFF
310
FF00FFFFFF00FFFFFF00FFFFFF00FFFFFF00FFFFFF00FFFFFF00FFFFFF00FFFF
310
FF00FFFFFF00FFFFFF00FFFFFF00FFFFFF00FFFFFF00FFFFFF00FFFFFF00FFFF
310
FF00FFFFFF00FFFFFF00FFFFFF00FFFFFF00FFFFFF00FFFFFF00FFFFFF00FFFF
310
FF00FFFFFF00FFFFFF00FFFFFF00FFFFFF00FFFFFF00FFFFFF00FFFFFF00FFFF
310
FF00FFFFFF00FFFFFF00FFFFFF00FFFFFF00FFFFFF00FFFFFF00FFFFFF00FFFF
310
FF00FFFFFF00FFFFFF00FFFFFF00FFFFFF00FFFFFF00FFFFFF00FFFFFF00FFFF
310
FF00FFFFFF00FFFFFF00FFFFFF00FFFFFF00FFFFFF00FFFFFF00FFFFFF00FFFF
310
FF00FFFFFF00FFFFFF00FFFFFF00FFFFFF00FFFFFF00FFFFFF00FFFFFF00FFFF
310
FF00FFFFFF00FFFFFF00FFFFFF00FFFFFF00FFFFFF00FFFFFF00FFFFFF00FFFF
310
FF00FFFFFF00FFFFFF00FFFFFF00FFFFFF00FFFFFF00FFFFFF00FFFFFF00FFFF
310
FF00FFFFFF00FFFFFF00FFFFFF00FFFFFF00FFFFFF00FFFFFF00FFFFFF00FFFF
310
FF00FFFFFF00FFFFFF00FFFFFF00FFFFFF00FFFFFF00FFFFFF00FFFFFF00FFFF
310
FF00FFFFFF00FFFFFF00FFFFFF00FFFFFF00FFFFFF00FFFFFF00FFFFFF00FFFF
310
FF00FFFFFF00FFFFFF00FFFFFF00FFFFFF00FFFFFF00FFFFFF00FFFFFF00FFFF
310
FF00FFFFFF00FFFFFF00FFFFFF00FFFFFF00FFFFFF00FFFFFF00FFFFFF00FFFF
310
FF00FFFFFF00FFFFFF00FFFFFF00FFFFFF00FFFFFF00FFFFFF00FFFFFF00FFFF
310
FF00FFFFFF00FFFFFF00FFFFFF00FFFFFF00FFFFFF00FFFFFF00FFFFFF00FFFF
310
FF00FFFFFF00FFFFFF00FFFFFF00FFFFFF00FFFFFF00FFFFFF00FFFFFF00FFFF
310
FF00FFFFFF00FFFFFF00FFFFFF00FFFFFF00FFFFFF00FFFFFF00FFFFFF00FFFF
310
FF00FFFFFF00FFFFFF00FFFFFF00FFFFFF00FFFFFF00FFFFFF00FFFFFF00FFFF
310
FF00FFFFFF00FFFFFF00FFFFFF00FFFFFF0000000000FFFFFF00FFFFFF00FFFF
310
FF00FFFFFF00FFFFFF00FFFFFF00FFFFFF00FFFFFF00FFFFFF00FFFFFF00FFFF
310
FF00FFFFFF00FFFFFF00FFFFFF00FFFFFF00FFFFFF00FFFFFF00FFFFFF00FFFF
310
FF00FFFFFF00FFFFFF00FFFFFF00FFFFFF00FFFFFF00FFFFFF00FFFFFF00FFFF
310
FF00FFFFFF00FFFFFF00FFFFFF00FFFFFF00FFFFFF00FFFFFF00FFFFFF00FFFF
310
FF00FFFFFF00FFFFFF00FFFFFF00FFFFFF00FFFFFF00FFFFFF00FFFFFF00FFFF
310
FF00FFFFFF00FFFFFF00FFFFFF00FFFFFF00FFFFFF00FFFFFF00FFFFFF00FFFF
310
FF00FFFFFF00FFFFFF00FFFFFF00FFFFFF00FFFFFF00FFFFFF00FFFFFF00FFFF
310
FF00FFFFFF00FFFFFF00FFFFFF00FFFFFF00FFFFFF00FFFFFF00FFFFFF00FFFF
310
FF00FFFFFF00FFFFFF00FFFFFF00FFFFFF00FFFFFF00FFFFFF00FFFFFF00FFFF
310
FF00FFFFFF00FFFFFF00FFFFFF00FFFFFF00FFFFFF00FFFFFF00FFFFFF00FFFF
310
FF00FFFFFF00FFFFFF00FFFFFF00FFFFFF00FFFFFF00FFFFFF00FFFFFF00FFFF
310
FF00FFFFFF00FFFFFF00FFFFFF00FFFFFF00FFFFFF00FFFFFF00FFFFFF00FFFF
310
FF00FFFFFF00FFFFFF00FFFFFF00FFFFFF00FFFFFF00FFFFFF00FFFFFF00FFFF
310
FF00FFFFFF00FFFFFF00FFFFFF00FFFFFF00FFFFFF00FFFFFF00FFFFFF00FFFF
310
FF00FFFFFF00FFFFFF00FFFFFF00FFFFFF00FFFFFF00FFFFFF00FFFFFF00FFFF
310
FF00FFFFFF00FFFFFF00FFFFFF00FFFFFF00FFFFFF00FFFFFF00FFFFFF00FFFF
310
FF00FFFFFF00FFFFFF00FFFFFF00FFFFFF00FFFFFF00FFFFFF00FFFFFF00FFFF
310
FF00FFFFFF00FFFFFF00FFFFFF00FFFFFF00FFFFFF00FFFFFF00FFFFFF00FFFF
310
FF00FFFFFF00FFFFFF00FFFFFF00FFFFFF00FFFFFF00FFFFFF00FFFFFF00FFFF
310
FF00FFFFFF00FFFFFF00FFFFFF00FFFFFF00FFFFFF00FFFFFF00FFFFFF00FFFF
310
FF00FFFFFF00FFFFFF00FFFFFF00FFFFFF00FFFFFF00FFFFFF00FFFFFF00FFFF
310
FF00FFFFFF00FFFFFF00FFFFFF00FFFFFF00FFFFFF00FFFFFF00FFFFFF00FFFF
310
FF00FFFFFF00FFFFFF00FFFFFF00FFFFFF00FFFFFF00FFFFFF00FFFFFF00FFFF
310
FF00FFFFFF00FFFFFF00FFFFFF00FFFFFF00FFFFFF00FFFFFF00FFFFFF00FFFF
310
FF00FFFFFF00FFFFFF00FFFFFF00FFFFFF00FFFFFF00FFFFFF00FFFFFF00FFFF
310
FF00FFFFFF00FFFFFF00FFFFFF00FFFFFF00FFFFFF00FFFFFF00FFFFFF00FFFF
310
FF00FFFFFF00FFFFFF00FFFFFF00FFFFFF00FFFFFF00FFFFFF00FFFFFF00FFFF
310
FF00FFFFFF00FFFFFF00FFFFFF0000000000FFFFFF00FFFFFF00FFFFFF00FFFF
310
FF00FFFFFF00FFFFFF00FFFFFF00FFFFFF00FFFFFF00FFFFFF00FFFFFF00FFFF
310
FF00FFFFFF00FFFFFF00FFFFFF00FFFFFF00FFFFFF00FFFFFF00FFFFFF00FFFF
310
FF00FFFFFF00FFFFFF00FFFFFF00FFFFFF00FFFFFF00FFFFFF00FFFFFF00FFFF
310
FF00FFFFFF00FFFFFF00FFFFFF00FFFFFF00FFFFFF00FFFFFF00FFFFFF00FFFF
310
FF00FFFFFF00FFFFFF00FFFFFF00FFFFFF00FFFFFF00FFFFFF00FFFFFF00FFFF
310
FF00FFFFFF00FFFFFF00FFFFFF00FFFFFF00FFFFFF00FFFFFF00FFFFFF00FFFF
310
FF00FFFFFF00FFFFFF00FFFFFF00FFFFFF00FFFFFF00FFFFFF00FFFFFF00FFFF
310
FF00FFFFFF00FFFFFF00FFFFFF00FFFFFF00FFFFFF00FFFFFF00FFFFFF00FFFF
310
FF00FFFFFF00FFFFFF00FFFFFF00FFFFFF00FFFFFF00FFFFFF00FFFFFF00FFFF
310
FF00FFFFFF00FFFFFF00FFFFFF00FFFFFF00FFFFFF00FFFFFF00FFFFFF00FFFF
310
FF00FFFFFF00FFFFFF00FFFFFF00FFFFFF00FFFFFF00FFFFFF00FFFFFF00FFFF
310
FF00FFFFFF00FFFFFF00FFFFFF00FFFFFF00FFFFFF00FFFFFF00FFFFFF00FFFF
310
FF00FFFFFF00FFFFFF00FFFFFF00FFFFFF00FFFFFF00FFFFFF00FFFFFF00FFFF
310
FF00FFFFFF00FFFFFF00FFFFFF00FFFFFF00FFFFFF00FFFFFF00FFFFFF00FFFF
310
FF00FFFFFF00FFFFFF00FFFFFF00FFFFFF00FFFFFF00FFFFFF00FFFFFF00FFFF
310
FF00FFFFFF00FFFFFF00FFFFFF00FFFFFF00FFFFFF00FFFFFF00FFFFFF00FFFF
310
FF00FFFFFF00FFFFFF00FFFFFF00FFFFFF00FFFFFF00FFFFFF00FFFFFF00FFFF
310
FF00FFFFFF00FFFFFF00FFFFFF00FFFFFF00FFFFFF00FFFFFF00FFFFFF00FFFF
310
FF00FFFFFF00FFFFFF00FFFFFF00FFFFFF00FFFFFF00FFFFFF00FFFFFF00FFFF
310
FF00FFFFFF00FFFFFF00FFFFFF00FFFFFF00FFFFFF00FFFFFF00FFFFFF00FFFF
310
FF00FFFFFF00FFFFFF00FFFFFF00FFFFFF00FFFFFF00FFFFFF00FFFFFF00FFFF
310
FF00FFFFFF00FFFFFF00FFFFFF00FFFFFF00FFFFFF00FFFFFF00FFFFFF00FFFF
310
FF00FFFFFF00FFFFFF00FFFFFF00FFFFFF00FFFFFF00FFFFFF00FFFFFF00FFFF
310
FF00FFFFFF00FFFFFF00FFFFFF00FFFFFF00FFFFFF00FFFFFF00FFFFFF00FFFF
310
FF00FFFFFF00FFFFFF00FFFFFF00FFFFFF00FFFFFF00FFFFFF00FFFFFF00FFFF
310
FF00FFFFFF00FFFFFF00FFFFFF00FFFFFF00FFFFFF00FFFFFF00FFFFFF00FFFF
310
FF00FFFFFF00FFFFFF00FFFFFF00FFFFFF00FFFFFF00FFFFFF00FFFFFF00FFFF
310
FF00FFFFFF00FFFFFF0000000000FFFFFF00FFFFFF00FFFFFF00FFFFFF00FFFF
310
FF00FFFFFF00FFFFFF00FFFFFF00FFFFFF00FFFFFF00FFFFFF00FFFFFF00FFFF
310
FF00FFFFFF00FFFFFF00FFFFFF00FFFFFF00FFFFFF00FFFFFF00FFFFFF00FFFF
310
FF00FFFFFF00FFFFFF00FFFFFF00FFFFFF00FFFFFF00FFFFFF00FFFFFF00FFFF
310
FF00FFFFFF00FFFFFF00FFFFFF00FFFFFF00FFFFFF00FFFFFF00FFFFFF00FFFF
310
FF00FFFFFF00FFFFFF00FFFFFF00FFFFFF00FFFFFF00FFFFFF00FFFFFF00FFFF
310
FF00FFFFFF00FFFFFF00FFFFFF00FFFFFF00FFFFFF00FFFFFF00FFFFFF00FFFF
310
FF00FFFFFF00FFFFFF00FFFFFF00FFFFFF00FFFFFF00FFFFFF00FFFFFF00FFFF
310
FF00FFFFFF00FFFFFF00FFFFFF00FFFFFF00FFFFFF00FFFFFF00FFFFFF00FFFF
310
FF00FFFFFF00FFFFFF00FFFFFF00FFFFFF00FFFFFF00FFFFFF00FFFFFF00FFFF
310
FF00FFFFFF00FFFFFF00FFFFFF00FFFFFF00FFFFFF00FFFFFF00FFFFFF00FFFF
310
FF00FFFFFF00FFFFFF00FFFFFF00FFFFFF00FFFFFF00FFFFFF00FFFFFF00FFFF
310
FF00FFFFFF00FFFFFF00FFFFFF00FFFFFF00FFFFFF00FFFFFF00FFFFFF00FFFF
310
FF00FFFFFF00FFFFFF00FFFFFF00FFFFFF00FFFFFF00FFFFFF00FFFFFF00FFFF
310
FF00FFFFFF00FFFFFF00FFFFFF00FFFFFF00FFFFFF00FFFFFF00FFFFFF00FFFF
310
FF00FFFFFF00FFFFFF00FFFFFF00FFFFFF00FFFFFF00FFFFFF00FFFFFF00FFFF
310
FF00FFFFFF00FFFFFF00FFFFFF00FFFFFF00FFFFFF00FFFFFF00FFFFFF00FFFF
310
FF00FFFFFF00FFFFFF00FFFFFF00FFFFFF00FFFFFF00FFFFFF00FFFFFF00FFFF
310
FF00FFFFFF00FFFFFF00FFFFFF00FFFFFF00FFFFFF00FFFFFF00FFFFFF00FFFF
310
FF00FFFFFF00FFFFFF00FFFFFF00FFFFFF00FFFFFF00FFFFFF00FFFFFF00FFFF
310
FF00FFFFFF00FFFFFF00FFFFFF00FFFFFF00FFFFFF00FFFFFF00FFFFFF00FFFF
310
FF00FFFFFF00FFFFFF00FFFFFF00FFFFFF00FFFFFF00FFFFFF00FFFFFF00FFFF
310
FF00FFFFFF00FFFFFF00FFFFFF00FFFFFF00FFFFFF00FFFFFF00FFFFFF00FFFF
310
FF00FFFFFF00FFFFFF00FFFFFF00FFFFFF00FFFFFF00FFFFFF00FFFFFF00FFFF
310
FF00FFFFFF00FFFFFF00FFFFFF00FFFFFF00FFFFFF00FFFFFF00FFFFFF00FFFF
310
FF00FFFFFF00FFFFFF00FFFFFF00FFFFFF00FFFFFF00FFFFFF00FFFFFF00FFFF
310
FF00FFFFFF00FFFFFF00FFFFFF00FFFFFF00FFFFFF00FFFFFF00FFFFFF00FFFF
310
FF00FFFFFF00FFFFFF00FFFFFF00FFFFFF00FFFFFF00FFFFFF00FFFFFF00FFFF
310
FF00FFFFFF0000000000FFFFFF00FFFFFF00FFFFFF00FFFFFF00FFFFFF00FFFF
310
FF00FFFFFF00FFFFFF00FFFFFF00FFFFFF00FFFFFF00FFFFFF00FFFFFF00FFFF
310
FF00FFFFFF00FFFFFF00FFFFFF00FFFFFF00FFFFFF00FFFFFF00FFFFFF00FFFF
310
FF00FFFFFF00FFFFFF00FFFFFF00FFFFFF00FFFFFF00FFFFFF00FFFFFF00FFFF
310
FF00FFFFFF00FFFFFF00FFFFFF00FFFFFF00FFFFFF00FFFFFF00FFFFFF00FFFF
310
FF00FFFFFF00FFFFFF00FFFFFF00FFFFFF00FFFFFF00FFFFFF00FFFFFF00FFFF
310
FF00FFFFFF00FFFFFF00FFFFFF00FFFFFF00FFFFFF00FFFFFF00FFFFFF00FFFF
310
FF00FFFFFF00FFFFFF00FFFFFF00FFFFFF00FFFFFF00FFFFFF00FFFFFF00FFFF
310
FF00FFFFFF00FFFFFF00FFFFFF00FFFFFF00FFFFFF00FFFFFF00FFFFFF00FFFF
310
FF00FFFFFF00FFFFFF00FFFFFF00FFFFFF00FFFFFF00FFFFFF00FFFFFF00FFFF
310
FF00FFFFFF00FFFFFF00FFFFFF00FFFFFF00FFFFFF00FFFFFF00FFFFFF00FFFF
310
FF00FFFFFF00FFFFFF00FFFFFF00FFFFFF00FFFFFF00FFFFFF00FFFFFF00FFFF
310
FF00FFFFFF00FFFFFF00FFFFFF00FFFFFF00FFFFFF00FFFFFF00FFFFFF00FFFF
310
FF00FFFFFF00FFFFFF00FFFFFF00FFFFFF00FFFFFF00FFFFFF00FFFFFF00FFFF
310
FF00FFFFFF00FFFFFF00FFFFFF00FFFFFF00FFFFFF00FFFFFF00FFFFFF00FFFF
310
FF00FFFFFF00FFFFFF00FFFFFF00FFFFFF00FFFFFF00FFFFFF00FFFFFF00FFFF
310
FF00FFFFFF00FFFFFF00FFFFFF00FFFFFF00FFFFFF00FFFFFF00FFFFFF00FFFF
310
FF00FFFFFF00FFFFFF00FFFFFF00FFFFFF00FFFFFF00FFFFFF00FFFFFF00FFFF
310
FF00FFFFFF00FFFFFF00FFFFFF00FFFFFF00FFFFFF00FFFFFF00FFFFFF00FFFF
310
FF00FFFFFF00FFFFFF00FFFFFF00FFFFFF00FFFFFF00FFFFFF00FFFFFF00FFFF
310
FF00FFFFFF00FFFFFF00FFFFFF00FFFFFF00FFFFFF00FFFFFF00FFFFFF00FFFF
310
FF00FFFFFF00FFFFFF00FFFFFF00FFFFFF00FFFFFF00FFFFFF00FFFFFF00FFFF
310
FF00FFFFFF00FFFFFF00FFFFFF00FFFFFF00FFFFFF00FFFFFF00FFFFFF00FFFF
310
FF00FFFFFF00FFFFFF00FFFFFF00FFFFFF00FFFFFF00FFFFFF00FFFFFF00FFFF
310
FF00FFFFFF00FFFFFF00FFFFFF00FFFFFF00FFFFFF00FFFFFF00FFFFFF00FFFF
310
FF00FFFFFF00FFFFFF00FFFFFF00FFFFFF00FFFFFF00FFFFFF00FFFFFF00FFFF
310
FF00FFFFFF00FFFFFF00FFFFFF00FFFFFF00FFFFFF00FFFFFF00FFFFFF00FFFF
310
FF00FFFFFF00FFFFFF00FFFFFF00FFFFFF00FFFFFF00FFFFFF00FFFFFF00FFFF
310
FF0000000000FFFFFF00FFFFFF00FFFFFF00FFFFFF00FFFFFF00FFFFFF00FFFF
310
FF00FFFFFF00FFFFFF00FFFFFF00FFFFFF00FFFFFF00FFFFFF00FFFFFF00FFFF
310
FF00FFFFFF00FFFFFF00FFFFFF00FFFFFF00FFFFFF00FFFFFF00FFFFFF00FFFF
310
FF00FFFFFF00FFFFFF00FFFFFF00FFFFFF00FFFFFF00FFFFFF00FFFFFF00FFFF
310
FF00FFFFFF00FFFFFF00FFFFFF00FFFFFF00FFFFFF00FFFFFF00FFFFFF00FFFF
310
FF00FFFFFF00FFFFFF00FFFFFF00FFFFFF00FFFFFF00FFFFFF00FFFFFF00FFFF
310
FF00FFFFFF00FFFFFF00FFFFFF00FFFFFF00FFFFFF00FFFFFF00FFFFFF00FFFF
310
FF00FFFFFF00FFFFFF00FFFFFF00FFFFFF00FFFFFF00FFFFFF00FFFFFF00FFFF
310
FF00FFFFFF00FFFFFF00FFFFFF00FFFFFF00FFFFFF00FFFFFF00FFFFFF00FFFF
310
FF00FFFFFF00FFFFFF00FFFFFF00FFFFFF00FFFFFF00FFFFFF00FFFFFF00FFFF
310
FF00FFFFFF00FFFFFF00FFFFFF00FFFFFF00FFFFFF00FFFFFF00FFFFFF00FFFF
310
FF00FFFFFF00FFFFFF00FFFFFF00FFFFFF00FFFFFF00FFFFFF00FFFFFF00FFFF
310
FF00FFFFFF00FFFFFF00FFFFFF00FFFFFF00FFFFFF00FFFFFF00FFFFFF00FFFF
310
FF00FFFFFF00FFFFFF00FFFFFF00FFFFFF00FFFFFF00FFFFFF00FFFFFF00FFFF
310
FF00FFFFFF00FFFFFF00FFFFFF00FFFFFF00FFFFFF00FFFFFF00FFFFFF00FFFF
310
FF00FFFFFF00FFFFFF00FFFFFF00FFFFFF00FFFFFF00FFFFFF00FFFFFF00FFFF
310
FF00FFFFFF00FFFFFF00FFFFFF00FFFFFF00FFFFFF00FFFFFF00FFFFFF00FFFF
310
FF00FFFFFF00FFFFFF00FFFFFF00FFFFFF00FFFFFF00FFFFFF00FFFFFF00FFFF
310
FF00FFFFFF00FFFFFF00FFFFFF00FFFFFF00FFFFFF00FFFFFF00FFFFFF00FFFF
310
FF00FFFFFF00FFFFFF00FFFFFF00FFFFFF00FFFFFF00FFFFFF00FFFFFF00FFFF
310
FF00FFFFFF00FFFFFF00FFFFFF00FFFFFF00FFFFFF00FFFFFF00FFFFFF00FFFF
310
FF00FFFFFF00FFFFFF00FFFFFF00FFFFFF00FFFFFF00FFFFFF00FFFFFF00FFFF
310
FF00FFFFFF00FFFFFF00FFFFFF00FFFFFF00FFFFFF00FFFFFF00FFFFFF00FFFF
310
FF00FFFFFF00FFFFFF00FFFFFF00FFFFFF00FFFFFF00FFFFFF00FFFFFF00FFFF
310
FF00FFFFFF00FFFFFF00FFFFFF00FFFFFF00FFFFFF00FFFFFF00FFFFFF00FFFF
310
FF00FFFFFF00FFFFFF00FFFFFF00FFFFFF00FFFFFF00FFFFFF00FFFFFF00FFFF
310
FF00FFFFFF00FFFFFF00FFFFFF00FFFFFF00FFFFFF00FFFFFF00FFFFFF00FFFF
310
FF00FFFFFF00FFFFFF00FFFFFF00FFFFFF00FFFFFF00FFFFFF00FFFFFF000000
310
0000FFFFFF00FFFFFF00FFFFFF00FFFFFF00FFFFFF00FFFFFF00FFFFFF00FFFF
310
FF00FFFFFF00FFFFFF00FFFFFF00FFFFFF00FFFFFF00FFFFFF00FFFFFF00FFFF
310
FF00FFFFFF00FFFFFF00FFFFFF00FFFFFF00FFFFFF00FFFFFF00FFFFFF00FFFF
310
FF00FFFFFF00FFFFFF00FFFFFF00FFFFFF00FFFFFF00FFFFFF00FFFFFF00FFFF
310
FF00FFFFFF00FFFFFF00FFFFFF00FFFFFF00FFFFFF00FFFFFF00FFFFFF00FFFF
310
FF00FFFFFF00FFFFFF00FFFFFF00FFFFFF00FFFFFF00FFFFFF00FFFFFF00FFFF
310
FF00FFFFFF00FFFFFF00FFFFFF00FFFFFF00FFFFFF00FFFFFF00FFFFFF00FFFF
310
FF00FFFFFF00FFFFFF00FFFFFF00FFFFFF00FFFFFF00FFFFFF00FFFFFF00FFFF
310
FF00FFFFFF00FFFFFF00FFFFFF00FFFFFF00FFFFFF00FFFFFF00FFFFFF00FFFF
310
FF00FFFFFF00FFFFFF00FFFFFF00FFFFFF00FFFFFF00FFFFFF00FFFFFF00FFFF
310
FF00FFFFFF00FFFFFF00FFFFFF00FFFFFF00FFFFFF00FFFFFF00FFFFFF00FFFF
310
FF00FFFFFF00FFFFFF00FFFFFF00FFFFFF00FFFFFF00FFFFFF00FFFFFF00FFFF
310
FF00FFFFFF00FFFFFF00FFFFFF00FFFFFF00FFFFFF00FFFFFF00FFFFFF00FFFF
310
FF00FFFFFF00FFFFFF00FFFFFF00FFFFFF00FFFFFF00FFFFFF00FFFFFF00FFFF
310
FF00FFFFFF00FFFFFF00FFFFFF00FFFFFF00FFFFFF00FFFFFF00FFFFFF00FFFF
310
FF00FFFFFF00FFFFFF00FFFFFF00FFFFFF00FFFFFF00FFFFFF00FFFFFF00FFFF
310
FF00FFFFFF00FFFFFF00FFFFFF00FFFFFF00FFFFFF00FFFFFF00FFFFFF00FFFF
310
FF00FFFFFF00FFFFFF00FFFFFF00FFFFFF00FFFFFF00FFFFFF00FFFFFF00FFFF
310
FF00FFFFFF00FFFFFF00FFFFFF00FFFFFF00FFFFFF00FFFFFF00FFFFFF00FFFF
310
FF00FFFFFF00FFFFFF00FFFFFF00FFFFFF00FFFFFF00FFFFFF00FFFFFF00FFFF
310
FF00FFFFFF00FFFFFF00FFFFFF00FFFFFF00FFFFFF00FFFFFF00FFFFFF00FFFF
310
FF00FFFFFF00FFFFFF00FFFFFF00FFFFFF00FFFFFF00FFFFFF00FFFFFF00FFFF
310
FF00FFFFFF00FFFFFF00FFFFFF00FFFFFF00FFFFFF00FFFFFF00FFFFFF00FFFF
310
FF00FFFFFF00FFFFFF00FFFFFF00FFFFFF00FFFFFF00FFFFFF00FFFFFF00FFFF
310
FF00FFFFFF00FFFFFF00FFFFFF00FFFFFF00FFFFFF00FFFFFF00FFFFFF00FFFF
310
FF00FFFFFF00FFFFFF00FFFFFF00FFFFFF00FFFFFF00FFFFFF00FFFFFF00FFFF
310
FF00FFFFFF00FFFFFF00FFFFFF00FFFFFF00FFFFFF00FFFFFF00FFFFFF00FFFF
310
FF00FFFFFF00FFFFFF00FFFFFF00FFFFFF00FFFFFF00FFFFFF0000000000FFFF
310
FF00FFFFFF00FFFFFF00FFFFFF00FFFFFF00FFFFFF00FFFFFF00FFFFFF00FFFF
310
FF00FFFFFF00FFFFFF00FFFFFF00FFFFFF00FFFFFF00FFFFFF00FFFFFF00FFFF
310
FF00FFFFFF00FFFFFF00FFFFFF00FFFFFF00FFFFFF00FFFFFF00FFFFFF00FFFF
310
FF00FFFFFF00FFFFFF00FFFFFF00FFFFFF00FFFFFF00FFFFFF00FFFFFF00FFFF
310
FF00FFFFFF00FFFFFF00FFFFFF00FFFFFF00FFFFFF00FFFFFF00FFFFFF00FFFF
310
FF00FFFFFF00FFFFFF00FFFFFF00FFFFFF00FFFFFF00FFFFFF00FFFFFF00FFFF
310
FF00FFFFFF00FFFFFF00FFFFFF00FFFFFF00FFFFFF00FFFFFF00FFFFFF00FFFF
310
FF00FFFFFF00FFFFFF00FFFFFF00FFFFFF00FFFFFF00FFFFFF00FFFFFF00FFFF
310
FF00FFFFFF00FFFFFF00FFFFFF00FFFFFF00FFFFFF00FFFFFF00FFFFFF00FFFF
310
FF00FFFFFF00FFFFFF00FFFFFF00FFFFFF00FFFFFF00FFFFFF00FFFFFF00FFFF
310
FF00FFFFFF00FFFFFF00FFFFFF00FFFFFF00FFFFFF00FFFFFF00FFFFFF00FFFF
310
FF00FFFFFF00FFFFFF00FFFFFF00FFFFFF00FFFFFF00FFFFFF00FFFFFF00FFFF
310
FF00FFFFFF00FFFFFF00FFFFFF00FFFFFF00FFFFFF00FFFFFF00FFFFFF00FFFF
310
FF00FFFFFF00FFFFFF00FFFFFF00FFFFFF00FFFFFF00FFFFFF00FFFFFF00FFFF
310
FF00FFFFFF00FFFFFF00FFFFFF00FFFFFF00FFFFFF00FFFFFF00FFFFFF00FFFF
310
FF00FFFFFF00FFFFFF00FFFFFF00FFFFFF00FFFFFF00FFFFFF00FFFFFF00FFFF
310
FF00FFFFFF00FFFFFF00FFFFFF00FFFFFF00FFFFFF00FFFFFF00FFFFFF00FFFF
310
FF00FFFFFF00FFFFFF00FFFFFF00FFFFFF00FFFFFF00FFFFFF00FFFFFF00FFFF
310
FF00FFFFFF00FFFFFF00FFFFFF00FFFFFF00FFFFFF00FFFFFF00FFFFFF00FFFF
310
FF00FFFFFF00FFFFFF00FFFFFF00FFFFFF00FFFFFF00FFFFFF00FFFFFF00FFFF
310
FF00FFFFFF00FFFFFF00FFFFFF00FFFFFF00FFFFFF00FFFFFF00FFFFFF00FFFF
310
FF00FFFFFF00FFFFFF00FFFFFF00FFFFFF00FFFFFF00FFFFFF00FFFFFF00FFFF
310
FF00FFFFFF00FFFFFF00FFFFFF00FFFFFF00FFFFFF00FFFFFF00FFFFFF00FFFF
310
FF00FFFFFF00FFFFFF00FFFFFF00FFFFFF00FFFFFF00FFFFFF00FFFFFF00FFFF
310
FF00FFFFFF00FFFFFF00FFFFFF00FFFFFF00FFFFFF00FFFFFF00FFFFFF00FFFF
310
FF00FFFFFF00FFFFFF00FFFFFF00FFFFFF00FFFFFF00FFFFFF00FFFFFF00FFFF
310
FF00FFFFFF00FFFFFF00FFFFFF00FFFFFF00FFFFFF00FFFFFF00FFFFFF00FFFF
310
FF00FFFFFF00FFFFFF00FFFFFF00FFFFFF00FFFFFF0000000000FFFFFF00FFFF
310
FF00FFFFFF00FFFFFF00FFFFFF00FFFFFF00FFFFFF00FFFFFF00FFFFFF00FFFF
310
FF00FFFFFF00FFFFFF00FFFFFF00FFFFFF00FFFFFF00FFFFFF00FFFFFF00FFFF
310
FF00FFFFFF00FFFFFF00FFFFFF00FFFFFF00FFFFFF00FFFFFF00FFFFFF00FFFF
310
FF00FFFFFF00FFFFFF00FFFFFF00FFFFFF00FFFFFF00FFFFFF00FFFFFF00FFFF
310
FF00FFFFFF00FFFFFF00FFFFFF00FFFFFF00FFFFFF00FFFFFF00FFFFFF00FFFF
310
FF00FFFFFF00FFFFFF00FFFFFF00FFFFFF00FFFFFF00FFFFFF00FFFFFF00FFFF
310
FF00FFFFFF00FFFFFF00FFFFFF00FFFFFF00FFFFFF00FFFFFF00FFFFFF00FFFF
310
FF00FFFFFF00FFFFFF00FFFFFF00FFFFFF00FFFFFF00FFFFFF00FFFFFF00FFFF
310
FF00FFFFFF00FFFFFF00FFFFFF00FFFFFF00FFFFFF00FFFFFF00FFFFFF00FFFF
310
FF00FFFFFF00FFFFFF00FFFFFF00FFFFFF00FFFFFF00FFFFFF00FFFFFF00FFFF
310
FF00FFFFFF00FFFFFF00FFFFFF00FFFFFF00FFFFFF00FFFFFF00FFFFFF00FFFF
310
FF00FFFFFF00FFFFFF00FFFFFF00FFFFFF00FFFFFF00FFFFFF00FFFFFF00FFFF
310
FF00FFFFFF00FFFFFF00FFFFFF00FFFFFF00FFFFFF00FFFFFF00FFFFFF00FFFF
310
FF00FFFFFF00FFFFFF00FFFFFF00FFFFFF00FFFFFF00FFFFFF00FFFFFF00FFFF
310
FF00FFFFFF00FFFFFF00FFFFFF00FFFFFF00FFFFFF00FFFFFF00FFFFFF00FFFF
310
FF00FFFFFF00FFFFFF00FFFFFF00FFFFFF00FFFFFF00FFFFFF00FFFFFF00FFFF
310
FF00FFFFFF00FFFFFF00FFFFFF00FFFFFF00FFFFFF00FFFFFF00FFFFFF00FFFF
310
FF00FFFFFF00FFFFFF00FFFFFF00FFFFFF00FFFFFF00FFFFFF00FFFFFF00FFFF
310
FF00FFFFFF00FFFFFF00FFFFFF00FFFFFF00FFFFFF00FFFFFF00FFFFFF00FFFF
310
FF00FFFFFF00FFFFFF00FFFFFF00FFFFFF00FFFFFF00FFFFFF00FFFFFF00FFFF
310
FF00FFFFFF00FFFFFF00FFFFFF00FFFFFF00FFFFFF00FFFFFF00FFFFFF00FFFF
310
FF00FFFFFF00FFFFFF00FFFFFF00FFFFFF00FFFFFF00FFFFFF00FFFFFF00FFFF
310
FF00FFFFFF00FFFFFF00FFFFFF00FFFFFF00FFFFFF00FFFFFF00FFFFFF00FFFF
310
FF00FFFFFF00FFFFFF00FFFFFF00FFFFFF00FFFFFF00FFFFFF00FFFFFF00FFFF
310
FF00FFFFFF00FFFFFF00FFFFFF00FFFFFF00FFFFFF00FFFFFF00FFFFFF00FFFF
310
FF00FFFFFF00FFFFFF00FFFFFF00FFFFFF00FFFFFF00FFFFFF00FFFFFF00FFFF
310
FF00FFFFFF00FFFFFF00FFFFFF00FFFFFF00FFFFFF00FFFFFF00FFFFFF00FFFF
310
FF00FFFFFF00FFFFFF00FFFFFF00FFFFFF0000000000FFFFFF00FFFFFF00FFFF
310
FF00FFFFFF00FFFFFF00FFFFFF00FFFFFF00FFFFFF00FFFFFF00FFFFFF00FFFF
310
FF00FFFFFF00FFFFFF00FFFFFF00FFFFFF00FFFFFF00FFFFFF00FFFFFF00FFFF
310
FF00FFFFFF00FFFFFF00FFFFFF00FFFFFF00FFFFFF00FFFFFF00FFFFFF00FFFF
310
FF00FFFFFF00FFFFFF00FFFFFF00FFFFFF00FFFFFF00FFFFFF00FFFFFF00FFFF
310
FF00FFFFFF00FFFFFF00FFFFFF00FFFFFF00FFFFFF00FFFFFF00FFFFFF00FFFF
310
FF00FFFFFF00FFFFFF00FFFFFF00FFFFFF00FFFFFF00FFFFFF00FFFFFF00FFFF
310
FF00FFFFFF00FFFFFF00FFFFFF00FFFFFF00FFFFFF00FFFFFF00FFFFFF00FFFF
310
FF00FFFFFF00FFFFFF00FFFFFF00FFFFFF00FFFFFF00FFFFFF00FFFFFF00FFFF
310
FF00FFFFFF00FFFFFF00FFFFFF00FFFFFF00FFFFFF00FFFFFF00FFFFFF00FFFF
310
FF00FFFFFF00FFFFFF00FFFFFF00FFFFFF00FFFFFF00FFFFFF00FFFFFF00FFFF
310
FF00FFFFFF00FFFFFF00FFFFFF00FFFFFF00FFFFFF00FFFFFF00FFFFFF00FFFF
310
FF00FFFFFF00FFFFFF00FFFFFF00FFFFFF00FFFFFF00FFFFFF00FFFFFF00FFFF
310
FF00FFFFFF00FFFFFF00FFFFFF00FFFFFF00FFFFFF00FFFFFF00FFFFFF00FFFF
310
FF00FFFFFF00FFFFFF00FFFFFF00FFFFFF00FFFFFF00FFFFFF00FFFFFF00FFFF
310
FF00FFFFFF00FFFFFF00FFFFFF00FFFFFF00FFFFFF00FFFFFF00FFFFFF00FFFF
310
FF00FFFFFF00FFFFFF00FFFFFF00FFFFFF00FFFFFF00FFFFFF00FFFFFF00FFFF
310
FF00FFFFFF00FFFFFF00FFFFFF00FFFFFF00FFFFFF00FFFFFF00FFFFFF00FFFF
310
FF00FFFFFF00FFFFFF00FFFFFF00FFFFFF00FFFFFF00FFFFFF00FFFFFF00FFFF
310
FF00FFFFFF00FFFFFF00FFFFFF00FFFFFF00FFFFFF00FFFFFF00FFFFFF00FFFF
310
FF00FFFFFF00FFFFFF00FFFFFF00FFFFFF00FFFFFF00FFFFFF00FFFFFF00FFFF
310
FF00FFFFFF00FFFFFF00FFFFFF00FFFFFF00FFFFFF00FFFFFF00FFFFFF00FFFF
310
FF00FFFFFF00FFFFFF00FFFFFF00FFFFFF00FFFFFF00FFFFFF00FFFFFF00FFFF
310
FF00FFFFFF00FFFFFF00FFFFFF00FFFFFF00FFFFFF00FFFFFF00FFFFFF00FFFF
310
FF00FFFFFF00FFFFFF00FFFFFF00FFFFFF00FFFFFF00FFFFFF00FFFFFF00FFFF
310
FF00FFFFFF00FFFFFF00FFFFFF00FFFFFF00FFFFFF00FFFFFF00FFFFFF00FFFF
310
FF00FFFFFF00FFFFFF00FFFFFF00FFFFFF00FFFFFF00FFFFFF00FFFFFF00FFFF
310
FF00FFFFFF00FFFFFF00FFFFFF00FFFFFF00FFFFFF00FFFFFF00FFFFFF00FFFF
310
FF00FFFFFF00FFFFFF00FFFFFF0000000000FFFFFF00FFFFFF00FFFFFF00FFFF
310
FF00FFFFFF00FFFFFF00FFFFFF00FFFFFF00FFFFFF00FFFFFF00FFFFFF00FFFF
310
FF00FFFFFF00FFFFFF00FFFFFF00FFFFFF00FFFFFF00FFFFFF00FFFFFF00FFFF
310
FF00FFFFFF00FFFFFF00FFFFFF00FFFFFF00FFFFFF00FFFFFF00FFFFFF00FFFF
310
FF00FFFFFF00FFFFFF00FFFFFF00FFFFFF00FFFFFF00FFFFFF00FFFFFF00FFFF
310
FF00FFFFFF00FFFFFF00FFFFFF00FFFFFF00FFFFFF00FFFFFF00FFFFFF00FFFF
310
FF00FFFFFF00FFFFFF00FFFFFF00FFFFFF00FFFFFF00FFFFFF00FFFFFF00FFFF
310
FF00FFFFFF00FFFFFF00FFFFFF00FFFFFF00FFFFFF00FFFFFF00FFFFFF00FFFF
310
FF00FFFFFF00FFFFFF00FFFFFF00FFFFFF00FFFFFF00FFFFFF00FFFFFF00FFFF
310
FF00FFFFFF00FFFFFF00FFFFFF00FFFFFF00FFFFFF00FFFFFF00474747000000
310
0000000000000000000000000000000000000000000000000000000000000000
310
0000000000000000000000000000000000000000000098989800FFFFFF00FFFF
310
FF00FFFFFF00FFFFFF00FFFFFF00FFFFFF00FFFFFF00ECECEC00989898005757
310
570011111100000000000000000000000000474747007A7A7A00B5B5B500FFFF
310
FF00FFFFFF00FFFFFF00FFFFFF00575757000000000011111100C3C3C300FFFF
310
FF00FFFFFF00FFFFFF00FFFFFF00FFFFFF00FFFFFF00FFFFFF00FFFFFF00FFFF
310
FF00FFFFFF00FFFFFF00FFFFFF00ECECEC00111111000000000000000000D0D0
310
D000FFFFFF00FFFFFF00FFFFFF00696969000000000000000000000000000000
310
0000000000000000000000000000232323004747470089898900D0D0D000FFFF
310
FF00FFFFFF00FFFFFF00FFFFFF00FFFFFF00FFFFFF00FFFFFF00FFFFFF00FFFF
310
FF00FFFFFF00FFFFFF00FFFFFF00FFFFFF00FFFFFF00FFFFFF00FFFFFF00FFFF
310
FF00FFFFFF00FFFFFF00FFFFFF00FFFFFF00FFFFFF00FFFFFF00ECECEC009898
310
9800575757002323230000000000000000000000000023232300575757009898
310
9800ECECEC00FFFFFF00FFFFFF00FFFFFF00FFFFFF00FFFFFF00FFFFFF00FFFF
310
FF00FFFFFF00FFFFFF00FFFFFF00696969000000000000000000000000000000
310
000000000000000000000000000000000000000000000000000000000000DDDD
310
DD00FFFFFF00FFFFFF00FFFFFF00232323000000000000000000000000000000
310
0000000000000000000000000000000000000000000000000000000000005757
310
5700FFFFFF00FFFFFF0000000000FFFFFF00FFFFFF00FFFFFF00FFFFFF00FFFF
310
FF00FFFFFF00FFFFFF00FFFFFF00FFFFFF00FFFFFF00FFFFFF00FFFFFF00FFFF
310
FF00FFFFFF00FFFFFF00FFFFFF00FFFFFF00FFFFFF00FFFFFF00FFFFFF00FFFF
310
FF00FFFFFF00FFFFFF00FFFFFF00FFFFFF00FFFFFF00FFFFFF00FFFFFF00FFFF
310
FF00FFFFFF00FFFFFF00FFFFFF00FFFFFF00FFFFFF00FFFFFF00FFFFFF00FFFF
310
FF00FFFFFF00FFFFFF00FFFFFF00FFFFFF00FFFFFF00FFFFFF00FFFFFF00FFFF
310
FF00FFFFFF00FFFFFF00FFFFFF00FFFFFF00FFFFFF00FFFFFF00FFFFFF00FFFF
310
FF00FFFFFF00FFFFFF00FFFFFF00FFFFFF00FFFFFF00FFFFFF00FFFFFF00FFFF
310
FF00FFFFFF00FFFFFF00FFFFFF00FFFFFF00FFFFFF00FFFFFF00FFFFFF00FFFF
310
FF00FFFFFF00FFFFFF00FFFFFF00FFFFFF00FFFFFF0000000000000000000000
310
0000000000000000000000000000000000000000000000000000000000000000
310
00000000000000000000000000000000000089898900FFFFFF00FFFFFF00FFFF
310
FF00FFFFFF00FFFFFF00FFFFFF00898989001111110000000000000000000000
310
000000000000000000000000000000000000000000000000000023232300B5B5
310
B500FFFFFF00FFFFFF0069696900000000000000000069696900FFFFFF00FFFF
310
FF00FFFFFF00FFFFFF00FFFFFF00FFFFFF00FFFFFF00FFFFFF00FFFFFF00FFFF
310
FF00FFFFFF00FFFFFF00A7A7A700000000000000000011111100ECECEC00FFFF
310
FF00FFFFFF00FFFFFF0000000000000000000000000000000000000000000000
310
000000000000000000000000000000000000000000000000000023232300C3C3
310
C300FFFFFF00FFFFFF00FFFFFF00FFFFFF00FFFFFF00FFFFFF00FFFFFF00FFFF
310
FF00FFFFFF00FFFFFF00FFFFFF00FFFFFF00FFFFFF00FFFFFF00FFFFFF00FFFF
310
FF00FFFFFF00FFFFFF00FFFFFF00FFFFFF008989890000000000000000000000
310
0000000000000000000000000000000000000000000000000000000000001111
310
110089898900FFFFFF00FFFFFF00FFFFFF00FFFFFF00FFFFFF00FFFFFF00FFFF
310
FF00FFFFFF00FFFFFF0000000000000000000000000000000000000000000000
310
0000000000000000000000000000000000000000000000000000C3C3C300FFFF
310
FF00FFFFFF00C3C3C30000000000000000000000000000000000000000000000
310
000000000000000000000000000000000000000000000000000047474700FFFF
310
FF00FFFFFF0000000000FFFFFF00FFFFFF00FFFFFF00FFFFFF00FFFFFF00FFFF
310
FF00FFFFFF00FFFFFF00FFFFFF00FFFFFF00FFFFFF00FFFFFF00FFFFFF00FFFF
310
FF00FFFFFF00FFFFFF00FFFFFF00FFFFFF00FFFFFF00FFFFFF00FFFFFF00FFFF
310
FF00FFFFFF00FFFFFF00FFFFFF00FFFFFF00FFFFFF00FFFFFF00FFFFFF00FFFF
310
FF00FFFFFF00FFFFFF00FFFFFF00FFFFFF00FFFFFF00FFFFFF00FFFFFF00FFFF
310
FF00FFFFFF00FFFFFF00FFFFFF00FFFFFF00FFFFFF00FFFFFF00FFFFFF00FFFF
310
FF00FFFFFF00FFFFFF00FFFFFF00FFFFFF00FFFFFF00FFFFFF00FFFFFF00FFFF
310
FF00FFFFFF00FFFFFF00FFFFFF00FFFFFF00FFFFFF00FFFFFF00FFFFFF00FFFF
310
FF00FFFFFF00FFFFFF00FFFFFF00FFFFFF00FFFFFF00FFFFFF00FFFFFF00FFFF
310
FF00FFFFFF00FFFFFF00FFFFFF00FFFFFF002323230000000000000000002323
310
2300474747004747470047474700474747004747470047474700474747004747
310
4700474747004747470047474700B5B5B500FFFFFF00FFFFFF00FFFFFF00FFFF
310
FF00FFFFFF006969690000000000000000000000000000000000000000004747
310
470047474700474747001111110000000000000000000000000000000000DDDD
310
DD00FFFFFF00D0D0D000000000000000000011111100FFFFFF00FFFFFF00FFFF
310
FF00FFFFFF00FFFFFF00FFFFFF00FFFFFF00FFFFFF00FFFFFF00FFFFFF00FFFF
310
FF00FFFFFF0034343400000000000000000069696900FFFFFF00FFFFFF00FFFF
310
FF00FFFFFF000000000000000000000000003434340047474700474747004747
310
4700474747002323230000000000000000000000000000000000000000007A7A
310
7A00FFFFFF00FFFFFF00FFFFFF00FFFFFF00FFFFFF00FFFFFF00FFFFFF00FFFF
310
FF00FFFFFF00FFFFFF00FFFFFF00FFFFFF00FFFFFF00FFFFFF00FFFFFF00FFFF
310
FF00FFFFFF00ECECEC0034343400000000000000000000000000000000000000
310
0000474747004747470047474700111111000000000000000000000000000000
310
000034343400ECECEC00FFFFFF00FFFFFF00FFFFFF00FFFFFF00FFFFFF00FFFF
310
FF00FFFFFF000000000000000000000000003434340047474700474747004747
310
47004747470047474700474747004747470047474700ECECEC00FFFFFF00FFFF
310
FF00C3C3C3000000000000000000000000008989890089898900898989008989
310
89008989890089898900898989008989890089898900B5B5B500FFFFFF00FFFF
310
FF0000000000FFFFFF00FFFFFF00FFFFFF00FFFFFF00FFFFFF00FFFFFF00FFFF
310
FF00FFFFFF00FFFFFF00FFFFFF00FFFFFF00FFFFFF00FFFFFF00FFFFFF00FFFF
310
FF00FFFFFF00FFFFFF00FFFFFF00FFFFFF00FFFFFF00FFFFFF00FFFFFF00FFFF
310
FF00FFFFFF00FFFFFF00FFFFFF00FFFFFF00FFFFFF00FFFFFF00FFFFFF00FFFF
310
FF00FFFFFF00FFFFFF00FFFFFF00FFFFFF00FFFFFF00FFFFFF00FFFFFF00FFFF
310
FF00FFFFFF00FFFFFF00FFFFFF00FFFFFF00FFFFFF00FFFFFF00FFFFFF00FFFF
310
FF00FFFFFF00FFFFFF00FFFFFF00FFFFFF00FFFFFF00FFFFFF00FFFFFF00FFFF
310
FF00FFFFFF00FFFFFF00FFFFFF00FFFFFF00FFFFFF00FFFFFF00FFFFFF00FFFF
310
FF00FFFFFF00FFFFFF00FFFFFF00FFFFFF00FFFFFF00FFFFFF00FFFFFF00FFFF
310
FF00FFFFFF00FFFFFF00FFFFFF0098989800000000000000000011111100ECEC
310
EC00FFFFFF00FFFFFF00FFFFFF00FFFFFF00FFFFFF00FFFFFF00FFFFFF00FFFF
310
FF00FFFFFF00FFFFFF00FFFFFF00FFFFFF00FFFFFF00FFFFFF00FFFFFF007A7A
310
7A0000000000000000000000000023232300A7A7A700ECECEC00FFFFFF00FFFF
310
FF00FFFFFF00FFFFFF00D0D0D000696969000000000000000000C3C3C300FFFF
310
FF00FFFFFF00232323000000000000000000A7A7A700FFFFFF00FFFFFF00FFFF
310
FF00FFFFFF00FFFFFF00FFFFFF00FFFFFF00FFFFFF00FFFFFF00FFFFFF00DDDD
310
DD00000000000000000000000000C3C3C300FFFFFF00FFFFFF00FFFFFF00FFFF
310
FF00000000000000000000000000C3C3C300FFFFFF00FFFFFF00FFFFFF00FFFF
310
FF00FFFFFF00ECECEC00A7A7A700232323000000000000000000000000007A7A
310
7A00FFFFFF00FFFFFF00FFFFFF00FFFFFF00FFFFFF00FFFFFF00FFFFFF00FFFF
310
FF00FFFFFF00FFFFFF00FFFFFF00FFFFFF00FFFFFF00FFFFFF00FFFFFF00FFFF
310
FF005757570000000000000000000000000034343400B5B5B500FFFFFF00FFFF
310
FF00FFFFFF00FFFFFF00FFFFFF00D0D0D0005757570000000000000000000000
310
000034343400FFFFFF00FFFFFF00FFFFFF00FFFFFF00FFFFFF00FFFFFF00FFFF
310
FF00000000000000000000000000C3C3C300FFFFFF00FFFFFF00FFFFFF00FFFF
310
FF00FFFFFF00FFFFFF00FFFFFF00FFFFFF00FFFFFF00FFFFFF00FFFFFF00C3C3
310
C300000000000000000000000000FFFFFF00FFFFFF00FFFFFF00FFFFFF00FFFF
310
FF00FFFFFF00FFFFFF00FFFFFF00FFFFFF00FFFFFF00FFFFFF00FFFFFF000000
310
0000FFFFFF00FFFFFF00FFFFFF00FFFFFF00FFFFFF00FFFFFF00FFFFFF00FFFF
310
FF00FFFFFF00FFFFFF00FFFFFF00FFFFFF00FFFFFF00FFFFFF00FFFFFF00FFFF
310
FF00FFFFFF00FFFFFF00FFFFFF00FFFFFF00FFFFFF00FFFFFF00FFFFFF00FFFF
310
FF00FFFFFF00FFFFFF00FFFFFF00FFFFFF00FFFFFF00FFFFFF00FFFFFF00FFFF
310
FF00FFFFFF00FFFFFF00FFFFFF00FFFFFF00FFFFFF00FFFFFF00FFFFFF00FFFF
310
FF00FFFFFF00FFFFFF00FFFFFF00FFFFFF00FFFFFF00FFFFFF00FFFFFF00FFFF
310
FF00FFFFFF00FFFFFF00FFFFFF00FFFFFF00FFFFFF00FFFFFF00FFFFFF00FFFF
310
FF00FFFFFF00FFFFFF00FFFFFF00FFFFFF00FFFFFF00FFFFFF00FFFFFF00FFFF
310
FF00FFFFFF00FFFFFF00FFFFFF00FFFFFF00FFFFFF00FFFFFF00FFFFFF00FFFF
310
FF00FFFFFF00FFFFFF00FFFFFF0034343400000000000000000057575700FFFF
310
FF00FFFFFF00FFFFFF00FFFFFF00FFFFFF00FFFFFF00FFFFFF00FFFFFF00FFFF
310
FF00FFFFFF00FFFFFF00FFFFFF00FFFFFF00FFFFFF00C3C3C300000000000000
310
00000000000034343400ECECEC00FFFFFF00FFFFFF00FFFFFF00FFFFFF00FFFF
310
FF00FFFFFF00FFFFFF00FFFFFF00DDDDDD0057575700DDDDDD00FFFFFF00FFFF
310
FF0098989800000000000000000057575700FFFFFF00FFFFFF00FFFFFF00FFFF
310
FF00FFFFFF00FFFFFF00FFFFFF00FFFFFF00FFFFFF00FFFFFF00898989000000
310
00000000000023232300FFFFFF00FFFFFF00FFFFFF00FFFFFF00FFFFFF000000
310
00000000000000000000C3C3C300FFFFFF00FFFFFF00FFFFFF00FFFFFF00FFFF
310
FF00FFFFFF00FFFFFF00ECECEC0057575700000000000000000000000000B5B5
310
B500FFFFFF00FFFFFF00FFFFFF00FFFFFF00FFFFFF00FFFFFF00FFFFFF00FFFF
310
FF00FFFFFF00FFFFFF00FFFFFF00FFFFFF00FFFFFF00FFFFFF00C3C3C3000000
310
0000000000000000000069696900FFFFFF00FFFFFF00FFFFFF00FFFFFF00FFFF
310
FF00FFFFFF00FFFFFF00FFFFFF00FFFFFF00A7A7A70000000000000000000000
310
000089898900FFFFFF00FFFFFF00FFFFFF00FFFFFF00FFFFFF00FFFFFF000000
310
00000000000000000000C3C3C300FFFFFF00FFFFFF00FFFFFF00FFFFFF00FFFF
310
FF00FFFFFF00FFFFFF00FFFFFF00FFFFFF00FFFFFF00FFFFFF00C3C3C3000000
310
00000000000000000000FFFFFF00FFFFFF00FFFFFF00FFFFFF00FFFFFF00FFFF
310
FF00FFFFFF00FFFFFF00FFFFFF00FFFFFF00FFFFFF00FFFFFF0000000000FFFF
310
FF00FFFFFF00FFFFFF00FFFFFF00FFFFFF00FFFFFF00FFFFFF00FFFFFF00FFFF
310
FF00FFFFFF00FFFFFF00FFFFFF00FFFFFF00FFFFFF00FFFFFF00FFFFFF00FFFF
310
FF00FFFFFF00FFFFFF00FFFFFF00FFFFFF00FFFFFF00FFFFFF00FFFFFF00FFFF
310
FF00FFFFFF00FFFFFF00FFFFFF00FFFFFF00FFFFFF00FFFFFF00FFFFFF00FFFF
310
FF00FFFFFF00FFFFFF00FFFFFF00FFFFFF00FFFFFF00FFFFFF00FFFFFF00FFFF
310
FF00FFFFFF00FFFFFF00FFFFFF00FFFFFF00FFFFFF00FFFFFF00FFFFFF00FFFF
310
FF00FFFFFF00FFFFFF00FFFFFF00FFFFFF00FFFFFF00FFFFFF00FFFFFF00FFFF
310
FF00FFFFFF00FFFFFF00FFFFFF00FFFFFF00FFFFFF00FFFFFF00FFFFFF00FFFF
310
FF00FFFFFF00FFFFFF00FFFFFF00FFFFFF00FFFFFF00FFFFFF00FFFFFF00FFFF
310
FF00FFFFFF00FFFFFF00D0D0D000000000000000000000000000B5B5B500FFFF
310
FF00FFFFFF00FFFFFF00FFFFFF00FFFFFF00FFFFFF00FFFFFF00FFFFFF00FFFF
310
FF00FFFFFF00FFFFFF00FFFFFF00FFFFFF005757570000000000000000001111
310
1100DDDDDD00FFFFFF00FFFFFF00FFFFFF00FFFFFF00FFFFFF00FFFFFF00FFFF
310
FF00FFFFFF00FFFFFF00FFFFFF00FFFFFF00FFFFFF00FFFFFF00FFFFFF00DDDD
310
DD00000000000000000000000000ECECEC00FFFFFF00FFFFFF00FFFFFF00FFFF
310
FF00FFFFFF00FFFFFF00FFFFFF00FFFFFF00FFFFFF0023232300000000000000
310
000089898900FFFFFF00FFFFFF00FFFFFF00FFFFFF00FFFFFF00000000000000
310
000000000000C3C3C300FFFFFF00FFFFFF00FFFFFF00FFFFFF00FFFFFF00FFFF
310
FF00FFFFFF00FFFFFF00FFFFFF0034343400000000000000000023232300FFFF
310
FF00FFFFFF00FFFFFF00FFFFFF00FFFFFF00FFFFFF00FFFFFF00FFFFFF00FFFF
310
FF00FFFFFF00FFFFFF00FFFFFF00FFFFFF00FFFFFF0047474700000000000000
310
000023232300ECECEC00FFFFFF00FFFFFF00FFFFFF00FFFFFF00FFFFFF00FFFF
310
FF00FFFFFF00FFFFFF00FFFFFF00FFFFFF007A7A7A0000000000000000001111
310
1100ECECEC00FFFFFF00FFFFFF00FFFFFF00FFFFFF00FFFFFF00000000000000
310
000000000000C3C3C300FFFFFF00FFFFFF00FFFFFF00FFFFFF00FFFFFF00FFFF
310
FF00FFFFFF00FFFFFF00FFFFFF00FFFFFF00FFFFFF00C3C3C300000000000000
310
000000000000FFFFFF00FFFFFF00FFFFFF00FFFFFF00FFFFFF00FFFFFF00FFFF
310
FF00FFFFFF00FFFFFF00FFFFFF00FFFFFF00FFFFFF0000000000FFFFFF00FFFF
310
FF00FFFFFF00FFFFFF00FFFFFF00FFFFFF00FFFFFF00FFFFFF00FFFFFF00FFFF
310
FF00FFFFFF00FFFFFF00FFFFFF00FFFFFF00FFFFFF00FFFFFF00FFFFFF00FFFF
310
FF00FFFFFF00FFFFFF00FFFFFF00FFFFFF00FFFFFF00FFFFFF00FFFFFF00FFFF
310
FF00FFFFFF00FFFFFF00FFFFFF00FFFFFF00FFFFFF00FFFFFF00FFFFFF00FFFF
310
FF00FFFFFF00FFFFFF00FFFFFF00FFFFFF00FFFFFF00FFFFFF00FFFFFF00FFFF
310
FF00FFFFFF00FFFFFF00FFFFFF00FFFFFF00FFFFFF00FFFFFF00FFFFFF00FFFF
310
FF00FFFFFF00FFFFFF00FFFFFF00FFFFFF00FFFFFF00FFFFFF00FFFFFF00FFFF
310
FF00FFFFFF00FFFFFF00FFFFFF00FFFFFF00FFFFFF00FFFFFF00FFFFFF00FFFF
310
FF00FFFFFF00FFFFFF00FFFFFF00FFFFFF00FFFFFF00FFFFFF00FFFFFF00FFFF
310
FF00FFFFFF00FFFFFF0089898900000000000000000011111100ECECEC00FFFF
310
FF00FFFFFF00FFFFFF00FFFFFF00FFFFFF00FFFFFF00FFFFFF00FFFFFF00FFFF
310
FF00FFFFFF00FFFFFF00DDDDDD0000000000000000000000000089898900FFFF
310
FF00FFFFFF00FFFFFF00FFFFFF00FFFFFF00FFFFFF00FFFFFF00FFFFFF00FFFF
310
FF00FFFFFF00FFFFFF00FFFFFF00FFFFFF00FFFFFF00FFFFFF00FFFFFF004747
310
4700000000000000000000000000000000000000000000000000000000000000
310
000000000000000000000000000000000000000000000000000000000000DDDD
310
DD00FFFFFF00FFFFFF00FFFFFF00FFFFFF00FFFFFF0000000000000000000000
310
0000C3C3C300FFFFFF00FFFFFF00FFFFFF00FFFFFF00FFFFFF00FFFFFF00FFFF
310
FF00FFFFFF00FFFFFF00C3C3C300000000000000000000000000C3C3C300FFFF
310
FF00FFFFFF00FFFFFF00FFFFFF00FFFFFF00FFFFFF00FFFFFF00FFFFFF00FFFF
310
FF00FFFFFF00FFFFFF00FFFFFF00DDDDDD00000000000000000000000000A7A7
310
A700FFFFFF00FFFFFF00FFFFFF00FFFFFF00FFFFFF00FFFFFF00FFFFFF00FFFF
310
FF00FFFFFF00FFFFFF00FFFFFF00ECECEC00111111000000000000000000A7A7
310
A700FFFFFF00FFFFFF00FFFFFF00FFFFFF00FFFFFF0000000000000000000000
310
0000C3C3C300FFFFFF00FFFFFF00FFFFFF00FFFFFF00FFFFFF00FFFFFF00FFFF
310
FF00FFFFFF00FFFFFF00FFFFFF00FFFFFF00C3C3C30000000000000000000000
310
0000FFFFFF00FFFFFF00FFFFFF00FFFFFF00FFFFFF00FFFFFF00FFFFFF00FFFF
310
FF00FFFFFF00FFFFFF00FFFFFF00FFFFFF0000000000FFFFFF00FFFFFF00FFFF
310
FF00FFFFFF00FFFFFF00FFFFFF00FFFFFF00FFFFFF00FFFFFF00FFFFFF00FFFF
310
FF00FFFFFF00FFFFFF00FFFFFF00FFFFFF00FFFFFF00FFFFFF00FFFFFF00FFFF
310
FF00FFFFFF00FFFFFF00FFFFFF00FFFFFF00FFFFFF00FFFFFF00FFFFFF00FFFF
310
FF00FFFFFF00FFFFFF00FFFFFF00FFFFFF00FFFFFF00FFFFFF00FFFFFF00FFFF
310
FF00FFFFFF00FFFFFF00FFFFFF00FFFFFF00FFFFFF00FFFFFF00FFFFFF00FFFF
310
FF00FFFFFF00FFFFFF00FFFFFF00FFFFFF00FFFFFF00FFFFFF00FFFFFF00FFFF
310
FF00FFFFFF00FFFFFF00FFFFFF00FFFFFF00FFFFFF00FFFFFF00FFFFFF00FFFF
310
FF00FFFFFF00FFFFFF00FFFFFF00FFFFFF00FFFFFF00FFFFFF00FFFFFF00FFFF
310
FF00FFFFFF00FFFFFF00FFFFFF00FFFFFF00FFFFFF00FFFFFF00FFFFFF00FFFF
310
FF00FFFFFF00FFFFFF0034343400000000000000000057575700FFFFFF00FFFF
310
FF00FFFFFF00FFFFFF00FFFFFF00FFFFFF00FFFFFF00FFFFFF00FFFFFF00FFFF
310
FF00FFFFFF00A7A7A700000000000000000000000000DDDDDD00FFFFFF00FFFF
310
FF00FFFFFF00FFFFFF00FFFFFF00FFFFFF00FFFFFF00FFFFFF00FFFFFF00FFFF
310
FF00FFFFFF00FFFFFF00FFFFFF00FFFFFF00FFFFFF00FFFFFF00A7A7A7000000
310
0000000000000000000000000000000000000000000000000000000000000000
310
0000000000000000000000000000000000000000000034343400FFFFFF00FFFF
310
FF00FFFFFF00FFFFFF00FFFFFF00FFFFFF00000000000000000000000000C3C3
310
C300FFFFFF00FFFFFF00FFFFFF00FFFFFF00FFFFFF00FFFFFF00FFFFFF00FFFF
310
FF00FFFFFF00FFFFFF003434340000000000000000007A7A7A00FFFFFF00FFFF
310
FF00FFFFFF00FFFFFF00FFFFFF00FFFFFF00FFFFFF00FFFFFF00FFFFFF00FFFF
310
FF00FFFFFF00FFFFFF00A7A7A700000000000000000000000000ECECEC00FFFF
310
FF00FFFFFF00FFFFFF00FFFFFF00FFFFFF00FFFFFF00FFFFFF00FFFFFF00FFFF
310
FF00FFFFFF00FFFFFF00FFFFFF0069696900000000000000000057575700FFFF
310
FF00FFFFFF00FFFFFF00FFFFFF00FFFFFF00000000000000000000000000C3C3
310
C300FFFFFF00FFFFFF00FFFFFF00FFFFFF00FFFFFF00FFFFFF00FFFFFF00FFFF
310
FF00FFFFFF00FFFFFF00FFFFFF00C3C3C300000000000000000000000000FFFF
310
FF00FFFFFF00FFFFFF00FFFFFF00FFFFFF00FFFFFF00FFFFFF00FFFFFF00FFFF
310
FF00FFFFFF00FFFFFF00FFFFFF0000000000FFFFFF00FFFFFF00FFFFFF00FFFF
310
FF00FFFFFF00FFFFFF00FFFFFF00FFFFFF00FFFFFF00FFFFFF00FFFFFF00FFFF
310
FF00FFFFFF00FFFFFF00FFFFFF00FFFFFF00FFFFFF00FFFFFF00FFFFFF00FFFF
310
FF00FFFFFF00FFFFFF00FFFFFF00FFFFFF00FFFFFF00FFFFFF00FFFFFF00FFFF
310
FF00FFFFFF00FFFFFF00FFFFFF00FFFFFF00FFFFFF00FFFFFF00FFFFFF00FFFF
310
FF00FFFFFF00FFFFFF00FFFFFF00FFFFFF00FFFFFF00FFFFFF00FFFFFF00FFFF
310
FF00FFFFFF00FFFFFF00FFFFFF00FFFFFF00FFFFFF00FFFFFF00FFFFFF00FFFF
310
FF00FFFFFF00FFFFFF00FFFFFF00FFFFFF00FFFFFF00FFFFFF00FFFFFF00FFFF
310
FF00FFFFFF00FFFFFF00FFFFFF00FFFFFF00FFFFFF00FFFFFF00FFFFFF00FFFF
310
FF00FFFFFF00FFFFFF00FFFFFF00FFFFFF00FFFFFF00FFFFFF00FFFFFF00FFFF
310
FF00FFFFFF00D0D0D000000000000000000000000000B5B5B500FFFFFF00FFFF
310
FF00FFFFFF00FFFFFF00FFFFFF00FFFFFF00FFFFFF00FFFFFF00FFFFFF00FFFF
310
FF0089898900000000000000000023232300FFFFFF00FFFFFF00FFFFFF00FFFF
310
FF00FFFFFF00FFFFFF00FFFFFF00FFFFFF00FFFFFF00FFFFFF00FFFFFF00FFFF
310
FF00FFFFFF00FFFFFF00FFFFFF00FFFFFF00FFFFFF00ECECEC00111111000000
310
0000000000007A7A7A0089898900898989008989890089898900898989008989
310
890089898900000000000000000000000000A7A7A700FFFFFF00FFFFFF00FFFF
310
FF00FFFFFF00FFFFFF00FFFFFF00000000000000000000000000C3C3C300FFFF
310
FF00FFFFFF00FFFFFF00FFFFFF00FFFFFF00FFFFFF00FFFFFF00FFFFFF00FFFF
310
FF00FFFFFF0089898900000000000000000047474700FFFFFF00FFFFFF00FFFF
310
FF00FFFFFF00FFFFFF00FFFFFF00FFFFFF00FFFFFF00FFFFFF00FFFFFF00FFFF
310
FF00FFFFFF0089898900000000000000000034343400FFFFFF00FFFFFF00FFFF
310
FF00FFFFFF00FFFFFF00FFFFFF00FFFFFF00FFFFFF00FFFFFF00FFFFFF00FFFF
310
FF00FFFFFF00FFFFFF00A7A7A700000000000000000011111100FFFFFF00FFFF
310
FF00FFFFFF00FFFFFF00FFFFFF00000000000000000000000000C3C3C300FFFF
310
FF00FFFFFF00FFFFFF00FFFFFF00FFFFFF00FFFFFF00FFFFFF00FFFFFF00FFFF
310
FF00FFFFFF00FFFFFF00C3C3C300000000000000000000000000FFFFFF00FFFF
310
FF00FFFFFF00FFFFFF00FFFFFF00FFFFFF00FFFFFF00FFFFFF00FFFFFF00FFFF
310
FF00FFFFFF00FFFFFF0000000000FFFFFF00FFFFFF00FFFFFF00FFFFFF00FFFF
310
FF00FFFFFF00FFFFFF00FFFFFF00FFFFFF00FFFFFF00FFFFFF00FFFFFF00FFFF
310
FF00FFFFFF00FFFFFF00FFFFFF00FFFFFF00FFFFFF00FFFFFF00FFFFFF00FFFF
310
FF00FFFFFF00FFFFFF00FFFFFF00FFFFFF00FFFFFF00FFFFFF00FFFFFF00FFFF
310
FF00FFFFFF00FFFFFF00FFFFFF00FFFFFF00FFFFFF00FFFFFF00FFFFFF00FFFF
310
FF00FFFFFF00FFFFFF00FFFFFF00FFFFFF00FFFFFF00FFFFFF00FFFFFF00FFFF
310
FF00FFFFFF00FFFFFF00FFFFFF00FFFFFF00FFFFFF00FFFFFF00FFFFFF00FFFF
310
FF00FFFFFF00FFFFFF00FFFFFF00FFFFFF00FFFFFF00FFFFFF00FFFFFF00FFFF
310
FF00FFFFFF00FFFFFF00FFFFFF00FFFFFF00FFFFFF00FFFFFF00FFFFFF00FFFF
310
FF00FFFFFF00FFFFFF00FFFFFF00FFFFFF00FFFFFF00FFFFFF00FFFFFF00FFFF
310
FF00FFFFFF0089898900000000000000000011111100ECECEC00FFFFFF00FFFF
310
FF00FFFFFF00FFFFFF00FFFFFF00FFFFFF00FFFFFF00FFFFFF00FFFFFF004747
310
4700000000000000000047474700FFFFFF00FFFFFF00FFFFFF00FFFFFF00FFFF
310
FF00FFFFFF00FFFFFF00FFFFFF00FFFFFF00FFFFFF00FFFFFF00FFFFFF00FFFF
310
FF00FFFFFF00FFFFFF00FFFFFF00FFFFFF00FFFFFF0069696900000000000000
310
0000A7A7A700FFFFFF00FFFFFF00FFFFFF00FFFFFF00FFFFFF00FFFFFF00D0D0
310
D000000000000000000000000000ECECEC00FFFFFF00FFFFFF00FFFFFF00FFFF
310
FF00FFFFFF00FFFFFF00000000000000000000000000C3C3C300FFFFFF00FFFF
310
FF00FFFFFF00FFFFFF00FFFFFF00FFFFFF00FFFFFF00FFFFFF00FFFFFF00FFFF
310
FF00B5B5B500000000000000000000000000FFFFFF00FFFFFF00FFFFFF00FFFF
310
FF00FFFFFF00FFFFFF00FFFFFF00FFFFFF00FFFFFF00FFFFFF00FFFFFF00FFFF
310
FF0057575700000000000000000047474700FFFFFF00FFFFFF00FFFFFF00FFFF
310
FF00FFFFFF00FFFFFF00FFFFFF00FFFFFF00FFFFFF00FFFFFF00FFFFFF00FFFF
310
FF00FFFFFF00C3C3C300000000000000000000000000FFFFFF00FFFFFF00FFFF
310
FF00FFFFFF00FFFFFF00000000000000000000000000C3C3C300FFFFFF00FFFF
310
FF00FFFFFF00FFFFFF00FFFFFF00FFFFFF00FFFFFF00FFFFFF00FFFFFF00FFFF
310
FF00FFFFFF00C3C3C300000000000000000000000000FFFFFF00FFFFFF00FFFF
310
FF00FFFFFF00FFFFFF00FFFFFF00FFFFFF00FFFFFF00FFFFFF00FFFFFF00FFFF
310
FF00FFFFFF0000000000FFFFFF00FFFFFF00FFFFFF00FFFFFF00FFFFFF00FFFF
310
FF00FFFFFF00FFFFFF00FFFFFF00FFFFFF00FFFFFF00FFFFFF00FFFFFF00FFFF
310
FF00FFFFFF00FFFFFF00FFFFFF00FFFFFF00FFFFFF00FFFFFF00FFFFFF00FFFF
310
FF00FFFFFF00FFFFFF00FFFFFF00FFFFFF00FFFFFF00FFFFFF00FFFFFF00FFFF
310
FF00FFFFFF00FFFFFF00FFFFFF00FFFFFF00FFFFFF00FFFFFF00FFFFFF00FFFF
310
FF00FFFFFF00FFFFFF00FFFFFF00FFFFFF00FFFFFF00FFFFFF00FFFFFF00FFFF
310
FF00FFFFFF00FFFFFF00FFFFFF00FFFFFF00FFFFFF00FFFFFF00FFFFFF00FFFF
310
FF00FFFFFF00FFFFFF00FFFFFF00FFFFFF00FFFFFF00FFFFFF00FFFFFF00FFFF
310
FF00FFFFFF00FFFFFF00FFFFFF00FFFFFF00FFFFFF00FFFFFF00FFFFFF00FFFF
310
FF00FFFFFF00FFFFFF00FFFFFF00FFFFFF00FFFFFF00FFFFFF00FFFFFF00FFFF
310
FF00FFFFFF0034343400000000000000000057575700FFFFFF00FFFFFF00FFFF
310
FF00FFFFFF00FFFFFF00FFFFFF00FFFFFF00FFFFFF00FFFFFF00474747000000
310
00000000000069696900FFFFFF00FFFFFF00FFFFFF00FFFFFF00FFFFFF00FFFF
310
FF00FFFFFF00FFFFFF00FFFFFF00FFFFFF00FFFFFF00FFFFFF00FFFFFF00FFFF
310
FF00FFFFFF00FFFFFF00FFFFFF00FFFFFF00C3C3C30000000000000000005757
310
5700FFFFFF00FFFFFF00FFFFFF00FFFFFF00FFFFFF00FFFFFF007A7A7A000000
310
00000000000069696900FFFFFF00FFFFFF00FFFFFF00FFFFFF00FFFFFF00FFFF
310
FF00FFFFFF00000000000000000000000000C3C3C300FFFFFF00FFFFFF00FFFF
310
FF00FFFFFF00FFFFFF00FFFFFF00FFFFFF00FFFFFF00FFFFFF00FFFFFF00C3C3
310
C300000000000000000000000000FFFFFF00FFFFFF00FFFFFF00FFFFFF00FFFF
310
FF00FFFFFF00FFFFFF00FFFFFF00FFFFFF00FFFFFF00FFFFFF00FFFFFF004747
310
470000000000000000007A7A7A00FFFFFF00FFFFFF00FFFFFF00FFFFFF00FFFF
310
FF00FFFFFF00FFFFFF00FFFFFF00FFFFFF00FFFFFF00FFFFFF00FFFFFF00FFFF
310
FF00ECECEC00000000000000000000000000D0D0D000FFFFFF00FFFFFF00FFFF
310
FF00FFFFFF00000000000000000000000000C3C3C300FFFFFF00FFFFFF00FFFF
310
FF00FFFFFF00FFFFFF00FFFFFF00FFFFFF00FFFFFF00FFFFFF00FFFFFF00FFFF
310
FF00C3C3C300000000000000000000000000FFFFFF00FFFFFF00FFFFFF00FFFF
310
FF00FFFFFF00FFFFFF00FFFFFF00FFFFFF00FFFFFF00FFFFFF00FFFFFF00FFFF
310
FF0000000000FFFFFF00FFFFFF00FFFFFF00FFFFFF00FFFFFF00FFFFFF00FFFF
310
FF00FFFFFF00FFFFFF00FFFFFF00FFFFFF00FFFFFF00FFFFFF00FFFFFF00FFFF
310
FF00FFFFFF00FFFFFF00FFFFFF00FFFFFF00FFFFFF00FFFFFF00FFFFFF00FFFF
310
FF00FFFFFF00FFFFFF00FFFFFF00FFFFFF00FFFFFF00FFFFFF00FFFFFF00FFFF
310
FF00FFFFFF00FFFFFF00FFFFFF00FFFFFF00FFFFFF00FFFFFF00FFFFFF00FFFF
310
FF00FFFFFF00FFFFFF00FFFFFF00FFFFFF00FFFFFF00FFFFFF00FFFFFF00FFFF
310
FF00FFFFFF00FFFFFF00FFFFFF00FFFFFF00FFFFFF00FFFFFF00FFFFFF00FFFF
310
FF00FFFFFF00FFFFFF00FFFFFF00FFFFFF00FFFFFF00FFFFFF00FFFFFF00FFFF
310
FF00FFFFFF00FFFFFF00FFFFFF00FFFFFF00FFFFFF00FFFFFF00FFFFFF00FFFF
310
FF00FFFFFF00FFFFFF00FFFFFF00FFFFFF00FFFFFF00FFFFFF00FFFFFF00FFFF
310
FF00D0D0D000000000000000000000000000B5B5B500FFFFFF00FFFFFF00FFFF
310
FF00FFFFFF00FFFFFF00FFFFFF00FFFFFF00FFFFFF0047474700000000000000
310
000089898900FFFFFF00FFFFFF00FFFFFF00FFFFFF00FFFFFF00FFFFFF00FFFF
310
FF00FFFFFF00FFFFFF00FFFFFF00FFFFFF00FFFFFF00FFFFFF00FFFFFF00FFFF
310
FF00FFFFFF00FFFFFF00FFFFFF00FFFFFF00232323000000000000000000ECEC
310
EC00FFFFFF00FFFFFF00FFFFFF00FFFFFF00FFFFFF0011111100000000000000
310
0000B5B5B500FFFFFF00FFFFFF00FFFFFF00FFFFFF00FFFFFF00FFFFFF00FFFF
310
FF00000000000000000000000000C3C3C300FFFFFF00FFFFFF00FFFFFF00FFFF
310
FF00FFFFFF00FFFFFF00FFFFFF00FFFFFF00FFFFFF00FFFFFF00C3C3C3000000
310
00000000000000000000FFFFFF00FFFFFF00FFFFFF00FFFFFF00FFFFFF00FFFF
310
FF00FFFFFF00FFFFFF00FFFFFF00FFFFFF00FFFFFF00FFFFFF00474747000000
310
00000000000089898900FFFFFF00FFFFFF00FFFFFF00FFFFFF00FFFFFF00FFFF
310
FF00FFFFFF00FFFFFF00FFFFFF00FFFFFF00FFFFFF00FFFFFF00FFFFFF00FFFF
310
FF00000000000000000000000000C3C3C300FFFFFF00FFFFFF00FFFFFF00FFFF
310
FF00000000000000000000000000C3C3C300FFFFFF00FFFFFF00FFFFFF00FFFF
310
FF00FFFFFF00FFFFFF00FFFFFF00FFFFFF00FFFFFF00FFFFFF00FFFFFF00C3C3
310
C300000000000000000000000000000000000000000000000000000000000000
310
0000000000000000000000000000A7A7A700FFFFFF00FFFFFF00FFFFFF000000
310
0000FFFFFF00FFFFFF00FFFFFF00FFFFFF00FFFFFF00FFFFFF00FFFFFF00FFFF
310
FF00FFFFFF00FFFFFF00FFFFFF00FFFFFF00FFFFFF00FFFFFF00FFFFFF00FFFF
310
FF00FFFFFF00FFFFFF00FFFFFF00FFFFFF00FFFFFF00FFFFFF00FFFFFF00FFFF
310
FF00FFFFFF00FFFFFF00FFFFFF00FFFFFF00FFFFFF00FFFFFF00FFFFFF00FFFF
310
FF00FFFFFF00FFFFFF00FFFFFF00FFFFFF00FFFFFF00FFFFFF00FFFFFF00FFFF
310
FF00FFFFFF00FFFFFF00FFFFFF00FFFFFF00FFFFFF00FFFFFF00FFFFFF00FFFF
310
FF00FFFFFF00FFFFFF00FFFFFF00FFFFFF00FFFFFF00FFFFFF00FFFFFF00FFFF
310
FF00FFFFFF00FFFFFF00FFFFFF00FFFFFF00FFFFFF00FFFFFF00FFFFFF00FFFF
310
FF00FFFFFF00FFFFFF00FFFFFF00FFFFFF00FFFFFF00FFFFFF00FFFFFF00FFFF
310
FF00FFFFFF00FFFFFF00FFFFFF00FFFFFF00FFFFFF00FFFFFF00FFFFFF00FFFF
310
FF0089898900000000000000000011111100ECECEC00FFFFFF00FFFFFF00FFFF
310
FF00FFFFFF00FFFFFF00FFFFFF00FFFFFF004747470000000000000000004747
310
4700FFFFFF00FFFFFF00FFFFFF00FFFFFF00FFFFFF00FFFFFF00FFFFFF00FFFF
310
FF00FFFFFF00FFFFFF00FFFFFF00FFFFFF00FFFFFF00FFFFFF00FFFFFF00FFFF
310
FF00FFFFFF00FFFFFF00FFFFFF007A7A7A000000000000000000A7A7A700FFFF
310
FF00FFFFFF00FFFFFF00FFFFFF00B5B5B500000000000000000023232300FFFF
310
FF00FFFFFF00FFFFFF00FFFFFF00FFFFFF00FFFFFF00FFFFFF00FFFFFF000000
310
00000000000000000000C3C3C300FFFFFF00FFFFFF00FFFFFF00FFFFFF00FFFF
310
FF00FFFFFF00FFFFFF00FFFFFF00FFFFFF00FFFFFF00C3C3C300000000000000
310
000000000000FFFFFF00FFFFFF00FFFFFF00FFFFFF00FFFFFF00FFFFFF00FFFF
310
FF00FFFFFF00FFFFFF00FFFFFF00FFFFFF00FFFFFF0047474700000000000000
310
00007A7A7A00FFFFFF00FFFFFF00FFFFFF00FFFFFF00FFFFFF00FFFFFF00FFFF
310
FF00FFFFFF00FFFFFF00FFFFFF00FFFFFF00FFFFFF00FFFFFF00ECECEC000000
310
00000000000000000000C3C3C300FFFFFF00FFFFFF00FFFFFF00FFFFFF000000
310
00000000000000000000C3C3C300FFFFFF00FFFFFF00FFFFFF00FFFFFF00FFFF
310
FF00FFFFFF00FFFFFF00FFFFFF00FFFFFF00FFFFFF00FFFFFF00C3C3C3000000
310
0000000000000000000000000000000000000000000000000000000000000000
310
0000000000000000000098989800FFFFFF00FFFFFF00FFFFFF0000000000FFFF
310
FF00FFFFFF00FFFFFF00FFFFFF00FFFFFF00FFFFFF00FFFFFF00FFFFFF00FFFF
310
FF00FFFFFF00FFFFFF00FFFFFF00FFFFFF00FFFFFF00FFFFFF00FFFFFF00FFFF
310
FF00FFFFFF00FFFFFF00FFFFFF00FFFFFF00FFFFFF00FFFFFF00FFFFFF00FFFF
310
FF00FFFFFF00FFFFFF00FFFFFF00FFFFFF00FFFFFF00FFFFFF00FFFFFF00FFFF
310
FF00FFFFFF00FFFFFF00FFFFFF00FFFFFF00FFFFFF00FFFFFF00FFFFFF00FFFF
310
FF00FFFFFF00FFFFFF00FFFFFF00FFFFFF00FFFFFF00FFFFFF00FFFFFF00FFFF
310
FF00FFFFFF00FFFFFF00FFFFFF00FFFFFF00FFFFFF00FFFFFF00FFFFFF00FFFF
310
FF00FFFFFF00FFFFFF00FFFFFF00FFFFFF00FFFFFF00FFFFFF00FFFFFF00FFFF
310
FF00FFFFFF00FFFFFF00FFFFFF00FFFFFF00FFFFFF00FFFFFF00FFFFFF00FFFF
310
FF00FFFFFF00FFFFFF00FFFFFF00FFFFFF00FFFFFF00FFFFFF00FFFFFF00FFFF
310
FF0034343400000000000000000057575700FFFFFF00FFFFFF00FFFFFF00FFFF
310
FF00FFFFFF00FFFFFF00FFFFFF0069696900000000000000000047474700FFFF
310
FF00FFFFFF00FFFFFF00FFFFFF00FFFFFF00FFFFFF00FFFFFF00FFFFFF00FFFF
310
FF00FFFFFF00FFFFFF00FFFFFF00FFFFFF00FFFFFF00FFFFFF00FFFFFF00FFFF
310
FF00FFFFFF00FFFFFF00DDDDDD00000000000000000047474700FFFFFF00FFFF
310
FF00FFFFFF00FFFFFF006969690000000000000000007A7A7A00FFFFFF00FFFF
310
FF00FFFFFF00FFFFFF00FFFFFF00FFFFFF00FFFFFF00FFFFFF00000000000000
310
000000000000C3C3C300FFFFFF00FFFFFF00FFFFFF00FFFFFF00FFFFFF00FFFF
310
FF00FFFFFF00FFFFFF00FFFFFF00FFFFFF00C3C3C30000000000000000000000
310
0000FFFFFF00FFFFFF00FFFFFF00FFFFFF00FFFFFF00FFFFFF00FFFFFF00FFFF
310
FF00FFFFFF00FFFFFF00FFFFFF00FFFFFF007A7A7A0000000000000000004747
310
4700FFFFFF00FFFFFF00FFFFFF00FFFFFF00FFFFFF00FFFFFF00FFFFFF00FFFF
310
FF00FFFFFF00FFFFFF00FFFFFF00FFFFFF00FFFFFF00C3C3C300000000000000
310
000000000000DDDDDD00FFFFFF00FFFFFF00FFFFFF00FFFFFF00000000000000
310
000000000000C3C3C300FFFFFF00FFFFFF00FFFFFF00FFFFFF00FFFFFF00FFFF
310
FF00FFFFFF00FFFFFF00FFFFFF00FFFFFF00FFFFFF00C3C3C300000000000000
310
0000000000008989890089898900898989008989890089898900898989008989
310
890089898900DDDDDD00FFFFFF00FFFFFF00FFFFFF0000000000FFFFFF00FFFF
310
FF00FFFFFF00FFFFFF00FFFFFF00FFFFFF00FFFFFF00FFFFFF00FFFFFF00FFFF
310
FF00FFFFFF00FFFFFF00FFFFFF00FFFFFF00FFFFFF00FFFFFF00FFFFFF00FFFF
310
FF00FFFFFF00FFFFFF00FFFFFF00FFFFFF00FFFFFF00FFFFFF00FFFFFF00FFFF
310
FF00FFFFFF00FFFFFF00FFFFFF00FFFFFF00FFFFFF00FFFFFF00FFFFFF00FFFF
310
FF00FFFFFF00FFFFFF00FFFFFF00FFFFFF00FFFFFF00FFFFFF00FFFFFF00FFFF
310
FF00FFFFFF00FFFFFF00FFFFFF00FFFFFF00FFFFFF00FFFFFF00FFFFFF00FFFF
310
FF00FFFFFF00FFFFFF00FFFFFF00FFFFFF00FFFFFF00FFFFFF00FFFFFF00FFFF
310
FF00FFFFFF00FFFFFF00FFFFFF00FFFFFF00FFFFFF00FFFFFF00FFFFFF00FFFF
310
FF00FFFFFF00FFFFFF00FFFFFF00FFFFFF00FFFFFF00FFFFFF00FFFFFF00FFFF
310
FF00FFFFFF00FFFFFF00FFFFFF00FFFFFF00FFFFFF00FFFFFF00FFFFFF00D0D0
310
D000000000000000000000000000C3C3C300FFFFFF00FFFFFF00FFFFFF00FFFF
310
FF00FFFFFF00FFFFFF0098989800000000000000000011111100FFFFFF00FFFF
310
FF00FFFFFF00FFFFFF00FFFFFF00FFFFFF00FFFFFF00FFFFFF00FFFFFF00FFFF
310
FF00FFFFFF00FFFFFF00FFFFFF00FFFFFF00FFFFFF00FFFFFF00FFFFFF00FFFF
310
FF00FFFFFF00FFFFFF00343434000000000000000000DDDDDD00FFFFFF00FFFF
310
FF00ECECEC00111111000000000000000000D0D0D000FFFFFF00FFFFFF00FFFF
310
FF00FFFFFF00FFFFFF00FFFFFF00FFFFFF00FFFFFF0000000000000000000000
310
0000C3C3C300FFFFFF00FFFFFF00FFFFFF00FFFFFF00FFFFFF00FFFFFF00FFFF
310
FF00FFFFFF00FFFFFF00FFFFFF0089898900000000000000000023232300FFFF
310
FF00FFFFFF00FFFFFF00FFFFFF00FFFFFF00FFFFFF00FFFFFF00FFFFFF00FFFF
310
FF00FFFFFF00FFFFFF00FFFFFF0089898900000000000000000023232300FFFF
310
FF00FFFFFF00FFFFFF00FFFFFF00FFFFFF00FFFFFF00FFFFFF00FFFFFF00FFFF
310
FF00FFFFFF00FFFFFF00FFFFFF00FFFFFF00B5B5B50000000000000000000000
310
0000FFFFFF00FFFFFF00FFFFFF00FFFFFF00FFFFFF0000000000000000000000
310
0000C3C3C300FFFFFF00FFFFFF00FFFFFF00FFFFFF00FFFFFF00FFFFFF00FFFF
310
FF00FFFFFF00FFFFFF00FFFFFF00FFFFFF00C3C3C30000000000000000000000
310
0000FFFFFF00FFFFFF00FFFFFF00FFFFFF00FFFFFF00FFFFFF00FFFFFF00FFFF
310
FF00FFFFFF00FFFFFF00FFFFFF00FFFFFF0000000000FFFFFF00FFFFFF00FFFF
310
FF00FFFFFF00FFFFFF00FFFFFF00FFFFFF00FFFFFF00FFFFFF00FFFFFF00FFFF
310
FF00FFFFFF00FFFFFF00FFFFFF00FFFFFF00FFFFFF00FFFFFF00FFFFFF00FFFF
310
FF00FFFFFF00FFFFFF00FFFFFF00FFFFFF00FFFFFF00FFFFFF00FFFFFF00FFFF
310
FF00FFFFFF00FFFFFF00FFFFFF00FFFFFF00FFFFFF00FFFFFF00FFFFFF00FFFF
310
FF00FFFFFF00FFFFFF00FFFFFF00FFFFFF00FFFFFF00FFFFFF00FFFFFF00FFFF
310
FF00FFFFFF00FFFFFF00FFFFFF00FFFFFF00FFFFFF00FFFFFF00FFFFFF00FFFF
310
FF00FFFFFF00FFFFFF00FFFFFF00FFFFFF00FFFFFF00FFFFFF00FFFFFF00FFFF
310
FF00FFFFFF00FFFFFF00FFFFFF00FFFFFF00FFFFFF00FFFFFF00FFFFFF00FFFF
310
FF00FFFFFF00FFFFFF00FFFFFF00FFFFFF00FFFFFF00FFFFFF00FFFFFF00FFFF
310
FF00FFFFFF00FFFFFF00FFFFFF00FFFFFF00FFFFFF00FFFFFF00FFFFFF008989
310
8900000000000000000023232300ECECEC00FFFFFF00FFFFFF00FFFFFF00FFFF
310
FF00FFFFFF00D0D0D000000000000000000000000000D0D0D000FFFFFF00FFFF
310
FF00FFFFFF00FFFFFF00FFFFFF00FFFFFF00FFFFFF00FFFFFF00FFFFFF00FFFF
310
FF00FFFFFF00FFFFFF00FFFFFF00FFFFFF00FFFFFF00FFFFFF00FFFFFF00FFFF
310
FF00FFFFFF00A7A7A700000000000000000098989800FFFFFF00FFFFFF00A7A7
310
A700000000000000000034343400FFFFFF00FFFFFF00FFFFFF00FFFFFF00FFFF
310
FF00FFFFFF00FFFFFF00FFFFFF00FFFFFF00000000000000000000000000C3C3
310
C300FFFFFF00FFFFFF00FFFFFF00FFFFFF00FFFFFF00FFFFFF00FFFFFF00FFFF
310
FF00FFFFFF00FFFFFF0057575700000000000000000069696900FFFFFF00FFFF
310
FF00FFFFFF00FFFFFF00FFFFFF00FFFFFF00FFFFFF00FFFFFF00FFFFFF00FFFF
310
FF00FFFFFF00FFFFFF00C3C3C300000000000000000000000000DDDDDD00FFFF
310
FF00FFFFFF00FFFFFF00FFFFFF00FFFFFF00FFFFFF00FFFFFF00FFFFFF00FFFF
310
FF00FFFFFF00FFFFFF00FFFFFF007A7A7A00000000000000000034343400FFFF
310
FF00FFFFFF00FFFFFF00FFFFFF00FFFFFF00000000000000000000000000C3C3
310
C300FFFFFF00FFFFFF00FFFFFF00FFFFFF00FFFFFF00FFFFFF00FFFFFF00FFFF
310
FF00FFFFFF00FFFFFF00FFFFFF00C3C3C300000000000000000000000000FFFF
310
FF00FFFFFF00FFFFFF00FFFFFF00FFFFFF00FFFFFF00FFFFFF00FFFFFF00FFFF
310
FF00FFFFFF00FFFFFF00FFFFFF0000000000FFFFFF00FFFFFF00FFFFFF00FFFF
310
FF00FFFFFF00FFFFFF00FFFFFF00FFFFFF00FFFFFF00FFFFFF00FFFFFF00FFFF
310
FF00FFFFFF00FFFFFF00FFFFFF00FFFFFF00FFFFFF00FFFFFF00FFFFFF00FFFF
310
FF00FFFFFF00FFFFFF00FFFFFF00FFFFFF00FFFFFF00FFFFFF00FFFFFF00FFFF
310
FF00FFFFFF00FFFFFF00FFFFFF00FFFFFF00FFFFFF00FFFFFF00FFFFFF00FFFF
310
FF00FFFFFF00FFFFFF00FFFFFF00FFFFFF00FFFFFF00FFFFFF00FFFFFF00FFFF
310
FF00FFFFFF00FFFFFF00FFFFFF00FFFFFF00FFFFFF00FFFFFF00FFFFFF00FFFF
310
FF00FFFFFF00FFFFFF00FFFFFF00FFFFFF00FFFFFF00FFFFFF00FFFFFF00FFFF
310
FF00FFFFFF00FFFFFF00FFFFFF00FFFFFF00FFFFFF00FFFFFF00FFFFFF00FFFF
310
FF00FFFFFF00FFFFFF00FFFFFF00FFFFFF00FFFFFF00FFFFFF00FFFFFF00FFFF
310
FF00FFFFFF00FFFFFF00FFFFFF00FFFFFF00FFFFFF00FFFFFF00FFFFFF003434
310
340000000000000000007A7A7A00FFFFFF00FFFFFF00FFFFFF00FFFFFF00FFFF
310
FF00FFFFFF0023232300000000000000000069696900FFFFFF00FFFFFF00FFFF
310
FF00FFFFFF00FFFFFF00FFFFFF00FFFFFF00FFFFFF00FFFFFF00FFFFFF00FFFF
310
FF00FFFFFF00FFFFFF00FFFFFF00FFFFFF00FFFFFF00FFFFFF00FFFFFF00FFFF
310
FF00ECECEC00000000000000000034343400FFFFFF00FFFFFF00575757000000
310
00000000000098989800FFFFFF00FFFFFF00FFFFFF00FFFFFF00FFFFFF00FFFF
310
FF00FFFFFF00FFFFFF00FFFFFF00000000000000000000000000C3C3C300FFFF
310
FF00FFFFFF00FFFFFF00FFFFFF00FFFFFF00FFFFFF00FFFFFF00FFFFFF00FFFF
310
FF00DDDDDD00000000000000000000000000A7A7A700FFFFFF00FFFFFF00FFFF
310
FF00FFFFFF00FFFFFF00FFFFFF00FFFFFF00FFFFFF00FFFFFF00FFFFFF00FFFF
310
FF00FFFFFF00FFFFFF0011111100000000000000000089898900FFFFFF00FFFF
310
FF00FFFFFF00FFFFFF00FFFFFF00FFFFFF00FFFFFF00FFFFFF00FFFFFF00FFFF
310
FF00FFFFFF00FFFFFF002323230000000000000000007A7A7A00FFFFFF00FFFF
310
FF00FFFFFF00FFFFFF00FFFFFF00000000000000000000000000C3C3C300FFFF
310
FF00FFFFFF00FFFFFF00FFFFFF00FFFFFF00FFFFFF00FFFFFF00FFFFFF00FFFF
310
FF00FFFFFF00FFFFFF00C3C3C300000000000000000000000000FFFFFF00FFFF
310
FF00FFFFFF00FFFFFF00FFFFFF00FFFFFF00FFFFFF00FFFFFF00FFFFFF00FFFF
310
FF00FFFFFF00FFFFFF0000000000FFFFFF00FFFFFF00FFFFFF00FFFFFF00FFFF
310
FF00FFFFFF00FFFFFF00FFFFFF00FFFFFF00FFFFFF00FFFFFF00FFFFFF00FFFF
310
FF00FFFFFF00FFFFFF00FFFFFF00FFFFFF00FFFFFF00FFFFFF00FFFFFF00FFFF
310
FF00FFFFFF00FFFFFF00FFFFFF00FFFFFF00FFFFFF00FFFFFF00FFFFFF00FFFF
310
FF00FFFFFF00FFFFFF00FFFFFF00FFFFFF00FFFFFF00FFFFFF00FFFFFF00FFFF
310
FF00FFFFFF00FFFFFF00FFFFFF00FFFFFF00FFFFFF00FFFFFF00FFFFFF00FFFF
310
FF00FFFFFF00FFFFFF00FFFFFF00FFFFFF00FFFFFF00FFFFFF00FFFFFF00FFFF
310
FF00FFFFFF00FFFFFF00FFFFFF00FFFFFF00FFFFFF00FFFFFF00FFFFFF00FFFF
310
FF00FFFFFF00FFFFFF00FFFFFF00FFFFFF00FFFFFF00FFFFFF00FFFFFF00FFFF
310
FF00FFFFFF00FFFFFF00FFFFFF00FFFFFF00FFFFFF00FFFFFF00FFFFFF00FFFF
310
FF00FFFFFF00FFFFFF00FFFFFF00FFFFFF00FFFFFF00FFFFFF00D0D0D0000000
310
00000000000000000000C3C3C300FFFFFF00FFFFFF00FFFFFF00FFFFFF00FFFF
310
FF0089898900000000000000000000000000D0D0D000FFFFFF00FFFFFF00FFFF
310
FF00FFFFFF00FFFFFF00FFFFFF00FFFFFF00FFFFFF00FFFFFF00FFFFFF00FFFF
310
FF00FFFFFF00FFFFFF00FFFFFF00FFFFFF00FFFFFF00FFFFFF00FFFFFF00FFFF
310
FF00696969000000000000000000DDDDDD00ECECEC0000000000000000000000
310
0000ECECEC00FFFFFF00FFFFFF00FFFFFF00FFFFFF00FFFFFF00FFFFFF00FFFF
310
FF00FFFFFF00FFFFFF00000000000000000000000000C3C3C300FFFFFF00FFFF
310
FF00FFFFFF00FFFFFF00FFFFFF00FFFFFF00FFFFFF00FFFFFF00FFFFFF005757
310
5700000000000000000011111100FFFFFF00FFFFFF00FFFFFF00FFFFFF00FFFF
310
FF00FFFFFF00FFFFFF00FFFFFF00FFFFFF00FFFFFF00FFFFFF00FFFFFF00FFFF
310
FF00FFFFFF0089898900000000000000000011111100DDDDDD00FFFFFF00FFFF
310
FF00FFFFFF00FFFFFF00FFFFFF00FFFFFF00FFFFFF00FFFFFF00FFFFFF00FFFF
310
FF0098989800000000000000000000000000C3C3C300FFFFFF00FFFFFF00FFFF
310
FF00FFFFFF00FFFFFF00000000000000000000000000C3C3C300FFFFFF00FFFF
310
FF00FFFFFF00FFFFFF00FFFFFF00FFFFFF00FFFFFF00FFFFFF00FFFFFF00FFFF
310
FF00FFFFFF00C3C3C300000000000000000000000000FFFFFF00FFFFFF00FFFF
310
FF00FFFFFF00FFFFFF00FFFFFF00FFFFFF00FFFFFF00FFFFFF00FFFFFF00FFFF
310
FF00FFFFFF0000000000FFFFFF00FFFFFF00FFFFFF00FFFFFF00FFFFFF00FFFF
310
FF00FFFFFF00FFFFFF00FFFFFF00FFFFFF00FFFFFF00FFFFFF00FFFFFF00FFFF
310
FF00FFFFFF00FFFFFF00FFFFFF00FFFFFF00FFFFFF00FFFFFF00FFFFFF00FFFF
310
FF00FFFFFF00FFFFFF00FFFFFF00FFFFFF00FFFFFF00FFFFFF00FFFFFF00FFFF
310
FF00FFFFFF00FFFFFF00FFFFFF00FFFFFF00FFFFFF00FFFFFF00FFFFFF00FFFF
310
FF00FFFFFF00FFFFFF00FFFFFF00FFFFFF00FFFFFF00FFFFFF00FFFFFF00FFFF
310
FF00FFFFFF00FFFFFF00FFFFFF00FFFFFF00FFFFFF00FFFFFF00FFFFFF00FFFF
310
FF00FFFFFF00FFFFFF00FFFFFF00FFFFFF00FFFFFF00FFFFFF00FFFFFF00FFFF
310
FF00FFFFFF00FFFFFF00FFFFFF00FFFFFF00FFFFFF00FFFFFF00FFFFFF00FFFF
310
FF00FFFFFF00FFFFFF00FFFFFF00FFFFFF00FFFFFF00FFFFFF00FFFFFF00FFFF
310
FF00FFFFFF00FFFFFF00FFFFFF00FFFFFF00FFFFFF00FFFFFF00898989000000
310
00000000000023232300ECECEC00FFFFFF00FFFFFF00FFFFFF00FFFFFF00ECEC
310
EC0023232300000000000000000011111100D0D0D000FFFFFF00FFFFFF00FFFF
310
FF00FFFFFF00FFFFFF00FFFFFF00FFFFFF00FFFFFF00C3C3C30069696900FFFF
310
FF00FFFFFF00FFFFFF00FFFFFF00FFFFFF00FFFFFF00FFFFFF00FFFFFF00B5B5
310
B500000000000000000089898900A7A7A700000000000000000057575700FFFF
310
FF00FFFFFF00FFFFFF00FFFFFF00FFFFFF00FFFFFF00FFFFFF00FFFFFF00FFFF
310
FF00FFFFFF00000000000000000000000000C3C3C300FFFFFF00FFFFFF00FFFF
310
FF00FFFFFF00FFFFFF00FFFFFF00FFFFFF00FFFFFF0069696900000000000000
310
000000000000A7A7A700FFFFFF00FFFFFF00FFFFFF00FFFFFF00FFFFFF00FFFF
310
FF00FFFFFF00FFFFFF00FFFFFF00FFFFFF00FFFFFF00FFFFFF00FFFFFF00FFFF
310
FF00ECECEC0011111100000000000000000034343400ECECEC00FFFFFF00FFFF
310
FF00FFFFFF00FFFFFF00FFFFFF00FFFFFF00FFFFFF00FFFFFF00C3C3C3000000
310
0000000000000000000047474700FFFFFF00FFFFFF00FFFFFF00FFFFFF00FFFF
310
FF00FFFFFF00000000000000000000000000C3C3C300FFFFFF00FFFFFF00FFFF
310
FF00FFFFFF00FFFFFF00FFFFFF00FFFFFF00FFFFFF00FFFFFF00FFFFFF00FFFF
310
FF00C3C3C300000000000000000000000000FFFFFF00FFFFFF00FFFFFF00FFFF
310
FF00FFFFFF00FFFFFF00FFFFFF00FFFFFF00FFFFFF00FFFFFF00FFFFFF00FFFF
310
FF0000000000FFFFFF00FFFFFF00FFFFFF00FFFFFF00FFFFFF00FFFFFF00FFFF
310
FF00FFFFFF00FFFFFF00FFFFFF00FFFFFF00FFFFFF00FFFFFF00FFFFFF00FFFF
310
FF00FFFFFF00FFFFFF00FFFFFF00FFFFFF00FFFFFF00FFFFFF00FFFFFF00FFFF
310
FF00FFFFFF00FFFFFF00FFFFFF00FFFFFF00FFFFFF00FFFFFF00FFFFFF00FFFF
310
FF00FFFFFF00FFFFFF00FFFFFF00FFFFFF00FFFFFF00FFFFFF00FFFFFF00FFFF
310
FF00FFFFFF00FFFFFF00FFFFFF00FFFFFF00FFFFFF00FFFFFF00FFFFFF00FFFF
310
FF00FFFFFF00FFFFFF00FFFFFF00FFFFFF00FFFFFF00FFFFFF00FFFFFF00FFFF
310
FF00FFFFFF00FFFFFF00FFFFFF00FFFFFF00FFFFFF00FFFFFF00FFFFFF00FFFF
310
FF00FFFFFF00FFFFFF00FFFFFF00FFFFFF00FFFFFF00FFFFFF00FFFFFF00FFFF
310
FF00FFFFFF00FFFFFF00FFFFFF00FFFFFF00FFFFFF00FFFFFF00FFFFFF00FFFF
310
FF00FFFFFF00FFFFFF00FFFFFF00FFFFFF00FFFFFF00FFFFFF00343434000000
310
0000000000007A7A7A00FFFFFF00FFFFFF00FFFFFF00FFFFFF00FFFFFF00D0D0
310
D0000000000000000000000000001111110098989800ECECEC00FFFFFF00FFFF
310
FF00FFFFFF00FFFFFF00C3C3C300696969000000000000000000FFFFFF00FFFF
310
FF00FFFFFF00FFFFFF00FFFFFF00FFFFFF00FFFFFF00FFFFFF00FFFFFF001111
310
11000000000023232300343434000000000000000000A7A7A700FFFFFF00FFFF
310
FF00FFFFFF00FFFFFF00FFFFFF00FFFFFF00FFFFFF00FFFFFF00FFFFFF00FFFF
310
FF00000000000000000000000000C3C3C300FFFFFF00FFFFFF00FFFFFF00FFFF
310
FF00FFFFFF00FFFFFF00C3C3C300474747000000000000000000000000006969
310
6900FFFFFF00FFFFFF00FFFFFF00FFFFFF00FFFFFF00FFFFFF00FFFFFF00FFFF
310
FF00FFFFFF00FFFFFF00FFFFFF00FFFFFF00FFFFFF00FFFFFF00FFFFFF00FFFF
310
FF00B5B5B50000000000000000000000000011111100A7A7A700ECECEC00FFFF
310
FF00FFFFFF00FFFFFF00FFFFFF00DDDDDD007A7A7A0000000000000000000000
310
000011111100D0D0D000FFFFFF00FFFFFF00FFFFFF00FFFFFF00FFFFFF00FFFF
310
FF00000000000000000000000000C3C3C300FFFFFF00FFFFFF00FFFFFF00FFFF
310
FF00FFFFFF00FFFFFF00FFFFFF00FFFFFF00FFFFFF00FFFFFF00FFFFFF00C3C3
310
C300000000000000000000000000FFFFFF00FFFFFF00FFFFFF00FFFFFF00FFFF
310
FF00FFFFFF00FFFFFF00FFFFFF00FFFFFF00FFFFFF00FFFFFF00FFFFFF000000
310
0000FFFFFF00FFFFFF00FFFFFF00FFFFFF00FFFFFF00FFFFFF00FFFFFF00FFFF
310
FF00FFFFFF00FFFFFF00FFFFFF00FFFFFF00FFFFFF00FFFFFF00FFFFFF00FFFF
310
FF00FFFFFF00FFFFFF00FFFFFF00FFFFFF00FFFFFF00FFFFFF00FFFFFF00FFFF
310
FF00FFFFFF00FFFFFF00FFFFFF00FFFFFF00FFFFFF00FFFFFF00FFFFFF00FFFF
310
FF00FFFFFF00FFFFFF00FFFFFF00FFFFFF00FFFFFF00FFFFFF00FFFFFF00FFFF
310
FF00FFFFFF00FFFFFF00FFFFFF00FFFFFF00FFFFFF00FFFFFF00FFFFFF00FFFF
310
FF00FFFFFF00FFFFFF00FFFFFF00FFFFFF00FFFFFF00FFFFFF00FFFFFF00FFFF
310
FF00FFFFFF00FFFFFF00FFFFFF00FFFFFF00FFFFFF00FFFFFF00FFFFFF00FFFF
310
FF00FFFFFF00FFFFFF00FFFFFF00FFFFFF00FFFFFF00FFFFFF00FFFFFF00FFFF
310
FF00FFFFFF00FFFFFF0098989800474747004747470047474700474747004747
310
4700474747004747470047474700474747004747470023232300000000000000
310
000000000000FFFFFF00FFFFFF00FFFFFF00FFFFFF00FFFFFF00FFFFFF00A7A7
310
A700111111000000000000000000000000000000000034343400474747004747
310
47001111110000000000000000000000000000000000FFFFFF00FFFFFF00FFFF
310
FF00FFFFFF00FFFFFF00FFFFFF00FFFFFF00FFFFFF00FFFFFF007A7A7A000000
310
000000000000000000000000000011111100FFFFFF00FFFFFF00FFFFFF00FFFF
310
FF00FFFFFF00FFFFFF00FFFFFF00FFFFFF00FFFFFF00FFFFFF00FFFFFF000000
310
0000000000000000000069696900898989008989890089898900898989005757
310
5700232323000000000000000000000000000000000069696900FFFFFF00FFFF
310
FF00FFFFFF00FFFFFF00FFFFFF00FFFFFF00FFFFFF00FFFFFF00FFFFFF00FFFF
310
FF00FFFFFF00FFFFFF00FFFFFF00FFFFFF00FFFFFF00FFFFFF00FFFFFF00FFFF
310
FF00A7A7A7000000000000000000000000000000000000000000343434004747
310
470047474700232323000000000000000000000000000000000011111100A7A7
310
A700FFFFFF00FFFFFF00FFFFFF00FFFFFF00FFFFFF00FFFFFF00FFFFFF000000
310
00000000000000000000C3C3C300FFFFFF00FFFFFF00FFFFFF00FFFFFF00FFFF
310
FF00FFFFFF00FFFFFF00FFFFFF00FFFFFF00FFFFFF00FFFFFF00C3C3C3000000
310
0000000000000000000089898900898989008989890089898900898989008989
310
8900898989008989890089898900C3C3C300FFFFFF00FFFFFF0000000000FFFF
310
FF00FFFFFF00FFFFFF00FFFFFF00FFFFFF00FFFFFF00FFFFFF00FFFFFF00FFFF
310
FF00FFFFFF00FFFFFF00FFFFFF00FFFFFF00FFFFFF00FFFFFF00FFFFFF00FFFF
310
FF00FFFFFF00FFFFFF00FFFFFF00FFFFFF00FFFFFF00FFFFFF00FFFFFF00FFFF
310
FF00FFFFFF00FFFFFF00FFFFFF00FFFFFF00FFFFFF00FFFFFF00FFFFFF00FFFF
310
FF00FFFFFF00FFFFFF00FFFFFF00FFFFFF00FFFFFF00FFFFFF00FFFFFF00FFFF
310
FF00FFFFFF00FFFFFF00FFFFFF00FFFFFF00FFFFFF00FFFFFF00FFFFFF00FFFF
310
FF00FFFFFF00FFFFFF00FFFFFF00FFFFFF00FFFFFF00FFFFFF00FFFFFF00FFFF
310
FF00FFFFFF00FFFFFF00FFFFFF00FFFFFF00FFFFFF00FFFFFF00FFFFFF00FFFF
310
FF00FFFFFF00FFFFFF00FFFFFF00FFFFFF00FFFFFF00FFFFFF00FFFFFF00FFFF
310
FF00FFFFFF004747470000000000000000000000000000000000000000000000
310
0000000000000000000000000000000000000000000000000000000000000000
310
0000FFFFFF00FFFFFF00FFFFFF00FFFFFF00FFFFFF00FFFFFF00FFFFFF00D0D0
310
D000474747000000000000000000000000000000000000000000000000000000
310
0000000000000000000023232300B5B5B500FFFFFF00FFFFFF00FFFFFF00FFFF
310
FF00FFFFFF00FFFFFF00FFFFFF00FFFFFF00FFFFFF00D0D0D000000000000000
310
0000000000000000000069696900FFFFFF00FFFFFF00FFFFFF00FFFFFF00FFFF
310
FF00FFFFFF00FFFFFF00FFFFFF00FFFFFF00FFFFFF00FFFFFF00000000000000
310
0000000000000000000000000000000000000000000000000000000000000000
310
0000000000000000000023232300B5B5B500FFFFFF00FFFFFF00FFFFFF00FFFF
310
FF00FFFFFF00FFFFFF00FFFFFF00FFFFFF00FFFFFF00FFFFFF00FFFFFF00FFFF
310
FF00FFFFFF00FFFFFF00FFFFFF00FFFFFF00FFFFFF00FFFFFF00FFFFFF00FFFF
310
FF00D0D0D0004747470000000000000000000000000000000000000000000000
310
00000000000000000000000000000000000047474700D0D0D000FFFFFF00FFFF
310
FF00FFFFFF00FFFFFF00FFFFFF00FFFFFF00FFFFFF00FFFFFF00000000000000
310
000000000000C3C3C300FFFFFF00FFFFFF00FFFFFF00FFFFFF00FFFFFF00FFFF
310
FF00FFFFFF00FFFFFF00FFFFFF00FFFFFF00FFFFFF00C3C3C300000000000000
310
0000000000000000000000000000000000000000000000000000000000000000
310
0000000000000000000047474700FFFFFF00FFFFFF0000000000FFFFFF00FFFF
310
FF00FFFFFF00FFFFFF00FFFFFF00FFFFFF00FFFFFF00FFFFFF00FFFFFF00FFFF
310
FF00FFFFFF00FFFFFF00FFFFFF00FFFFFF00FFFFFF00FFFFFF00FFFFFF00FFFF
310
FF00FFFFFF00FFFFFF00FFFFFF00FFFFFF00FFFFFF00FFFFFF00FFFFFF00FFFF
310
FF00FFFFFF00FFFFFF00FFFFFF00FFFFFF00FFFFFF00FFFFFF00FFFFFF00FFFF
310
FF00FFFFFF00FFFFFF00FFFFFF00FFFFFF00FFFFFF00FFFFFF00FFFFFF00FFFF
310
FF00FFFFFF00FFFFFF00FFFFFF00FFFFFF00FFFFFF00FFFFFF00FFFFFF00FFFF
310
FF00FFFFFF00FFFFFF00FFFFFF00FFFFFF00FFFFFF00FFFFFF00FFFFFF00FFFF
310
FF00FFFFFF00FFFFFF00FFFFFF00FFFFFF00FFFFFF00FFFFFF00FFFFFF00FFFF
310
FF00FFFFFF00FFFFFF00FFFFFF00FFFFFF00FFFFFF00FFFFFF00FFFFFF00FFFF
310
FF007A7A7A000000000000000000000000000000000000000000000000000000
310
000000000000000000000000000000000000000000000000000034343400FFFF
310
FF00FFFFFF00FFFFFF00FFFFFF00FFFFFF00FFFFFF00FFFFFF00FFFFFF00FFFF
310
FF00C3C3C3006969690034343400000000000000000000000000343434006969
310
6900B5B5B500FFFFFF00FFFFFF00FFFFFF00FFFFFF00FFFFFF00FFFFFF00FFFF
310
FF00FFFFFF00FFFFFF00FFFFFF00FFFFFF00FFFFFF0057575700000000000000
310
000011111100D0D0D000FFFFFF00FFFFFF00FFFFFF00FFFFFF00FFFFFF00FFFF
310
FF00FFFFFF00FFFFFF00FFFFFF00FFFFFF00FFFFFF0069696900000000000000
310
0000000000000000000000000000000000000000000011111100474747007A7A
310
7A00B5B5B500FFFFFF00FFFFFF00FFFFFF00FFFFFF00FFFFFF00FFFFFF00FFFF
310
FF00FFFFFF00FFFFFF00FFFFFF00FFFFFF00FFFFFF00FFFFFF00FFFFFF00FFFF
310
FF00FFFFFF00FFFFFF00FFFFFF00FFFFFF00FFFFFF00FFFFFF00FFFFFF00FFFF
310
FF00FFFFFF00C3C3C3007A7A7A00474747000000000000000000000000000000
310
0000474747007A7A7A00C3C3C300FFFFFF00FFFFFF00FFFFFF00FFFFFF00FFFF
310
FF00FFFFFF00FFFFFF00FFFFFF00FFFFFF00FFFFFF0034343400000000001111
310
1100D0D0D000FFFFFF00FFFFFF00FFFFFF00FFFFFF00FFFFFF00FFFFFF00FFFF
310
FF00FFFFFF00FFFFFF00FFFFFF00FFFFFF00FFFFFF0023232300000000000000
310
0000000000000000000000000000000000000000000000000000000000000000
310
00000000000069696900FFFFFF00FFFFFF0000000000FFFFFF00FFFFFF00FFFF
310
FF00FFFFFF00FFFFFF00FFFFFF00FFFFFF00FFFFFF00FFFFFF00FFFFFF00FFFF
310
FF00FFFFFF00FFFFFF00FFFFFF00FFFFFF00FFFFFF00FFFFFF00FFFFFF00FFFF
310
FF00FFFFFF00FFFFFF00FFFFFF00FFFFFF00FFFFFF00FFFFFF00FFFFFF00FFFF
310
FF00FFFFFF00FFFFFF00FFFFFF00FFFFFF00FFFFFF00FFFFFF00FFFFFF00FFFF
310
FF00FFFFFF00FFFFFF00FFFFFF00FFFFFF00FFFFFF00FFFFFF00FFFFFF00FFFF
310
FF00FFFFFF00FFFFFF00FFFFFF00FFFFFF00FFFFFF00FFFFFF00FFFFFF00FFFF
310
FF00FFFFFF00FFFFFF00FFFFFF00FFFFFF00FFFFFF00FFFFFF00FFFFFF00FFFF
310
FF00FFFFFF00FFFFFF00FFFFFF00FFFFFF00FFFFFF00FFFFFF00FFFFFF00FFFF
310
FF00FFFFFF00FFFFFF00FFFFFF00FFFFFF00FFFFFF00FFFFFF00FFFFFF00FFFF
310
FF00FFFFFF00FFFFFF00FFFFFF00FFFFFF00FFFFFF00FFFFFF00FFFFFF00FFFF
310
FF00FFFFFF00FFFFFF00FFFFFF00FFFFFF00FFFFFF00FFFFFF00FFFFFF00FFFF
310
FF00FFFFFF00FFFFFF00FFFFFF00FFFFFF00FFFFFF00FFFFFF00FFFFFF00FFFF
310
FF00FFFFFF00FFFFFF00FFFFFF00FFFFFF00FFFFFF00FFFFFF00FFFFFF00FFFF
310
FF00FFFFFF00FFFFFF00FFFFFF00FFFFFF00FFFFFF00FFFFFF00FFFFFF00FFFF
310
FF00FFFFFF00FFFFFF00FFFFFF00FFFFFF00FFFFFF00FFFFFF00FFFFFF00FFFF
310
FF00FFFFFF00FFFFFF00FFFFFF00FFFFFF00FFFFFF00FFFFFF00FFFFFF00FFFF
310
FF00FFFFFF00FFFFFF00FFFFFF00FFFFFF00FFFFFF00FFFFFF00FFFFFF00FFFF
310
FF00FFFFFF00FFFFFF00FFFFFF00FFFFFF00FFFFFF00FFFFFF00FFFFFF00FFFF
310
FF00FFFFFF00FFFFFF00FFFFFF00FFFFFF00FFFFFF00FFFFFF00FFFFFF00FFFF
310
FF00FFFFFF00FFFFFF00FFFFFF00FFFFFF00FFFFFF00FFFFFF00FFFFFF00FFFF
310
FF00FFFFFF00FFFFFF00FFFFFF00FFFFFF00FFFFFF00FFFFFF00FFFFFF00FFFF
310
FF00FFFFFF00FFFFFF00FFFFFF00FFFFFF00FFFFFF00FFFFFF00FFFFFF00FFFF
310
FF00FFFFFF00FFFFFF00FFFFFF00FFFFFF00FFFFFF00FFFFFF00FFFFFF00FFFF
310
FF00FFFFFF00FFFFFF00FFFFFF00FFFFFF00FFFFFF00FFFFFF00FFFFFF00FFFF
310
FF00FFFFFF00FFFFFF00FFFFFF00FFFFFF00FFFFFF00FFFFFF00FFFFFF00FFFF
310
FF00FFFFFF00FFFFFF00FFFFFF00FFFFFF00FFFFFF00FFFFFF00FFFFFF00FFFF
310
FF00FFFFFF00FFFFFF00FFFFFF00FFFFFF00FFFFFF00FFFFFF00FFFFFF00FFFF
310
FF00FFFFFF00FFFFFF00FFFFFF0000000000FFFFFF00FFFFFF00FFFFFF00FFFF
310
FF00FFFFFF00FFFFFF00FFFFFF00FFFFFF00FFFFFF00FFFFFF00FFFFFF00FFFF
310
FF00FFFFFF00FFFFFF00FFFFFF00FFFFFF00FFFFFF00FFFFFF00FFFFFF00FFFF
310
FF00FFFFFF00FFFFFF00FFFFFF00FFFFFF00FFFFFF00FFFFFF00FFFFFF00FFFF
310
FF00FFFFFF00FFFFFF00FFFFFF00FFFFFF00FFFFFF00FFFFFF00FFFFFF00FFFF
310
FF00FFFFFF00FFFFFF00FFFFFF00FFFFFF00FFFFFF00FFFFFF00FFFFFF00FFFF
310
FF00FFFFFF00FFFFFF00FFFFFF00FFFFFF00FFFFFF00FFFFFF00FFFFFF00FFFF
310
FF00FFFFFF00FFFFFF00FFFFFF00FFFFFF00FFFFFF00FFFFFF00FFFFFF00FFFF
310
FF00FFFFFF00FFFFFF00FFFFFF00FFFFFF00FFFFFF00FFFFFF00FFFFFF00FFFF
310
FF00FFFFFF00FFFFFF00FFFFFF00FFFFFF00FFFFFF00FFFFFF00FFFFFF00FFFF
310
FF00FFFFFF00FFFFFF00FFFFFF00FFFFFF00FFFFFF00FFFFFF00FFFFFF00FFFF
310
FF00FFFFFF00FFFFFF00FFFFFF00FFFFFF00FFFFFF00FFFFFF00FFFFFF00FFFF
310
FF00FFFFFF00FFFFFF00FFFFFF00FFFFFF00FFFFFF00FFFFFF00FFFFFF00FFFF
310
FF00FFFFFF00FFFFFF00FFFFFF00FFFFFF00FFFFFF00FFFFFF00FFFFFF00FFFF
310
FF00FFFFFF00FFFFFF00FFFFFF00FFFFFF00FFFFFF00FFFFFF00FFFFFF00FFFF
310
FF00FFFFFF00FFFFFF00FFFFFF00FFFFFF00FFFFFF00FFFFFF00FFFFFF00FFFF
310
FF00FFFFFF00FFFFFF00FFFFFF00FFFFFF00FFFFFF00FFFFFF00FFFFFF00FFFF
310
FF00FFFFFF00FFFFFF00FFFFFF00FFFFFF00FFFFFF00FFFFFF00FFFFFF00FFFF
310
FF00FFFFFF00FFFFFF00FFFFFF00FFFFFF00FFFFFF00FFFFFF00FFFFFF00FFFF
310
FF00FFFFFF00FFFFFF00FFFFFF00FFFFFF00FFFFFF00FFFFFF00FFFFFF00FFFF
310
FF00FFFFFF00FFFFFF00FFFFFF00FFFFFF00FFFFFF00FFFFFF00FFFFFF00FFFF
310
FF00FFFFFF00FFFFFF00FFFFFF00FFFFFF00FFFFFF00FFFFFF00FFFFFF00FFFF
310
FF00FFFFFF00FFFFFF00FFFFFF00FFFFFF00FFFFFF00FFFFFF00FFFFFF00FFFF
310
FF00FFFFFF00FFFFFF00FFFFFF00FFFFFF00FFFFFF00FFFFFF00FFFFFF00FFFF
310
FF00FFFFFF00FFFFFF00FFFFFF00FFFFFF00FFFFFF00FFFFFF00FFFFFF00FFFF
310
FF00FFFFFF00FFFFFF00FFFFFF00FFFFFF00FFFFFF00FFFFFF00FFFFFF00FFFF
310
FF00FFFFFF00FFFFFF00FFFFFF00FFFFFF00FFFFFF00FFFFFF00FFFFFF00FFFF
310
FF00FFFFFF00FFFFFF00FFFFFF00FFFFFF00FFFFFF00FFFFFF00FFFFFF00FFFF
310
FF00FFFFFF00FFFFFF0000000000FFFFFF00FFFFFF00FFFFFF00FFFFFF00FFFF
310
FF00FFFFFF00FFFFFF00FFFFFF00FFFFFF00FFFFFF00FFFFFF00FFFFFF00FFFF
310
FF00FFFFFF00FFFFFF00FFFFFF00FFFFFF00FFFFFF00FFFFFF00FFFFFF00FFFF
310
FF00FFFFFF00FFFFFF00FFFFFF00FFFFFF00FFFFFF00FFFFFF00FFFFFF00FFFF
310
FF00FFFFFF00FFFFFF00FFFFFF00FFFFFF00FFFFFF00FFFFFF00FFFFFF00FFFF
310
FF00FFFFFF00FFFFFF00FFFFFF00FFFFFF00FFFFFF00FFFFFF00FFFFFF00FFFF
310
FF00FFFFFF00FFFFFF00FFFFFF00FFFFFF00FFFFFF00FFFFFF00FFFFFF00FFFF
310
FF00FFFFFF00FFFFFF00FFFFFF00FFFFFF00FFFFFF00FFFFFF00FFFFFF00FFFF
310
FF00FFFFFF00FFFFFF00FFFFFF00FFFFFF00FFFFFF00FFFFFF00FFFFFF00FFFF
310
FF00FFFFFF00FFFFFF00FFFFFF00FFFFFF00FFFFFF00FFFFFF00FFFFFF00FFFF
310
FF00FFFFFF00FFFFFF00FFFFFF00FFFFFF00FFFFFF00FFFFFF00FFFFFF00FFFF
310
FF00FFFFFF00FFFFFF00FFFFFF00FFFFFF00FFFFFF00FFFFFF00FFFFFF00FFFF
310
FF00FFFFFF00FFFFFF00FFFFFF00FFFFFF00FFFFFF00FFFFFF00FFFFFF00FFFF
310
FF00FFFFFF00FFFFFF00FFFFFF00FFFFFF00FFFFFF00FFFFFF00FFFFFF00FFFF
310
FF00FFFFFF00FFFFFF00FFFFFF00FFFFFF00FFFFFF00FFFFFF00FFFFFF00FFFF
310
FF00FFFFFF00FFFFFF00FFFFFF00FFFFFF00FFFFFF00FFFFFF00FFFFFF00FFFF
310
FF00FFFFFF00FFFFFF00FFFFFF00FFFFFF00FFFFFF00FFFFFF00FFFFFF00FFFF
310
FF00FFFFFF00FFFFFF00FFFFFF00FFFFFF00FFFFFF00FFFFFF00FFFFFF00FFFF
310
FF00FFFFFF00FFFFFF00FFFFFF00FFFFFF00FFFFFF00FFFFFF00FFFFFF00FFFF
310
FF00FFFFFF00FFFFFF00FFFFFF00FFFFFF00FFFFFF00FFFFFF00FFFFFF00FFFF
310
FF00FFFFFF00FFFFFF00FFFFFF00FFFFFF00FFFFFF00FFFFFF00FFFFFF00FFFF
310
FF00FFFFFF00FFFFFF00FFFFFF00FFFFFF00FFFFFF00FFFFFF00FFFFFF00FFFF
310
FF00FFFFFF00FFFFFF00FFFFFF00FFFFFF00FFFFFF00FFFFFF00FFFFFF00FFFF
310
FF00FFFFFF00FFFFFF00FFFFFF00FFFFFF00FFFFFF00FFFFFF00FFFFFF00FFFF
310
FF00FFFFFF00FFFFFF00FFFFFF00FFFFFF00FFFFFF00FFFFFF00FFFFFF00FFFF
310
FF00FFFFFF00FFFFFF00FFFFFF00FFFFFF00FFFFFF00FFFFFF00FFFFFF00FFFF
310
FF00FFFFFF00FFFFFF00FFFFFF00FFFFFF00FFFFFF00FFFFFF00FFFFFF00FFFF
310
FF00FFFFFF00FFFFFF00FFFFFF00FFFFFF00FFFFFF00FFFFFF00FFFFFF00FFFF
310
FF00FFFFFF0000000000FFFFFF00FFFFFF00FFFFFF00FFFFFF00FFFFFF00FFFF
310
FF00FFFFFF00FFFFFF00FFFFFF00FFFFFF00FFFFFF00FFFFFF00FFFFFF00FFFF
310
FF00FFFFFF00FFFFFF00FFFFFF00FFFFFF00FFFFFF00FFFFFF00FFFFFF00FFFF
310
FF00FFFFFF00FFFFFF00FFFFFF00FFFFFF00FFFFFF00FFFFFF00FFFFFF00FFFF
310
FF00FFFFFF00FFFFFF00FFFFFF00FFFFFF00FFFFFF00FFFFFF00FFFFFF00FFFF
310
FF00FFFFFF00FFFFFF00FFFFFF00FFFFFF00FFFFFF00FFFFFF00FFFFFF00FFFF
310
FF00FFFFFF00FFFFFF00FFFFFF00FFFFFF00FFFFFF00FFFFFF00FFFFFF00FFFF
310
FF00FFFFFF00FFFFFF00FFFFFF00FFFFFF00FFFFFF00FFFFFF00FFFFFF00FFFF
310
FF00FFFFFF00FFFFFF00FFFFFF00FFFFFF00FFFFFF00FFFFFF00FFFFFF00FFFF
310
FF00FFFFFF00FFFFFF00FFFFFF00FFFFFF00FFFFFF00FFFFFF00FFFFFF00FFFF
310
FF00FFFFFF00FFFFFF00FFFFFF00FFFFFF00FFFFFF00FFFFFF00FFFFFF00FFFF
310
FF00FFFFFF00FFFFFF00FFFFFF00FFFFFF00FFFFFF00FFFFFF00FFFFFF00FFFF
310
FF00FFFFFF00FFFFFF00FFFFFF00FFFFFF00FFFFFF00FFFFFF00FFFFFF00FFFF
310
FF00FFFFFF00FFFFFF00FFFFFF00FFFFFF00FFFFFF00FFFFFF00FFFFFF00FFFF
310
FF00FFFFFF00FFFFFF00FFFFFF00FFFFFF00FFFFFF00FFFFFF00FFFFFF00FFFF
310
FF00FFFFFF00FFFFFF00FFFFFF00FFFFFF00FFFFFF00FFFFFF00FFFFFF00FFFF
310
FF00FFFFFF00FFFFFF00FFFFFF00FFFFFF00FFFFFF00FFFFFF00FFFFFF00FFFF
310
FF00FFFFFF00FFFFFF00FFFFFF00FFFFFF00FFFFFF00FFFFFF00FFFFFF00FFFF
310
FF00FFFFFF00FFFFFF00FFFFFF00FFFFFF00FFFFFF00FFFFFF00FFFFFF00FFFF
310
FF00FFFFFF00FFFFFF00FFFFFF00FFFFFF00FFFFFF00FFFFFF00FFFFFF00FFFF
310
FF00FFFFFF00FFFFFF00FFFFFF00FFFFFF00FFFFFF00FFFFFF00FFFFFF00FFFF
310
FF00FFFFFF00FFFFFF00FFFFFF00FFFFFF00FFFFFF00FFFFFF00FFFFFF00FFFF
310
FF00FFFFFF00FFFFFF00FFFFFF00FFFFFF00FFFFFF00FFFFFF00FFFFFF00FFFF
310
FF00FFFFFF00FFFFFF00FFFFFF00FFFFFF00FFFFFF00FFFFFF00FFFFFF00FFFF
310
FF00FFFFFF00FFFFFF00FFFFFF00FFFFFF00FFFFFF00FFFFFF00FFFFFF00FFFF
310
FF00FFFFFF00FFFFFF00FFFFFF00FFFFFF00FFFFFF00FFFFFF00FFFFFF00FFFF
310
FF00FFFFFF00FFFFFF00FFFFFF00FFFFFF00FFFFFF00FFFFFF00FFFFFF00FFFF
310
FF00FFFFFF00FFFFFF00FFFFFF00FFFFFF00FFFFFF00FFFFFF00FFFFFF00FFFF
310
FF0000000000FFFFFF00FFFFFF00FFFFFF00FFFFFF00FFFFFF00FFFFFF00FFFF
310
FF00FFFFFF00FFFFFF00FFFFFF00FFFFFF00FFFFFF00FFFFFF00FFFFFF00FFFF
310
FF00FFFFFF00FFFFFF00FFFFFF00FFFFFF00FFFFFF00FFFFFF00FFFFFF00FFFF
310
FF00FFFFFF00FFFFFF00FFFFFF00FFFFFF00FFFFFF00FFFFFF00FFFFFF00FFFF
310
FF00FFFFFF00FFFFFF00FFFFFF00FFFFFF00FFFFFF00FFFFFF00FFFFFF00FFFF
310
FF00FFFFFF00FFFFFF00FFFFFF00FFFFFF00FFFFFF00FFFFFF00FFFFFF00FFFF
310
FF00FFFFFF00FFFFFF00FFFFFF00FFFFFF00FFFFFF00FFFFFF00FFFFFF00FFFF
310
FF00FFFFFF00FFFFFF00FFFFFF00FFFFFF00FFFFFF00FFFFFF00FFFFFF00FFFF
310
FF00FFFFFF00FFFFFF00FFFFFF00FFFFFF00FFFFFF00FFFFFF00FFFFFF00FFFF
310
FF00FFFFFF00FFFFFF00FFFFFF00FFFFFF00FFFFFF00FFFFFF00FFFFFF00FFFF
310
FF00FFFFFF00FFFFFF00FFFFFF00FFFFFF00FFFFFF00FFFFFF00FFFFFF00FFFF
310
FF00FFFFFF00FFFFFF00FFFFFF00FFFFFF00FFFFFF00FFFFFF00FFFFFF00FFFF
310
FF00FFFFFF00FFFFFF00FFFFFF00FFFFFF00FFFFFF00FFFFFF00FFFFFF00FFFF
310
FF00FFFFFF00FFFFFF00FFFFFF00FFFFFF00FFFFFF00FFFFFF00FFFFFF00FFFF
310
FF00FFFFFF00FFFFFF00FFFFFF00FFFFFF00FFFFFF00FFFFFF00FFFFFF00FFFF
310
FF00FFFFFF00FFFFFF00FFFFFF00FFFFFF00FFFFFF00FFFFFF00FFFFFF00FFFF
310
FF00FFFFFF00FFFFFF00FFFFFF00FFFFFF00FFFFFF00FFFFFF00FFFFFF00FFFF
310
FF00FFFFFF00FFFFFF00FFFFFF00FFFFFF00FFFFFF00FFFFFF00FFFFFF00FFFF
310
FF00FFFFFF00FFFFFF00FFFFFF00FFFFFF00FFFFFF00FFFFFF00FFFFFF00FFFF
310
FF00FFFFFF00FFFFFF00FFFFFF00FFFFFF00FFFFFF00FFFFFF00FFFFFF00FFFF
310
FF00FFFFFF00FFFFFF00FFFFFF00FFFFFF00FFFFFF00FFFFFF00FFFFFF00FFFF
310
FF00FFFFFF00FFFFFF00FFFFFF00FFFFFF00FFFFFF00FFFFFF00FFFFFF00FFFF
310
FF00FFFFFF00FFFFFF00FFFFFF00FFFFFF00FFFFFF00FFFFFF00FFFFFF00FFFF
310
FF00FFFFFF00FFFFFF00FFFFFF00FFFFFF00FFFFFF00FFFFFF00FFFFFF00FFFF
310
FF00FFFFFF00FFFFFF00FFFFFF00FFFFFF00FFFFFF00FFFFFF00FFFFFF00FFFF
310
FF00FFFFFF00FFFFFF00FFFFFF00FFFFFF00FFFFFF00FFFFFF00FFFFFF00FFFF
310
FF00FFFFFF00FFFFFF00FFFFFF00FFFFFF00FFFFFF00FFFFFF00FFFFFF00FFFF
310
FF00FFFFFF00FFFFFF00FFFFFF00FFFFFF00FFFFFF00FFFFFF00FFFFFF000000
310
0000FFFFFF00FFFFFF00FFFFFF00FFFFFF00FFFFFF00FFFFFF00FFFFFF00FFFF
310
FF00FFFFFF00FFFFFF00FFFFFF00FFFFFF00FFFFFF00FFFFFF00FFFFFF00FFFF
310
FF00FFFFFF00FFFFFF00FFFFFF00FFFFFF00FFFFFF00FFFFFF00FFFFFF00FFFF
310
FF00FFFFFF00FFFFFF00FFFFFF00FFFFFF00FFFFFF00FFFFFF00FFFFFF00FFFF
310
FF00FFFFFF00FFFFFF00FFFFFF00FFFFFF00FFFFFF00FFFFFF00FFFFFF00FFFF
310
FF00FFFFFF00FFFFFF00FFFFFF00FFFFFF00FFFFFF00FFFFFF00FFFFFF00FFFF
310
FF00FFFFFF00FFFFFF00FFFFFF00FFFFFF00FFFFFF00FFFFFF00FFFFFF00FFFF
310
FF00FFFFFF00FFFFFF00FFFFFF00FFFFFF00FFFFFF00FFFFFF00FFFFFF00FFFF
310
FF00FFFFFF00FFFFFF00FFFFFF00FFFFFF00FFFFFF00FFFFFF00FFFFFF00FFFF
310
FF00FFFFFF00FFFFFF00FFFFFF00FFFFFF00FFFFFF00FFFFFF00FFFFFF00FFFF
310
FF00FFFFFF00FFFFFF00FFFFFF00FFFFFF00FFFFFF00FFFFFF00FFFFFF00FFFF
310
FF00FFFFFF00FFFFFF00FFFFFF00FFFFFF00FFFFFF00FFFFFF00FFFFFF00FFFF
310
FF00FFFFFF00FFFFFF00FFFFFF00FFFFFF00FFFFFF00FFFFFF00FFFFFF00FFFF
310
FF00FFFFFF00FFFFFF00FFFFFF00FFFFFF00FFFFFF00FFFFFF00FFFFFF00FFFF
310
FF00FFFFFF00FFFFFF00FFFFFF00FFFFFF00FFFFFF00FFFFFF00FFFFFF00FFFF
310
FF00FFFFFF00FFFFFF00FFFFFF00FFFFFF00FFFFFF00FFFFFF00FFFFFF00FFFF
310
FF00FFFFFF00FFFFFF00FFFFFF00FFFFFF00FFFFFF00FFFFFF00FFFFFF00FFFF
310
FF00FFFFFF00FFFFFF00FFFFFF00FFFFFF00FFFFFF00FFFFFF00FFFFFF00FFFF
310
FF00FFFFFF00FFFFFF00FFFFFF00FFFFFF00FFFFFF00FFFFFF00FFFFFF00FFFF
310
FF00FFFFFF00FFFFFF00FFFFFF00FFFFFF00FFFFFF00FFFFFF00FFFFFF00FFFF
310
FF00FFFFFF00FFFFFF00FFFFFF00FFFFFF00FFFFFF00FFFFFF00FFFFFF00FFFF
310
FF00FFFFFF00FFFFFF00FFFFFF00FFFFFF00FFFFFF00FFFFFF00FFFFFF00FFFF
310
FF00FFFFFF00FFFFFF00FFFFFF00FFFFFF00FFFFFF00FFFFFF00FFFFFF00FFFF
310
FF00FFFFFF00FFFFFF00FFFFFF00FFFFFF00FFFFFF00FFFFFF00FFFFFF00FFFF
310
FF00FFFFFF00FFFFFF00FFFFFF00FFFFFF00FFFFFF00FFFFFF00FFFFFF00FFFF
310
FF00FFFFFF00FFFFFF00FFFFFF00FFFFFF00FFFFFF00FFFFFF00FFFFFF00FFFF
310
FF00FFFFFF00FFFFFF00FFFFFF00FFFFFF00FFFFFF00FFFFFF00FFFFFF00FFFF
310
FF00FFFFFF00FFFFFF00FFFFFF00FFFFFF00FFFFFF00FFFFFF0000000000FFFF
310
FF00FFFFFF00FFFFFF00FFFFFF00FFFFFF00FFFFFF00FFFFFF00FFFFFF00FFFF
310
FF00FFFFFF00FFFFFF00FFFFFF00FFFFFF00FFFFFF00FFFFFF00FFFFFF00FFFF
310
FF00FFFFFF00FFFFFF00FFFFFF00FFFFFF00FFFFFF00FFFFFF00FFFFFF00FFFF
310
FF00FFFFFF00FFFFFF00FFFFFF00FFFFFF00FFFFFF00FFFFFF00FFFFFF00FFFF
310
FF00FFFFFF00FFFFFF00FFFFFF00FFFFFF00FFFFFF00FFFFFF00FFFFFF00FFFF
310
FF00FFFFFF00FFFFFF00FFFFFF00FFFFFF00FFFFFF00FFFFFF00FFFFFF00FFFF
310
FF00FFFFFF00FFFFFF00FFFFFF00FFFFFF00FFFFFF00FFFFFF00FFFFFF00FFFF
310
FF00FFFFFF00FFFFFF00FFFFFF00FFFFFF00FFFFFF00FFFFFF00FFFFFF00FFFF
310
FF00FFFFFF00FFFFFF00FFFFFF00FFFFFF00FFFFFF00FFFFFF00FFFFFF00FFFF
310
FF00FFFFFF00FFFFFF00FFFFFF00FFFFFF00FFFFFF00FFFFFF00FFFFFF00FFFF
310
FF00FFFFFF00FFFFFF00FFFFFF00FFFFFF00FFFFFF00FFFFFF00FFFFFF00FFFF
310
FF00FFFFFF00FFFFFF00FFFFFF00FFFFFF00FFFFFF00FFFFFF00FFFFFF00FFFF
310
FF00FFFFFF00FFFFFF00FFFFFF00FFFFFF00FFFFFF00FFFFFF00FFFFFF00FFFF
310
FF00FFFFFF00FFFFFF00FFFFFF00FFFFFF00FFFFFF00FFFFFF00FFFFFF00FFFF
310
FF00FFFFFF00FFFFFF00FFFFFF00FFFFFF00FFFFFF00FFFFFF00FFFFFF00FFFF
310
FF00FFFFFF00FFFFFF00FFFFFF00FFFFFF00FFFFFF00FFFFFF00FFFFFF00FFFF
310
FF00FFFFFF00FFFFFF00FFFFFF00FFFFFF00FFFFFF00FFFFFF00FFFFFF00FFFF
310
FF00FFFFFF00FFFFFF00FFFFFF00FFFFFF00FFFFFF00FFFFFF00FFFFFF00FFFF
310
FF00FFFFFF00FFFFFF00FFFFFF00FFFFFF00FFFFFF00FFFFFF00FFFFFF00FFFF
310
FF00FFFFFF00FFFFFF00FFFFFF00FFFFFF00FFFFFF00FFFFFF00FFFFFF00FFFF
310
FF00FFFFFF00FFFFFF00FFFFFF00FFFFFF00FFFFFF00FFFFFF00FFFFFF00FFFF
310
FF00FFFFFF00FFFFFF00FFFFFF00FFFFFF00FFFFFF00FFFFFF00FFFFFF00FFFF
310
FF00FFFFFF00FFFFFF00FFFFFF00FFFFFF00FFFFFF00FFFFFF00FFFFFF00FFFF
310
FF00FFFFFF00FFFFFF00FFFFFF00FFFFFF00FFFFFF00FFFFFF00FFFFFF00FFFF
310
FF00FFFFFF00FFFFFF00FFFFFF00FFFFFF00FFFFFF00FFFFFF00FFFFFF00FFFF
310
FF00FFFFFF00FFFFFF00FFFFFF00FFFFFF00FFFFFF00FFFFFF00FFFFFF00FFFF
310
FF00FFFFFF00FFFFFF00FFFFFF00FFFFFF00FFFFFF00FFFFFF00FFFFFF00FFFF
310
FF00FFFFFF00FFFFFF00FFFFFF00FFFFFF00FFFFFF0000000000FFFFFF00FFFF
310
FF00FFFFFF00FFFFFF00FFFFFF00FFFFFF00FFFFFF00FFFFFF00FFFFFF00FFFF
310
FF00FFFFFF00FFFFFF00FFFFFF00FFFFFF00FFFFFF00FFFFFF00FFFFFF00FFFF
310
FF00FFFFFF00FFFFFF00FFFFFF00FFFFFF00FFFFFF00FFFFFF00FFFFFF00FFFF
310
FF00FFFFFF00FFFFFF00FFFFFF00FFFFFF00FFFFFF00FFFFFF00FFFFFF00FFFF
310
FF00FFFFFF00FFFFFF00FFFFFF00FFFFFF00FFFFFF00FFFFFF00FFFFFF00FFFF
310
FF00FFFFFF00FFFFFF00FFFFFF00FFFFFF00FFFFFF00FFFFFF00FFFFFF00FFFF
310
FF00FFFFFF00FFFFFF00FFFFFF00FFFFFF00FFFFFF00FFFFFF00FFFFFF00FFFF
310
FF00FFFFFF00FFFFFF00FFFFFF00FFFFFF00FFFFFF00FFFFFF00FFFFFF00FFFF
310
FF00FFFFFF00FFFFFF00FFFFFF00FFFFFF00FFFFFF00FFFFFF00FFFFFF00FFFF
310
FF00FFFFFF00FFFFFF00FFFFFF00FFFFFF00FFFFFF00FFFFFF00FFFFFF00FFFF
310
FF00FFFFFF00FFFFFF00FFFFFF00FFFFFF00FFFFFF00FFFFFF00FFFFFF00FFFF
310
FF00FFFFFF00FFFFFF00FFFFFF00FFFFFF00FFFFFF00FFFFFF00FFFFFF00FFFF
310
FF00FFFFFF00FFFFFF00FFFFFF00FFFFFF00FFFFFF00FFFFFF00FFFFFF00FFFF
310
FF00FFFFFF00FFFFFF00FFFFFF00FFFFFF00FFFFFF00FFFFFF00FFFFFF00FFFF
310
FF00FFFFFF00FFFFFF00FFFFFF00FFFFFF00FFFFFF00FFFFFF00FFFFFF00FFFF
310
FF00FFFFFF00FFFFFF00FFFFFF00FFFFFF00FFFFFF00FFFFFF00FFFFFF00FFFF
310
FF00FFFFFF00FFFFFF00FFFFFF00FFFFFF00FFFFFF00FFFFFF00FFFFFF00FFFF
310
FF00FFFFFF00FFFFFF00FFFFFF00FFFFFF00FFFFFF00FFFFFF00FFFFFF00FFFF
310
FF00FFFFFF00FFFFFF00FFFFFF00FFFFFF00FFFFFF00FFFFFF00FFFFFF00FFFF
310
FF00FFFFFF00FFFFFF00FFFFFF00FFFFFF00FFFFFF00FFFFFF00FFFFFF00FFFF
310
FF00FFFFFF00FFFFFF00FFFFFF00FFFFFF00FFFFFF00FFFFFF00FFFFFF00FFFF
310
FF00FFFFFF00FFFFFF00FFFFFF00FFFFFF00FFFFFF00FFFFFF00FFFFFF00FFFF
310
FF00FFFFFF00FFFFFF00FFFFFF00FFFFFF00FFFFFF00FFFFFF00FFFFFF00FFFF
310
FF00FFFFFF00FFFFFF00FFFFFF00FFFFFF00FFFFFF00FFFFFF00FFFFFF00FFFF
310
FF00FFFFFF00FFFFFF00FFFFFF00FFFFFF00FFFFFF00FFFFFF00FFFFFF00FFFF
310
FF00FFFFFF00FFFFFF00FFFFFF00FFFFFF00FFFFFF00FFFFFF00FFFFFF00FFFF
310
FF00FFFFFF00FFFFFF00FFFFFF00FFFFFF00FFFFFF00FFFFFF00FFFFFF00FFFF
310
FF00FFFFFF00FFFFFF00FFFFFF00FFFFFF0000000000FFFFFF00FFFFFF00FFFF
310
FF00FFFFFF00FFFFFF00FFFFFF00FFFFFF00FFFFFF00FFFFFF00FFFFFF00FFFF
310
FF00FFFFFF00FFFFFF00FFFFFF00FFFFFF00FFFFFF00FFFFFF00FFFFFF00FFFF
310
FF00FFFFFF00FFFFFF00FFFFFF00FFFFFF00FFFFFF00FFFFFF00FFFFFF00FFFF
310
FF00FFFFFF00FFFFFF00FFFFFF00FFFFFF00FFFFFF00FFFFFF00FFFFFF00FFFF
310
FF00FFFFFF00FFFFFF00FFFFFF00FFFFFF00FFFFFF00FFFFFF00FFFFFF00FFFF
310
FF00FFFFFF00FFFFFF00FFFFFF00FFFFFF00FFFFFF00FFFFFF00FFFFFF00FFFF
310
FF00FFFFFF00FFFFFF00FFFFFF00FFFFFF00FFFFFF00FFFFFF00FFFFFF00FFFF
310
FF00FFFFFF00FFFFFF00FFFFFF00FFFFFF00FFFFFF00FFFFFF00FFFFFF00FFFF
310
FF00FFFFFF00FFFFFF00FFFFFF00FFFFFF00FFFFFF00FFFFFF00FFFFFF00FFFF
310
FF00FFFFFF00FFFFFF00FFFFFF00FFFFFF00FFFFFF00FFFFFF00FFFFFF00FFFF
310
FF00FFFFFF00FFFFFF00FFFFFF00FFFFFF00FFFFFF00FFFFFF00FFFFFF00FFFF
310
FF00FFFFFF00FFFFFF00FFFFFF00FFFFFF00FFFFFF00FFFFFF00FFFFFF00FFFF
310
FF00FFFFFF00FFFFFF00FFFFFF00FFFFFF00FFFFFF00FFFFFF00FFFFFF00FFFF
310
FF00FFFFFF00FFFFFF00FFFFFF00FFFFFF00FFFFFF00FFFFFF00FFFFFF00FFFF
310
FF00FFFFFF00FFFFFF00FFFFFF00FFFFFF00FFFFFF00FFFFFF00FFFFFF00FFFF
310
FF00FFFFFF00FFFFFF00FFFFFF00FFFFFF00FFFFFF00FFFFFF00FFFFFF00FFFF
310
FF00FFFFFF00FFFFFF00FFFFFF00FFFFFF00FFFFFF00FFFFFF00FFFFFF00FFFF
310
FF00FFFFFF00FFFFFF00FFFFFF00FFFFFF00FFFFFF00FFFFFF00FFFFFF00FFFF
310
FF00FFFFFF00FFFFFF00FFFFFF00FFFFFF00FFFFFF00FFFFFF00FFFFFF00FFFF
310
FF00FFFFFF00FFFFFF00FFFFFF00FFFFFF00FFFFFF00FFFFFF00FFFFFF00FFFF
310
FF00FFFFFF00FFFFFF00FFFFFF00FFFFFF00FFFFFF00FFFFFF00FFFFFF00FFFF
310
FF00FFFFFF00FFFFFF00FFFFFF00FFFFFF00FFFFFF00FFFFFF00FFFFFF00FFFF
310
FF00FFFFFF00FFFFFF00FFFFFF00FFFFFF00FFFFFF00FFFFFF00FFFFFF00FFFF
310
FF00FFFFFF00FFFFFF00FFFFFF00FFFFFF00FFFFFF00FFFFFF00FFFFFF00FFFF
310
FF00FFFFFF00FFFFFF00FFFFFF00FFFFFF00FFFFFF00FFFFFF00FFFFFF00FFFF
310
FF00FFFFFF00FFFFFF00FFFFFF00FFFFFF00FFFFFF00FFFFFF00FFFFFF00FFFF
310
FF00FFFFFF00FFFFFF00FFFFFF00FFFFFF00FFFFFF00FFFFFF00FFFFFF00FFFF
310
FF00FFFFFF00FFFFFF00FFFFFF0000000000FFFFFF00FFFFFF00FFFFFF00FFFF
310
FF00FFFFFF00FFFFFF00FFFFFF00FFFFFF00FFFFFF00FFFFFF00FFFFFF00FFFF
310
FF00FFFFFF00FFFFFF00FFFFFF00FFFFFF00FFFFFF00FFFFFF00FFFFFF00FFFF
310
FF00FFFFFF00FFFFFF00FFFFFF00FFFFFF00FFFFFF00FFFFFF00FFFFFF00FFFF
310
FF00FFFFFF00FFFFFF00FFFFFF00FFFFFF00FFFFFF00FFFFFF00FFFFFF00FFFF
310
FF00FFFFFF00FFFFFF00FFFFFF00FFFFFF00FFFFFF00FFFFFF00FFFFFF00FFFF
310
FF00FFFFFF00FFFFFF00FFFFFF00FFFFFF00FFFFFF00FFFFFF00FFFFFF00FFFF
310
FF00FFFFFF00FFFFFF00FFFFFF00FFFFFF00FFFFFF00FFFFFF00FFFFFF00FFFF
310
FF00FFFFFF00FFFFFF00FFFFFF00FFFFFF00FFFFFF00FFFFFF00FFFFFF00FFFF
310
FF00FFFFFF00FFFFFF00FFFFFF00FFFFFF00FFFFFF00FFFFFF00FFFFFF00FFFF
310
FF00FFFFFF00FFFFFF00FFFFFF00FFFFFF00FFFFFF00FFFFFF00FFFFFF00FFFF
310
FF00FFFFFF00FFFFFF00FFFFFF00FFFFFF00FFFFFF00FFFFFF00FFFFFF00FFFF
310
FF00FFFFFF00FFFFFF00FFFFFF00FFFFFF00FFFFFF00FFFFFF00FFFFFF00FFFF
310
FF00FFFFFF00FFFFFF00FFFFFF00FFFFFF00FFFFFF00FFFFFF00FFFFFF00FFFF
310
FF00FFFFFF00FFFFFF00FFFFFF00FFFFFF00FFFFFF00FFFFFF00FFFFFF00FFFF
310
FF00FFFFFF00FFFFFF00FFFFFF00FFFFFF00FFFFFF00FFFFFF00FFFFFF00FFFF
310
FF00FFFFFF00FFFFFF00FFFFFF00FFFFFF00FFFFFF00FFFFFF00FFFFFF00FFFF
310
FF00FFFFFF00FFFFFF00FFFFFF00FFFFFF00FFFFFF00FFFFFF00FFFFFF00FFFF
310
FF00FFFFFF00FFFFFF00FFFFFF00FFFFFF00FFFFFF00FFFFFF00FFFFFF00FFFF
310
FF00FFFFFF00FFFFFF00FFFFFF00FFFFFF00FFFFFF00FFFFFF00FFFFFF00FFFF
310
FF00FFFFFF00FFFFFF00FFFFFF00FFFFFF00FFFFFF00FFFFFF00FFFFFF00FFFF
310
FF00FFFFFF00FFFFFF00FFFFFF00FFFFFF00FFFFFF00FFFFFF00FFFFFF00FFFF
310
FF00FFFFFF00FFFFFF00FFFFFF00FFFFFF00FFFFFF00FFFFFF00FFFFFF00FFFF
310
FF00FFFFFF00FFFFFF00FFFFFF00FFFFFF00FFFFFF00FFFFFF00FFFFFF00FFFF
310
FF00FFFFFF00FFFFFF00FFFFFF00FFFFFF00FFFFFF00FFFFFF00FFFFFF00FFFF
310
FF00FFFFFF00FFFFFF00FFFFFF00FFFFFF00FFFFFF00FFFFFF00FFFFFF00FFFF
310
FF00FFFFFF00FFFFFF00FFFFFF00FFFFFF00FFFFFF00FFFFFF00FFFFFF00FFFF
310
FF00FFFFFF00FFFFFF00FFFFFF00FFFFFF00FFFFFF00FFFFFF00FFFFFF00FFFF
310
FF00FFFFFF00FFFFFF0000000000FFFFFF00FFFFFF00FFFFFF00FFFFFF00FFFF
310
FF00FFFFFF00FFFFFF00FFFFFF00FFFFFF00FFFFFF00FFFFFF00FFFFFF00FFFF
310
FF00FFFFFF00FFFFFF00FFFFFF00FFFFFF00FFFFFF00FFFFFF00FFFFFF00FFFF
310
FF00FFFFFF00FFFFFF00FFFFFF00FFFFFF00FFFFFF00FFFFFF00FFFFFF00FFFF
310
FF00FFFFFF00FFFFFF00FFFFFF00FFFFFF00FFFFFF00FFFFFF00FFFFFF00FFFF
310
FF00FFFFFF00FFFFFF00FFFFFF00FFFFFF00FFFFFF00FFFFFF00FFFFFF00FFFF
310
FF00FFFFFF00FFFFFF00FFFFFF00FFFFFF00FFFFFF00FFFFFF00FFFFFF00FFFF
310
FF00FFFFFF00FFFFFF00FFFFFF00FFFFFF00FFFFFF00FFFFFF00FFFFFF00FFFF
310
FF00FFFFFF00FFFFFF00FFFFFF00FFFFFF00FFFFFF00FFFFFF00FFFFFF00FFFF
310
FF00FFFFFF00FFFFFF00FFFFFF00FFFFFF00FFFFFF00FFFFFF00FFFFFF00FFFF
310
FF00FFFFFF00FFFFFF00FFFFFF00FFFFFF00FFFFFF00FFFFFF00FFFFFF00FFFF
310
FF00FFFFFF00FFFFFF00FFFFFF00FFFFFF00FFFFFF00FFFFFF00FFFFFF00FFFF
310
FF00FFFFFF00FFFFFF00FFFFFF00FFFFFF00FFFFFF00FFFFFF00FFFFFF00FFFF
310
FF00FFFFFF00FFFFFF00FFFFFF00FFFFFF00FFFFFF00FFFFFF00FFFFFF00FFFF
310
FF00FFFFFF00FFFFFF00FFFFFF00FFFFFF00FFFFFF00FFFFFF00FFFFFF00FFFF
310
FF00FFFFFF00FFFFFF00FFFFFF00FFFFFF00FFFFFF00FFFFFF00FFFFFF00FFFF
310
FF00FFFFFF00FFFFFF00FFFFFF00FFFFFF00FFFFFF00FFFFFF00FFFFFF00FFFF
310
FF00FFFFFF00FFFFFF00FFFFFF00FFFFFF00FFFFFF00FFFFFF00FFFFFF00FFFF
310
FF00FFFFFF00FFFFFF00FFFFFF00FFFFFF00FFFFFF00FFFFFF00FFFFFF00FFFF
310
FF00FFFFFF00FFFFFF00FFFFFF00FFFFFF00FFFFFF00FFFFFF00FFFFFF00FFFF
310
FF00FFFFFF00FFFFFF00FFFFFF00FFFFFF00FFFFFF00FFFFFF00FFFFFF00FFFF
310
FF00FFFFFF00FFFFFF00FFFFFF00FFFFFF00FFFFFF00FFFFFF00FFFFFF00FFFF
310
FF00FFFFFF00FFFFFF00FFFFFF00FFFFFF00FFFFFF00FFFFFF00FFFFFF00FFFF
310
FF00FFFFFF00FFFFFF00FFFFFF00FFFFFF00FFFFFF00FFFFFF00FFFFFF00FFFF
310
FF00FFFFFF00FFFFFF00FFFFFF00FFFFFF00FFFFFF00FFFFFF00FFFFFF00FFFF
310
FF00FFFFFF00FFFFFF00FFFFFF00FFFFFF00FFFFFF00FFFFFF00FFFFFF00FFFF
310
FF00FFFFFF00FFFFFF00FFFFFF00FFFFFF00FFFFFF00FFFFFF00FFFFFF00FFFF
310
FF00FFFFFF00FFFFFF00FFFFFF00FFFFFF00FFFFFF00FFFFFF00FFFFFF00FFFF
310
FF00FFFFFF0000000000FFFFFF00FFFFFF00FFFFFF00FFFFFF00FFFFFF00FFFF
310
FF00FFFFFF00FFFFFF00FFFFFF00FFFFFF00FFFFFF00FFFFFF00FFFFFF00FFFF
310
FF00FFFFFF00FFFFFF00FFFFFF00FFFFFF00FFFFFF00FFFFFF00FFFFFF00FFFF
310
FF00FFFFFF00FFFFFF00FFFFFF00FFFFFF00FFFFFF00FFFFFF00FFFFFF00FFFF
310
FF00FFFFFF00FFFFFF00FFFFFF00FFFFFF00FFFFFF00FFFFFF00FFFFFF00FFFF
310
FF00FFFFFF00FFFFFF00FFFFFF00FFFFFF00FFFFFF00FFFFFF00FFFFFF00FFFF
310
FF00FFFFFF00FFFFFF00FFFFFF00FFFFFF00FFFFFF00FFFFFF00FFFFFF00FFFF
310
FF00FFFFFF00FFFFFF00FFFFFF00FFFFFF00FFFFFF00FFFFFF00FFFFFF00FFFF
310
FF00FFFFFF00FFFFFF00FFFFFF00FFFFFF00FFFFFF00FFFFFF00FFFFFF00FFFF
310
FF00FFFFFF00FFFFFF00FFFFFF00FFFFFF00FFFFFF00FFFFFF00FFFFFF00FFFF
310
FF00FFFFFF00FFFFFF00FFFFFF00FFFFFF00FFFFFF00FFFFFF00FFFFFF00FFFF
310
FF00FFFFFF00FFFFFF00FFFFFF00FFFFFF00FFFFFF00FFFFFF00FFFFFF00FFFF
310
FF00FFFFFF00FFFFFF00FFFFFF00FFFFFF00FFFFFF00FFFFFF00FFFFFF00FFFF
310
FF00FFFFFF00FFFFFF00FFFFFF00FFFFFF00FFFFFF00FFFFFF00FFFFFF00FFFF
310
FF00FFFFFF00FFFFFF00FFFFFF00FFFFFF00FFFFFF00FFFFFF00FFFFFF00FFFF
310
FF00FFFFFF00FFFFFF00FFFFFF00FFFFFF00FFFFFF00FFFFFF00FFFFFF00FFFF
310
FF00FFFFFF00FFFFFF00FFFFFF00FFFFFF00FFFFFF00FFFFFF00FFFFFF00FFFF
310
FF00FFFFFF00FFFFFF00FFFFFF00FFFFFF00FFFFFF00FFFFFF00FFFFFF00FFFF
310
FF00FFFFFF00FFFFFF00FFFFFF00FFFFFF00FFFFFF00FFFFFF00FFFFFF00FFFF
310
FF00FFFFFF00FFFFFF00FFFFFF00FFFFFF00FFFFFF00FFFFFF00FFFFFF00FFFF
310
FF00FFFFFF00FFFFFF00FFFFFF00FFFFFF00FFFFFF00FFFFFF00FFFFFF00FFFF
310
FF00FFFFFF00FFFFFF00FFFFFF00FFFFFF00FFFFFF00FFFFFF00FFFFFF00FFFF
310
FF00FFFFFF00FFFFFF00FFFFFF00FFFFFF00FFFFFF00FFFFFF00FFFFFF00FFFF
310
FF00FFFFFF00FFFFFF00FFFFFF00FFFFFF00FFFFFF00FFFFFF00FFFFFF00FFFF
310
FF00FFFFFF00FFFFFF00FFFFFF00FFFFFF00FFFFFF00FFFFFF00FFFFFF00FFFF
310
FF00FFFFFF00FFFFFF00FFFFFF00FFFFFF00FFFFFF00FFFFFF00FFFFFF00FFFF
310
FF00FFFFFF00FFFFFF00FFFFFF00FFFFFF00FFFFFF00FFFFFF00FFFFFF00FFFF
310
FF00FFFFFF00FFFFFF00FFFFFF00FFFFFF00FFFFFF00FFFFFF00FFFFFF00FFFF
310
FF0000000000FFFFFF00FFFFFF00FFFFFF00FFFFFF00FFFFFF00FFFFFF00FFFF
310
FF00FFFFFF00FFFFFF00FFFFFF00FFFFFF00FFFFFF00FFFFFF00FFFFFF00FFFF
310
FF00FFFFFF00FFFFFF00FFFFFF00FFFFFF00FFFFFF00FFFFFF00FFFFFF00FFFF
310
FF00FFFFFF00FFFFFF00FFFFFF00FFFFFF00FFFFFF00FFFFFF00FFFFFF00FFFF
310
FF00FFFFFF00FFFFFF00FFFFFF00FFFFFF00FFFFFF00FFFFFF00FFFFFF00FFFF
310
FF00FFFFFF00FFFFFF00FFFFFF00FFFFFF00FFFFFF00FFFFFF00FFFFFF00FFFF
310
FF00FFFFFF00FFFFFF00FFFFFF00FFFFFF00FFFFFF00FFFFFF00FFFFFF00FFFF
310
FF00FFFFFF00FFFFFF00FFFFFF00FFFFFF00FFFFFF00FFFFFF00FFFFFF00FFFF
310
FF00FFFFFF00FFFFFF00FFFFFF00FFFFFF00FFFFFF00FFFFFF00FFFFFF00FFFF
310
FF00FFFFFF00FFFFFF00FFFFFF00FFFFFF00FFFFFF00FFFFFF00FFFFFF00FFFF
310
FF00FFFFFF00FFFFFF00FFFFFF00FFFFFF00FFFFFF00FFFFFF00FFFFFF00FFFF
310
FF00FFFFFF00FFFFFF00FFFFFF00FFFFFF00FFFFFF00FFFFFF00FFFFFF00FFFF
310
FF00FFFFFF00FFFFFF00FFFFFF00FFFFFF00FFFFFF00FFFFFF00FFFFFF00FFFF
310
FF00FFFFFF00FFFFFF00FFFFFF00FFFFFF00FFFFFF00FFFFFF00FFFFFF00FFFF
310
FF00FFFFFF00FFFFFF00FFFFFF00FFFFFF00FFFFFF00FFFFFF00FFFFFF00FFFF
310
FF00FFFFFF00FFFFFF00FFFFFF00FFFFFF00FFFFFF00FFFFFF00FFFFFF00FFFF
310
FF00FFFFFF00FFFFFF00FFFFFF00FFFFFF00FFFFFF00FFFFFF00FFFFFF00FFFF
310
FF00FFFFFF00FFFFFF00FFFFFF00FFFFFF00FFFFFF00FFFFFF00FFFFFF00FFFF
310
FF00FFFFFF00FFFFFF00FFFFFF00FFFFFF00FFFFFF00FFFFFF00FFFFFF00FFFF
310
FF00FFFFFF00FFFFFF00FFFFFF00FFFFFF00FFFFFF00FFFFFF00FFFFFF00FFFF
310
FF00FFFFFF00FFFFFF00FFFFFF00FFFFFF00FFFFFF00FFFFFF00FFFFFF00FFFF
310
FF00FFFFFF00FFFFFF00FFFFFF00FFFFFF00FFFFFF00FFFFFF00FFFFFF00FFFF
310
FF00FFFFFF00FFFFFF00FFFFFF00FFFFFF00FFFFFF00FFFFFF00FFFFFF00FFFF
310
FF00FFFFFF00FFFFFF00FFFFFF00FFFFFF00FFFFFF00FFFFFF00FFFFFF00FFFF
310
FF00FFFFFF00FFFFFF00FFFFFF00FFFFFF00FFFFFF00FFFFFF00FFFFFF00FFFF
310
FF00FFFFFF00FFFFFF00FFFFFF00FFFFFF00FFFFFF00FFFFFF00FFFFFF00FFFF
310
FF00FFFFFF00FFFFFF00FFFFFF00FFFFFF00FFFFFF00FFFFFF00FFFFFF00FFFF
310
FF00FFFFFF00FFFFFF00FFFFFF00FFFFFF00FFFFFF00FFFFFF00FFFFFF00FFFF
310
FF00FFFFFF00FFFFFF00FFFFFF00FFFFFF00FFFFFF00FFFFFF00FFFFFF00FFFF
310
FF00FFFFFF00FFFFFF00FFFFFF00FFFFFF00FFFFFF00FFFFFF00FFFFFF00FFFF
310
FF00FFFFFF00FFFFFF00FFFFFF00FFFFFF00FFFFFF00FFFFFF00FFFFFF00FFFF
310
FF00FFFFFF00FFFFFF00FFFFFF00FFFFFF00FFFFFF00FFFFFF00FFFFFF00FFFF
310
FF00FFFFFF00FFFFFF00FFFFFF00FFFFFF00FFFFFF00FFFFFF00FFFFFF00FFFF
310
FF00FFFFFF00FFFFFF00FFFFFF00FFFFFF00FFFFFF00FFFFFF00FFFFFF00FFFF
310
FF00FFFFFF00FFFFFF00FFFFFF00FFFFFF00FFFFFF00FFFFFF00FFFFFF00FFFF
310
FF00FFFFFF00FFFFFF00FFFFFF00FFFFFF00FFFFFF00FFFFFF00FFFFFF00FFFF
310
FF00FFFFFF00FFFFFF00FFFFFF00FFFFFF00FFFFFF00FFFFFF00FFFFFF00FFFF
310
FF00FFFFFF00FFFFFF00FFFFFF00FFFFFF00FFFFFF00FFFFFF00FFFFFF00FFFF
310
FF00FFFFFF00FFFFFF00FFFFFF00FFFFFF00FFFFFF00FFFFFF00FFFFFF00FFFF
310
FF00FFFFFF00FFFFFF00FFFFFF00FFFFFF00FFFFFF00FFFFFF00FFFFFF00FFFF
310
FF00FFFFFF00FFFFFF00FFFFFF00FFFFFF00FFFFFF00FFFFFF00FFFFFF00FFFF
310
FF00FFFFFF00FFFFFF00FFFFFF00FFFFFF00FFFFFF00FFFFFF00FFFFFF00FFFF
310
FF00FFFFFF00FFFFFF00FFFFFF00FFFFFF00FFFFFF00FFFFFF00FFFFFF00FFFF
310
FF00FFFFFF00FFFFFF00FFFFFF00FFFFFF00FFFFFF00FFFFFF00FFFFFF00FFFF
310
FF00FFFFFF00FFFFFF00FFFFFF00FFFFFF00FFFFFF00FFFFFF00FFFFFF00FFFF
310
FF00FFFFFF00FFFFFF00FFFFFF00FFFFFF00FFFFFF00FFFFFF00FFFFFF00FFFF
310
FF00FFFFFF00FFFFFF00FFFFFF00FFFFFF00FFFFFF00FFFFFF00FFFFFF00FFFF
310
FF00FFFFFF00FFFFFF00FFFFFF00FFFFFF00FFFFFF00FFFFFF00FFFFFF00FFFF
310
FF00FFFFFF00FFFFFF00FFFFFF00FFFFFF00FFFFFF00FFFFFF00FFFFFF00FFFF
310
FF00FFFFFF00FFFFFF00FFFFFF00FFFFFF00FFFFFF00FFFFFF00FFFFFF00FFFF
310
FF00FFFFFF00FFFFFF00FFFFFF00FFFFFF00FFFFFF00FFFFFF00FFFFFF00FFFF
310
FF00FFFFFF00FFFFFF00FFFFFF00FFFFFF00FFFFFF00FFFFFF00FFFFFF00FFFF
310
FF00FFFFFF00FFFFFF00FFFFFF00FFFFFF00FFFFFF00FFFFFF00FFFFFF00FFFF
310
FF00FFFFFF00FFFFFF00FFFFFF00FFFFFF00FFFFFF00FFFFFF00FFFFFF00FFFF
310
FF00FFFFFF00FFFFFF00FFFFFF00FFFFFF00FFFFFF00FFFFFF00FFFFFF00FFFF
310
FF00FFFFFF00FFFFFF00FFFFFF00FFFFFF00FFFFFF00FFFFFF00FFFFFF00FFFF
310
FF00FFFFFF00FFFFFF00FFFFFF00FFFFFF00FFFFFF00FFFFFF00FFFFFF00FFFF
310
FF00FFFFFF00FFFFFF00FFFFFF00FFFFFF00FFFFFF00FFFFFF00FFFFFF00FFFF
310
FF00FFFFFF00FFFFFF00FFFFFF00FFFFFF00FFFFFF00FFFFFF00FFFFFF00FFFF
310
FF00FFFFFF00FFFFFF00FFFFFF00FFFFFF00FFFFFF00FFFFFF00FFFFFF00FFFF
310
FF00FFFFFF00FFFFFF00FFFFFF00FFFFFF00FFFFFF00FFFFFF00FFFFFF00FFFF
310
FF00FFFFFF00FFFFFF00FFFFFF00FFFFFF00FFFFFF00FFFFFF00FFFFFF00FFFF
310
FF00FFFFFF00FFFFFF00FFFFFF00FFFFFF00FFFFFF00FFFFFF00FFFFFF00FFFF
310
FF00FFFFFF00FFFFFF00FFFFFF00FFFFFF00FFFFFF00FFFFFF00FFFFFF00FFFF
310
FF00FFFFFF00FFFFFF00FFFFFF00FFFFFF00FFFFFF00FFFFFF00FFFFFF00FFFF
310
FF00FFFFFF00FFFFFF00FFFFFF00FFFFFF00FFFFFF00FFFFFF00FFFFFF00FFFF
310
FF00FFFFFF00FFFFFF00FFFFFF00FFFFFF00FFFFFF00FFFFFF00FFFFFF00FFFF
310
FF00FFFFFF00FFFFFF00FFFFFF00FFFFFF00FFFFFF00FFFFFF00FFFFFF00FFFF
310
FF00FFFFFF00FFFFFF00FFFFFF00FFFFFF00FFFFFF00FFFFFF00FFFFFF00FFFF
310
FF00FFFFFF00FFFFFF00FFFFFF00FFFFFF00FFFFFF00FFFFFF00FFFFFF00FFFF
310
FF00FFFFFF00FFFFFF00FFFFFF00FFFFFF00FFFFFF00FFFFFF00FFFFFF00FFFF
310
FF00FFFFFF00FFFFFF00FFFFFF00FFFFFF00FFFFFF00FFFFFF00FFFFFF00FFFF
310
FF00FFFFFF00FFFFFF00FFFFFF00FFFFFF00FFFFFF00FFFFFF00FFFFFF00FFFF
310
FF00FFFFFF00FFFFFF00FFFFFF00FFFFFF00FFFFFF00FFFFFF00FFFFFF00FFFF
310
FF00FFFFFF00FFFFFF00FFFFFF00FFFFFF00FFFFFF00FFFFFF00FFFFFF00FFFF
310
FF00FFFFFF00FFFFFF00FFFFFF00FFFFFF00FFFFFF00FFFFFF00FFFFFF00FFFF
310
FF00FFFFFF00FFFFFF00FFFFFF00FFFFFF00FFFFFF00FFFFFF00FFFFFF00FFFF
310
FF00FFFFFF00FFFFFF00FFFFFF00FFFFFF00FFFFFF00FFFFFF00FFFFFF00FFFF
310
FF00FFFFFF00FFFFFF00FFFFFF00FFFFFF00FFFFFF00FFFFFF00FFFFFF00FFFF
310
FF00FFFFFF00FFFFFF00FFFFFF00FFFFFF00FFFFFF00FFFFFF00FFFFFF00FFFF
310
FF00FFFFFF00FFFFFF00FFFFFF00FFFFFF00FFFFFF00FFFFFF00FFFFFF00FFFF
310
FF00FFFFFF00FFFFFF00FFFFFF00FFFFFF00FFFFFF00FFFFFF00FFFFFF00FFFF
310
FF00FFFFFF00FFFFFF00FFFFFF00FFFFFF00FFFFFF00FFFFFF00FFFFFF00FFFF
310
FF00FFFFFF00FFFFFF00FFFFFF00FFFFFF00FFFFFF00FFFFFF00FFFFFF00FFFF
310
FF00FFFFFF00FFFFFF00FFFFFF00FFFFFF00FFFFFF00FFFFFF00FFFFFF00FFFF
310
FF00FFFFFF00FFFFFF00FFFFFF00FFFFFF00FFFFFF00FFFFFF00FFFFFF00FFFF
310
FF00FFFFFF00FFFFFF00FFFFFF00FFFFFF00FFFFFF00FFFFFF00FFFFFF00FFFF
310
FF00FFFFFF00FFFFFF00FFFFFF00FFFFFF00FFFFFF00FFFFFF00FFFFFF00FFFF
310
FF00FFFFFF00FFFFFF00FFFFFF00FFFFFF00FFFFFF00FFFFFF00FFFFFF00FFFF
310
FF00FFFFFF00FFFFFF00FFFFFF00FFFFFF00FFFFFF00FFFFFF00FFFFFF00FFFF
310
FF00FFFFFF00FFFFFF00FFFFFF00FFFFFF00FFFFFF00FFFFFF00FFFFFF00FFFF
310
FF00FFFFFF00FFFFFF00FFFFFF00FFFFFF00FFFFFF00FFFFFF00FFFFFF00FFFF
310
FF00FFFFFF00FFFFFF00FFFFFF00FFFFFF00FFFFFF00FFFFFF00FFFFFF00FFFF
310
FF00FFFFFF00FFFFFF00FFFFFF00FFFFFF00FFFFFF00FFFFFF00FFFFFF00FFFF
310
FF00FFFFFF00FFFFFF00FFFFFF00FFFFFF00FFFFFF00FFFFFF00FFFFFF00FFFF
310
FF00FFFFFF00FFFFFF00FFFFFF00FFFFFF00FFFFFF00FFFFFF00FFFFFF00FFFF
310
FF00FFFFFF00FFFFFF00FFFFFF00FFFFFF00FFFFFF00FFFFFF00FFFFFF00FFFF
310
FF00FFFFFF00FFFFFF00FFFFFF00FFFFFF00FFFFFF00FFFFFF00FFFFFF00FFFF
310
FF00FFFFFF00FFFFFF00FFFFFF00FFFFFF00FFFFFF00FFFFFF00FFFFFF00FFFF
310
FF00FFFFFF00FFFFFF00FFFFFF00FFFFFF00FFFFFF00FFFFFF00FFFFFF00FFFF
310
FF00FFFFFF00FFFFFF00FFFFFF00FFFFFF00FFFFFF00FFFFFF00FFFFFF00FFFF
310
FF00FFFFFF00FFFFFF00FFFFFF00FFFFFF00FFFFFF00FFFFFF00FFFFFF00FFFF
310
FF00FFFFFF00FFFFFF00FFFFFF00FFFFFF00FFFFFF00FFFFFF00FFFFFF00FFFF
310
FF00FFFFFF00FFFFFF00FFFFFF00FFFFFF00FFFFFF00FFFFFF00FFFFFF00FFFF
310
FF00FFFFFF00FFFFFF00FFFFFF00FFFFFF00FFFFFF00FFFFFF00FFFFFF00FFFF
310
FF00FFFFFF00FFFFFF00FFFFFF00FFFFFF00FFFFFF00FFFFFF00FFFFFF00FFFF
310
FF00FFFFFF00FFFFFF00FFFFFF00FFFFFF00FFFFFF00FFFFFF00FFFFFF00FFFF
310
FF00FFFFFF00FFFFFF00FFFFFF00FFFFFF00FFFFFF00FFFFFF00FFFFFF00FFFF
310
FF00FFFFFF00FFFFFF00FFFFFF00FFFFFF00FFFFFF00FFFFFF00FFFFFF00FFFF
310
FF00FFFFFF00FFFFFF00FFFFFF00FFFFFF00FFFFFF00FFFFFF00FFFFFF00FFFF
310
FF00FFFFFF00FFFFFF00FFFFFF00FFFFFF00FFFFFF00FFFFFF00FFFFFF00FFFF
310
FF00FFFFFF00FFFFFF00FFFFFF00FFFFFF00FFFFFF00FFFFFF00FFFFFF00FFFF
310
FF00FFFFFF00FFFFFF00FFFFFF00FFFFFF00FFFFFF00FFFFFF00FFFFFF00FFFF
310
FF00FFFFFF00FFFFFF00FFFFFF00FFFFFF00FFFFFF00FFFFFF00FFFFFF00FFFF
310
FF00FFFFFF00FFFFFF00FFFFFF00FFFFFF00FFFFFF00FFFFFF00FFFFFF00FFFF
310
FF00FFFFFF00FFFFFF00FFFFFF00FFFFFF00FFFFFF00FFFFFF00FFFFFF00FFFF
310
FF00FFFFFF00FFFFFF00FFFFFF00FFFFFF00FFFFFF00FFFFFF00FFFFFF00FFFF
310
FF00FFFFFF00FFFFFF00FFFFFF00FFFFFF00FFFFFF00FFFFFF00FFFFFF00FFFF
310
FF00FFFFFF00FFFFFF00FFFFFF00FFFFFF00FFFFFF00FFFFFF00FFFFFF00FFFF
310
FF00FFFFFF00FFFFFF00FFFFFF00FFFFFF00FFFFFF00FFFFFF00FFFFFF00FFFF
310
FF00FFFFFF00FFFFFF00FFFFFF00FFFFFF00FFFFFF00FFFFFF00FFFFFF00FFFF
310
FF00FFFFFF00FFFFFF00FFFFFF00FFFFFF00FFFFFF00FFFFFF00FFFFFF00FFFF
310
FF00FFFFFF00FFFFFF00FFFFFF00FFFFFF00FFFFFF00FFFFFF00FFFFFF00FFFF
310
FF00FFFFFF00FFFFFF00FFFFFF00FFFFFF00FFFFFF00FFFFFF00FFFFFF00FFFF
310
FF00FFFFFF00FFFFFF00FFFFFF00FFFFFF00FFFFFF00FFFFFF00FFFFFF00FFFF
310
FF00FFFFFF00FFFFFF00FFFFFF00FFFFFF00FFFFFF00FFFFFF00FFFFFF00FFFF
310
FF00FFFFFF00FFFFFF00FFFFFF00FFFFFF00FFFFFF00FFFFFF00FFFFFF00FFFF
310
FF00FFFFFF00FFFFFF00FFFFFF00FFFFFF00FFFFFF00FFFFFF00FFFFFF00FFFF
310
FF00FFFFFF00FFFFFF00FFFFFF00FFFFFF00FFFFFF00FFFFFF00FFFFFF00FFFF
310
FF00FFFFFF00FFFFFF00FFFFFF00FFFFFF00FFFFFF00FFFFFF00FFFFFF00FFFF
310
FF00FFFFFF00FFFFFF00FFFFFF00FFFFFF00FFFFFF00FFFFFF00FFFFFF00FFFF
310
FF00FFFFFF00FFFFFF00FFFFFF00FFFFFF00FFFFFF00FFFFFF00FFFFFF00FFFF
310
FF00FFFFFF00FFFFFF00FFFFFF00FFFFFF00FFFFFF00FFFFFF00FFFFFF00FFFF
310
FF00FFFFFF00FFFFFF00FFFFFF00FFFFFF00FFFFFF00FFFFFF00FFFFFF00FFFF
310
FF00FFFFFF00FFFFFF00FFFFFF00FFFFFF00FFFFFF00FFFFFF00FFFFFF00FFFF
310
FF00FFFFFF00FFFFFF00FFFFFF00FFFFFF00FFFFFF00FFFFFF00FFFFFF00FFFF
310
FF00FFFFFF00FFFFFF00FFFFFF00FFFFFF00FFFFFF00FFFFFF00FFFFFF00FFFF
310
FF00FFFFFF00FFFFFF00FFFFFF00FFFFFF00FFFFFF00FFFFFF00FFFFFF00FFFF
310
FF00FFFFFF00FFFFFF00FFFFFF00FFFFFF00FFFFFF00FFFFFF00FFFFFF00FFFF
310
FF00FFFFFF00FFFFFF00FFFFFF00FFFFFF00FFFFFF00FFFFFF00FFFFFF00FFFF
310
FF00FFFFFF00FFFFFF00FFFFFF00FFFFFF00FFFFFF00FFFFFF00FFFFFF00FFFF
310
FF00FFFFFF00FFFFFF00FFFFFF00FFFFFF00FFFFFF00FFFFFF00FFFFFF00FFFF
310
FF00FFFFFF00FFFFFF00FFFFFF00FFFFFF00FFFFFF00FFFFFF00FFFFFF00FFFF
310
FF00FFFFFF00FFFFFF00FFFFFF00FFFFFF00FFFFFF00FFFFFF00FFFFFF00FFFF
310
FF00FFFFFF00FFFFFF00FFFFFF00FFFFFF00FFFFFF00FFFFFF00FFFFFF00FFFF
310
FF00FFFFFF00FFFFFF00FFFFFF00FFFFFF00FFFFFF00FFFFFF00FFFFFF00FFFF
310
FF00FFFFFF00FFFFFF00FFFFFF00FFFFFF00FFFFFF00FFFFFF00FFFFFF00FFFF
310
FF00FFFFFF00FFFFFF00FFFFFF00FFFFFF00FFFFFF00FFFFFF00FFFFFF00FFFF
310
FF00FFFFFF00FFFFFF00FFFFFF00FFFFFF00FFFFFF00FFFFFF00FFFFFF00FFFF
310
FF00FFFFFF00FFFFFF00FFFFFF00FFFFFF00FFFFFF00FFFFFF00FFFFFF00FFFF
310
FF00FFFFFF00FFFFFF00FFFFFF00FFFFFF00FFFFFF00FFFFFF00FFFFFF00FFFF
310
FF00FFFFFF00FFFFFF00FFFFFF00FFFFFF00FFFFFF00FFFFFF00FFFFFF00FFFF
310
FF00FFFFFF00FFFFFF00FFFFFF00FFFFFF00FFFFFF00FFFFFF00FFFFFF00FFFF
310
FF00FFFFFF00FFFFFF00FFFFFF00FFFFFF00FFFFFF00FFFFFF00FFFFFF00FFFF
310
FF00FFFFFF00FFFFFF00FFFFFF00FFFFFF00FFFFFF00FFFFFF00FFFFFF00FFFF
310
FF00FFFFFF00FFFFFF00FFFFFF00FFFFFF00FFFFFF00FFFFFF00FFFFFF00FFFF
310
FF00FFFFFF00FFFFFF00FFFFFF00FFFFFF00FFFFFF00FFFFFF00FFFFFF00FFFF
310
FF00FFFFFF00FFFFFF00FFFFFF00FFFFFF00FFFFFF00FFFFFF00FFFFFF00FFFF
310
FF00FFFFFF00FFFFFF00FFFFFF00FFFFFF00FFFFFF00FFFFFF00FFFFFF00FFFF
310
FF00FFFFFF00FFFFFF00FFFFFF00FFFFFF00FFFFFF00FFFFFF00FFFFFF00FFFF
310
FF00FFFFFF00FFFFFF00FFFFFF00FFFFFF00FFFFFF00FFFFFF00FFFFFF00FFFF
310
FF00FFFFFF00FFFFFF00FFFFFF00FFFFFF00FFFFFF00FFFFFF00FFFFFF00FFFF
310
FF00FFFFFF00FFFFFF00FFFFFF00FFFFFF00FFFFFF00FFFFFF00FFFFFF00FFFF
310
FF00FFFFFF00FFFFFF00FFFFFF00FFFFFF00FFFFFF00FFFFFF00FFFFFF00FFFF
310
FF00FFFFFF00FFFFFF00FFFFFF00FFFFFF00FFFFFF00FFFFFF00FFFFFF00FFFF
310
FF00FFFFFF00FFFFFF00FFFFFF00FFFFFF00FFFFFF00FFFFFF00FFFFFF00FFFF
310
FF00FFFFFF00FFFFFF00FFFFFF00FFFFFF00FFFFFF00FFFFFF00FFFFFF00FFFF
310
FF00FFFFFF00FFFFFF00FFFFFF00FFFFFF00FFFFFF00FFFFFF00FFFFFF00FFFF
310
FF00FFFFFF00FFFFFF00FFFFFF00FFFFFF00FFFFFF00FFFFFF00FFFFFF00FFFF
310
FF00FFFFFF00FFFFFF00FFFFFF00FFFFFF00FFFFFF00FFFFFF00FFFFFF00FFFF
310
FF00FFFFFF00FFFFFF00FFFFFF00FFFFFF00FFFFFF00FFFFFF00FFFFFF00FFFF
310
FF00FFFFFF00FFFFFF00FFFFFF00FFFFFF00FFFFFF00FFFFFF00FFFFFF00FFFF
310
FF00FFFFFF00FFFFFF00FFFFFF00FFFFFF00FFFFFF00FFFFFF00FFFFFF00FFFF
310
FF00FFFFFF00FFFFFF00FFFFFF00FFFFFF00FFFFFF00FFFFFF00FFFFFF00FFFF
310
FF00FFFFFF00FFFFFF00FFFFFF00FFFFFF00FFFFFF00FFFFFF00FFFFFF00FFFF
310
FF00FFFFFF00FFFFFF00FFFFFF00FFFFFF00FFFFFF00FFFFFF00FFFFFF00FFFF
310
FF00FFFFFF00FFFFFF00FFFFFF00FFFFFF00FFFFFF00FFFFFF00FFFFFF00FFFF
310
FF00FFFFFF00FFFFFF00FFFFFF00FFFFFF00FFFFFF00FFFFFF00FFFFFF00FFFF
310
FF00FFFFFF00FFFFFF00FFFFFF00FFFFFF00FFFFFF00FFFFFF00FFFFFF00FFFF
310
FF00FFFFFF00FFFFFF00FFFFFF00FFFFFF00FFFFFF00FFFFFF00FFFFFF00FFFF
310
FF00FFFFFF00FFFFFF00FFFFFF00FFFFFF00FFFFFF00FFFFFF00FFFFFF00FFFF
310
FF00FFFFFF00FFFFFF00FFFFFF00FFFFFF00FFFFFF00FFFFFF00FFFFFF00FFFF
310
FF00FFFFFF00FFFFFF00FFFFFF00FFFFFF00FFFFFF00FFFFFF00FFFFFF00FFFF
310
FF00FFFFFF00FFFFFF00FFFFFF00FFFFFF00FFFFFF00FFFFFF00FFFFFF00FFFF
310
FF00FFFFFF00FFFFFF00FFFFFF00FFFFFF00FFFFFF00FFFFFF00FFFFFF00FFFF
310
FF00FFFFFF00FFFFFF00FFFFFF00FFFFFF00FFFFFF00FFFFFF00FFFFFF00FFFF
310
FF00FFFFFF00FFFFFF00FFFFFF00FFFFFF00FFFFFF00FFFFFF00FFFFFF00FFFF
310
FF00FFFFFF00FFFFFF00FFFFFF00FFFFFF00FFFFFF00FFFFFF00FFFFFF00FFFF
310
FF00FFFFFF00FFFFFF00FFFFFF00FFFFFF00FFFFFF00FFFFFF00FFFFFF00FFFF
310
FF00FFFFFF00FFFFFF00FFFFFF00FFFFFF00FFFFFF00FFFFFF00FFFFFF00FFFF
310
FF00FFFFFF00FFFFFF00FFFFFF00FFFFFF00FFFFFF00FFFFFF00FFFFFF00FFFF
310
FF00FFFFFF00FFFFFF00FFFFFF00FFFFFF00FFFFFF00FFFFFF00FFFFFF00FFFF
310
FF00FFFFFF00FFFFFF00FFFFFF00FFFFFF00FFFFFF00FFFFFF00FFFFFF00FFFF
310
FF00FFFFFF00FFFFFF00FFFFFF00FFFFFF00FFFFFF00FFFFFF00FFFFFF00FFFF
310
FF00FFFFFF00FFFFFF00FFFFFF00FFFFFF00FFFFFF00FFFFFF00FFFFFF00FFFF
310
FF00FFFFFF00FFFFFF00FFFFFF00FFFFFF00FFFFFF00FFFFFF00FFFFFF00FFFF
310
FF00FFFFFF00FFFFFF00FFFFFF00FFFFFF00FFFFFF00FFFFFF00FFFFFF00FFFF
310
FF00FFFFFF00FFFFFF00FFFFFF00FFFFFF00FFFFFF00FFFFFF00FFFFFF00FFFF
310
FF00FFFFFF00FFFFFF00FFFFFF00FFFFFF00FFFFFF00FFFFFF00FFFFFF00FFFF
310
FF00FFFFFF00FFFFFF00FFFFFF00FFFFFF00FFFFFF00FFFFFF00FFFFFF00FFFF
310
FF00FFFFFF00FFFFFF00FFFFFF00FFFFFF00FFFFFF00FFFFFF00FFFFFF00FFFF
310
FF00FFFFFF00FFFFFF00FFFFFF00FFFFFF00FFFFFF00FFFFFF00FFFFFF00FFFF
310
FF00FFFFFF00FFFFFF00FFFFFF00FFFFFF00FFFFFF00FFFFFF00FFFFFF00FFFF
310
FF00FFFFFF00FFFFFF00FFFFFF00FFFFFF00FFFFFF00FFFFFF00FFFFFF00FFFF
310
FF00FFFFFF00FFFFFF00FFFFFF00FFFFFF00FFFFFF00FFFFFF00FFFFFF00FFFF
310
FF00FFFFFF00FFFFFF00FFFFFF00FFFFFF00FFFFFF00FFFFFF00FFFFFF00FFFF
310
FF00FFFFFF00FFFFFF00FFFFFF00FFFFFF00FFFFFF00FFFFFF00FFFFFF00FFFF
310
FF00FFFFFF00FFFFFF00FFFFFF00FFFFFF00FFFFFF00FFFFFF00FFFFFF00FFFF
310
FF00FFFFFF00FFFFFF00FFFFFF00FFFFFF00FFFFFF00FFFFFF00FFFFFF00FFFF
310
FF00FFFFFF00FFFFFF00FFFFFF00FFFFFF00FFFFFF00FFFFFF00FFFFFF00FFFF
310
FF00FFFFFF00FFFFFF00FFFFFF00FFFFFF00FFFFFF00FFFFFF00FFFFFF00FFFF
310
FF00FFFFFF00FFFFFF00FFFFFF00FFFFFF00FFFFFF00FFFFFF00FFFFFF00FFFF
310
FF00FFFFFF00FFFFFF00FFFFFF00FFFFFF00FFFFFF00FFFFFF00FFFFFF00FFFF
310
FF00FFFFFF00FFFFFF00FFFFFF00FFFFFF00FFFFFF00FFFFFF00FFFFFF00FFFF
310
FF00FFFFFF00FFFFFF00FFFFFF00FFFFFF00FFFFFF00FFFFFF00FFFFFF00FFFF
310
FF00FFFFFF00FFFFFF00FFFFFF00FFFFFF00FFFFFF00FFFFFF00FFFFFF00FFFF
310
FF00FFFFFF00FFFFFF00FFFFFF00FFFFFF00FFFFFF00FFFFFF00FFFFFF00FFFF
310
FF00FFFFFF00FFFFFF00FFFFFF00FFFFFF00FFFFFF00FFFFFF00FFFFFF00FFFF
310
FF00FFFFFF00FFFFFF00FFFFFF00FFFFFF00FFFFFF00FFFFFF00FFFFFF00FFFF
310
FF00FFFFFF00FFFFFF00FFFFFF00FFFFFF00FFFFFF00FFFFFF00FFFFFF00FFFF
310
FF00FFFFFF00FFFFFF00FFFFFF00FFFFFF00FFFFFF00FFFFFF00FFFFFF00FFFF
310
FF00FFFFFF00FFFFFF00FFFFFF00FFFFFF00FFFFFF00FFFFFF00FFFFFF00FFFF
310
FF00FFFFFF00FFFFFF00FFFFFF00FFFFFF00FFFFFF00FFFFFF00FFFFFF00FFFF
310
FF00FFFFFF00FFFFFF00FFFFFF00FFFFFF00FFFFFF00FFFFFF00FFFFFF00FFFF
310
FF00FFFFFF00FFFFFF00FFFFFF00FFFFFF00FFFFFF00FFFFFF00FFFFFF00FFFF
310
FF00FFFFFF00FFFFFF00FFFFFF00FFFFFF00FFFFFF00FFFFFF00FFFFFF00FFFF
310
FF00FFFFFF00FFFFFF00FFFFFF00FFFFFF00FFFFFF00FFFFFF00FFFFFF00FFFF
310
FF00FFFFFF00FFFFFF00FFFFFF00FFFFFF00FFFFFF00FFFFFF00FFFFFF00FFFF
310
FF00FFFFFF00FFFFFF00FFFFFF00FFFFFF00FFFFFF00FFFFFF00FFFFFF00FFFF
310
FF00FFFFFF00FFFFFF00FFFFFF00FFFFFF00FFFFFF00FFFFFF00FFFFFF00FFFF
310
FF00FFFFFF00FFFFFF00FFFFFF00FFFFFF00FFFFFF00FFFFFF00FFFFFF00FFFF
310
FF00FFFFFF00FFFFFF00FFFFFF00FFFFFF00FFFFFF00FFFFFF00FFFFFF00FFFF
310
FF00FFFFFF00FFFFFF00FFFFFF00FFFFFF00FFFFFF00FFFFFF00FFFFFF00FFFF
310
FF00FFFFFF00FFFFFF00FFFFFF00FFFFFF00FFFFFF00FFFFFF00FFFFFF00FFFF
310
FF00FFFFFF00FFFFFF00FFFFFF00FFFFFF00FFFFFF00FFFFFF00FFFFFF00FFFF
310
FF00FFFFFF00FFFFFF00FFFFFF00FFFFFF00FFFFFF00FFFFFF00FFFFFF00FFFF
310
FF00FFFFFF00FFFFFF00FFFFFF00FFFFFF00FFFFFF00FFFFFF00FFFFFF00FFFF
310
FF00FFFFFF00FFFFFF00FFFFFF00FFFFFF00FFFFFF00FFFFFF00FFFFFF00FFFF
310
FF00FFFFFF00FFFFFF00FFFFFF00FFFFFF00FFFFFF00FFFFFF00FFFFFF00FFFF
310
FF00FFFFFF00FFFFFF00FFFFFF00FFFFFF00FFFFFF00FFFFFF00FFFFFF00FFFF
310
FF00FFFFFF00FFFFFF00FFFFFF00FFFFFF00FFFFFF00FFFFFF00FFFFFF00FFFF
310
FF00FFFFFF00FFFFFF00FFFFFF00FFFFFF00FFFFFF00FFFFFF00FFFFFF00FFFF
310
FF00FFFFFF00FFFFFF00FFFFFF00FFFFFF00FFFFFF00FFFFFF00FFFFFF00FFFF
310
FF00FFFFFF00FFFFFF00FFFFFF00FFFFFF00FFFFFF00FFFFFF00FFFFFF00FFFF
310
FF00FFFFFF00FFFFFF00FFFFFF00FFFFFF00FFFFFF00FFFFFF00FFFFFF00FFFF
310
FF00FFFFFF00FFFFFF00FFFFFF00FFFFFF00FFFFFF00FFFFFF00FFFFFF00FFFF
310
FF00FFFFFF00FFFFFF00FFFFFF00FFFFFF00FFFFFF00FFFFFF00FFFFFF00FFFF
310
FF00FFFFFF00FFFFFF00FFFFFF00FFFFFF00FFFFFF00FFFFFF00FFFFFF00FFFF
310
FF00FFFFFF00FFFFFF00FFFFFF00FFFFFF00FFFFFF00FFFFFF00FFFFFF00FFFF
310
FF00FFFFFF00FFFFFF00FFFFFF00FFFFFF00FFFFFF00FFFFFF00FFFFFF00FFFF
310
FF00FFFFFF00FFFFFF00FFFFFF00FFFFFF00FFFFFF00FFFFFF00FFFFFF00FFFF
310
FF00FFFFFF00FFFFFF00FFFFFF00FFFFFF00FFFFFF00FFFFFF00FFFFFF00FFFF
310
FF00FFFFFF00FFFFFF00FFFFFF00FFFFFF00FFFFFF00FFFFFF00FFFFFF00FFFF
310
FF00FFFFFF00FFFFFF00FFFFFF00FFFFFF00FFFFFF00FFFFFF00FFFFFF00FFFF
310
FF00FFFFFF00FFFFFF00FFFFFF00FFFFFF00FFFFFF00FFFFFF00FFFFFF00FFFF
310
FF00FFFFFF00FFFFFF00FFFFFF00FFFFFF00FFFFFF00FFFFFF00FFFFFF00FFFF
310
FF00FFFFFF00FFFFFF00FFFFFF00FFFFFF00FFFFFF00FFFFFF00FFFFFF00FFFF
310
FF00FFFFFF00FFFFFF00FFFFFF00FFFFFF00FFFFFF00FFFFFF00FFFFFF00FFFF
310
FF00FFFFFF00FFFFFF00FFFFFF00FFFFFF00FFFFFF00FFFFFF00FFFFFF00FFFF
310
FF00FFFFFF00FFFFFF00FFFFFF00FFFFFF00FFFFFF00FFFFFF00FFFFFF00FFFF
310
FF00FFFFFF00FFFFFF00FFFFFF00FFFFFF00FFFFFF00FFFFFF00FFFFFF00FFFF
310
FF00FFFFFF00FFFFFF00FFFFFF00FFFFFF00FFFFFF00FFFFFF00FFFFFF00FFFF
310
FF00FFFFFF00FFFFFF00FFFFFF00FFFFFF00FFFFFF00FFFFFF00FFFFFF00FFFF
310
FF00FFFFFF00FFFFFF00FFFFFF00FFFFFF00FFFFFF00FFFFFF00FFFFFF00FFFF
310
FF00FFFFFF00FFFFFF00FFFFFF00FFFFFF00FFFFFF00FFFFFF00FFFFFF00FFFF
310
FF00FFFFFF00FFFFFF00FFFFFF00FFFFFF00FFFFFF00FFFFFF00FFFFFF00FFFF
310
FF00FFFFFF00FFFFFF00FFFFFF00FFFFFF00FFFFFF00FFFFFF00FFFFFF00FFFF
310
FF00FFFFFF00FFFFFF00FFFFFF00FFFFFF00FFFFFF00FFFFFF00FFFFFF00FFFF
310
FF00FFFFFF00FFFFFF00FFFFFF00FFFFFF00FFFFFF00FFFFFF00FFFFFF00FFFF
310
FF00FFFFFF00FFFFFF00FFFFFF00FFFFFF00FFFFFF00FFFFFF00FFFFFF00FFFF
310
FF00FFFFFF00FFFFFF00FFFFFF00FFFFFF00FFFFFF00FFFFFF00FFFFFF00FFFF
310
FF00FFFFFF00FFFFFF00FFFFFF00FFFFFF00FFFFFF00FFFFFF00FFFFFF00FFFF
310
FF00FFFFFF00FFFFFF00FFFFFF00FFFFFF00FFFFFF00FFFFFF00FFFFFF00FFFF
310
FF00FFFFFF00FFFFFF00FFFFFF00FFFFFF00FFFFFF00FFFFFF00FFFFFF00FFFF
310
FF00FFFFFF00FFFFFF00FFFFFF00FFFFFF00FFFFFF00FFFFFF00FFFFFF00FFFF
310
FF00FFFFFF00FFFFFF00FFFFFF00FFFFFF00FFFFFF00FFFFFF00FFFFFF00FFFF
310
FF00FFFFFF00FFFFFF00FFFFFF00FFFFFF00FFFFFF00FFFFFF00FFFFFF00FFFF
310
FF00FFFFFF00FFFFFF00FFFFFF00FFFFFF00FFFFFF00FFFFFF00FFFFFF00FFFF
310
FF00FFFFFF00FFFFFF00FFFFFF00FFFFFF00FFFFFF00FFFFFF00FFFFFF00FFFF
310
FF00FFFFFF00FFFFFF00FFFFFF00FFFFFF00FFFFFF00FFFFFF00FFFFFF00FFFF
310
FF00FFFFFF00FFFFFF00FFFFFF00FFFFFF00FFFFFF00FFFFFF00FFFFFF00FFFF
310
FF00FFFFFF00FFFFFF00FFFFFF00FFFFFF00FFFFFF00FFFFFF00FFFFFF00FFFF
310
FF00FFFFFF00FFFFFF00FFFFFF00FFFFFF00FFFFFF00FFFFFF00FFFFFF00FFFF
310
FF00FFFFFF00FFFFFF00FFFFFF00FFFFFF00FFFFFF00FFFFFF00FFFFFF00FFFF
310
FF00FFFFFF00FFFFFF00FFFFFF00FFFFFF00FFFFFF00FFFFFF00FFFFFF00FFFF
310
FF00FFFFFF00FFFFFF00FFFFFF00FFFFFF00FFFFFF00FFFFFF00FFFFFF00FFFF
310
FF00FFFFFF00FFFFFF00FFFFFF00FFFFFF00FFFFFF00FFFFFF00FFFFFF00FFFF
310
FF00FFFFFF00FFFFFF00FFFFFF00FFFFFF00FFFFFF00FFFFFF00FFFFFF00FFFF
310
FF00FFFFFF00FFFFFF00FFFFFF00FFFFFF00FFFFFF00FFFFFF00FFFFFF00FFFF
310
FF00FFFFFF00FFFFFF00FFFFFF00FFFFFF00FFFFFF00FFFFFF00FFFFFF00FFFF
310
FF00FFFFFF00FFFFFF00FFFFFF00FFFFFF00FFFFFF00FFFFFF00FFFFFF00FFFF
310
FF00FFFFFF00FFFFFF00FFFFFF00FFFFFF00FFFFFF00FFFFFF00FFFFFF00FFFF
310
FF00FFFFFF00FFFFFF00FFFFFF00FFFFFF00FFFFFF00FFFFFF00FFFFFF00FFFF
310
FF00FFFFFF00FFFFFF00FFFFFF00FFFFFF00FFFFFF00FFFFFF00FFFFFF00FFFF
310
FF00FFFFFF00FFFFFF00FFFFFF00FFFFFF00FFFFFF00FFFFFF00FFFFFF00FFFF
310
FF00FFFFFF00FFFFFF00FFFFFF00FFFFFF00FFFFFF00FFFFFF00FFFFFF00FFFF
310
FF00FFFFFF00FFFFFF00FFFFFF00FFFFFF00FFFFFF00FFFFFF00FFFFFF00FFFF
310
FF00FFFFFF00FFFFFF00FFFFFF00FFFFFF00FFFFFF00FFFFFF00FFFFFF00FFFF
310
FF00FFFFFF00FFFFFF00FFFFFF00FFFFFF00FFFFFF00FFFFFF00FFFFFF00FFFF
310
FF00FFFFFF00FFFFFF00FFFFFF00FFFFFF00FFFFFF00FFFFFF00FFFFFF00FFFF
310
FF00FFFFFF00FFFFFF00FFFFFF00FFFFFF00FFFFFF00FFFFFF00FFFFFF00FFFF
310
FF00FFFFFF00FFFFFF00FFFFFF00FFFFFF00FFFFFF00FFFFFF00FFFFFF00FFFF
310
FF00FFFFFF00FFFFFF00FFFFFF00FFFFFF00FFFFFF00FFFFFF00FFFFFF00FFFF
310
FF00FFFFFF00FFFFFF00FFFFFF00FFFFFF00FFFFFF00FFFFFF00FFFFFF00FFFF
310
FF00FFFFFF00FFFFFF00FFFFFF00FFFFFF00FFFFFF00FFFFFF00FFFFFF00FFFF
310
FF00FFFFFF00FFFFFF00FFFFFF00FFFFFF00FFFFFF00FFFFFF00FFFFFF00FFFF
310
FF00FFFFFF00FFFFFF00FFFFFF00FFFFFF00FFFFFF00FFFFFF00FFFFFF00FFFF
310
FF00FFFFFF00FFFFFF00FFFFFF00FFFFFF00FFFFFF00FFFFFF00FFFFFF00FFFF
310
FF00FFFFFF00FFFFFF00FFFFFF00FFFFFF00FFFFFF00FFFFFF00FFFFFF00FFFF
310
FF00FFFFFF00FFFFFF00FFFFFF00FFFFFF00FFFFFF00FFFFFF00FFFFFF00FFFF
310
FF00FFFFFF00FFFFFF00FFFFFF00FFFFFF00FFFFFF00FFFFFF00FFFFFF00FFFF
310
FF00FFFFFF00FFFFFF00FFFFFF00FFFFFF00FFFFFF00FFFFFF00FFFFFF00FFFF
310
FF00FFFFFF00FFFFFF00FFFFFF00FFFFFF00FFFFFF00FFFFFF00FFFFFF00FFFF
310
FF00FFFFFF00FFFFFF00FFFFFF00FFFFFF00FFFFFF00FFFFFF00FFFFFF00FFFF
310
FF00FFFFFF00FFFFFF00FFFFFF00FFFFFF00FFFFFF00FFFFFF00FFFFFF00FFFF
310
FF00FFFFFF00FFFFFF00FFFFFF00FFFFFF00FFFFFF00FFFFFF00FFFFFF00FFFF
310
FF00FFFFFF00FFFFFF00FFFFFF00FFFFFF00FFFFFF00FFFFFF00FFFFFF00FFFF
310
FF00FFFFFF00FFFFFF00FFFFFF00FFFFFF00FFFFFF00FFFFFF00FFFFFF00FFFF
310
FF00FFFFFF00FFFFFF00FFFFFF00FFFFFF00FFFFFF00FFFFFF00FFFFFF00FFFF
310
FF00FFFFFF00FFFFFF00FFFFFF00FFFFFF00FFFFFF00FFFFFF00FFFFFF00FFFF
310
FF00FFFFFF00FFFFFF00FFFFFF00FFFFFF00FFFFFF00FFFFFF00FFFFFF00FFFF
310
FF00FFFFFF00FFFFFF00FFFFFF00FFFFFF00FFFFFF00FFFFFF00FFFFFF00FFFF
310
FF00FFFFFF00FFFFFF00FFFFFF00FFFFFF00FFFFFF00FFFFFF00FFFFFF00FFFF
310
FF00FFFFFF00FFFFFF00FFFFFF00FFFFFF00FFFFFF00FFFFFF00FFFFFF00FFFF
310
FF00FFFFFF00FFFFFF00FFFFFF00FFFFFF00FFFFFF00FFFFFF00FFFFFF00FFFF
310
FF00FFFFFF00FFFFFF00FFFFFF00FFFFFF00FFFFFF00FFFFFF00FFFFFF00FFFF
310
FF00FFFFFF00FFFFFF00FFFFFF00FFFFFF00FFFFFF00FFFFFF00FFFFFF00FFFF
310
FF00FFFFFF00FFFFFF00FFFFFF00FFFFFF00FFFFFF00FFFFFF00FFFFFF00FFFF
310
FF00FFFFFF00FFFFFF00FFFFFF00FFFFFF00FFFFFF00FFFFFF00FFFFFF00FFFF
310
FF00FFFFFF00FFFFFF00FFFFFF00FFFFFF00FFFFFF00FFFFFF00FFFFFF00FFFF
310
FF00FFFFFF00FFFFFF00FFFFFF00FFFFFF00FFFFFF00FFFFFF00FFFFFF00FFFF
310
FF00FFFFFF00FFFFFF00FFFFFF00FFFFFF00FFFFFF00FFFFFF00FFFFFF00FFFF
310
FF00FFFFFF00FFFFFF00FFFFFF00FFFFFF00FFFFFF00FFFFFF00FFFFFF00FFFF
310
FF00FFFFFF00FFFFFF00FFFFFF00FFFFFF00FFFFFF00FFFFFF00FFFFFF00FFFF
310
FF00FFFFFF00FFFFFF00FFFFFF00FFFFFF00FFFFFF00FFFFFF00FFFFFF00FFFF
310
FF00FFFFFF00FFFFFF00FFFFFF00FFFFFF00FFFFFF00FFFFFF00FFFFFF00FFFF
310
FF00FFFFFF00FFFFFF00FFFFFF00FFFFFF00FFFFFF00FFFFFF00FFFFFF00FFFF
310
FF00FFFFFF00FFFFFF00FFFFFF00FFFFFF00FFFFFF00FFFFFF00FFFFFF00FFFF
310
FF00FFFFFF00FFFFFF00FFFFFF00FFFFFF00FFFFFF00FFFFFF00FFFFFF00FFFF
310
FF00FFFFFF00FFFFFF00FFFFFF00FFFFFF00FFFFFF00FFFFFF00FFFFFF00FFFF
310
FF00FFFFFF00FFFFFF00FFFFFF00FFFFFF00FFFFFF00FFFFFF00FFFFFF00FFFF
310
FF00FFFFFF00FFFFFF00FFFFFF00FFFFFF00FFFFFF00FFFFFF00FFFFFF00FFFF
310
FF00FFFFFF00FFFFFF00FFFFFF00FFFFFF00FFFFFF00FFFFFF00FFFFFF00FFFF
310
FF00FFFFFF00FFFFFF00FFFFFF00FFFFFF00FFFFFF00FFFFFF00FFFFFF00FFFF
310
FF00FFFFFF00FFFFFF00FFFFFF00FFFFFF00FFFFFF00FFFFFF00FFFFFF00FFFF
310
FF00FFFFFF00FFFFFF00FFFFFF00FFFFFF00FFFFFF00FFFFFF00FFFFFF00FFFF
310
FF00FFFFFF00FFFFFF00FFFFFF00FFFFFF00FFFFFF00FFFFFF00FFFFFF00FFFF
310
FF00FFFFFF00FFFFFF00FFFFFF00FFFFFF00FFFFFF00FFFFFF00FFFFFF00FFFF
310
FF00FFFFFF00FFFFFF00FFFFFF00FFFFFF00FFFFFF00FFFFFF00FFFFFF00FFFF
310
FF00FFFFFF00FFFFFF00FFFFFF00FFFFFF00FFFFFF00FFFFFF00FFFFFF00FFFF
310
FF00FFFFFF00FFFFFF00FFFFFF00FFFFFF00FFFFFF00FFFFFF00FFFFFF00FFFF
310
FF00FFFFFF00FFFFFF00FFFFFF00FFFFFF00FFFFFF00FFFFFF00FFFFFF00FFFF
310
FF00FFFFFF00FFFFFF00FFFFFF00FFFFFF00FFFFFF00FFFFFF00FFFFFF00FFFF
310
FF00FFFFFF00FFFFFF00FFFFFF00FFFFFF00FFFFFF00FFFFFF00FFFFFF00FFFF
310
FF00FFFFFF00FFFFFF00FFFFFF00FFFFFF00FFFFFF00FFFFFF00FFFFFF00FFFF
310
FF00FFFFFF00FFFFFF00FFFFFF00FFFFFF00FFFFFF00FFFFFF00FFFFFF00FFFF
310
FF00FFFFFF00FFFFFF00FFFFFF00FFFFFF00FFFFFF00FFFFFF00FFFFFF00FFFF
310
FF00FFFFFF00FFFFFF00FFFFFF00FFFFFF00FFFFFF00FFFFFF00FFFFFF00FFFF
310
FF00FFFFFF00FFFFFF00FFFFFF00FFFFFF00FFFFFF00FFFFFF00FFFFFF00FFFF
310
FF00FFFFFF00FFFFFF00FFFFFF00FFFFFF00FFFFFF00FFFFFF00FFFFFF00FFFF
310
FF00FFFFFF00FFFFFF00FFFFFF00FFFFFF00FFFFFF00FFFFFF00FFFFFF00FFFF
310
FF00FFFFFF00FFFFFF00FFFFFF00FFFFFF00FFFFFF00FFFFFF00FFFFFF00FFFF
310
FF00FFFFFF00FFFFFF00FFFFFF00FFFFFF00FFFFFF00FFFFFF00FFFFFF00FFFF
310
FF00FFFFFF00FFFFFF00FFFFFF00FFFFFF00FFFFFF00FFFFFF00FFFFFF00FFFF
310
FF00FFFFFF00FFFFFF00FFFFFF00FFFFFF00FFFFFF00FFFFFF00FFFFFF00FFFF
310
FF00FFFFFF00FFFFFF00FFFFFF00FFFFFF00FFFFFF00FFFFFF00FFFFFF00FFFF
310
FF00FFFFFF00FFFFFF00FFFFFF00FFFFFF00FFFFFF00FFFFFF00FFFFFF00FFFF
310
FF00FFFFFF00FFFFFF00FFFFFF00FFFFFF00FFFFFF00FFFFFF00FFFFFF00FFFF
310
FF00FFFFFF00FFFFFF00FFFFFF00FFFFFF00FFFFFF00FFFFFF00FFFFFF00FFFF
310
FF00FFFFFF00FFFFFF00FFFFFF00FFFFFF00FFFFFF00FFFFFF00FFFFFF00FFFF
310
FF00FFFFFF00FFFFFF00FFFFFF00FFFFFF00FFFFFF00FFFFFF00FFFFFF00FFFF
310
FF00FFFFFF00FFFFFF00FFFFFF00FFFFFF00FFFFFF00FFFFFF00FFFFFF00FFFF
310
FF00FFFFFF00FFFFFF00FFFFFF00FFFFFF00FFFFFF00FFFFFF00FFFFFF00FFFF
310
FF00FFFFFF00FFFFFF00FFFFFF00FFFFFF00FFFFFF00FFFFFF00FFFFFF00FFFF
310
FF00FFFFFF00FFFFFF00FFFFFF00FFFFFF00FFFFFF00FFFFFF00FFFFFF00FFFF
310
FF00FFFFFF00FFFFFF00FFFFFF00FFFFFF00FFFFFF00FFFFFF00FFFFFF00FFFF
310
FF00FFFFFF00FFFFFF00FFFFFF00FFFFFF00FFFFFF00FFFFFF00FFFFFF00FFFF
310
FF00FFFFFF00FFFFFF00FFFFFF00FFFFFF00FFFFFF00FFFFFF00FFFFFF00FFFF
310
FF00FFFFFF00FFFFFF00FFFFFF00FFFFFF00FFFFFF00FFFFFF00FFFFFF00FFFF
310
FF00FFFFFF00FFFFFF00FFFFFF00FFFFFF00FFFFFF00FFFFFF00FFFFFF00FFFF
310
FF00FFFFFF00FFFFFF00FFFFFF00FFFFFF00FFFFFF00FFFFFF00FFFFFF00FFFF
310
FF00FFFFFF00FFFFFF00FFFFFF00FFFFFF00FFFFFF00FFFFFF00FFFFFF00FFFF
310
FF00FFFFFF00FFFFFF00FFFFFF00FFFFFF00FFFFFF00FFFFFF00FFFFFF00FFFF
310
FF00FFFFFF00FFFFFF00FFFFFF00FFFFFF00FFFFFF00FFFFFF00FFFFFF00FFFF
310
FF00FFFFFF00FFFFFF00FFFFFF00FFFFFF00FFFFFF00FFFFFF00FFFFFF00FFFF
310
FF00FFFFFF00FFFFFF00FFFFFF00FFFFFF00FFFFFF00FFFFFF00FFFFFF00FFFF
310
FF00FFFFFF00FFFFFF00FFFFFF00FFFFFF00FFFFFF00FFFFFF00FFFFFF00FFFF
310
FF00FFFFFF00FFFFFF00FFFFFF00FFFFFF00FFFFFF00FFFFFF00FFFFFF00FFFF
310
FF00FFFFFF00FFFFFF00FFFFFF00FFFFFF00FFFFFF00FFFFFF00FFFFFF00FFFF
310
FF00FFFFFF00FFFFFF00FFFFFF00FFFFFF00FFFFFF00FFFFFF00FFFFFF00FFFF
310
FF00FFFFFF00FFFFFF00FFFFFF00FFFFFF00FFFFFF00FFFFFF00FFFFFF00FFFF
310
FF00FFFFFF00FFFFFF00FFFFFF00FFFFFF00FFFFFF00FFFFFF00FFFFFF00FFFF
310
FF00FFFFFF00FFFFFF00FFFFFF00FFFFFF00FFFFFF00FFFFFF00FFFFFF00FFFF
310
FF00FFFFFF00FFFFFF00FFFFFF00FFFFFF00FFFFFF00FFFFFF00FFFFFF00FFFF
310
FF00FFFFFF00FFFFFF00FFFFFF00FFFFFF00FFFFFF00FFFFFF00FFFFFF00FFFF
310
FF00FFFFFF00FFFFFF00FFFFFF00FFFFFF00FFFFFF00FFFFFF00FFFFFF00FFFF
310
FF00FFFFFF00FFFFFF00FFFFFF00FFFFFF00FFFFFF00FFFFFF00FFFFFF00FFFF
310
FF00FFFFFF00FFFFFF00FFFFFF00FFFFFF00FFFFFF00FFFFFF00FFFFFF00FFFF
310
FF00FFFFFF00FFFFFF00FFFFFF00FFFFFF00FFFFFF00FFFFFF00FFFFFF00FFFF
310
FF00FFFFFF00FFFFFF00FFFFFF00FFFFFF00FFFFFF00FFFFFF00FFFFFF00FFFF
310
FF00FFFFFF00FFFFFF00FFFFFF00FFFFFF00FFFFFF00FFFFFF00FFFFFF00FFFF
310
FF00FFFFFF00FFFFFF00FFFFFF00FFFFFF00FFFFFF00FFFFFF00FFFFFF00FFFF
310
FF00FFFFFF00FFFFFF00FFFFFF00FFFFFF00FFFFFF00FFFFFF00FFFFFF00FFFF
310
FF00FFFFFF00FFFFFF00FFFFFF00FFFFFF00FFFFFF00FFFFFF00FFFFFF00FFFF
310
FF00FFFFFF00FFFFFF00FFFFFF00FFFFFF00FFFFFF00FFFFFF00FFFFFF00FFFF
310
FF00FFFFFF00FFFFFF00FFFFFF00FFFFFF00FFFFFF00FFFFFF00FFFFFF00FFFF
310
FF00FFFFFF00FFFFFF00FFFFFF00FFFFFF00FFFFFF00FFFFFF00FFFFFF00FFFF
310
FF00FFFFFF00FFFFFF00FFFFFF00FFFFFF00FFFFFF00FFFFFF00FFFFFF00FFFF
310
FF00FFFFFF00FFFFFF00FFFFFF00FFFFFF00FFFFFF00FFFFFF00FFFFFF00FFFF
310
FF00FFFFFF00FFFFFF00FFFFFF00FFFFFF00FFFFFF00FFFFFF00FFFFFF00FFFF
310
FF00FFFFFF00FFFFFF00FFFFFF00FFFFFF00FFFFFF00FFFFFF00FFFFFF00FFFF
310
FF00FFFFFF00FFFFFF00FFFFFF00FFFFFF00FFFFFF00FFFFFF00FFFFFF00FFFF
310
FF00FFFFFF00FFFFFF00FFFFFF00FFFFFF00FFFFFF00FFFFFF00FFFFFF00FFFF
310
FF00FFFFFF00FFFFFF00FFFFFF00FFFFFF00FFFFFF00FFFFFF00FFFFFF00FFFF
310
FF00FFFFFF00FFFFFF00FFFFFF00FFFFFF00FFFFFF00FFFFFF00FFFFFF00FFFF
310
FF00FFFFFF00FFFFFF00FFFFFF00FFFFFF00FFFFFF00FFFFFF00FFFFFF00FFFF
310
FF00FFFFFF00FFFFFF00FFFFFF00FFFFFF00FFFFFF00FFFFFF00FFFFFF00FFFF
310
FF00FFFFFF00FFFFFF00FFFFFF00FFFFFF00FFFFFF00FFFFFF00FFFFFF00FFFF
310
FF00FFFFFF00FFFFFF00FFFFFF00FFFFFF00FFFFFF00FFFFFF00FFFFFF00FFFF
310
FF00FFFFFF00FFFFFF00FFFFFF00FFFFFF00FFFFFF00FFFFFF00FFFFFF00FFFF
310
FF00FFFFFF00FFFFFF00FFFFFF00FFFFFF00FFFFFF00FFFFFF00FFFFFF00FFFF
310
FF00FFFFFF00FFFFFF00FFFFFF00FFFFFF00FFFFFF00FFFFFF00FFFFFF00FFFF
310
FF00FFFFFF00FFFFFF00FFFFFF00FFFFFF00FFFFFF00FFFFFF00FFFFFF00FFFF
310
FF00FFFFFF00FFFFFF00FFFFFF00FFFFFF00FFFFFF00FFFFFF00FFFFFF00FFFF
310
FF00FFFFFF00FFFFFF00FFFFFF00FFFFFF00FFFFFF00FFFFFF00FFFFFF00FFFF
310
FF00FFFFFF00FFFFFF00FFFFFF00FFFFFF00FFFFFF00FFFFFF00FFFFFF00FFFF
310
FF00FFFFFF00FFFFFF00FFFFFF00FFFFFF00FFFFFF00FFFFFF00FFFFFF00FFFF
310
FF00FFFFFF00FFFFFF00FFFFFF00FFFFFF00FFFFFF00FFFFFF00FFFFFF00FFFF
310
FF00FFFFFF00FFFFFF00FFFFFF00FFFFFF00FFFFFF00FFFFFF00FFFFFF00FFFF
310
FF00FFFFFF00FFFFFF00FFFFFF00FFFFFF00FFFFFF00FFFFFF00FFFFFF00FFFF
310
FF00FFFFFF00FFFFFF00FFFFFF00FFFFFF00FFFFFF00FFFFFF00FFFFFF00FFFF
310
FF00FFFFFF00FFFFFF00FFFFFF00FFFFFF00FFFFFF00FFFFFF00FFFFFF00FFFF
310
FF00FFFFFF00FFFFFF00FFFFFF00FFFFFF00FFFFFF00FFFFFF00FFFFFF00FFFF
310
FF00FFFFFF00FFFFFF00FFFFFF00FFFFFF00FFFFFF00FFFFFF00FFFFFF00FFFF
310
FF00FFFFFF00FFFFFF00FFFFFF00FFFFFF00FFFFFF00FFFFFF00FFFFFF00FFFF
310
FF00FFFFFF00FFFFFF00FFFFFF00FFFFFF00FFFFFF00FFFFFF00FFFFFF00FFFF
310
FF00FFFFFF00FFFFFF00FFFFFF00FFFFFF00FFFFFF00FFFFFF00FFFFFF00FFFF
310
FF00FFFFFF00FFFFFF00FFFFFF00FFFFFF00FFFFFF00FFFFFF00FFFFFF00FFFF
310
FF00FFFFFF00FFFFFF00FFFFFF00FFFFFF00FFFFFF00FFFFFF00FFFFFF00FFFF
310
FF00FFFFFF00FFFFFF00FFFFFF00FFFFFF00FFFFFF00FFFFFF00FFFFFF00FFFF
310
FF00FFFFFF00FFFFFF00FFFFFF00FFFFFF00FFFFFF00FFFFFF00FFFFFF00FFFF
310
FF00FFFFFF00FFFFFF00FFFFFF00FFFFFF00FFFFFF00FFFFFF00FFFFFF00FFFF
310
FF00FFFFFF00FFFFFF00FFFFFF00FFFFFF00FFFFFF00FFFFFF00FFFFFF00FFFF
310
FF00FFFFFF00FFFFFF00FFFFFF00FFFFFF00FFFFFF00FFFFFF00FFFFFF00FFFF
310
FF00FFFFFF00FFFFFF00FFFFFF00FFFFFF00FFFFFF00FFFFFF00FFFFFF00FFFF
310
FF00FFFFFF00FFFFFF00FFFFFF00FFFFFF00FFFFFF00FFFFFF00FFFFFF00FFFF
310
FF00FFFFFF00FFFFFF00FFFFFF00FFFFFF00FFFFFF00FFFFFF00FFFFFF00FFFF
310
FF00FFFFFF00FFFFFF00FFFFFF00FFFFFF00FFFFFF00FFFFFF00FFFFFF00FFFF
310
FF00FFFFFF00FFFFFF00FFFFFF00FFFFFF00FFFFFF00FFFFFF00FFFFFF00FFFF
310
FF00FFFFFF00FFFFFF00FFFFFF00FFFFFF00FFFFFF00FFFFFF00FFFFFF00FFFF
310
FF00FFFFFF00FFFFFF00FFFFFF00FFFFFF00FFFFFF00FFFFFF00FFFFFF00FFFF
310
FF00FFFFFF00FFFFFF00FFFFFF00FFFFFF00FFFFFF00FFFFFF00FFFFFF00FFFF
310
FF00FFFFFF00FFFFFF00FFFFFF00FFFFFF00FFFFFF00FFFFFF00FFFFFF00FFFF
310
FF00FFFFFF00FFFFFF00FFFFFF00FFFFFF00FFFFFF00FFFFFF00FFFFFF00FFFF
310
FF00FFFFFF00FFFFFF00FFFFFF00FFFFFF00FFFFFF00FFFFFF00FFFFFF00FFFF
310
FF00FFFFFF00FFFFFF00FFFFFF00FFFFFF00FFFFFF00FFFFFF00FFFFFF00FFFF
310
FF00FFFFFF00FFFFFF00FFFFFF00FFFFFF00FFFFFF00FFFFFF00FFFFFF00FFFF
310
FF00FFFFFF00FFFFFF00FFFFFF00FFFFFF00FFFFFF00FFFFFF00FFFFFF00FFFF
310
FF00FFFFFF00FFFFFF00FFFFFF00FFFFFF00FFFFFF00FFFFFF00FFFFFF00FFFF
310
FF00FFFFFF00FFFFFF00FFFFFF00FFFFFF00FFFFFF00FFFFFF00FFFFFF00FFFF
310
FF00FFFFFF00FFFFFF00FFFFFF00FFFFFF00FFFFFF00FFFFFF00FFFFFF00FFFF
310
FF00FFFFFF00FFFFFF00FFFFFF00FFFFFF00FFFFFF00FFFFFF00FFFFFF00FFFF
310
FF00FFFFFF00FFFFFF00FFFFFF00FFFFFF00FFFFFF00FFFFFF00FFFFFF00FFFF
310
FF00FFFFFF00FFFFFF00FFFFFF00FFFFFF00FFFFFF00FFFFFF00FFFFFF00FFFF
310
FF00FFFFFF00FFFFFF00FFFFFF00FFFFFF00FFFFFF00FFFFFF00FFFFFF00FFFF
310
FF00FFFFFF00FFFFFF00FFFFFF00FFFFFF00FFFFFF00FFFFFF00FFFFFF00FFFF
310
FF00FFFFFF00FFFFFF00FFFFFF00FFFFFF00FFFFFF00FFFFFF00FFFFFF00FFFF
310
FF00FFFFFF00FFFFFF00FFFFFF00FFFFFF00FFFFFF00FFFFFF00FFFFFF00FFFF
310
FF00FFFFFF00FFFFFF00FFFFFF00FFFFFF00FFFFFF00FFFFFF00FFFFFF00FFFF
310
FF00FFFFFF00FFFFFF00FFFFFF00FFFFFF00FFFFFF00FFFFFF00FFFFFF00FFFF
310
FF00FFFFFF00FFFFFF00FFFFFF00FFFFFF00FFFFFF00FFFFFF00FFFFFF00FFFF
310
FF00FFFFFF00FFFFFF00FFFFFF00FFFFFF00FFFFFF00FFFFFF00FFFFFF00FFFF
310
FF00FFFFFF00FFFFFF00FFFFFF00FFFFFF00FFFFFF00FFFFFF00FFFFFF00FFFF
310
FF00FFFFFF00FFFFFF00FFFFFF00FFFFFF00FFFFFF00FFFFFF00FFFFFF00FFFF
310
FF00FFFFFF00FFFFFF00FFFFFF00FFFFFF00FFFFFF00FFFFFF00FFFFFF00FFFF
310
FF00FFFFFF00FFFFFF00FFFFFF00FFFFFF00FFFFFF00FFFFFF00FFFFFF00FFFF
310
FF00FFFFFF00FFFFFF00FFFFFF00FFFFFF00FFFFFF00FFFFFF00FFFFFF00FFFF
310
FF00FFFFFF00FFFFFF00FFFFFF00FFFFFF00FFFFFF00FFFFFF00FFFFFF00FFFF
310
FF00FFFFFF00FFFFFF00FFFFFF00FFFFFF00FFFFFF00FFFFFF00FFFFFF00FFFF
310
FF00FFFFFF00FFFFFF00FFFFFF00FFFFFF00FFFFFF00FFFFFF00FFFFFF00FFFF
310
FF00FFFFFF00FFFFFF00FFFFFF00FFFFFF00FFFFFF00FFFFFF00FFFFFF00FFFF
310
FF00FFFFFF00FFFFFF00FFFFFF00FFFFFF00FFFFFF00FFFFFF00FFFFFF00FFFF
310
FF00FFFFFF00FFFFFF00FFFFFF00FFFFFF00FFFFFF00FFFFFF00FFFFFF00FFFF
310
FF00FFFFFF00FFFFFF00FFFFFF00FFFFFF00FFFFFF00FFFFFF00FFFFFF00FFFF
310
FF00FFFFFF00FFFFFF00FFFFFF00FFFFFF00FFFFFF00FFFFFF00FFFFFF00FFFF
310
FF00FFFFFF00FFFFFF00FFFFFF00FFFFFF00FFFFFF00FFFFFF00FFFFFF00FFFF
310
FF00FFFFFF00FFFFFF00FFFFFF00FFFFFF00FFFFFF00FFFFFF00FFFFFF00FFFF
310
FF00FFFFFF00FFFFFF00FFFFFF00FFFFFF00FFFFFF00FFFFFF00FFFFFF00FFFF
310
FF00FFFFFF00FFFFFF00FFFFFF00FFFFFF00FFFFFF00FFFFFF00FFFFFF00FFFF
310
FF00FFFFFF00FFFFFF00FFFFFF00FFFFFF00FFFFFF00FFFFFF00FFFFFF00FFFF
310
FF00FFFFFF00FFFFFF00FFFFFF00FFFFFF00FFFFFF00FFFFFF00FFFFFF00FFFF
310
FF00FFFFFF00FFFFFF00FFFFFF00FFFFFF00FFFFFF00FFFFFF00FFFFFF00FFFF
310
FF00FFFFFF00FFFFFF00FFFFFF00FFFFFF00FFFFFF00FFFFFF00FFFFFF00FFFF
310
FF00FFFFFF00FFFFFF00FFFFFF00FFFFFF00FFFFFF00FFFFFF00FFFFFF00FFFF
310
FF00FFFFFF00FFFFFF00FFFFFF00FFFFFF00FFFFFF00FFFFFF00FFFFFF00FFFF
310
FF00FFFFFF00FFFFFF00FFFFFF00FFFFFF00FFFFFF00FFFFFF00FFFFFF00FFFF
310
FF00FFFFFF00FFFFFF00FFFFFF00FFFFFF00FFFFFF00FFFFFF00FFFFFF00FFFF
310
FF00FFFFFF00FFFFFF00FFFFFF00FFFFFF00FFFFFF00FFFFFF00FFFFFF00FFFF
310
FF00FFFFFF00FFFFFF00FFFFFF00FFFFFF00FFFFFF00FFFFFF00FFFFFF00FFFF
310
FF00FFFFFF00FFFFFF00FFFFFF00FFFFFF00FFFFFF00FFFFFF00FFFFFF00FFFF
310
FF00FFFFFF00FFFFFF00FFFFFF00FFFFFF00FFFFFF00FFFFFF00FFFFFF00FFFF
310
FF00FFFFFF00FFFFFF00FFFFFF00FFFFFF00FFFFFF00FFFFFF00FFFFFF00FFFF
310
FF00FFFFFF00FFFFFF00FFFFFF00FFFFFF00FFFFFF00FFFFFF00FFFFFF00FFFF
310
FF00FFFFFF00FFFFFF00FFFFFF00FFFFFF00FFFFFF00FFFFFF00FFFFFF00FFFF
310
FF00FFFFFF00FFFFFF00FFFFFF00FFFFFF00FFFFFF00FFFFFF00FFFFFF00FFFF
310
FF00FFFFFF00FFFFFF00FFFFFF00FFFFFF00FFFFFF00FFFFFF00FFFFFF00FFFF
310
FF00FFFFFF00FFFFFF00FFFFFF00FFFFFF00FFFFFF00FFFFFF00FFFFFF00FFFF
310
FF00FFFFFF00FFFFFF00FFFFFF00FFFFFF00FFFFFF00FFFFFF00FFFFFF00FFFF
310
FF00FFFFFF00FFFFFF00FFFFFF00FFFFFF00FFFFFF00FFFFFF00FFFFFF00FFFF
310
FF00FFFFFF00FFFFFF00FFFFFF00FFFFFF00FFFFFF00FFFFFF00FFFFFF00FFFF
310
FF00FFFFFF00FFFFFF00FFFFFF00FFFFFF00FFFFFF00FFFFFF00FFFFFF00FFFF
310
FF00FFFFFF00FFFFFF00FFFFFF00FFFFFF00FFFFFF00FFFFFF00FFFFFF00FFFF
310
FF00FFFFFF00FFFFFF00FFFFFF00FFFFFF00FFFFFF00FFFFFF00FFFFFF00FFFF
310
FF00FFFFFF00FFFFFF00FFFFFF00FFFFFF00FFFFFF00FFFFFF00FFFFFF00FFFF
310
FF00FFFFFF00FFFFFF00FFFFFF00FFFFFF00FFFFFF00FFFFFF00FFFFFF00FFFF
310
FF00FFFFFF00FFFFFF00FFFFFF00FFFFFF00FFFFFF00FFFFFF00FFFFFF00FFFF
310
FF00FFFFFF00FFFFFF00FFFFFF00FFFFFF00FFFFFF00FFFFFF00FFFFFF00FFFF
310
FF00FFFFFF00FFFFFF00FFFFFF00FFFFFF00FFFFFF00FFFFFF00FFFFFF00FFFF
310
FF00FFFFFF00FFFFFF00FFFFFF00FFFFFF00FFFFFF00FFFFFF00FFFFFF00FFFF
310
FF00FFFFFF00FFFFFF00FFFFFF00FFFFFF00FFFFFF00FFFFFF00FFFFFF00FFFF
310
FF00FFFFFF00FFFFFF00FFFFFF00FFFFFF00FFFFFF00FFFFFF00FFFFFF00FFFF
310
FF00FFFFFF00FFFFFF00FFFFFF00FFFFFF00FFFFFF00FFFFFF00FFFFFF00FFFF
310
FF00FFFFFF00FFFFFF00FFFFFF00FFFFFF00FFFFFF00FFFFFF00FFFFFF00FFFF
310
FF00FFFFFF00FFFFFF00FFFFFF00FFFFFF00FFFFFF00FFFFFF00FFFFFF00FFFF
310
FF00FFFFFF00FFFFFF00FFFFFF00FFFFFF00FFFFFF00FFFFFF00FFFFFF00FFFF
310
FF00FFFFFF00FFFFFF00FFFFFF00FFFFFF00FFFFFF00FFFFFF00FFFFFF00FFFF
310
FF00FFFFFF00FFFFFF00FFFFFF00FFFFFF00FFFFFF00FFFFFF00FFFFFF00FFFF
310
FF00FFFFFF00FFFFFF00FFFFFF00FFFFFF00FFFFFF00FFFFFF00FFFFFF00FFFF
310
FF00FFFFFF00FFFFFF00FFFFFF00FFFFFF00FFFFFF00FFFFFF00FFFFFF00FFFF
310
FF00FFFFFF00FFFFFF00FFFFFF00FFFFFF00FFFFFF00FFFFFF00FFFFFF00FFFF
310
FF00FFFFFF00FFFFFF00FFFFFF00FFFFFF00FFFFFF00FFFFFF00FFFFFF00FFFF
310
FF00FFFFFF00FFFFFF00FFFFFF00FFFFFF00FFFFFF00FFFFFF00FFFFFF00FFFF
310
FF00FFFFFF00FFFFFF00FFFFFF00FFFFFF00FFFFFF00FFFFFF00FFFFFF00FFFF
310
FF00FFFFFF00FFFFFF00FFFFFF00FFFFFF00FFFFFF00FFFFFF00FFFFFF00FFFF
310
FF00FFFFFF00FFFFFF00FFFFFF00FFFFFF00FFFFFF00FFFFFF00FFFFFF00FFFF
310
FF00FFFFFF00FFFFFF00FFFFFF00FFFFFF00FFFFFF00FFFFFF00FFFFFF00FFFF
310
FF00FFFFFF00FFFFFF00FFFFFF00FFFFFF00FFFFFF00FFFFFF00FFFFFF00FFFF
310
FF00FFFFFF00FFFFFF00FFFFFF00FFFFFF00FFFFFF00FFFFFF00FFFFFF00FFFF
310
FF00FFFFFF00FFFFFF00FFFFFF00FFFFFF00FFFFFF00FFFFFF00FFFFFF00FFFF
310
FF00FFFFFF00FFFFFF00FFFFFF00FFFFFF00FFFFFF00FFFFFF00FFFFFF00FFFF
310
FF00FFFFFF00FFFFFF00FFFFFF00FFFFFF00FFFFFF00FFFFFF00FFFFFF00FFFF
310
FF00FFFFFF00FFFFFF00FFFFFF00FFFFFF00FFFFFF00FFFFFF00FFFFFF00FFFF
310
FF00FFFFFF00FFFFFF00FFFFFF00FFFFFF00FFFFFF00FFFFFF00FFFFFF00FFFF
310
FF00FFFFFF00FFFFFF00FFFFFF00FFFFFF00FFFFFF00FFFFFF00FFFFFF00FFFF
310
FF00FFFFFF00FFFFFF00FFFFFF00FFFFFF00FFFFFF00FFFFFF00FFFFFF00FFFF
310
FF00FFFFFF00FFFFFF00FFFFFF00FFFFFF00FFFFFF00FFFFFF00FFFFFF00FFFF
310
FF00FFFFFF00FFFFFF00FFFFFF00FFFFFF00FFFFFF00FFFFFF00FFFFFF00FFFF
310
FF00FFFFFF00FFFFFF00FFFFFF00FFFFFF00FFFFFF00FFFFFF00FFFFFF00FFFF
310
FF00FFFFFF00FFFFFF00FFFFFF00FFFFFF00FFFFFF00FFFFFF00FFFFFF00FFFF
310
FF00FFFFFF00FFFFFF00FFFFFF00FFFFFF00FFFFFF00FFFFFF00FFFFFF00FFFF
310
FF00FFFFFF00FFFFFF00FFFFFF00FFFFFF00FFFFFF00FFFFFF00FFFFFF00FFFF
310
FF00FFFFFF00FFFFFF00FFFFFF00FFFFFF00FFFFFF00FFFFFF00FFFFFF00FFFF
310
FF00FFFFFF00FFFFFF00FFFFFF00FFFFFF00FFFFFF00FFFFFF00FFFFFF00FFFF
310
FF00FFFFFF00FFFFFF00FFFFFF00FFFFFF00FFFFFF00FFFFFF00FFFFFF00FFFF
310
FF00FFFFFF00FFFFFF00FFFFFF00FFFFFF00FFFFFF00FFFFFF00FFFFFF00FFFF
310
FF00FFFFFF00FFFFFF00FFFFFF00FFFFFF00FFFFFF00FFFFFF00FFFFFF00FFFF
310
FF00FFFFFF00FFFFFF00FFFFFF00FFFFFF00FFFFFF00FFFFFF00FFFFFF00FFFF
310
FF00FFFFFF00FFFFFF00FFFFFF00FFFFFF00FFFFFF00FFFFFF00FFFFFF00FFFF
310
FF00FFFFFF00FFFFFF00FFFFFF00FFFFFF00FFFFFF00FFFFFF00FFFFFF00FFFF
310
FF00FFFFFF00FFFFFF00FFFFFF00FFFFFF00FFFFFF00FFFFFF00FFFFFF00FFFF
310
FF00FFFFFF00FFFFFF00FFFFFF00FFFFFF00FFFFFF00FFFFFF00FFFFFF00FFFF
310
FF00FFFFFF00FFFFFF00FFFFFF00FFFFFF00FFFFFF00FFFFFF00FFFFFF00FFFF
310
FF00FFFFFF00FFFFFF00FFFFFF00FFFFFF00FFFFFF00FFFFFF00FFFFFF00FFFF
310
FF00FFFFFF00FFFFFF00FFFFFF00FFFFFF00FFFFFF00FFFFFF00FFFFFF00FFFF
310
FF00FFFFFF00FFFFFF00FFFFFF00FFFFFF00FFFFFF00FFFFFF00FFFFFF00FFFF
310
FF00FFFFFF00FFFFFF00FFFFFF00FFFFFF00FFFFFF00FFFFFF00FFFFFF00FFFF
310
FF00FFFFFF00FFFFFF00FFFFFF00FFFFFF00FFFFFF00FFFFFF00FFFFFF00FFFF
310
FF00FFFFFF00FFFFFF00FFFFFF00FFFFFF00FFFFFF00FFFFFF00FFFFFF00FFFF
310
FF00FFFFFF00FFFFFF00FFFFFF00FFFFFF00FFFFFF00FFFFFF00FFFFFF00FFFF
310
FF00FFFFFF00FFFFFF00FFFFFF00FFFFFF00FFFFFF00FFFFFF00FFFFFF00FFFF
310
FF00FFFFFF00FFFFFF00FFFFFF00FFFFFF00FFFFFF00FFFFFF00FFFFFF00FFFF
310
FF00FFFFFF00FFFFFF00FFFFFF00FFFFFF00FFFFFF00FFFFFF00FFFFFF00FFFF
310
FF00FFFFFF00FFFFFF00FFFFFF00FFFFFF00FFFFFF00FFFFFF00FFFFFF00FFFF
310
FF00FFFFFF00FFFFFF00FFFFFF00FFFFFF00FFFFFF00FFFFFF00FFFFFF00FFFF
310
FF00FFFFFF00FFFFFF00FFFFFF00FFFFFF00FFFFFF00FFFFFF00FFFFFF00FFFF
310
FF00FFFFFF00FFFFFF00FFFFFF00FFFFFF00FFFFFF00FFFFFF00FFFFFF00FFFF
310
FF00FFFFFF00FFFFFF00FFFFFF00FFFFFF00FFFFFF00FFFFFF00FFFFFF00FFFF
310
FF00FFFFFF00FFFFFF00FFFFFF00FFFFFF00FFFFFF00FFFFFF00FFFFFF00FFFF
310
FF00FFFFFF00FFFFFF00FFFFFF00FFFFFF00FFFFFF00FFFFFF00FFFFFF00FFFF
310
FF00FFFFFF00FFFFFF00FFFFFF00FFFFFF00FFFFFF00FFFFFF00FFFFFF00FFFF
310
FF00FFFFFF00FFFFFF00FFFFFF00FFFFFF00FFFFFF00FFFFFF00FFFFFF00FFFF
310
FF00FFFFFF00FFFFFF00FFFFFF00FFFFFF00FFFFFF00FFFFFF00FFFFFF00FFFF
310
FF00FFFFFF00FFFFFF00FFFFFF00FFFFFF00FFFFFF00FFFFFF00FFFFFF00FFFF
310
FF00FFFFFF00FFFFFF00FFFFFF00FFFFFF00FFFFFF00FFFFFF00FFFFFF00FFFF
310
FF00FFFFFF00FFFFFF00FFFFFF00FFFFFF00FFFFFF00FFFFFF00FFFFFF00FFFF
310
FF00FFFFFF00FFFFFF00FFFFFF00FFFFFF00FFFFFF00FFFFFF00FFFFFF00FFFF
310
FF00FFFFFF00FFFFFF00FFFFFF00FFFFFF00FFFFFF00FFFFFF00FFFFFF00FFFF
310
FF00FFFFFF00FFFFFF00FFFFFF00FFFFFF00FFFFFF00FFFFFF00FFFFFF00FFFF
310
FF00FFFFFF00FFFFFF00FFFFFF00FFFFFF00FFFFFF00FFFFFF00FFFFFF00FFFF
310
FF00FFFFFF00FFFFFF00FFFFFF00FFFFFF00FFFFFF00FFFFFF00FFFFFF00FFFF
310
FF00FFFFFF00FFFFFF00FFFFFF00FFFFFF00FFFFFF00FFFFFF00FFFFFF00FFFF
310
FF00FFFFFF00FFFFFF00FFFFFF00FFFFFF00FFFFFF00FFFFFF00FFFFFF00FFFF
310
FF00FFFFFF00FFFFFF00FFFFFF00FFFFFF00FFFFFF00FFFFFF00FFFFFF00FFFF
310
FF00FFFFFF00FFFFFF00FFFFFF00FFFFFF00FFFFFF00FFFFFF00FFFFFF00FFFF
310
FF00FFFFFF00FFFFFF00FFFFFF00FFFFFF00FFFFFF00FFFFFF00FFFFFF00FFFF
310
FF00FFFFFF00FFFFFF00FFFFFF00FFFFFF00FFFFFF00FFFFFF00FFFFFF00FFFF
310
FF00FFFFFF00FFFFFF00FFFFFF00FFFFFF00FFFFFF00FFFFFF00FFFFFF00FFFF
310
FF00FFFFFF00FFFFFF00FFFFFF00FFFFFF00FFFFFF00FFFFFF00FFFFFF00FFFF
310
FF00FFFFFF00FFFFFF00FFFFFF00FFFFFF00FFFFFF00FFFFFF00FFFFFF00FFFF
310
FF00FFFFFF00FFFFFF00FFFFFF00FFFFFF00FFFFFF00FFFFFF00FFFFFF00FFFF
310
FF00FFFFFF00FFFFFF00FFFFFF00FFFFFF00FFFFFF00FFFFFF00FFFFFF00FFFF
310
FF00FFFFFF00FFFFFF00FFFFFF00FFFFFF00FFFFFF00FFFFFF00FFFFFF00FFFF
310
FF00FFFFFF00FFFFFF00FFFFFF00FFFFFF00FFFFFF00FFFFFF00FFFFFF00FFFF
310
FF00FFFFFF00FFFFFF00FFFFFF00FFFFFF00FFFFFF00FFFFFF00FFFFFF00FFFF
310
FF00FFFFFF00FFFFFF00FFFFFF00FFFFFF00FFFFFF00FFFFFF00FFFFFF00FFFF
310
FF00FFFFFF00FFFFFF00FFFFFF00FFFFFF00FFFFFF00FFFFFF00FFFFFF00FFFF
310
FF00FFFFFF00FFFFFF00FFFFFF00FFFFFF00FFFFFF00FFFFFF00FFFFFF00FFFF
310
FF00FFFFFF00FFFFFF00FFFFFF00FFFFFF00FFFFFF00FFFFFF00FFFFFF00FFFF
310
FF00FFFFFF00FFFFFF00FFFFFF00FFFFFF00FFFFFF00FFFFFF00FFFFFF00FFFF
310
FF00FFFFFF00FFFFFF00FFFFFF00FFFFFF00FFFFFF00FFFFFF00FFFFFF00FFFF
310
FF00FFFFFF00FFFFFF00FFFFFF00FFFFFF00FFFFFF00FFFFFF00FFFFFF00FFFF
310
FF00FFFFFF00FFFFFF00FFFFFF00FFFFFF00FFFFFF00FFFFFF00FFFFFF00FFFF
310
FF00FFFFFF00FFFFFF00FFFFFF00FFFFFF00FFFFFF00FFFFFF00FFFFFF00FFFF
310
FF00FFFFFF00FFFFFF00FFFFFF00FFFFFF00FFFFFF00FFFFFF00FFFFFF00FFFF
310
FF00FFFFFF00FFFFFF00FFFFFF00FFFFFF00FFFFFF00FFFFFF00FFFFFF00FFFF
310
FF00FFFFFF00FFFFFF00FFFFFF00FFFFFF00FFFFFF00FFFFFF00FFFFFF00FFFF
310
FF00FFFFFF00FFFFFF00FFFFFF00FFFFFF00FFFFFF00FFFFFF00FFFFFF00FFFF
310
FF00FFFFFF00FFFFFF00FFFFFF00FFFFFF00FFFFFF00FFFFFF00FFFFFF00FFFF
310
FF00FFFFFF00FFFFFF00FFFFFF00FFFFFF00FFFFFF00FFFFFF00FFFFFF00FFFF
310
FF00FFFFFF00FFFFFF00FFFFFF00FFFFFF00FFFFFF00FFFFFF00FFFFFF00FFFF
310
FF00FFFFFF00FFFFFF00FFFFFF00FFFFFF00FFFFFF00FFFFFF00FFFFFF00FFFF
310
FF00FFFFFF00FFFFFF00FFFFFF00FFFFFF00FFFFFF00FFFFFF00FFFFFF00FFFF
310
FF00FFFFFF00FFFFFF00FFFFFF00FFFFFF00FFFFFF00FFFFFF00FFFFFF00FFFF
310
FF00FFFFFF00FFFFFF00FFFFFF00FFFFFF00FFFFFF00FFFFFF00FFFFFF00FFFF
310
FF00FFFFFF00FFFFFF00FFFFFF00FFFFFF00FFFFFF00FFFFFF00FFFFFF00FFFF
310
FF00FFFFFF00FFFFFF00FFFFFF00FFFFFF00FFFFFF00FFFFFF00FFFFFF00FFFF
310
FF00FFFFFF00FFFFFF00FFFFFF00FFFFFF00FFFFFF00FFFFFF00FFFFFF00FFFF
310
FF00FFFFFF00FFFFFF00FFFFFF00FFFFFF00FFFFFF00FFFFFF00FFFFFF00FFFF
310
FF00FFFFFF00FFFFFF00FFFFFF00FFFFFF00FFFFFF00FFFFFF00FFFFFF00FFFF
310
FF00FFFFFF00FFFFFF00FFFFFF00FFFFFF00FFFFFF00FFFFFF00FFFFFF00FFFF
310
FF00FFFFFF00FFFFFF00FFFFFF00FFFFFF00FFFFFF00FFFFFF00FFFFFF00FFFF
310
FF00FFFFFF00FFFFFF00FFFFFF00FFFFFF00FFFFFF00FFFFFF00FFFFFF00FFFF
310
FF00FFFFFF00FFFFFF00FFFFFF00FFFFFF00FFFFFF00FFFFFF00FFFFFF00FFFF
310
FF00FFFFFF00FFFFFF00FFFFFF00FFFFFF00FFFFFF00FFFFFF00FFFFFF00FFFF
310
FF00FFFFFF00FFFFFF00FFFFFF00FFFFFF00FFFFFF00FFFFFF00FFFFFF00FFFF
310
FF00FFFFFF00FFFFFF00FFFFFF00FFFFFF00FFFFFF00FFFFFF00FFFFFF00FFFF
310
FF00FFFFFF00FFFFFF00FFFFFF00FFFFFF00FFFFFF00FFFFFF00FFFFFF00FFFF
310
FF00FFFFFF00FFFFFF00FFFFFF00FFFFFF00FFFFFF00FFFFFF00FFFFFF00FFFF
310
FF00FFFFFF00FFFFFF00FFFFFF00FFFFFF00FFFFFF00FFFFFF00FFFFFF00FFFF
310
FF00FFFFFF00FFFFFF00FFFFFF00FFFFFF00FFFFFF00FFFFFF00FFFFFF00FFFF
310
FF00FFFFFF00FFFFFF00FFFFFF00FFFFFF00FFFFFF00FFFFFF00FFFFFF00FFFF
310
FF00FFFFFF00FFFFFF00FFFFFF00FFFFFF00FFFFFF00FFFFFF00FFFFFF00FFFF
310
FF00FFFFFF00FFFFFF00FFFFFF00FFFFFF00FFFFFF00FFFFFF00FFFFFF00FFFF
310
FF00FFFFFF00FFFFFF00FFFFFF00FFFFFF00FFFFFF00FFFFFF00FFFFFF00FFFF
310
FF00FFFFFF00FFFFFF00FFFFFF00FFFFFF00FFFFFF00FFFFFF00FFFFFF00FFFF
310
FF00FFFFFF00FFFFFF00FFFFFF00FFFFFF00FFFFFF00FFFFFF00FFFFFF00FFFF
310
FF00FFFFFF00FFFFFF00FFFFFF00FFFFFF00FFFFFF00FFFFFF00FFFFFF00FFFF
310
FF00FFFFFF00FFFFFF00FFFFFF00FFFFFF00FFFFFF00FFFFFF00FFFFFF00FFFF
310
FF00FFFFFF00FFFFFF00FFFFFF00FFFFFF00FFFFFF00FFFFFF00FFFFFF00FFFF
310
FF00FFFFFF00FFFFFF00FFFFFF00FFFFFF00FFFFFF00FFFFFF00FFFFFF00FFFF
310
FF00FFFFFF00FFFFFF00FFFFFF00FFFFFF00FFFFFF00FFFFFF00FFFFFF00FFFF
310
FF00FFFFFF00FFFFFF00FFFFFF00FFFFFF00FFFFFF00FFFFFF00FFFFFF00FFFF
310
FF00FFFFFF00FFFFFF00FFFFFF00FFFFFF00FFFFFF00FFFFFF00FFFFFF00FFFF
310
FF00FFFFFF00FFFFFF00FFFFFF00FFFFFF00FFFFFF00FFFFFF00FFFFFF00FFFF
310
FF00FFFFFF00FFFFFF00FFFFFF00FFFFFF00FFFFFF00FFFFFF00FFFFFF00FFFF
310
FF00FFFFFF00FFFFFF00FFFFFF00FFFFFF00FFFFFF00FFFFFF00FFFFFF00FFFF
310
FF00FFFFFF00FFFFFF00FFFFFF00FFFFFF00FFFFFF00FFFFFF00FFFFFF00FFFF
310
FF00FFFFFF00FFFFFF00FFFFFF00FFFFFF00FFFFFF00FFFFFF00FFFFFF00FFFF
310
FF00FFFFFF00FFFFFF00FFFFFF00FFFFFF00FFFFFF00FFFFFF00FFFFFF00FFFF
310
FF00FFFFFF00FFFFFF00FFFFFF00FFFFFF00FFFFFF00FFFFFF00FFFFFF00FFFF
310
FF00FFFFFF00FFFFFF00FFFFFF00FFFFFF00FFFFFF00FFFFFF00FFFFFF00FFFF
310
FF00FFFFFF00FFFFFF00FFFFFF00FFFFFF00FFFFFF00FFFFFF00FFFFFF00FFFF
310
FF00FFFFFF00FFFFFF00FFFFFF00FFFFFF00FFFFFF00FFFFFF00FFFFFF00FFFF
310
FF00FFFFFF00FFFFFF00FFFFFF00FFFFFF00FFFFFF00FFFFFF00FFFFFF00FFFF
310
FF00FFFFFF00FFFFFF00FFFFFF00FFFFFF00FFFFFF00FFFFFF00FFFFFF00FFFF
310
FF00FFFFFF00FFFFFF00FFFFFF00FFFFFF00FFFFFF00FFFFFF00FFFFFF00FFFF
310
FF00FFFFFF00FFFFFF00FFFFFF00FFFFFF00FFFFFF00FFFFFF00FFFFFF00FFFF
310
FF00FFFFFF00FFFFFF00FFFFFF00FFFFFF00FFFFFF00FFFFFF00FFFFFF00FFFF
310
FF00FFFFFF00FFFFFF00FFFFFF00FFFFFF00FFFFFF00FFFFFF00FFFFFF00FFFF
310
FF00FFFFFF00FFFFFF00FFFFFF00FFFFFF00FFFFFF00FFFFFF00FFFFFF00FFFF
310
FF00FFFFFF00FFFFFF00FFFFFF00FFFFFF00FFFFFF00FFFFFF00FFFFFF00FFFF
310
FF00FFFFFF00FFFFFF00FFFFFF00FFFFFF00FFFFFF00FFFFFF00FFFFFF00FFFF
310
FF00FFFFFF00FFFFFF00FFFFFF00FFFFFF00FFFFFF00FFFFFF00FFFFFF00FFFF
310
FF00FFFFFF00FFFFFF00FFFFFF00FFFFFF00FFFFFF00FFFFFF00FFFFFF00FFFF
310
FF00FFFFFF00FFFFFF00FFFFFF00FFFFFF00FFFFFF00FFFFFF00FFFFFF00FFFF
310
FF00FFFFFF00FFFFFF00FFFFFF00FFFFFF00FFFFFF00FFFFFF00FFFFFF00FFFF
310
FF00FFFFFF00FFFFFF00FFFFFF00FFFFFF00FFFFFF00FFFFFF00FFFFFF00FFFF
310
FF00FFFFFF00FFFFFF00FFFFFF00FFFFFF00FFFFFF00FFFFFF00FFFFFF00FFFF
310
FF00FFFFFF00FFFFFF00FFFFFF00FFFFFF00FFFFFF00FFFFFF00FFFFFF00FFFF
310
FF00FFFFFF00FFFFFF00FFFFFF00FFFFFF00FFFFFF00FFFFFF00FFFFFF00FFFF
310
FF00FFFFFF00FFFFFF00FFFFFF00FFFFFF00FFFFFF00FFFFFF00FFFFFF00FFFF
310
FF00FFFFFF00FFFFFF00FFFFFF00FFFFFF00FFFFFF00FFFFFF00FFFFFF00FFFF
310
FF00FFFFFF00FFFFFF00FFFFFF00FFFFFF00FFFFFF00FFFFFF00FFFFFF00FFFF
310
FF00FFFFFF00FFFFFF00FFFFFF00FFFFFF00FFFFFF00FFFFFF00FFFFFF00FFFF
310
FF00FFFFFF00FFFFFF00FFFFFF00FFFFFF00FFFFFF00FFFFFF00FFFFFF00FFFF
310
FF00FFFFFF00FFFFFF00FFFFFF00FFFFFF00FFFFFF00FFFFFF00FFFFFF00FFFF
310
FF00FFFFFF00FFFFFF00FFFFFF00FFFFFF00FFFFFF00FFFFFF00FFFFFF00FFFF
310
FF00FFFFFF00FFFFFF00FFFFFF00FFFFFF00FFFFFF00FFFFFF00FFFFFF00FFFF
310
FF00FFFFFF00FFFFFF00FFFFFF00FFFFFF00FFFFFF00FFFFFF00FFFFFF00FFFF
310
FF00FFFFFF00FFFFFF00FFFFFF00FFFFFF00FFFFFF00FFFFFF00FFFFFF00FFFF
310
FF00FFFFFF00FFFFFF00FFFFFF00FFFFFF00FFFFFF00FFFFFF00FFFFFF00FFFF
310
FF00FFFFFF00FFFFFF00FFFFFF00FFFFFF00FFFFFF00FFFFFF00FFFFFF00FFFF
310
FF00FFFFFF00FFFFFF00FFFFFF00FFFFFF00FFFFFF00FFFFFF00FFFFFF00FFFF
310
FF00FFFFFF00FFFFFF00FFFFFF00FFFFFF00FFFFFF00FFFFFF00FFFFFF00FFFF
310
FF00FFFFFF00FFFFFF00FFFFFF00FFFFFF00FFFFFF00FFFFFF00FFFFFF00FFFF
310
FF00FFFFFF00FFFFFF00FFFFFF00FFFFFF00FFFFFF00FFFFFF00FFFFFF00FFFF
310
FF00FFFFFF00FFFFFF00FFFFFF00FFFFFF00FFFFFF00FFFFFF00FFFFFF00FFFF
310
FF00FFFFFF00FFFFFF00FFFFFF00FFFFFF00FFFFFF00FFFFFF00FFFFFF00FFFF
310
FF00FFFFFF00FFFFFF00FFFFFF00FFFFFF00FFFFFF00FFFFFF00FFFFFF00FFFF
310
FF00FFFFFF00FFFFFF00FFFFFF00FFFFFF00FFFFFF00FFFFFF00FFFFFF00FFFF
310
FF00FFFFFF00FFFFFF00FFFFFF00FFFFFF00FFFFFF00FFFFFF00FFFFFF00FFFF
310
FF00FFFFFF00FFFFFF00FFFFFF00FFFFFF00FFFFFF00FFFFFF00FFFFFF00FFFF
310
FF00FFFFFF00FFFFFF00FFFFFF00FFFFFF00FFFFFF00FFFFFF00FFFFFF00FFFF
310
FF00FFFFFF00FFFFFF00FFFFFF00FFFFFF00FFFFFF00FFFFFF00FFFFFF00FFFF
310
FF00FFFFFF00FFFFFF00FFFFFF00FFFFFF00FFFFFF00FFFFFF00FFFFFF00FFFF
310
FF00FFFFFF00FFFFFF00FFFFFF00FFFFFF00FFFFFF00FFFFFF00FFFFFF00FFFF
310
FF00FFFFFF00FFFFFF00FFFFFF00FFFFFF00FFFFFF00FFFFFF00FFFFFF00FFFF
310
FF00FFFFFF00FFFFFF00FFFFFF00FFFFFF00FFFFFF00FFFFFF00FFFFFF00FFFF
310
FF00FFFFFF00FFFFFF00FFFFFF00FFFFFF00FFFFFF00FFFFFF00FFFFFF00FFFF
310
FF00FFFFFF00FFFFFF00FFFFFF00FFFFFF00FFFFFF00FFFFFF00FFFFFF00FFFF
310
FF00FFFFFF00FFFFFF00FFFFFF00FFFFFF00FFFFFF00FFFFFF00FFFFFF00FFFF
310
FF00FFFFFF00FFFFFF00FFFFFF00FFFFFF00FFFFFF00FFFFFF00FFFFFF00FFFF
310
FF00FFFFFF00FFFFFF00FFFFFF00FFFFFF00FFFFFF00FFFFFF00FFFFFF00FFFF
310
FF00FFFFFF00FFFFFF00FFFFFF00FFFFFF00FFFFFF00FFFFFF00FFFFFF00FFFF
310
FF00FFFFFF00FFFFFF00FFFFFF00FFFFFF00FFFFFF00FFFFFF00FFFFFF00FFFF
310
FF00FFFFFF00FFFFFF00FFFFFF00FFFFFF00FFFFFF00FFFFFF00FFFFFF00FFFF
310
FF00FFFFFF00FFFFFF00FFFFFF00FFFFFF00FFFFFF00FFFFFF00FFFFFF00FFFF
310
FF00FFFFFF00FFFFFF00FFFFFF00FFFFFF00FFFFFF00FFFFFF00FFFFFF00FFFF
310
FF00FFFFFF00FFFFFF00FFFFFF00FFFFFF00FFFFFF00FFFFFF00FFFFFF00FFFF
310
FF00FFFFFF00FFFFFF00FFFFFF00FFFFFF00FFFFFF00FFFFFF00FFFFFF00FFFF
310
FF00FFFFFF00FFFFFF00FFFFFF00FFFFFF00FFFFFF00FFFFFF00FFFFFF00FFFF
310
FF00FFFFFF00FFFFFF00FFFFFF00FFFFFF00FFFFFF00FFFFFF00FFFFFF00FFFF
310
FF00FFFFFF00FFFFFF00FFFFFF00FFFFFF00FFFFFF00FFFFFF00FFFFFF00FFFF
310
FF00FFFFFF00FFFFFF00FFFFFF00FFFFFF00FFFFFF00FFFFFF00FFFFFF00FFFF
310
FF00FFFFFF00FFFFFF00FFFFFF00FFFFFF00FFFFFF00FFFFFF00FFFFFF00FFFF
310
FF00FFFFFF00FFFFFF00FFFFFF00FFFFFF00FFFFFF00FFFFFF00FFFFFF00FFFF
310
FF00FFFFFF00FFFFFF00FFFFFF00FFFFFF00FFFFFF00FFFFFF00FFFFFF00FFFF
310
FF00FFFFFF00FFFFFF00FFFFFF00FFFFFF00FFFFFF00FFFFFF00FFFFFF00FFFF
310
FF00FFFFFF00FFFFFF00FFFFFF00FFFFFF00FFFFFF00FFFFFF00FFFFFF00FFFF
310
FF00FFFFFF00FFFFFF00FFFFFF00FFFFFF00FFFFFF00FFFFFF00FFFFFF00FFFF
310
FF00FFFFFF00FFFFFF00FFFFFF00FFFFFF00FFFFFF00FFFFFF00FFFFFF00FFFF
310
FF00FFFFFF00FFFFFF00FFFFFF00FFFFFF00FFFFFF00FFFFFF00FFFFFF00FFFF
310
FF00FFFFFF00FFFFFF00FFFFFF00FFFFFF00FFFFFF00FFFFFF00FFFFFF00FFFF
310
FF00FFFFFF00FFFFFF00FFFFFF00FFFFFF00FFFFFF00FFFFFF00FFFFFF00FFFF
310
FF00FFFFFF00FFFFFF00FFFFFF00FFFFFF00FFFFFF00FFFFFF00FFFFFF00FFFF
310
FF00FFFFFF00FFFFFF00FFFFFF00FFFFFF00FFFFFF00FFFFFF00FFFFFF00FFFF
310
FF00FFFFFF00FFFFFF00FFFFFF00FFFFFF00FFFFFF00FFFFFF00FFFFFF00FFFF
310
FF00FFFFFF00FFFFFF00FFFFFF00FFFFFF00FFFFFF00FFFFFF00FFFFFF00FFFF
310
FF00FFFFFF00FFFFFF00FFFFFF00FFFFFF00FFFFFF00FFFFFF00FFFFFF00FFFF
310
FF00FFFFFF00FFFFFF00FFFFFF00FFFFFF00FFFFFF00FFFFFF00FFFFFF00FFFF
310
FF00FFFFFF00FFFFFF00FFFFFF00FFFFFF00FFFFFF00FFFFFF00FFFFFF00FFFF
310
FF00FFFFFF00FFFFFF00FFFFFF00FFFFFF00FFFFFF00FFFFFF00FFFFFF00FFFF
310
FF00FFFFFF00FFFFFF00FFFFFF00FFFFFF00FFFFFF00FFFFFF00FFFFFF00FFFF
310
FF00FFFFFF00FFFFFF00FFFFFF00FFFFFF00FFFFFF00FFFFFF00FFFFFF00FFFF
310
FF00FFFFFF00FFFFFF00FFFFFF00FFFFFF00FFFFFF00FFFFFF00FFFFFF00FFFF
310
FF00FFFFFF00FFFFFF00FFFFFF00FFFFFF00FFFFFF00FFFFFF00FFFFFF00FFFF
310
FF00FFFFFF00FFFFFF00FFFFFF00FFFFFF00FFFFFF00FFFFFF00FFFFFF00FFFF
310
FF00FFFFFF00FFFFFF00FFFFFF00FFFFFF00FFFFFF00FFFFFF00FFFFFF00FFFF
310
FF00FFFFFF00FFFFFF00FFFFFF00FFFFFF00FFFFFF00FFFFFF00FFFFFF00FFFF
310
FF00FFFFFF00FFFFFF00FFFFFF00FFFFFF00FFFFFF00FFFFFF00FFFFFF00FFFF
310
FF00FFFFFF00FFFFFF00FFFFFF00FFFFFF00FFFFFF00FFFFFF00FFFFFF00FFFF
310
FF00FFFFFF00FFFFFF00FFFFFF00FFFFFF00FFFFFF00FFFFFF00FFFFFF00FFFF
310
FF00FFFFFF00FFFFFF00FFFFFF00FFFFFF00FFFFFF00FFFFFF00FFFFFF00FFFF
310
FF00FFFFFF00FFFFFF00FFFFFF00FFFFFF00FFFFFF00FFFFFF00FFFFFF00FFFF
310
FF00FFFFFF00FFFFFF00FFFFFF00FFFFFF00FFFFFF00FFFFFF00FFFFFF00FFFF
310
FF00FFFFFF00FFFFFF00FFFFFF00FFFFFF00FFFFFF00FFFFFF00FFFFFF00FFFF
310
FF00FFFFFF00FFFFFF00FFFFFF00FFFFFF00FFFFFF00FFFFFF00FFFFFF00FFFF
310
FF00FFFFFF00FFFFFF00FFFFFF00FFFFFF00FFFFFF00FFFFFF00FFFFFF00FFFF
310
FF00FFFFFF00FFFFFF00FFFFFF00FFFFFF00FFFFFF00FFFFFF00FFFFFF00FFFF
310
FF00FFFFFF00FFFFFF00FFFFFF00FFFFFF00FFFFFF00FFFFFF00FFFFFF00FFFF
310
FF00FFFFFF00FFFFFF00FFFFFF00FFFFFF00FFFFFF00FFFFFF00FFFFFF00FFFF
310
FF00FFFFFF00FFFFFF00FFFFFF00FFFFFF00FFFFFF00FFFFFF00FFFFFF00FFFF
310
FF00FFFFFF00FFFFFF00FFFFFF00FFFFFF00FFFFFF00FFFFFF00FFFFFF00FFFF
310
FF00FFFFFF00FFFFFF00FFFFFF00FFFFFF00FFFFFF00FFFFFF00FFFFFF00FFFF
310
FF00FFFFFF00FFFFFF00FFFFFF00FFFFFF00FFFFFF00FFFFFF00FFFFFF00FFFF
310
FF00FFFFFF00FFFFFF00FFFFFF00FFFFFF00FFFFFF00FFFFFF00FFFFFF00FFFF
310
FF00FFFFFF00FFFFFF00FFFFFF00FFFFFF00FFFFFF00FFFFFF00FFFFFF00FFFF
310
FF00FFFFFF00FFFFFF00FFFFFF00FFFFFF00FFFFFF00FFFFFF00FFFFFF00FFFF
310
FF00FFFFFF00FFFFFF00FFFFFF00FFFFFF00FFFFFF00FFFFFF00FFFFFF00FFFF
310
FF00FFFFFF00FFFFFF00FFFFFF00FFFFFF00FFFFFF00FFFFFF00FFFFFF00FFFF
310
FF00FFFFFF00FFFFFF00FFFFFF00FFFFFF00FFFFFF00FFFFFF00FFFFFF00FFFF
310
FF00FFFFFF00FFFFFF00FFFFFF00FFFFFF00FFFFFF00FFFFFF00FFFFFF00FFFF
310
FF00FFFFFF00FFFFFF00FFFFFF00FFFFFF00FFFFFF00FFFFFF00FFFFFF00FFFF
310
FF00FFFFFF00FFFFFF00FFFFFF00FFFFFF00FFFFFF00FFFFFF00FFFFFF00FFFF
310
FF00FFFFFF00FFFFFF00FFFFFF00FFFFFF00FFFFFF00FFFFFF00FFFFFF00FFFF
310
FF00FFFFFF00FFFFFF00FFFFFF00FFFFFF00FFFFFF00FFFFFF00FFFFFF00FFFF
310
FF00FFFFFF00FFFFFF00FFFFFF00FFFFFF00FFFFFF00FFFFFF00FFFFFF00FFFF
310
FF00FFFFFF00FFFFFF00FFFFFF00FFFFFF00FFFFFF00FFFFFF00FFFFFF00FFFF
310
FF00FFFFFF00FFFFFF00FFFFFF00FFFFFF00FFFFFF00FFFFFF00FFFFFF00FFFF
310
FF00FFFFFF00FFFFFF00FFFFFF00FFFFFF00FFFFFF00FFFFFF00FFFFFF00FFFF
310
FF00FFFFFF00FFFFFF00FFFFFF00FFFFFF00FFFFFF00FFFFFF00FFFFFF00FFFF
310
FF00FFFFFF00FFFFFF00FFFFFF00FFFFFF00FFFFFF00FFFFFF00FFFFFF00FFFF
310
FF00FFFFFF00FFFFFF00FFFFFF00FFFFFF00FFFFFF00FFFFFF00FFFFFF00FFFF
310
FF00FFFFFF00FFFFFF00FFFFFF00FFFFFF00FFFFFF00FFFFFF00FFFFFF00FFFF
310
FF00FFFFFF00FFFFFF00FFFFFF00FFFFFF00FFFFFF00FFFFFF00FFFFFF00FFFF
310
FF00FFFFFF00FFFFFF00FFFFFF00FFFFFF00FFFFFF00FFFFFF00FFFFFF00FFFF
310
FF00FFFFFF00FFFFFF00FFFFFF00FFFFFF00FFFFFF00FFFFFF00FFFFFF00FFFF
310
FF00FFFFFF00FFFFFF00FFFFFF00FFFFFF00FFFFFF00FFFFFF00FFFFFF00FFFF
310
FF00FFFFFF00FFFFFF00FFFFFF00FFFFFF00FFFFFF00FFFFFF00FFFFFF00FFFF
310
FF00FFFFFF00FFFFFF00FFFFFF00FFFFFF00FFFFFF00FFFFFF00FFFFFF00FFFF
310
FF00FFFFFF00FFFFFF00FFFFFF00FFFFFF00FFFFFF00FFFFFF00FFFFFF00FFFF
310
FF00FFFFFF00FFFFFF00FFFFFF00FFFFFF00FFFFFF00FFFFFF00FFFFFF00FFFF
310
FF00FFFFFF00FFFFFF00FFFFFF00FFFFFF00FFFFFF00FFFFFF00FFFFFF00FFFF
310
FF00FFFFFF00FFFFFF00FFFFFF00FFFFFF00FFFFFF00FFFFFF00FFFFFF00FFFF
310
FF00FFFFFF00FFFFFF00FFFFFF00FFFFFF00FFFFFF00FFFFFF00FFFFFF00FFFF
310
FF00FFFFFF00FFFFFF00FFFFFF00FFFFFF00FFFFFF00FFFFFF00FFFFFF00FFFF
310
FF00FFFFFF00FFFFFF00FFFFFF00FFFFFF00FFFFFF00FFFFFF00FFFFFF00FFFF
310
FF00FFFFFF00FFFFFF00FFFFFF00FFFFFF00FFFFFF00FFFFFF00FFFFFF00FFFF
310
FF00FFFFFF00FFFFFF00FFFFFF00FFFFFF00FFFFFF00FFFFFF00FFFFFF00FFFF
310
FF00FFFFFF00FFFFFF00FFFFFF00FFFFFF00FFFFFF00FFFFFF00FFFFFF00FFFF
310
FF00FFFFFF00FFFFFF00FFFFFF00FFFFFF00FFFFFF00FFFFFF00FFFFFF00FFFF
310
FF00FFFFFF00FFFFFF00FFFFFF00FFFFFF00FFFFFF00FFFFFF00FFFFFF00FFFF
310
FF00FFFFFF00FFFFFF00FFFFFF00FFFFFF00FFFFFF00FFFFFF00FFFFFF00FFFF
310
FF00FFFFFF00FFFFFF00FFFFFF00FFFFFF00FFFFFF00FFFFFF00FFFFFF00FFFF
310
FF00FFFFFF00FFFFFF00FFFFFF00FFFFFF00FFFFFF00FFFFFF00FFFFFF00FFFF
310
FF00FFFFFF00FFFFFF00FFFFFF00FFFFFF00FFFFFF00FFFFFF00FFFFFF00FFFF
310
FF00FFFFFF00FFFFFF00FFFFFF00FFFFFF00FFFFFF00FFFFFF00FFFFFF00FFFF
310
FF00FFFFFF00FFFFFF00FFFFFF00FFFFFF00FFFFFF00FFFFFF00FFFFFF00FFFF
310
FF00FFFFFF00FFFFFF00FFFFFF00FFFFFF00FFFFFF00FFFFFF00FFFFFF00FFFF
310
FF00FFFFFF00FFFFFF00FFFFFF00FFFFFF00FFFFFF00FFFFFF00FFFFFF00FFFF
310
FF00FFFFFF00FFFFFF00FFFFFF00FFFFFF00FFFFFF00FFFFFF00FFFFFF00FFFF
310
FF00FFFFFF00FFFFFF00FFFFFF00FFFFFF00FFFFFF00FFFFFF00FFFFFF00FFFF
310
FF00FFFFFF00FFFFFF00FFFFFF00FFFFFF00FFFFFF00FFFFFF00FFFFFF00FFFF
310
FF00FFFFFF00FFFFFF00FFFFFF00FFFFFF00FFFFFF00FFFFFF00FFFFFF00FFFF
310
FF00FFFFFF00FFFFFF00FFFFFF00FFFFFF00FFFFFF00FFFFFF00FFFFFF00FFFF
310
FF00FFFFFF00FFFFFF00FFFFFF00FFFFFF00FFFFFF00FFFFFF00FFFFFF00FFFF
310
FF00FFFFFF00FFFFFF00FFFFFF00FFFFFF00FFFFFF00FFFFFF00FFFFFF00FFFF
310
FF00FFFFFF00FFFFFF00FFFFFF00FFFFFF00FFFFFF00FFFFFF00FFFFFF00FFFF
310
FF00FFFFFF00FFFFFF00FFFFFF00FFFFFF00FFFFFF00FFFFFF00FFFFFF00FFFF
310
FF00FFFFFF00FFFFFF00FFFFFF00FFFFFF00FFFFFF00FFFFFF00FFFFFF00FFFF
310
FF00FFFFFF00FFFFFF00FFFFFF00FFFFFF00FFFFFF00FFFFFF00FFFFFF00FFFF
310
FF00FFFFFF00FFFFFF00FFFFFF00FFFFFF00FFFFFF00FFFFFF00FFFFFF00FFFF
310
FF00FFFFFF00FFFFFF00FFFFFF00FFFFFF00FFFFFF00FFFFFF00FFFFFF00FFFF
310
FF00FFFFFF00FFFFFF00FFFFFF00FFFFFF00FFFFFF00FFFFFF00FFFFFF00FFFF
310
FF00FFFFFF00FFFFFF00FFFFFF00FFFFFF00FFFFFF00FFFFFF00FFFFFF00FFFF
310
FF00FFFFFF00FFFFFF00FFFFFF00FFFFFF00FFFFFF00FFFFFF00FFFFFF00FFFF
310
FF00FFFFFF00FFFFFF00FFFFFF00FFFFFF00FFFFFF00FFFFFF00FFFFFF00FFFF
310
FF00FFFFFF00FFFFFF00FFFFFF00FFFFFF00FFFFFF00FFFFFF00FFFFFF00FFFF
310
FF00FFFFFF00FFFFFF00FFFFFF00FFFFFF00FFFFFF00FFFFFF00FFFFFF00FFFF
310
FF00FFFFFF00FFFFFF00FFFFFF00FFFFFF00FFFFFF00FFFFFF00FFFFFF00FFFF
310
FF00FFFFFF00FFFFFF00FFFFFF00FFFFFF00FFFFFF00FFFFFF00FFFFFF00FFFF
310
FF00FFFFFF00FFFFFF00FFFFFF00FFFFFF00FFFFFF00FFFFFF00FFFFFF00FFFF
310
FF00FFFFFF00FFFFFF00FFFFFF00FFFFFF00FFFFFF00FFFFFF00FFFFFF00FFFF
310
FF00FFFFFF00FFFFFF00FFFFFF00FFFFFF00FFFFFF00FFFFFF00FFFFFF00FFFF
310
FF00FFFFFF00FFFFFF00FFFFFF00FFFFFF00FFFFFF00FFFFFF00FFFFFF00FFFF
310
FF00FFFFFF00FFFFFF00FFFFFF00FFFFFF00FFFFFF00FFFFFF00FFFFFF00FFFF
310
FF00FFFFFF00FFFFFF00FFFFFF00FFFFFF00FFFFFF00FFFFFF00FFFFFF00FFFF
310
FF00FFFFFF00FFFFFF00FFFFFF00FFFFFF00FFFFFF00FFFFFF00FFFFFF00FFFF
310
FF00FFFFFF00FFFFFF00FFFFFF00FFFFFF00FFFFFF00FFFFFF00FFFFFF00FFFF
310
FF00FFFFFF00FFFFFF00FFFFFF00FFFFFF00FFFFFF00FFFFFF00FFFFFF00FFFF
310
FF00FFFFFF00FFFFFF00FFFFFF00FFFFFF00FFFFFF00FFFFFF00FFFFFF00FFFF
310
FF00FFFFFF00FFFFFF00FFFFFF00FFFFFF00FFFFFF00FFFFFF00FFFFFF00FFFF
310
FF00FFFFFF00FFFFFF00FFFFFF00FFFFFF00FFFFFF00FFFFFF00FFFFFF00FFFF
310
FF00FFFFFF00FFFFFF00FFFFFF00FFFFFF00FFFFFF00FFFFFF00FFFFFF00FFFF
310
FF00FFFFFF00FFFFFF00FFFFFF00FFFFFF00FFFFFF00FFFFFF00FFFFFF00FFFF
310
FF00FFFFFF00FFFFFF00FFFFFF00FFFFFF00FFFFFF00FFFFFF00FFFFFF00FFFF
310
FF00FFFFFF00FFFFFF00FFFFFF00FFFFFF00FFFFFF00FFFFFF00FFFFFF00FFFF
310
FF00FFFFFF00FFFFFF00FFFFFF00FFFFFF00FFFFFF00FFFFFF00FFFFFF00FFFF
310
FF00FFFFFF00FFFFFF00FFFFFF00FFFFFF00FFFFFF00FFFFFF00FFFFFF00FFFF
310
FF00FFFFFF00FFFFFF00FFFFFF00FFFFFF00FFFFFF00FFFFFF00FFFFFF00FFFF
310
FF00FFFFFF00FFFFFF00FFFFFF00FFFFFF00FFFFFF00FFFFFF00FFFFFF00FFFF
310
FF00FFFFFF00FFFFFF00FFFFFF00FFFFFF00FFFFFF00FFFFFF00FFFFFF00FFFF
310
FF00FFFFFF00FFFFFF00FFFFFF00FFFFFF00FFFFFF00FFFFFF00FFFFFF00FFFF
310
FF00FFFFFF00FFFFFF00FFFFFF00FFFFFF00FFFFFF00FFFFFF00FFFFFF00FFFF
310
FF00FFFFFF00FFFFFF00FFFFFF00FFFFFF00FFFFFF00FFFFFF00FFFFFF00FFFF
310
FF00FFFFFF00FFFFFF00FFFFFF00FFFFFF00FFFFFF00FFFFFF00FFFFFF00FFFF
310
FF00FFFFFF00FFFFFF00FFFFFF00FFFFFF00FFFFFF00FFFFFF00FFFFFF00FFFF
310
FF00FFFFFF00FFFFFF00FFFFFF00FFFFFF00FFFFFF00FFFFFF00FFFFFF00FFFF
310
FF00FFFFFF00FFFFFF00FFFFFF00FFFFFF00FFFFFF00FFFFFF00FFFFFF00FFFF
310
FF00FFFFFF00FFFFFF00FFFFFF00FFFFFF00FFFFFF00FFFFFF00FFFFFF00FFFF
310
FF00FFFFFF00FFFFFF00FFFFFF00FFFFFF00FFFFFF00FFFFFF00FFFFFF00FFFF
310
FF00FFFFFF00FFFFFF00FFFFFF00FFFFFF00FFFFFF00FFFFFF00FFFFFF00FFFF
310
FF00FFFFFF00FFFFFF00FFFFFF00FFFFFF00FFFFFF00FFFFFF00FFFFFF00FFFF
310
FF00FFFFFF00FFFFFF00FFFFFF00FFFFFF00FFFFFF00FFFFFF00FFFFFF00FFFF
310
FF00FFFFFF00FFFFFF00FFFFFF00FFFFFF00FFFFFF00FFFFFF00FFFFFF00FFFF
310
FF00FFFFFF00FFFFFF00FFFFFF00FFFFFF00FFFFFF00FFFFFF00FFFFFF00FFFF
310
FF00FFFFFF00FFFFFF00FFFFFF00FFFFFF00FFFFFF00FFFFFF00FFFFFF00FFFF
310
FF00FFFFFF00FFFFFF00FFFFFF00FFFFFF00FFFFFF00FFFFFF00FFFFFF00FFFF
310
FF00FFFFFF00FFFFFF00FFFFFF00FFFFFF00FFFFFF00FFFFFF00FFFFFF00FFFF
310
FF00FFFFFF00FFFFFF00FFFFFF00FFFFFF00FFFFFF00FFFFFF00FFFFFF00FFFF
310
FF00FFFFFF00FFFFFF00FFFFFF00FFFFFF00FFFFFF00FFFFFF00FFFFFF00FFFF
310
FF00FFFFFF00FFFFFF00FFFFFF00FFFFFF00FFFFFF00FFFFFF00FFFFFF00FFFF
310
FF00FFFFFF00FFFFFF00FFFFFF00FFFFFF00FFFFFF00FFFFFF00FFFFFF00FFFF
310
FF00FFFFFF00FFFFFF00FFFFFF00FFFFFF00FFFFFF00FFFFFF00FFFFFF00FFFF
310
FF00FFFFFF00FFFFFF00FFFFFF00FFFFFF00FFFFFF00FFFFFF00FFFFFF00FFFF
310
FF00FFFFFF00FFFFFF00FFFFFF00FFFFFF00FFFFFF00FFFFFF00FFFFFF00FFFF
310
FF00FFFFFF00FFFFFF00FFFFFF00FFFFFF00FFFFFF00FFFFFF00FFFFFF00FFFF
310
FF00FFFFFF00FFFFFF00FFFFFF00FFFFFF00FFFFFF00FFFFFF00FFFFFF00FFFF
310
FF00FFFFFF00FFFFFF00FFFFFF00FFFFFF00FFFFFF00FFFFFF00FFFFFF00FFFF
310
FF00FFFFFF00FFFFFF00FFFFFF00FFFFFF00FFFFFF00FFFFFF00FFFFFF00FFFF
310
FF00FFFFFF00FFFFFF00FFFFFF00FFFFFF00FFFFFF00FFFFFF00FFFFFF00FFFF
310
FF00FFFFFF00FFFFFF00FFFFFF00FFFFFF00FFFFFF00FFFFFF00FFFFFF00FFFF
310
FF00FFFFFF00FFFFFF00FFFFFF00FFFFFF00FFFFFF00FFFFFF00FFFFFF00FFFF
310
FF00FFFFFF00FFFFFF00FFFFFF00FFFFFF00FFFFFF00FFFFFF00FFFFFF00FFFF
310
FF00FFFFFF00FFFFFF00FFFFFF00FFFFFF00FFFFFF00FFFFFF00FFFFFF00FFFF
310
FF00FFFFFF00FFFFFF00FFFFFF00FFFFFF00FFFFFF00FFFFFF00FFFFFF00FFFF
310
FF00FFFFFF00FFFFFF00FFFFFF00FFFFFF00FFFFFF00FFFFFF00FFFFFF00FFFF
310
FF00FFFFFF00FFFFFF00FFFFFF00FFFFFF00FFFFFF00FFFFFF00FFFFFF00FFFF
310
FF00FFFFFF00FFFFFF00FFFFFF00FFFFFF00FFFFFF00FFFFFF00FFFFFF00FFFF
310
FF00FFFFFF00FFFFFF00FFFFFF00FFFFFF00FFFFFF00FFFFFF00FFFFFF00FFFF
310
FF00FFFFFF00FFFFFF00FFFFFF00FFFFFF00FFFFFF00FFFFFF00FFFFFF00FFFF
310
FF00FFFFFF00FFFFFF00FFFFFF00FFFFFF00FFFFFF00FFFFFF00FFFFFF00FFFF
310
FF00FFFFFF00FFFFFF00FFFFFF00FFFFFF00FFFFFF00FFFFFF00FFFFFF00FFFF
310
FF00FFFFFF00FFFFFF00FFFFFF00FFFFFF00FFFFFF00FFFFFF00FFFFFF00FFFF
310
FF00FFFFFF00FFFFFF00FFFFFF00FFFFFF00FFFFFF00FFFFFF00FFFFFF00FFFF
310
FF00FFFFFF00FFFFFF00FFFFFF00FFFFFF00FFFFFF00FFFFFF00FFFFFF00FFFF
310
FF00FFFFFF00FFFFFF00FFFFFF00FFFFFF00FFFFFF00FFFFFF00FFFFFF00FFFF
310
FF00FFFFFF00FFFFFF00FFFFFF00FFFFFF00FFFFFF00FFFFFF00FFFFFF00FFFF
310
FF00FFFFFF00FFFFFF00FFFFFF00FFFFFF00FFFFFF00FFFFFF00FFFFFF00FFFF
310
FF00FFFFFF00FFFFFF00FFFFFF00FFFFFF00FFFFFF00FFFFFF00FFFFFF00FFFF
310
FF00FFFFFF00FFFFFF00FFFFFF00FFFFFF00FFFFFF00FFFFFF00FFFFFF00FFFF
310
FF00FFFFFF00FFFFFF00FFFFFF00FFFFFF00FFFFFF00FFFFFF00FFFFFF00FFFF
310
FF00FFFFFF00FFFFFF00FFFFFF00FFFFFF00FFFFFF00FFFFFF00FFFFFF00FFFF
310
FF00FFFFFF00FFFFFF00FFFFFF00FFFFFF00FFFFFF00FFFFFF00FFFFFF00FFFF
310
FF00FFFFFF00FFFFFF00FFFFFF00FFFFFF00FFFFFF00FFFFFF00FFFFFF00FFFF
310
FF00FFFFFF00FFFFFF00FFFFFF00FFFFFF00FFFFFF00FFFFFF00FFFFFF00FFFF
310
FF00FFFFFF00FFFFFF00FFFFFF00FFFFFF00FFFFFF00FFFFFF00FFFFFF00FFFF
310
FF00FFFFFF00FFFFFF00FFFFFF00FFFFFF00FFFFFF00FFFFFF00FFFFFF00FFFF
310
FF00FFFFFF00FFFFFF00FFFFFF00FFFFFF00FFFFFF00FFFFFF00FFFFFF00FFFF
310
FF00FFFFFF00FFFFFF00FFFFFF00FFFFFF00FFFFFF00FFFFFF00FFFFFF00FFFF
310
FF00FFFFFF00FFFFFF00FFFFFF00FFFFFF00FFFFFF00FFFFFF00FFFFFF00FFFF
310
FF00FFFFFF00FFFFFF00FFFFFF00FFFFFF00FFFFFF00FFFFFF00FFFFFF00FFFF
310
FF00FFFFFF00FFFFFF00FFFFFF00FFFFFF00FFFFFF00FFFFFF00FFFFFF00FFFF
310
FF00FFFFFF00FFFFFF00FFFFFF00FFFFFF00FFFFFF00FFFFFF00FFFFFF00FFFF
310
FF00FFFFFF00FFFFFF00FFFFFF00FFFFFF00FFFFFF00FFFFFF00FFFFFF00FFFF
310
FF00FFFFFF00FFFFFF00FFFFFF00FFFFFF00FFFFFF00FFFFFF00FFFFFF00FFFF
310
FF00FFFFFF00FFFFFF00FFFFFF00FFFFFF00FFFFFF00FFFFFF00FFFFFF00FFFF
310
FF00FFFFFF00FFFFFF00FFFFFF00FFFFFF00FFFFFF00FFFFFF00FFFFFF00FFFF
310
FF00FFFFFF00FFFFFF00FFFFFF00FFFFFF00FFFFFF00FFFFFF00FFFFFF00FFFF
310
FF00FFFFFF00FFFFFF00FFFFFF00FFFFFF00FFFFFF00FFFFFF00FFFFFF00FFFF
310
FF00FFFFFF00FFFFFF00FFFFFF00FFFFFF00FFFFFF00FFFFFF00FFFFFF00FFFF
310
FF00FFFFFF00FFFFFF00FFFFFF00FFFFFF00FFFFFF00FFFFFF00FFFFFF00FFFF
310
FF00FFFFFF00FFFFFF00FFFFFF00FFFFFF00FFFFFF00FFFFFF00FFFFFF00FFFF
310
FF00FFFFFF00FFFFFF00FFFFFF00FFFFFF00FFFFFF00FFFFFF00FFFFFF00FFFF
310
FF00FFFFFF00FFFFFF00FFFFFF00FFFFFF00FFFFFF00FFFFFF00FFFFFF00FFFF
310
FF00FFFFFF00FFFFFF00FFFFFF00FFFFFF00FFFFFF00FFFFFF00FFFFFF00FFFF
310
FF00FFFFFF00FFFFFF00FFFFFF00FFFFFF00FFFFFF00FFFFFF00FFFFFF00FFFF
310
FF00FFFFFF00FFFFFF00FFFFFF00FFFFFF00FFFFFF00FFFFFF00FFFFFF00FFFF
310
FF00FFFFFF00FFFFFF00FFFFFF00FFFFFF00FFFFFF00FFFFFF00FFFFFF00FFFF
310
FF00FFFFFF00FFFFFF00FFFFFF00FFFFFF00FFFFFF00FFFFFF00FFFFFF00FFFF
310
FF00FFFFFF00FFFFFF00FFFFFF00FFFFFF00FFFFFF00FFFFFF00FFFFFF00FFFF
310
FF00FFFFFF00FFFFFF00FFFFFF00FFFFFF00FFFFFF00FFFFFF00FFFFFF00FFFF
310
FF00FFFFFF00FFFFFF00FFFFFF00FFFFFF00FFFFFF00FFFFFF00FFFFFF00FFFF
310
FF00FFFFFF00FFFFFF00FFFFFF00FFFFFF00FFFFFF00FFFFFF00FFFFFF00FFFF
310
FF00FFFFFF00FFFFFF00FFFFFF00FFFFFF00FFFFFF00FFFFFF00FFFFFF00FFFF
310
FF00FFFFFF00FFFFFF00FFFFFF00FFFFFF00FFFFFF00FFFFFF00FFFFFF00FFFF
310
FF00FFFFFF00FFFFFF00FFFFFF00FFFFFF00FFFFFF00FFFFFF00FFFFFF00FFFF
310
FF00FFFFFF00FFFFFF00FFFFFF00FFFFFF00FFFFFF00FFFFFF00FFFFFF00FFFF
310
FF00FFFFFF00FFFFFF00FFFFFF00FFFFFF00FFFFFF00FFFFFF00FFFFFF00FFFF
310
FF00FFFFFF00FFFFFF00FFFFFF00FFFFFF00FFFFFF00FFFFFF00FFFFFF00FFFF
310
FF00FFFFFF00FFFFFF00FFFFFF00FFFFFF00FFFFFF00FFFFFF00FFFFFF00FFFF
310
FF00FFFFFF00FFFFFF00FFFFFF00FFFFFF00FFFFFF00FFFFFF00FFFFFF00FFFF
310
FF00FFFFFF00FFFFFF00FFFFFF00FFFFFF00FFFFFF00FFFFFF00FFFFFF00FFFF
310
FF00FFFFFF00FFFFFF00FFFFFF00FFFFFF00FFFFFF00FFFFFF00FFFFFF00FFFF
310
FF00FFFFFF00FFFFFF00FFFFFF00FFFFFF00FFFFFF00FFFFFF00FFFFFF00FFFF
310
FF00FFFFFF00FFFFFF00FFFFFF00FFFFFF00FFFFFF00FFFFFF00FFFFFF00FFFF
310
FF00FFFFFF00FFFFFF00FFFFFF00FFFFFF00FFFFFF00FFFFFF00FFFFFF00FFFF
310
FF00FFFFFF00FFFFFF00FFFFFF00FFFFFF00FFFFFF00FFFFFF00FFFFFF00FFFF
310
FF00FFFFFF00FFFFFF00FFFFFF00FFFFFF00FFFFFF00FFFFFF00FFFFFF00FFFF
310
FF00FFFFFF00FFFFFF00FFFFFF00FFFFFF00FFFFFF00FFFFFF00FFFFFF00FFFF
310
FF00FFFFFF00FFFFFF00FFFFFF00FFFFFF00FFFFFF00FFFFFF00FFFFFF00FFFF
310
FF00FFFFFF00FFFFFF00FFFFFF00FFFFFF00FFFFFF00FFFFFF00FFFFFF00FFFF
310
FF00FFFFFF00FFFFFF00FFFFFF00FFFFFF00FFFFFF00FFFFFF00FFFFFF00FFFF
310
FF00FFFFFF00FFFFFF00FFFFFF00FFFFFF00FFFFFF00FFFFFF00FFFFFF00FFFF
310
FF00FFFFFF00FFFFFF00FFFFFF00FFFFFF00FFFFFF00FFFFFF00FFFFFF00FFFF
310
FF00FFFFFF00FFFFFF00FFFFFF00FFFFFF00FFFFFF00FFFFFF00FFFFFF00FFFF
310
FF00FFFFFF00FFFFFF00FFFFFF00FFFFFF00FFFFFF00FFFFFF00FFFFFF00FFFF
310
FF00FFFFFF00FFFFFF00FFFFFF00FFFFFF00FFFFFF00FFFFFF00FFFFFF00FFFF
310
FF00FFFFFF00FFFFFF00FFFFFF00FFFFFF00FFFFFF00FFFFFF00FFFFFF00FFFF
310
FF00FFFFFF00FFFFFF00FFFFFF00FFFFFF00FFFFFF00FFFFFF00FFFFFF00FFFF
310
FF00FFFFFF00FFFFFF00FFFFFF00FFFFFF00FFFFFF00FFFFFF00FFFFFF00FFFF
310
FF00FFFFFF00FFFFFF00FFFFFF00FFFFFF00FFFFFF00FFFFFF00FFFFFF00FFFF
310
FF00FFFFFF00FFFFFF00FFFFFF00FFFFFF00FFFFFF00FFFFFF00FFFFFF00FFFF
310
FF00FFFFFF00FFFFFF00FFFFFF00FFFFFF00FFFFFF00FFFFFF00FFFFFF00FFFF
310
FF00FFFFFF00FFFFFF00FFFFFF00FFFFFF00FFFFFF00FFFFFF00FFFFFF00FFFF
310
FF00FFFFFF00FFFFFF00FFFFFF00FFFFFF00FFFFFF00FFFFFF00FFFFFF00FFFF
310
FF00FFFFFF00FFFFFF00FFFFFF00FFFFFF00FFFFFF00FFFFFF00FFFFFF00FFFF
310
FF00FFFFFF00FFFFFF00FFFFFF00FFFFFF00FFFFFF00FFFFFF00FFFFFF00FFFF
310
FF00FFFFFF00FFFFFF00FFFFFF00FFFFFF00FFFFFF00FFFFFF00FFFFFF00FFFF
310
FF00FFFFFF00FFFFFF00FFFFFF00FFFFFF00FFFFFF00FFFFFF00FFFFFF00FFFF
310
FF00FFFFFF00FFFFFF00FFFFFF00FFFFFF00FFFFFF00FFFFFF00FFFFFF00FFFF
310
FF00FFFFFF00FFFFFF00FFFFFF00FFFFFF00FFFFFF00FFFFFF00FFFFFF00FFFF
310
FF00FFFFFF00FFFFFF00FFFFFF00FFFFFF00FFFFFF00FFFFFF00FFFFFF00FFFF
310
FF00FFFFFF00FFFFFF00FFFFFF00FFFFFF00FFFFFF00FFFFFF00FFFFFF00FFFF
310
FF00FFFFFF00FFFFFF00FFFFFF00FFFFFF00FFFFFF00FFFFFF00FFFFFF00FFFF
310
FF00FFFFFF00FFFFFF00FFFFFF00FFFFFF00FFFFFF00FFFFFF00FFFFFF00FFFF
310
FF00FFFFFF00FFFFFF00FFFFFF00FFFFFF00FFFFFF00FFFFFF00FFFFFF00FFFF
310
FF00FFFFFF00FFFFFF00FFFFFF00FFFFFF00FFFFFF00FFFFFF00FFFFFF00FFFF
310
FF00FFFFFF00FFFFFF00FFFFFF00FFFFFF00FFFFFF00FFFFFF00FFFFFF00FFFF
310
FF00FFFFFF00FFFFFF00FFFFFF00FFFFFF00FFFFFF00FFFFFF00FFFFFF00FFFF
310
FF00FFFFFF00FFFFFF00FFFFFF00FFFFFF00FFFFFF00FFFFFF00FFFFFF00FFFF
310
FF00FFFFFF00FFFFFF00FFFFFF00FFFFFF00FFFFFF00FFFFFF00FFFFFF00FFFF
310
FF00FFFFFF00FFFFFF00FFFFFF00FFFFFF00FFFFFF00FFFFFF00FFFFFF00FFFF
310
FF00FFFFFF00FFFFFF00FFFFFF00FFFFFF00FFFFFF00FFFFFF00FFFFFF00FFFF
310
FF00FFFFFF00FFFFFF00FFFFFF00FFFFFF00FFFFFF00FFFFFF00FFFFFF00FFFF
310
FF00FFFFFF00FFFFFF00FFFFFF00FFFFFF00FFFFFF00FFFFFF00FFFFFF00FFFF
310
FF00FFFFFF00FFFFFF00FFFFFF00FFFFFF00FFFFFF00FFFFFF00FFFFFF00FFFF
310
FF00FFFFFF00FFFFFF00FFFFFF00FFFFFF00FFFFFF00FFFFFF00FFFFFF00FFFF
310
FF00FFFFFF00FFFFFF00FFFFFF00FFFFFF00FFFFFF00FFFFFF00FFFFFF00FFFF
310
FF00FFFFFF00FFFFFF00FFFFFF00FFFFFF00FFFFFF00FFFFFF00FFFFFF00FFFF
310
FF00FFFFFF00FFFFFF00FFFFFF00FFFFFF00FFFFFF00FFFFFF00FFFFFF00FFFF
310
FF00FFFFFF00FFFFFF00FFFFFF00FFFFFF00FFFFFF00FFFFFF00FFFFFF00FFFF
310
FF00FFFFFF00FFFFFF00FFFFFF00FFFFFF00FFFFFF00FFFFFF00FFFFFF00FFFF
310
FF00FFFFFF00FFFFFF00FFFFFF00FFFFFF00FFFFFF00FFFFFF00FFFFFF00FFFF
310
FF00FFFFFF00FFFFFF00FFFFFF00FFFFFF00FFFFFF00FFFFFF00FFFFFF00FFFF
310
FF00FFFFFF00FFFFFF00FFFFFF00FFFFFF00FFFFFF00FFFFFF00FFFFFF00FFFF
310
FF00FFFFFF00FFFFFF00FFFFFF00FFFFFF00FFFFFF00FFFFFF00FFFFFF00FFFF
310
FF00FFFFFF00FFFFFF00FFFFFF00FFFFFF00FFFFFF00FFFFFF00FFFFFF00FFFF
310
FF00FFFFFF00FFFFFF00FFFFFF00FFFFFF00FFFFFF00FFFFFF00FFFFFF00FFFF
310
FF00FFFFFF00FFFFFF00FFFFFF00FFFFFF00FFFFFF00FFFFFF00FFFFFF00FFFF
310
FF00FFFFFF00FFFFFF00FFFFFF00FFFFFF00FFFFFF00FFFFFF00FFFFFF00FFFF
310
FF00FFFFFF00FFFFFF00FFFFFF00FFFFFF00FFFFFF00FFFFFF00FFFFFF00FFFF
310
FF00FFFFFF00FFFFFF00FFFFFF00FFFFFF00FFFFFF00FFFFFF00FFFFFF00FFFF
310
FF00FFFFFF00FFFFFF00FFFFFF00FFFFFF00FFFFFF00FFFFFF00FFFFFF00FFFF
310
FF00FFFFFF00FFFFFF00FFFFFF00FFFFFF00FFFFFF00FFFFFF00FFFFFF00FFFF
310
FF00FFFFFF00FFFFFF00FFFFFF00FFFFFF00FFFFFF00FFFFFF00FFFFFF00FFFF
310
FF00FFFFFF00FFFFFF00FFFFFF00FFFFFF00FFFFFF00FFFFFF00FFFFFF00FFFF
310
FF00FFFFFF00FFFFFF00FFFFFF00FFFFFF00FFFFFF00FFFFFF00FFFFFF00FFFF
310
FF00000000000000000000000000000000000000000000000000000000000000
310
0000000000000000000000000000000000000000000000000000000000000000
310
0000000000000000000000000000000000000000000000000000000000000000
310
0000000000000000000000000000000000000000000000000000000000000000
310
0000000000000000000000000000000000000000000000000000000000000000
310
0000000000000000000000000000000000000000000000000000000000000000
310
0000000000000000000000000000000000000000000000000000000000000000
310
0000000000000000000000000000000000000000000000000000000000000000
310
0000000000000000000000000000000000000000000000000000000000000000
310
0000000000000000000000000000000000000000000000000000000000000000
310
0000000000000000000000000000000000000000000000000000000000000000
310
0000000000000000000000000000000000000000000000000000000000000000
  1
OLE
1001
ACAD
1000
OLEBEGIN
1070
    70
1070
     1
1070
    71
1070
     1
1070
    40
1040
0.0
1070
    41
1040
7.434359790158879
1070
    42
1040
3.732556230312837
1070
    72
1070
     0
1070
     3
1000

1070
    90
1071
       12
1070
    43
1040
0.1666666666666666
1070
     4
1000

1070
    91
1071
       12
1070
    44
1040
0.1666666666666666
1000
OLEEND
  0
ACAD_TABLE
  5
CBB
330
1F
100
AcDbEntity
  8
0
 92
     5148
310
1C14000072000000880000001D000000000000000000F03F00000000000000000000000000000000604D90096CAC57400000000000000000000000000000F03F0000000000000000C0038318C31B2E4000000000000000000000000000000000000000000000F03F0000000000000000000000000000000000000000000000
310
000000000000000000000000000000F03F0C00000016000000070000C30C00000017000000FDFFFFFF0C0000001200000000000000D400000026000000F1B8C2E30A0F174086D01AF0B2A1D6BF000000000000000000000000000000000000000000000000000000000000F03F000000000000F03F00000000000000000000
310
0000000000005400690074006C0065002D00310000000700000001000000000000000000D03F000000000000F03F0000000000000000000000000000F03F000000000000000000000000000000000000000000000000000000000100000012000000540069006D006500730020004E0065007700200052006F006D0061006E
310
00000000000000000000000C00000016000000070000C30C00000017000000FDFFFFFF0C0000001200000000000000C800000026000000EA51B81E85EBE13F82C0C2F7333BE7BF000000000000000000000000000000000000000000000000000000000000F03F000000000000F03F00000000000000000000000000000000
310
4800650061006400650072002D0041000000FFFF08000000010000000AD7A3703D0AC73F000000000000F03F0000000000000000000000000000F03F000000000000000000000000000000000000000000000000000000000100000000000000000000007400780074002E007300680078000000000000000C000000160000
310
00070000C30C00000017000000FDFFFFFF0C0000001200000000000000C8000000260000007A14AE47E17A084082C0C2F7333BE7BF000000000000000000000000000000000000000000000000000000000000F03F000000000000F03F000000000000000000000000000000004800650061006400650072002D0042000000
310
FFFF08000000010000000AD7A3703D0AC73F000000000000F03F0000000000000000000000000000F03F000000000000000000000000000000000000000000000000000000000100000000000000000000007400780074002E007300680078000000000000000C00000016000000070000C30C00000017000000FDFFFFFF0C
310
0000001200000000000000C8000000260000003E0AD7A3703D164082C0C2F7333BE7BF000000000000000000000000000000000000000000000000000000000000F03F000000000000F03F000000000000000000000000000000004800650061006400650072002D0043000000A37008000000010000000AD7A3703D0AC73F
310
000000000000F03F0000000000000000000000000000F03F000000000000000000000000000000000000000000000000000000000100000000000000000068007400780074002E007300680078000000000000000C00000016000000070000C30C00000017000000FDFFFFFF0C0000001200000000000000C8000000260000
310
001F85EB51B81E204082C0C2F7333BE7BF000000000000000000000000000000000000000000000000000000000000F03F000000000000F03F000000000000000000000000000000004800650061006400650072002D0044000000C73F08000000010000000AD7A3703D0AC73F000000000000F03F00000000000000000000
310
00000000F03F000000000000000000000000000000000000000000000000000000000100000000000000000020007400780074002E007300680078000000000000000C00000016000000070000C30C00000017000000FDFFFFFF0C0000001200000000000000C8000000260000001F85EB51B81E254082C0C2F7333BE7BF00
310
0000000000000000000000000000000000000000000000000000000000F03F000000000000F03F000000000000000000000000000000004800650061006400650072002D0045000000FFFF08000000010000000AD7A3703D0AC73F000000000000F03F0000000000000000000000000000F03F000000000000000000000000
310
000000000000000000000000000000000100000000000000000000007400780074002E007300680078000000000000000C00000016000000070000C30C00000017000000FDFFFFFF0C0000001200000000000000C800000026000000E07A14AE47E1E23F01560A582960F1BF00000000000000000000000000000000000000
310
0000000000000000000000F03F000000000000F03F000000000000000000000000000000004800650061006400650072002D0031000000A37008000000010000000AD7A3703D0AC73F000000000000F03F0000000000000000000000000000F03F000000000000000000000000000000000000000000000000000000000100
310
000000000000000068007400780074002E007300680078000000000000000C00000016000000070000C30C00000017000000FDFFFFFF0C0000001200000000000000C8000000260000007A14AE47E17A084001560A582960F1BF000000000000000000000000000000000000000000000000000000000000F03F0000000000
310
00F03F000000000000000000000000000000004800650061006400650072002D0032000000620008000000010000000AD7A3703D0AC73F000000000000F03F0000000000000000000000000000F03F000000000000000000000000000000000000000000000000000000000100000000000000000000007400780074002E00
310
7300680078000000000000000C00000016000000070000C30C00000017000000FDFFFFFF0C0000001200000000000000C8000000260000003E0AD7A3703D164001560A582960F1BF000000000000000000000000000000000000000000000000000000000000F03F000000000000F03F000000000000000000000000000000
310
004800650061006400650072002D0033000000620008000000010000000AD7A3703D0AC73F000000000000F03F0000000000000000000000000000F03F000000000000000000000000000000000000000000000000000000000100000000000000000000007400780074002E007300680078000000000000000C0000001600
310
0000070000C30C00000017000000FDFFFFFF0C0000001200000000000000C8000000260000001F85EB51B81E204001560A582960F1BF000000000000000000000000000000000000000000000000000000000000F03F000000000000F03F000000000000000000000000000000004800650061006400650072002D00340000
310
00FFFF08000000010000000AD7A3703D0AC73F000000000000F03F0000000000000000000000000000F03F000000000000000000000000000000000000000000000000000000000100000000000000000000007400780074002E007300680078000000000000000C00000016000000070000C30C00000017000000FDFFFFFF
310
0C0000001200000000000000C8000000260000001F85EB51B81E254001560A582960F1BF000000000000000000000000000000000000000000000000000000000000F03F000000000000F03F000000000000000000000000000000004800650061006400650072002D0035000000500008000000010000000AD7A3703D0AC7
310
3F000000000000F03F0000000000000000000000000000F03F000000000000000000000000000000000000000000000000000000000100000000000000000074007400780074002E007300680078000000000000000C00000016000000070000C30C00000017000000FDFFFFFF0C0000001200000000000000C80000002600
310
00009BCDFC4AA173024073B8F83D72BAF6BF000000000000000000000000000000000000000000000000000000000000F03F000000000000F03F000000000000000000000000000000006400000001000000010000000AD7A3703D0AC73F000000000000F03F0000000000000000000000000000F03F000000000000000000
310
000000000000000000000000000000000000000100000012000000540069006D006500730020004E0065007700200052006F006D0061006E00000000007D6A000000000C00000016000000070000C30C00000017000000FDFFFFFF0C0000001200000000000000C800000026000000B75C95E39298024075FB815E4584FCBF
310
000000000000000000000000000000000000000000000000000000000000F03F000000000000F03F000000000000000000000000000000006600000001000000010000000AD7A3703D0AC73F000000000000F03F0000000000000000000000000000F03F000000000000000000000000000000000000000000000000000000
310
000100000012000000540069006D006500730020004E0065007700200052006F006D0061006E00000000000000000000000C00000016000000070000C30C00000017000000FDFFFFFF0C0000001200000000000000C800000026000000B4B4DBFBCA7E024085AB0500CF1E01C0000000000000000000000000000000000000
310
000000000000000000000000F03F000000000000F03F000000000000000000000000000000006700000001000000010000000AD7A3703D0AC73F000000000000F03F0000000000000000000000000000F03F000000000000000000000000000000000000000000000000000000000100000012000000540069006D00650073
310
0020004E0065007700200052006F006D0061006E00000000000000000000000C00000016000000070000C30C00000017000000FDFFFFFF0C0000001200000000000000540000002000000002000000000000000000000000000000000000000000000000000000000000000000294000000000000000000000000000000000
310
00000000000000000000000000000000000000000000F03F0C00000016000000070000C30C00000017000000FDFFFFFF0C00000012000000000000005400000020000000020000000000000000000000C09F0ADBB92EDDBF00000000000000000000000000002940C09F0ADBB92EDDBF000000000000000000000000000000
310
000000000000000000000000000000F03F0C00000016000000070000C30C00000017000000FDFFFFFF0C00000012000000000000005400000020000000020000000000000000000000603BD7A57B1CEABF00000000000000000000000000002940603BD7A57B1CEABF00000000000000000000000000000000000000000000
310
0000000000000000F03F0C00000016000000070000C30C00000017000000FDFFFFFF0C000000120000000000000054000000200000000200000000000000000000007093142FCDD0F2BF000000000000000000000000000029407093142FCDD0F2BF0000000000000000000000000000000000000000000000000000000000
310
00F03F0C00000016000000070000C30C00000017000000FDFFFFFF0C0000001200000000000000540000002000000002000000000000000000000050A3D778B09BF8BF0000000000000000000000000000294050A3D778B09BF8BF000000000000000000000000000000000000000000000000000000000000F03F0C000000
310
16000000070000C30C00000017000000FDFFFFFF0C0000001200000000000000540000002000000002000000000000000000000030B39AC29366FEBF0000000000000000000000000000294030B39AC29366FEBF000000000000000000000000000000000000000000000000000000000000F03F0C00000016000000070000
310
C30C00000017000000FDFFFFFF0C0000001200000000000000540000002000000002000000000000000000000088E12E86BB1802C00000000000000000000000000000294088E12E86BB1802C0000000000000000000000000000000000000000000000000000000000000F03F0C00000016000000070000C30C0000001700
310
0000FDFFFFFF0C0000001200000000000000540000002000000002000000000000000000000000000000000000000000000000000000000000000000000088E12E86BB1802C0000000000000000000000000000000000000000000000000000000000000F03F0C00000016000000070000C30C00000017000000FDFFFFFF0C
310
00000012000000000000005400000020000000020000000000000000000440C09F0ADBB92EDDBF0000000000000000000000000000044088E12E86BB1802C0000000000000000000000000000000000000000000000000000000000000F03F0C00000016000000070000C30C00000017000000FDFFFFFF0C00000012000000
310
000000005400000020000000020000000000000000001440C09F0ADBB92EDDBF0000000000000000000000000000144088E12E86BB1802C0000000000000000000000000000000000000000000000000000000000000F03F0C00000016000000070000C30C00000017000000FDFFFFFF0C0000001200000000000000540000
310
0020000000020000000000000000001E40C09F0ADBB92EDDBF00000000000000000000000000001E4088E12E86BB1802C0000000000000000000000000000000000000000000000000000000000000F03F0C00000016000000070000C30C00000017000000FDFFFFFF0C000000120000000000000054000000200000000200
310
00000000000000002440C09F0ADBB92EDDBF0000000000000000000000000000244088E12E86BB1802C0000000000000000000000000000000000000000000000000000000000000F03F0C00000016000000070000C30C00000017000000FDFFFFFF0C00000012000000000000005400000020000000020000000000000000
310
00294000000000000000000000000000000000000000000000294088E12E86BB1802C0000000000000000000000000000000000000000000000000000000000000F03F0C00000016000000080000C30C00000017000000000000000C0000001200000000000000540000002000000002000000000000000000000000000000
310
00000000000000000000000000000000000000000000000000000000000000000000000000000000000000000000000000000000000000000000F03F080000001F000000
100
AcDbBlockReference
  2
*T6
 10
94.69409407703414
 20
15.05422283744144
 30
0.0
100
AcDbTable
342
87
343
CBC
 11
1.0
 21
0.0
 31
0.0
 90
       22
 91
        6
 92
        5
 93
        0
 94
        0
 95
        0
 96
        0
141
0.4559769286229275
141
0.36
141
0.36
141
0.3620331651045422
141
0.3620331651045422
141
0.3620331651045422
142
2.5
142
2.5
142
2.5
142
2.5
142
2.5
171
     1
172
     0
173
     0
174
     0
175
     5
176
     1
 91
   262144
178
     0
145
0.0
 92
        0
301
CELL_VALUE
 93
        6
 90
        4
  1
Title-1
 94
        0
300

302
Title-1
304
ACVALUE_END
171
     1
172
     0
173
     1
174
     0
175
     1
176
     1
 91
        0
178
     0
145
0.0
 92
        0
301
CELL_VALUE
 93
        7
 90
        0
 94
        0
300

302

304
ACVALUE_END
171
     1
172
     0
173
     1
174
     0
175
     1
176
     1
 91
        0
178
     0
145
0.0
 92
        0
301
CELL_VALUE
 93
        7
 90
        0
 94
        0
300

302

304
ACVALUE_END
171
     1
172
     0
173
     1
174
     0
175
     1
176
     1
 91
        0
178
     0
145
0.0
 92
        0
301
CELL_VALUE
 93
        7
 90
        0
 94
        0
300

302

304
ACVALUE_END
171
     1
172
     0
173
     1
174
     0
175
     1
176
     1
 91
        0
178
     0
145
0.0
 92
        0
301
CELL_VALUE
 93
        7
 90
        0
 94
        0
300

302

304
ACVALUE_END
171
     1
172
     0
173
     0
174
     0
175
     1
176
     1
 91
   262144
178
     0
145
0.0
 92
        0
301
CELL_VALUE
 93
        6
 90
        4
  1
Header-A
 94
        0
300

302
Header-A
304
ACVALUE_END
171
     1
172
     0
173
     0
174
     0
175
     1
176
     1
 91
   262144
178
     0
145
0.0
 92
        0
301
CELL_VALUE
 93
        6
 90
        4
  1
Header-B
 94
        0
300

302
Header-B
304
ACVALUE_END
171
     1
172
     0
173
     0
174
     0
175
     1
176
     1
 91
   262144
178
     0
145
0.0
 92
        0
301
CELL_VALUE
 93
        6
 90
        4
  1
Header-C
 94
        0
300

302
Header-C
304
ACVALUE_END
171
     1
172
     0
173
     0
174
     0
175
     1
176
     1
 91
   262144
178
     0
145
0.0
 92
        0
301
CELL_VALUE
 93
        6
 90
        4
  1
Header-D
 94
        0
300

302
Header-D
304
ACVALUE_END
171
     1
172
     0
173
     0
174
     0
175
     1
176
     1
 91
   262144
178
     0
145
0.0
 92
        0
301
CELL_VALUE
 93
        6
 90
        4
  1
Header-E
 94
        0
300

302
Header-E
304
ACVALUE_END
171
     1
172
     0
173
     0
174
     0
175
     1
176
     1
 91
   262161
178
     0
145
0.0
170
     5
  7
Standard
 92
        0
301
CELL_VALUE
 93
        6
 90
        4
  1
Header-1
 94
        0
300

302
Header-1
304
ACVALUE_END
171
     1
172
     0
173
     0
174
     0
175
     1
176
     1
 91
   262161
178
     0
145
0.0
170
     5
  7
Standard
 92
        0
301
CELL_VALUE
 93
        6
 90
        4
  1
Header-2
 94
        0
300

302
Header-2
304
ACVALUE_END
171
     1
172
     0
173
     0
174
     0
175
     1
176
     1
 91
   262161
178
     0
145
0.0
170
     5
  7
Standard
 92
        0
301
CELL_VALUE
 93
        6
 90
        4
  1
Header-3
 94
        0
300

302
Header-3
304
ACVALUE_END
171
     1
172
     0
173
     0
174
     0
175
     1
176
     1
 91
   262161
178
     0
145
0.0
170
     5
  7
Standard
 92
        0
301
CELL_VALUE
 93
        6
 90
        4
  1
Header-4
 94
        0
300

302
Header-4
304
ACVALUE_END
171
     1
172
     0
173
     0
174
     0
175
     1
176
     1
 91
   262161
178
     0
145
0.0
170
     5
  7
Standard
 92
        0
301
CELL_VALUE
 93
        6
 90
        4
  1
Header-5
 94
        0
300

302
Header-5
304
ACVALUE_END
171
     1
172
     0
173
     0
174
     0
175
     1
176
     1
 91
   262145
178
     0
145
0.0
170
     3
 92
        0
301
CELL_VALUE
 93
        6
 90
        4
  1
d
 94
        0
300

302
d
304
ACVALUE_END
171
     1
172
     0
173
     0
174
     0
175
     1
176
     1
 91
   262145
178
     0
145
0.0
170
     3
 92
        0
301
CELL_VALUE
 93
        5
 90
        1
 94
        0
300

302

304
ACVALUE_END
171
     1
172
     0
173
     0
174
     0
175
     1
176
     1
 91
   262145
178
     0
145
0.0
170
     3
 92
        0
301
CELL_VALUE
 93
        5
 90
        4
 94
        0
300

302

304
ACVALUE_END
171
     1
172
     0
173
     0
174
     0
175
     1
176
     1
 91
   262145
178
     0
145
0.0
170
     3
 92
        0
301
CELL_VALUE
 93
        5
 90
        1
 94
        0
300

302

304
ACVALUE_END
171
     1
172
     0
173
     0
174
     0
175
     1
176
     1
 91
   262145
178
     0
145
0.0
170
     3
 92
        0
301
CELL_VALUE
 93
        5
 90
        1
 94
        0
300

302

304
ACVALUE_END
171
     1
172
     0
173
     0
174
     0
175
     1
176
     1
 91
   262145
178
     0
145
0.0
170
     3
 92
        0
301
CELL_VALUE
 93
        6
 90
        4
  1
f
 94
        0
300

302
f
304
ACVALUE_END
171
     1
172
     0
173
     0
174
     0
175
     1
176
     1
 91
   262145
178
     0
145
0.0
170
     3
 92
        0
301
CELL_VALUE
 93
        5
 90
        1
 94
        0
300

302

304
ACVALUE_END
171
     1
172
     0
173
     0
174
     0
175
     1
176
     1
 91
   262145
178
     0
145
0.0
170
     3
 92
        0
301
CELL_VALUE
 93
        5
 90
        4
 94
        0
300

302

304
ACVALUE_END
171
     1
172
     0
173
     0
174
     0
175
     1
176
     1
 91
   262145
178
     0
145
0.0
170
     3
 92
        0
301
CELL_VALUE
 93
        5
 90
        1
 94
        0
300

302

304
ACVALUE_END
171
     1
172
     0
173
     0
174
     0
175
     1
176
     1
 91
   262145
178
     0
145
0.0
170
     3
 92
        0
301
CELL_VALUE
 93
        5
 90
        1
 94
        0
300

302

304
ACVALUE_END
171
     1
172
     0
173
     0
174
     0
175
     1
176
     1
 91
   262145
178
     0
145
0.0
170
     3
 92
        0
301
CELL_VALUE
 93
        6
 90
        4
  1
g
 94
        0
300

302
g
304
ACVALUE_END
171
     1
172
     0
173
     0
174
     0
175
     1
176
     1
 91
   262145
178
     0
145
0.0
170
     3
 92
        0
301
CELL_VALUE
 93
        5
 90
        1
 94
        0
300

302

304
ACVALUE_END
171
     1
172
     0
173
     0
174
     0
175
     1
176
     1
 91
   262145
178
     0
145
0.0
170
     3
 92
        0
301
CELL_VALUE
 93
        5
 90
        4
 94
        0
300

302

304
ACVALUE_END
171
     1
172
     0
173
     0
174
     0
175
     1
176
     1
 91
   262145
178
     0
145
0.0
170
     3
 92
        0
301
CELL_VALUE
 93
        5
 90
        1
 94
        0
300

302

304
ACVALUE_END
171
     1
172
     0
173
     0
174
     0
175
     1
176
     1
 91
   262145
178
     0
145
0.0
170
     3
 92
        0
301
CELL_VALUE
 93
        5
 90
        1
 94
        0
300

302

304
ACVALUE_END
  0
ACAD_TABLE
  5
D2F
330
1F
100
AcDbEntity
  8
0
 92
     5028
310
A41300006E000000880000001D000000000000000000F03F00000000000000000000000000000000983DC91914DE5A400000000000000000000000000000F03F0000000000000000E1C84A6D023A264000000000000000000000000000000000000000000000F03F0000000000000000000000000000000000000000000000
310
000000000000000000000000000000F03F0C00000016000000070000C30C00000017000000FDFFFFFF0C0000001200000000000000D400000026000000F1B8C2E30A0F174086D01AF0B2A1D6BF000000000000000000000000000000000000000000000000000000000000F03F000000000000F03F00000000000000000000
310
0000000000005400690074006C0065002D00310000000700000001000000000000000000D03F000000000000F03F0000000000000000000000000000F03F000000000000000000000000000000000000000000000000000000000100000012000000540069006D006500730020004E0065007700200052006F006D0061006E
310
00000000000000000000000C00000016000000070000C30C00000017000000FDFFFFFF0C0000001200000000000000C800000026000000EA51B81E85EBE13F92C0C2F7333BE7BF000000000000000000000000000000000000000000000000000000000000F03F000000000000F03F00000000000000000000000000000000
310
4800650061006400650072002D0041000000500008000000010000000AD7A3703D0AC73F000000000000F03F0000000000000000000000000000F03F000000000000000000000000000000000000000000000000000000000100000000000000000074007400780074002E007300680078000000000000000C000000160000
310
00070000C30C00000017000000FDFFFFFF0C0000001200000000000000C8000000260000007A14AE47E17A084092C0C2F7333BE7BF000000000000000000000000000000000000000000000000000000000000F03F000000000000F03F000000000000000000000000000000004800650061006400650072002D0042000000
310
620008000000010000000AD7A3703D0AC73F000000000000F03F0000000000000000000000000000F03F000000000000000000000000000000000000000000000000000000000100000000000000000000007400780074002E007300680078000000000000000C00000016000000070000C30C00000017000000FDFFFFFF0C
310
0000001200000000000000C8000000260000003E0AD7A3703D164092C0C2F7333BE7BF000000000000000000000000000000000000000000000000000000000000F03F000000000000F03F000000000000000000000000000000004800650061006400650072002D0043000000720008000000010000000AD7A3703D0AC73F
310
000000000000F03F0000000000000000000000000000F03F000000000000000000000000000000000000000000000000000000000100000000000000000065007400780074002E007300680078000000000000000C00000016000000070000C30C00000017000000FDFFFFFF0C0000001200000000000000C8000000260000
310
001F85EB51B81E204092C0C2F7333BE7BF000000000000000000000000000000000000000000000000000000000000F03F000000000000F03F000000000000000000000000000000004800650061006400650072002D0044000000000008000000010000000AD7A3703D0AC73F000000000000F03F00000000000000000000
310
00000000F03F000000000000000000000000000000000000000000000000000000000100000000000000000000007400780074002E007300680078000000000000000C00000016000000070000C30C00000017000000FDFFFFFF0C0000001200000000000000C8000000260000001F85EB51B81E254092C0C2F7333BE7BF00
310
0000000000000000000000000000000000000000000000000000000000F03F000000000000F03F000000000000000000000000000000004800650061006400650072002D0045000000C73F08000000010000000AD7A3703D0AC73F000000000000F03F0000000000000000000000000000F03F000000000000000000000000
310
000000000000000000000000000000000100000000000000000020007400780074002E007300680078000000000000000C00000016000000070000C30C00000017000000FDFFFFFF0C0000001200000000000000C800000026000000E07A14AE47E1E23F09560A582960F1BF00000000000000000000000000000000000000
310
0000000000000000000000F03F000000000000F03F000000000000000000000000000000004800650061006400650072002D0031000000740008000000010000000AD7A3703D0AC73F000000000000F03F0000000000000000000000000000F03F000000000000000000000000000000000000000000000000000000000100
310
00000000000000006D007400780074002E007300680078000000000000000C00000016000000070000C30C00000017000000FDFFFFFF0C0000001200000000000000C8000000260000007A14AE47E17A084009560A582960F1BF000000000000000000000000000000000000000000000000000000000000F03F0000000000
310
00F03F000000000000000000000000000000004800650061006400650072002D0032000000C73F08000000010000000AD7A3703D0AC73F000000000000F03F0000000000000000000000000000F03F000000000000000000000000000000000000000000000000000000000100000000000000000020007400780074002E00
310
7300680078000000000000000C00000016000000070000C30C00000017000000FDFFFFFF0C0000001200000000000000C8000000260000003E0AD7A3703D164009560A582960F1BF000000000000000000000000000000000000000000000000000000000000F03F000000000000F03F000000000000000000000000000000
310
004800650061006400650072002D0033000000FFFF08000000010000000AD7A3703D0AC73F000000000000F03F0000000000000000000000000000F03F000000000000000000000000000000000000000000000000000000000100000000000000000000007400780074002E007300680078000000000000000C0000001600
310
0000070000C30C00000017000000FDFFFFFF0C0000001200000000000000C8000000260000001F85EB51B81E204009560A582960F1BF000000000000000000000000000000000000000000000000000000000000F03F000000000000F03F000000000000000000000000000000004800650061006400650072002D00340000
310
00690008000000010000000AD7A3703D0AC73F000000000000F03F0000000000000000000000000000F03F000000000000000000000000000000000000000000000000000000000100000000000000000065007400780074002E007300680078000000000000000C00000016000000070000C30C00000017000000FDFFFFFF
310
0C0000001200000000000000C8000000260000001F85EB51B81E254009560A582960F1BF000000000000000000000000000000000000000000000000000000000000F03F000000000000F03F000000000000000000000000000000004800650061006400650072002D0035000000FFFF08000000010000000AD7A3703D0AC7
310
3F000000000000F03F0000000000000000000000000000F03F000000000000000000000000000000000000000000000000000000000100000000000000000000007400780074002E007300680078000000000000000C00000016000000070000C30C00000017000000FDFFFFFF0C0000001200000000000000C80000002600
310
000081E780046A78024073B8F83D72BAF6BF000000000000000000000000000000000000000000000000000000000000F03F000000000000F03F000000000000000000000000000000006800000001000000010000000AD7A3703D0AC73F000000000000F03F0000000000000000000000000000F03F000000000000000000
310
000000000000000000000000000000000000000100000012000000540069006D006500730020004E0065007700200052006F006D0061006E00000000000000000000000C00000016000000070000C30C00000017000000FDFFFFFF0C0000001200000000000000C800000026000000B75C95E39298024075FB815E4584FCBF
310
000000000000000000000000000000000000000000000000000000000000F03F000000000000F03F000000000000000000000000000000006600000001000000010000000AD7A3703D0AC73F000000000000F03F0000000000000000000000000000F03F000000000000000000000000000000000000000000000000000000
310
000100000012000000540069006D006500730020004E0065007700200052006F006D0061006E00000000000000000000000C00000016000000070000C30C00000017000000FDFFFFFF0C0000001200000000000000C800000026000000092C0654898D1D40C2AE589CDD85FCBF000000000000000000000000000000000000
310
000000000000000000000000F03F000000000000F03F000000000000000000000000000000006A00000001000000010000000AD7A3703D0AC73F000000000000F03F0000000000000000000000000000F03F000000000000000000000000000000000000000000000000000000000100000012000000540069006D00650073
310
0020004E0065007700200052006F006D0061006E00000000007D6A000000000C00000016000000070000C30C00000017000000FDFFFFFF0C0000001200000000000000540000002000000002000000000000000000000000000000000000000000000000000000000000000000294000000000000000000000000000000000
310
00000000000000000000000000000000000000000000F03F0C00000016000000070000C30C00000017000000FDFFFFFF0C00000012000000000000005400000020000000020000000000000000000000C09F0ADBB92EDDBF00000000000000000000000000002940C09F0ADBB92EDDBF000000000000000000000000000000
310
000000000000000000000000000000F03F0C00000016000000070000C30C00000017000000FDFFFFFF0C00000012000000000000005400000020000000020000000000000000000000603BD7A57B1CEABF00000000000000000000000000002940603BD7A57B1CEABF00000000000000000000000000000000000000000000
310
0000000000000000F03F0C00000016000000070000C30C00000017000000FDFFFFFF0C000000120000000000000054000000200000000200000000000000000000007093142FCDD0F2BF000000000000000000000000000029407093142FCDD0F2BF0000000000000000000000000000000000000000000000000000000000
310
00F03F0C00000016000000070000C30C00000017000000FDFFFFFF0C0000001200000000000000540000002000000002000000000000000000000050A3D778B09BF8BF0000000000000000000000000000294050A3D778B09BF8BF000000000000000000000000000000000000000000000000000000000000F03F0C000000
310
16000000070000C30C00000017000000FDFFFFFF0C0000001200000000000000540000002000000002000000000000000000000030B39AC29366FEBF0000000000000000000000000000294030B39AC29366FEBF000000000000000000000000000000000000000000000000000000000000F03F0C00000016000000070000
310
C30C00000017000000FDFFFFFF0C0000001200000000000000540000002000000002000000000000000000000000000000000000000000000000000000000000000000000030B39AC29366FEBF000000000000000000000000000000000000000000000000000000000000F03F0C00000016000000070000C30C0000001700
310
0000FDFFFFFF0C00000012000000000000005400000020000000020000000000000000000440C09F0ADBB92EDDBF0000000000000000000000000000044030B39AC29366FEBF000000000000000000000000000000000000000000000000000000000000F03F0C00000016000000070000C30C00000017000000FDFFFFFF0C
310
00000012000000000000005400000020000000020000000000000000001440C09F0ADBB92EDDBF0000000000000000000000000000144030B39AC29366FEBF000000000000000000000000000000000000000000000000000000000000F03F0C00000016000000070000C30C00000017000000FDFFFFFF0C00000012000000
310
000000005400000020000000020000000000000000001E40C09F0ADBB92EDDBF00000000000000000000000000001E4030B39AC29366FEBF000000000000000000000000000000000000000000000000000000000000F03F0C00000016000000070000C30C00000017000000FDFFFFFF0C0000001200000000000000540000
310
0020000000020000000000000000002440C09F0ADBB92EDDBF0000000000000000000000000000244030B39AC29366FEBF000000000000000000000000000000000000000000000000000000000000F03F0C00000016000000070000C30C00000017000000FDFFFFFF0C000000120000000000000054000000200000000200
310
0000000000000000294000000000000000000000000000000000000000000000294030B39AC29366FEBF000000000000000000000000000000000000000000000000000000000000F03F0C00000016000000080000C30C00000017000000000000000C00000012000000000000005400000020000000020000000000000000
310
0000000000000000000000000000000000000000000000000000000000000000000000000000000000000000000000000000000000000000000000000000000000F03F080000001F000000
100
AcDbBlockReference
  2
*T7
 10
107.4699768510094
 20
11.11329976594828
 30
0.0
100
AcDbTable
342
87
343
D30
 11
1.0
 21
0.0
 31
0.0
 90
       22
 91
        5
 92
        5
 93
        0
 94
        0
 95
        0
 96
        0
141
0.4559769286229275
141
0.36
141
0.36
141
0.3620331651045422
141
0.3620331651045422
142
2.5
142
2.5
142
2.5
142
2.5
142
2.5
171
     1
172
     0
173
     0
174
     0
175
     5
176
     1
 91
   262144
178
     0
145
0.0
 92
        0
301
CELL_VALUE
 93
        6
 90
        4
  1
Title-1
 94
        0
300

302
Title-1
304
ACVALUE_END
171
     1
172
     0
173
     1
174
     0
175
     1
176
     1
 91
        0
178
     0
145
0.0
 92
        0
301
CELL_VALUE
 93
        7
 90
        0
 94
        0
300

302

304
ACVALUE_END
171
     1
172
     0
173
     1
174
     0
175
     1
176
     1
 91
        0
178
     0
145
0.0
 92
        0
301
CELL_VALUE
 93
        7
 90
        0
 94
        0
300

302

304
ACVALUE_END
171
     1
172
     0
173
     1
174
     0
175
     1
176
     1
 91
        0
178
     0
145
0.0
 92
        0
301
CELL_VALUE
 93
        7
 90
        0
 94
        0
300

302

304
ACVALUE_END
171
     1
172
     0
173
     1
174
     0
175
     1
176
     1
 91
        0
178
     0
145
0.0
 92
        0
301
CELL_VALUE
 93
        7
 90
        0
 94
        0
300

302

304
ACVALUE_END
171
     1
172
     0
173
     0
174
     0
175
     1
176
     1
 91
   262144
178
     0
145
0.0
 92
        0
301
CELL_VALUE
 93
        6
 90
        4
  1
Header-A
 94
        0
300

302
Header-A
304
ACVALUE_END
171
     1
172
     0
173
     0
174
     0
175
     1
176
     1
 91
   262144
178
     0
145
0.0
 92
        0
301
CELL_VALUE
 93
        6
 90
        4
  1
Header-B
 94
        0
300

302
Header-B
304
ACVALUE_END
171
     1
172
     0
173
     0
174
     0
175
     1
176
     1
 91
   262144
178
     0
145
0.0
 92
        0
301
CELL_VALUE
 93
        6
 90
        4
  1
Header-C
 94
        0
300

302
Header-C
304
ACVALUE_END
171
     1
172
     0
173
     0
174
     0
175
     1
176
     1
 91
   262144
178
     0
145
0.0
 92
        0
301
CELL_VALUE
 93
        6
 90
        4
  1
Header-D
 94
        0
300

302
Header-D
304
ACVALUE_END
171
     1
172
     0
173
     0
174
     0
175
     1
176
     1
 91
   262144
178
     0
145
0.0
 92
        0
301
CELL_VALUE
 93
        6
 90
        4
  1
Header-E
 94
        0
300

302
Header-E
304
ACVALUE_END
171
     1
172
     0
173
     0
174
     0
175
     1
176
     1
 91
   262161
178
     0
145
0.0
170
     5
  7
Standard
 92
        0
301
CELL_VALUE
 93
        6
 90
        4
  1
Header-1
 94
        0
300

302
Header-1
304
ACVALUE_END
171
     1
172
     0
173
     0
174
     0
175
     1
176
     1
 91
   262161
178
     0
145
0.0
170
     5
  7
Standard
 92
        0
301
CELL_VALUE
 93
        6
 90
        4
  1
Header-2
 94
        0
300

302
Header-2
304
ACVALUE_END
171
     1
172
     0
173
     0
174
     0
175
     1
176
     1
 91
   262161
178
     0
145
0.0
170
     5
  7
Standard
 92
        0
301
CELL_VALUE
 93
        6
 90
        4
  1
Header-3
 94
        0
300

302
Header-3
304
ACVALUE_END
171
     1
172
     0
173
     0
174
     0
175
     1
176
     1
 91
   262161
178
     0
145
0.0
170
     5
  7
Standard
 92
        0
301
CELL_VALUE
 93
        6
 90
        4
  1
Header-4
 94
        0
300

302
Header-4
304
ACVALUE_END
171
     1
172
     0
173
     0
174
     0
175
     1
176
     1
 91
   262161
178
     0
145
0.0
170
     5
  7
Standard
 92
        0
301
CELL_VALUE
 93
        6
 90
        4
  1
Header-5
 94
        0
300

302
Header-5
304
ACVALUE_END
171
     1
172
     0
173
     0
174
     0
175
     1
176
     1
 91
   262145
178
     0
145
0.0
170
     3
 92
        0
301
CELL_VALUE
 93
        6
 90
        4
  1
h
 94
        0
300

302
h
304
ACVALUE_END
171
     1
172
     0
173
     0
174
     0
175
     1
176
     1
 91
   262145
178
     0
145
0.0
170
     3
 92
        0
301
CELL_VALUE
 93
        5
 90
        1
 94
        0
300

302

304
ACVALUE_END
171
     1
172
     0
173
     0
174
     0
175
     1
176
     1
 91
   262145
178
     0
145
0.0
170
     3
 92
        0
301
CELL_VALUE
 93
        5
 90
        4
 94
        0
300

302

304
ACVALUE_END
171
     1
172
     0
173
     0
174
     0
175
     1
176
     1
 91
   262145
178
     0
145
0.0
170
     3
 92
        0
301
CELL_VALUE
 93
        5
 90
        1
 94
        0
300

302

304
ACVALUE_END
171
     1
172
     0
173
     0
174
     0
175
     1
176
     1
 91
   262145
178
     0
145
0.0
170
     3
 92
        0
301
CELL_VALUE
 93
        5
 90
        1
 94
        0
300

302

304
ACVALUE_END
171
     1
172
     0
173
     0
174
     0
175
     1
176
     1
 91
   262145
178
     0
145
0.0
170
     3
 92
        0
301
CELL_VALUE
 93
        6
 90
        4
  1
f
 94
        0
300

302
f
304
ACVALUE_END
171
     1
172
     0
173
     0
174
     0
175
     1
176
     1
 91
   262145
178
     0
145
0.0
170
     3
 92
        0
301
CELL_VALUE
 93
        5
 90
        1
 94
        0
300

302

304
ACVALUE_END
171
     1
172
     0
173
     0
174
     0
175
     1
176
     1
 91
   262145
178
     0
145
0.0
170
     3
 92
        0
301
CELL_VALUE
 93
        6
 90
        4
  1
j
 94
        0
300

302
j
304
ACVALUE_END
171
     1
172
     0
173
     0
174
     0
175
     1
176
     1
 91
   262145
178
     0
145
0.0
170
     3
 92
        0
301
CELL_VALUE
 93
        5
 90
        1
 94
        0
300

302

304
ACVALUE_END
171
     1
172
     0
173
     0
174
     0
175
     1
176
     1
 91
   262145
178
     0
145
0.0
170
     3
 92
        0
301
CELL_VALUE
 93
        5
 90
        1
 94
        0
300

302

304
ACVALUE_END
  0
ENDSEC
  0
SECTION
  2
OBJECTS
  0
DICTIONARY
  5
C
330
0
100
AcDbDictionary
281
     1
  3
ACAD_CIP_PREVIOUS_PRODUCT_INFO
350
B78
  3
ACAD_COLOR
350
73
  3
ACAD_DETAILVIEWSTYLE
350
B72
  3
ACAD_GROUP
350
D
  3
ACAD_LAYOUT
350
1A
  3
ACAD_MATERIAL
350
72
  3
ACAD_MLEADERSTYLE
350
E3
  3
ACAD_MLINESTYLE
350
17
  3
ACAD_PLOTSETTINGS
350
19
  3
ACAD_PLOTSTYLENAME
350
E
  3
ACAD_SCALELIST
350
C1
  3
ACAD_SECTIONVIEWSTYLE
350
B70
  3
ACAD_TABLESTYLE
350
86
  3
ACAD_VISUALSTYLE
350
99
  3
ACDB_RECOMPOSE_DATA
350
DA5
  3
AcDbVariableDictionary
350
66
  3
MCS_STREAM_DICT
350
B79
  0
DICTIONARY
  5
18C
330
10
100
AcDbDictionary
280
     1
281
     1
  3
ADSK_XREC_LAYER_RECONCILED
360
18D
  0
DICTIONARY
  5
DA3
330
EB
100
AcDbDictionary
280
     1
281
     1
  3
ACAD_XREC_ROUNDTRIP
360
DA4
  0
XRECORD
  5
B78
102
{ACAD_REACTORS
330
C
102
}
330
C
100
AcDbXrecord
280
     1
300
ACD
300
2020
300
ACD_F_S
  0
DICTIONARY
  5
73
102
{ACAD_REACTORS
330
C
102
}
330
C
100
AcDbDictionary
281
     1
  0
DICTIONARY
  5
B72
102
{ACAD_REACTORS
330
C
102
}
330
C
100
AcDbDictionary
281
     1
  3
Imperial24
350
B73
  0
DICTIONARY
  5
D
102
{ACAD_REACTORS
330
C
102
}
330
C
100
AcDbDictionary
281
     1
  0
DICTIONARY
  5
1A
102
{ACAD_REACTORS
330
C
102
}
330
C
100
AcDbDictionary
281
     1
  3
Layout1
350
59
  3
Layout2
350
5E
  3
Model
350
22
  0
DICTIONARY
  5
72
102
{ACAD_REACTORS
330
C
102
}
330
C
100
AcDbDictionary
281
     1
  3
ByBlock
350
97
  3
ByLayer
350
96
  3
Global
350
98
  0
DICTIONARY
  5
E3
102
{ACAD_REACTORS
330
C
102
}
330
C
100
AcDbDictionary
281
     1
  3
Standard
350
E4
  0
DICTIONARY
  5
17
102
{ACAD_REACTORS
330
C
102
}
330
C
100
AcDbDictionary
281
     1
  3
Standard
350
18
  0
DICTIONARY
  5
19
102
{ACAD_REACTORS
330
C
102
}
330
C
100
AcDbDictionary
281
     1
  0
ACDBDICTIONARYWDFLT
  5
E
102
{ACAD_REACTORS
330
C
102
}
330
C
100
AcDbDictionary
281
     1
  3
Normal
350
F
100
AcDbDictionaryWithDefault
340
F
  0
DICTIONARY
  5
C1
102
{ACAD_REACTORS
330
C
102
}
330
C
100
AcDbDictionary
281
     1
  3
A0
350
C2
  3
A1
350
C3
  3
A2
350
C4
  3
A3
350
C5
  3
A4
350
C6
  3
A5
350
C7
  3
A6
350
C8
  3
A7
350
C9
  3
A8
350
CA
  3
A9
350
CB
  3
B0
350
CC
  3
B1
350
CD
  3
B2
350
CE
  3
B3
350
CF
  3
B4
350
D0
  3
B5
350
D1
  3
B6
350
D2
  3
B7
350
D3
  3
B8
350
D4
  3
B9
350
D5
  3
C0
350
D6
  3
C1
350
D7
  3
C2
350
D8
  3
C3
350
D9
  3
C4
350
DA
  3
C5
350
DB
  3
C6
350
DC
  3
C7
350
DD
  3
C8
350
DE
  3
C9
350
DF
  3
D0
350
E0
  3
D1
350
E1
  3
D2
350
E2
  0
DICTIONARY
  5
B70
102
{ACAD_REACTORS
330
C
102
}
330
C
100
AcDbDictionary
281
     1
  3
Imperial24
350
B71
  0
DICTIONARY
  5
86
102
{ACAD_REACTORS
330
C
102
}
330
C
100
AcDbDictionary
281
     1
  3
aits
350
BE
  3
Standard
350
87
  3
vebts
350
BA
  0
DICTIONARY
  5
99
102
{ACAD_REACTORS
330
C
102
}
330
C
100
AcDbDictionary
281
     1
  3
2dWireframe
350
9F
  3
3D Hidden
350
A1
  3
3dWireframe
350
A0
  3
Basic
350
9E
  3
Brighten
350
A5
  3
ColorChange
350
A9
  3
Conceptual
350
A2
  3
Dim
350
A4
  3
EdgeColorOff
350
B6F
  3
Facepattern
350
A8
  3
Flat
350
9A
  3
FlatWithEdges
350
9B
  3
Gouraud
350
9C
  3
GouraudWithEdges
350
9D
  3
Hidden
350
B67
  3
JitterOff
350
B6D
  3
Linepattern
350
A7
  3
OverhangOff
350
B6E
  3
Realistic
350
A3
  3
Shaded
350
B6C
  3
Shaded with edges
350
B6B
  3
Shades of Gray
350
B68
  3
Sketchy
350
B69
  3
Thicken
350
A6
  3
Wireframe
350
B66
  3
X-Ray
350
B6A
  0
XRECORD
  5
DA5
102
{ACAD_REACTORS
330
C
102
}
330
C
100
AcDbXrecord
280
     1
 90
        1
330
87
330
BA
330
BE
330
EB
  0
DICTIONARY
  5
66
102
{ACAD_REACTORS
330
C
102
}
330
C
100
AcDbDictionary
281
     1
  3
CANNOSCALE
350
1FF
  3
CMLEADERSTYLE
350
1FD
  3
CTABLESTYLE
350
89
  3
CVIEWDETAILSTYLE
350
CB2
  3
CVIEWSECTIONSTYLE
350
CB3
  3
DIMASSOC
350
67
  3
HIDETEXT
350
6B
  3
LAYEREVAL
350
CB4
  3
LAYERNOTIFY
350
CB5
  3
LIGHTINGUNITS
350
200
  3
MSLTSCALE
350
1FE
  0
DICTIONARY
  5
B79
102
{ACAD_REACTORS
330
C
102
}
330
C
100
AcDbDictionary
281
     1
  3
MC_VERSION_DATA
350
B7E
  3
MCS_DOCUMENT_ID
350
B7A
  3
MCS_PARAMS_DATA
350
B7C
  0
XRECORD
  5
18D
102
{ACAD_REACTORS
330
18C
102
}
330
18C
100
AcDbXrecord
280
     1
290
     1
  0
XRECORD
  5
DA4
102
{ACAD_REACTORS
330
DA3
102
}
330
DA3
100
AcDbXrecord
280
     1
102
ACAD_ROUNDTRIP_2008_TABLE_ENTITY
360
CB9
 70
     1
 90
       27
 90
        1
 40
0.99
 90
        3
 90
        0
 90
        4
 10
0.0
 20
0.0
 30
0.0
 40
3.791343427060798
 90
        2
 10
10.02899606084969
 20
-5.448387361068885
 30
0.0
 40
2.366359616031928
 90
        3
 10
22.80487883482493
 20
-9.389310432562043
 30
0.0
 40
5.601509252583512
 90
        3
 10
40.46999999999997
 20
-6.57937595363825
 30
0.0
 40
1.175976928622926
 90
        3
 90
        3
 10
0.0
 20
0.0
 30
0.0
 90
        3
 90
        9
 10
10.02899606084969
 20
-5.448387361068885
 30
0.0
 90
       10
 90
       12
 10
22.80487883482493
 20
-9.389310432562043
 30
0.0
 90
       13
 90
       14
 90
        2
330
CBB
330
D2F
361
CBA
  0
ACDBDETAILVIEWSTYLE
  5
B73
102
{ACAD_XDICTIONARY
360
DDC
102
}
102
{ACAD_REACTORS
330
B72
102
}
330
B72
100
AcDbModelDocViewStyle
 70
     0
  3
Imperial24
290
     0
100
AcDbDetailViewStyle
 70
     0
 71
     0
 90
        3
 71
     1
340
11
 62
   256
 40
0.24
340
0
 62
   256
 40
0.24
300

 40
0.36
280
     3
 71
     2
340
16
 90
       25
 62
   256
 71
     3
340
11
 62
   256
 40
0.24
 90
        1
 40
0.75
 90
        1
300
%<\AcVar ViewType \f "%tc1">% %<\AcVar ViewDetailId>%\PМАСШТАБ %<\AcVar ViewScale \f "%sn">%
 71
     4
340
16
 90
       25
 62
   256
340
16
 90
       25
 62
   256
280
     0
  0
LAYOUT
  5
59
102
{ACAD_REACTORS
330
1A
102
}
330
1A
100
AcDbPlotSettings
  1

  2
None
  4

  6

 40
0.0
 41
0.0
 42
0.0
 43
0.0
 44
0.0
 45
0.0
 46
0.0
 47
0.0
 48
0.0
 49
0.0
140
0.0
141
0.0
142
1.0
143
1.0
 70
   688
 72
     0
 73
     0
 74
     5
  7

 75
    16
147
1.0
 76
     0
 77
     2
 78
   300
148
0.0
149
0.0
100
AcDbLayout
  1
Layout1
 70
     1
 71
     1
 10
0.0
 20
0.0
 11
12.0
 21
9.0
 12
0.0
 22
0.0
 32
0.0
 14
0.0
 24
0.0
 34
0.0
 15
0.0
 25
0.0
 35
0.0
146
0.0
 13
0.0
 23
0.0
 33
0.0
 16
1.0
 26
0.0
 36
0.0
 17
0.0
 27
1.0
 37
0.0
 76
     0
330
58
  0
LAYOUT
  5
5E
102
{ACAD_REACTORS
330
1A
102
}
330
1A
100
AcDbPlotSettings
  1

  2
None
  4

  6

 40
0.0
 41
0.0
 42
0.0
 43
0.0
 44
0.0
 45
0.0
 46
0.0
 47
0.0
 48
0.0
 49
0.0
140
0.0
141
0.0
142
1.0
143
1.0
 70
   688
 72
     0
 73
     0
 74
     5
  7

 75
    16
147
1.0
 76
     0
 77
     2
 78
   300
148
0.0
149
0.0
100
AcDbLayout
  1
Layout2
 70
     1
 71
     2
 10
0.0
 20
0.0
 11
12.0
 21
9.0
 12
0.0
 22
0.0
 32
0.0
 14
0.0
 24
0.0
 34
0.0
 15
0.0
 25
0.0
 35
0.0
146
0.0
 13
0.0
 23
0.0
 33
0.0
 16
1.0
 26
0.0
 36
0.0
 17
0.0
 27
1.0
 37
0.0
 76
     0
330
5D
  0
LAYOUT
  5
22
102
{ACAD_REACTORS
330
1A
102
}
330
1A
100
AcDbPlotSettings
  1

  2
none_device
  4
ANSI_A_(8.50_x_11.00_Inches)
  6

 40
6.349999904632567
 41
19.04999923706055
 42
6.350006103515625
 43
19.04998779296875
 44
215.8999938964844
 45
279.3999938964844
 46
0.0
 47
0.0
 48
0.0
 49
0.0
140
0.0
141
0.0
142
1.0
143
2.584895464708373
 70
 11952
 72
     0
 73
     1
 74
     0
  7

 75
     0
147
0.3868628397755418
 76
     0
 77
     2
 78
   300
148
0.0
149
0.0
100
AcDbLayout
  1
Model
 70
     1
 71
     0
 10
0.0
 20
0.0
 11
12.0
 21
9.0
 12
0.0
 22
0.0
 32
0.0
 14
0.0
 24
0.0
 34
0.0
 15
0.0
 25
0.0
 35
0.0
146
0.0
 13
0.0
 23
0.0
 33
0.0
 16
1.0
 26
0.0
 36
0.0
 17
0.0
 27
1.0
 37
0.0
 76
     0
330
1F
331
94
  0
MATERIAL
  5
97
102
{ACAD_REACTORS
330
72
102
}
330
72
100
AcDbMaterial
  1
ByBlock
  0
MATERIAL
  5
96
102
{ACAD_REACTORS
330
72
102
}
330
72
100
AcDbMaterial
  1
ByLayer
  0
MATERIAL
  5
98
102
{ACAD_REACTORS
330
72
102
}
330
72
100
AcDbMaterial
  1
Global
  0
MLEADERSTYLE
  5
E4
102
{ACAD_REACTORS
330
E3
102
}
330
E3
100
AcDbMLeaderStyle
170
     2
171
     1
172
     0
 90
        2
 40
0.0
 41
0.0
173
     1
 91
-1056964608
340
14
 92
       -2
290
     1
 42
0.09
291
     1
 43
0.36
  3
Standard
 44
0.18
300

342
11
174
     1
178
     6
175
     1
176
     0
 93
-1056964608
 45
0.18
292
     0
297
     0
 46
0.18
 94
-1056964608
 47
1.0
 49
1.0
140
1.0
293
     1
141
0.0
294
     1
177
     0
142
1.0
295
     0
296
     0
143
0.125
1001
ACAD_MLEADERVER
1070
     2
  0
MLINESTYLE
  5
18
102
{ACAD_REACTORS
330
17
102
}
330
17
100
AcDbMlineStyle
  2
STANDARD
 70
     0
  3

 62
   256
 51
90.0
 52
90.0
 71
     2
 49
0.5
 62
   256
  6
BYLAYER
 49
-0.5
 62
   256
  6
BYLAYER
  0
ACDBPLACEHOLDER
  5
F
102
{ACAD_REACTORS
330
E
102
}
330
E
  0
SCALE
  5
C2
102
{ACAD_REACTORS
330
C1
102
}
330
C1
100
AcDbScale
 70
     0
300
1:1
140
1.0
141
1.0
290
     1
  0
SCALE
  5
C3
102
{ACAD_REACTORS
330
C1
102
}
330
C1
100
AcDbScale
 70
     0
300
1:2
140
1.0
141
2.0
290
     0
  0
SCALE
  5
C4
102
{ACAD_REACTORS
330
C1
102
}
330
C1
100
AcDbScale
 70
     0
300
1:4
140
1.0
141
4.0
290
     0
  0
SCALE
  5
C5
102
{ACAD_REACTORS
330
C1
102
}
330
C1
100
AcDbScale
 70
     0
300
1:5
140
1.0
141
5.0
290
     0
  0
SCALE
  5
C6
102
{ACAD_REACTORS
330
C1
102
}
330
C1
100
AcDbScale
 70
     0
300
1:8
140
1.0
141
8.0
290
     0
  0
SCALE
  5
C7
102
{ACAD_REACTORS
330
C1
102
}
330
C1
100
AcDbScale
 70
     0
300
1:10
140
1.0
141
10.0
290
     0
  0
SCALE
  5
C8
102
{ACAD_REACTORS
330
C1
102
}
330
C1
100
AcDbScale
 70
     0
300
1:16
140
1.0
141
16.0
290
     0
  0
SCALE
  5
C9
102
{ACAD_REACTORS
330
C1
102
}
330
C1
100
AcDbScale
 70
     0
300
1:20
140
1.0
141
20.0
290
     0
  0
SCALE
  5
CA
102
{ACAD_REACTORS
330
C1
102
}
330
C1
100
AcDbScale
 70
     0
300
1:30
140
1.0
141
30.0
290
     0
  0
SCALE
  5
CB
102
{ACAD_REACTORS
330
C1
102
}
330
C1
100
AcDbScale
 70
     0
300
1:40
140
1.0
141
40.0
290
     0
  0
SCALE
  5
CC
102
{ACAD_REACTORS
330
C1
102
}
330
C1
100
AcDbScale
 70
     0
300
1:50
140
1.0
141
50.0
290
     0
  0
SCALE
  5
CD
102
{ACAD_REACTORS
330
C1
102
}
330
C1
100
AcDbScale
 70
     0
300
1:100
140
1.0
141
100.0
290
     0
  0
SCALE
  5
CE
102
{ACAD_REACTORS
330
C1
102
}
330
C1
100
AcDbScale
 70
     0
300
2:1
140
2.0
141
1.0
290
     0
  0
SCALE
  5
CF
102
{ACAD_REACTORS
330
C1
102
}
330
C1
100
AcDbScale
 70
     0
300
4:1
140
4.0
141
1.0
290
     0
  0
SCALE
  5
D0
102
{ACAD_REACTORS
330
C1
102
}
330
C1
100
AcDbScale
 70
     0
300
8:1
140
8.0
141
1.0
290
     0
  0
SCALE
  5
D1
102
{ACAD_REACTORS
330
C1
102
}
330
C1
100
AcDbScale
 70
     0
300
10:1
140
10.0
141
1.0
290
     0
  0
SCALE
  5
D2
102
{ACAD_REACTORS
330
C1
102
}
330
C1
100
AcDbScale
 70
     0
300
100:1
140
100.0
141
1.0
290
     0
  0
SCALE
  5
D3
102
{ACAD_REACTORS
330
C1
102
}
330
C1
100
AcDbScale
 70
     0
300
1/128" = 1'-0"
140
0.0078125
141
12.0
290
     0
  0
SCALE
  5
D4
102
{ACAD_REACTORS
330
C1
102
}
330
C1
100
AcDbScale
 70
     0
300
1/64" = 1'-0"
140
0.015625
141
12.0
290
     0
  0
SCALE
  5
D5
102
{ACAD_REACTORS
330
C1
102
}
330
C1
100
AcDbScale
 70
     0
300
1/32" = 1'-0"
140
0.03125
141
12.0
290
     0
  0
SCALE
  5
D6
102
{ACAD_REACTORS
330
C1
102
}
330
C1
100
AcDbScale
 70
     0
300
1/16" = 1'-0"
140
0.0625
141
12.0
290
     0
  0
SCALE
  5
D7
102
{ACAD_REACTORS
330
C1
102
}
330
C1
100
AcDbScale
 70
     0
300
3/32" = 1'-0"
140
0.09375
141
12.0
290
     0
  0
SCALE
  5
D8
102
{ACAD_REACTORS
330
C1
102
}
330
C1
100
AcDbScale
 70
     0
300
1/8" = 1'-0"
140
0.125
141
12.0
290
     0
  0
SCALE
  5
D9
102
{ACAD_REACTORS
330
C1
102
}
330
C1
100
AcDbScale
 70
     0
300
3/16" = 1'-0"
140
0.1875
141
12.0
290
     0
  0
SCALE
  5
DA
102
{ACAD_REACTORS
330
C1
102
}
330
C1
100
AcDbScale
 70
     0
300
1/4" = 1'-0"
140
0.25
141
12.0
290
     0
  0
SCALE
  5
DB
102
{ACAD_REACTORS
330
C1
102
}
330
C1
100
AcDbScale
 70
     0
300
3/8" = 1'-0"
140
0.375
141
12.0
290
     0
  0
SCALE
  5
DC
102
{ACAD_REACTORS
330
C1
102
}
330
C1
100
AcDbScale
 70
     0
300
1/2" = 1'-0"
140
0.5
141
12.0
290
     0
  0
SCALE
  5
DD
102
{ACAD_REACTORS
330
C1
102
}
330
C1
100
AcDbScale
 70
     0
300
3/4" = 1'-0"
140
0.75
141
12.0
290
     0
  0
SCALE
  5
DE
102
{ACAD_REACTORS
330
C1
102
}
330
C1
100
AcDbScale
 70
     0
300
1" = 1'-0"
140
1.0
141
12.0
290
     0
  0
SCALE
  5
DF
102
{ACAD_REACTORS
330
C1
102
}
330
C1
100
AcDbScale
 70
     0
300
1-1/2" = 1'-0"
140
1.5
141
12.0
290
     0
  0
SCALE
  5
E0
102
{ACAD_REACTORS
330
C1
102
}
330
C1
100
AcDbScale
 70
     0
300
3" = 1'-0"
140
3.0
141
12.0
290
     0
  0
SCALE
  5
E1
102
{ACAD_REACTORS
330
C1
102
}
330
C1
100
AcDbScale
 70
     0
300
6" = 1'-0"
140
6.0
141
12.0
290
     0
  0
SCALE
  5
E2
102
{ACAD_REACTORS
330
C1
102
}
330
C1
100
AcDbScale
 70
     0
300
1'-0" = 1'-0"
140
12.0
141
12.0
290
     0
  0
ACDBSECTIONVIEWSTYLE
  5
B71
102
{ACAD_XDICTIONARY
360
DDA
102
}
102
{ACAD_REACTORS
330
B70
102
}
330
B70
100
AcDbModelDocViewStyle
 70
     0
  3
Imperial24
290
     0
100
AcDbSectionViewStyle
 70
     0
 71
     0
 90
       78
 71
     1
340
11
 62
   256
 40
0.24
340
0
340
0
 62
   256
 40
0.24
300
I, O, Q, S, X, Z
 40
0.48
 90
        3
 40
0.18
 90
        1
 71
     2
340
16
 90
       25
 62
   256
340
16
 90
       50
 62
   256
 40
0.24
 40
0.0
 40
0.24
 71
     3
340
11
 62
   256
 40
0.24
 90
        1
 40
0.75
 90
        1
300
%<\AcVar ViewType \f "%tc1">% %<\AcVar ViewSectionStartId>%-%<\AcVar ViewSectionEndId>%\PМАСШТАБ %<\AcVar ViewScale \f "%sn">%
 71
     4
 62
   256
 62
   257
300
ANSI31
 40
1.0
 90
        0
290
     0
290
     0
 90
        6
 40
0.0
 40
1.570796326794896
 40
0.2617993877991494
 40
1.308996938995747
 40
-0.2617993877991494
 40
1.832595714594046
  0
TABLESTYLE
  5
BE
102
{ACAD_XDICTIONARY
360
205
102
}
102
{ACAD_REACTORS
330
86
102
}
330
86
100
AcDbTableStyle
  3
Standard
 70
     0
 71
     0
 40
0.06
 41
0.06
280
     0
281
     0
  7
newtext
140
18.0
170
     2
 62
     0
 63
     7
283
     0
 90
      512
 91
        0
  1

274
    -2
284
     1
 64
     0
275
    -2
285
     1
 65
     0
276
    -2
286
     1
 66
     0
277
    -2
287
     1
 67
     0
278
    -2
288
     1
 68
     0
279
    -2
289
     1
 69
     0
  7
newtext
140
40.0
170
     5
 62
     0
 63
     7
283
     0
 90
      512
 91
        0
  1

274
    -2
284
     1
 64
     0
275
    -2
285
     1
 65
     0
276
    -2
286
     1
 66
     0
277
    -2
287
     1
 67
     0
278
    -2
288
     1
 68
     0
279
    -2
289
     1
 69
     0
  7
newtext
140
28.0
170
     5
 62
     0
 63
     7
283
     0
 90
      512
 91
        0
  1

274
    -2
284
     1
 64
     0
275
    -2
285
     1
 65
     0
276
    -2
286
     1
 66
     0
277
    -2
287
     1
 67
     0
278
    -2
288
     1
 68
     0
279
    -2
289
     1
 69
     0
  0
TABLESTYLE
  5
87
102
{ACAD_XDICTIONARY
360
201
102
}
102
{ACAD_REACTORS
330
86
330
EB
330
CBB
330
D2F
102
}
330
86
100
AcDbTableStyle
  3
Standard
 70
     0
 71
     0
 40
0.06
 41
0.06
280
     0
281
     0
  7
newtext
140
0.18
170
     2
 62
     0
 63
     7
283
     0
 90
      512
 91
        0
  1

274
    -2
284
     1
 64
     0
275
    -2
285
     1
 65
     0
276
    -2
286
     1
 66
     0
277
    -2
287
     1
 67
     0
278
    -2
288
     1
 68
     0
279
    -2
289
     1
 69
     0
  7
newtext
140
0.25
170
     5
 62
     0
 63
     7
283
     0
 90
      512
 91
        0
  1

274
    -2
284
     1
 64
     0
275
    -2
285
     1
 65
     0
276
    -2
286
     1
 66
     0
277
    -2
287
     1
 67
     0
278
    -2
288
     1
 68
     0
279
    -2
289
     1
 69
     0
  7
Standard
140
0.18
170
     5
 62
     0
 63
     7
283
     0
 90
      512
 91
        0
  1

274
    -2
284
     1
 64
     0
275
    -2
285
     1
 65
     0
276
    -2
286
     1
 66
     0
277
    -2
287
     1
 67
     0
278
    -2
288
     1
 68
     0
279
    -2
289
     1
 69
     0
  0
TABLESTYLE
  5
BA
102
{ACAD_XDICTIONARY
360
203
102
}
102
{ACAD_REACTORS
330
86
102
}
330
86
100
AcDbTableStyle
  3
Standard
 70
     0
 71
     0
 40
0.06
 41
0.06
280
     0
281
     0
  7
Standard
140
1.8
170
     2
 62
     0
 63
     7
283
     0
 90
      512
 91
        0
  1

274
    -2
284
     1
 64
     0
275
    -2
285
     1
 65
     0
276
    -2
286
     1
 66
     0
277
    -2
287
     1
 67
     0
278
    -2
288
     1
 68
     0
279
    -2
289
     1
 69
     0
  7
Standard
140
4.0
170
     5
 62
     0
 63
     7
283
     0
 90
      512
 91
        0
  1

274
    -2
284
     1
 64
     0
275
    -2
285
     1
 65
     0
276
    -2
286
     1
 66
     0
277
    -2
287
     1
 67
     0
278
    -2
288
     1
 68
     0
279
    -2
289
     1
 69
     0
  7
newtext
140
2.799999999999998
170
     5
 62
     0
 63
     7
283
     0
 90
      512
 91
        0
  1

274
    -2
284
     1
 64
     0
275
    -2
285
     1
 65
     0
276
    -2
286
     1
 66
     0
277
    -2
287
     1
 67
     0
278
    -2
288
     1
 68
     0
279
    -2
289
     1
 69
     0
  0
VISUALSTYLE
  5
9F
102
{ACAD_XDICTIONARY
360
DB0
102
}
102
{ACAD_REACTORS
330
99
102
}
330
99
100
AcDbVisualStyle
  2

 70
     4
 71
     0
 72
     2
 73
     1
 90
        0
 40
-0.6
 41
-30.0
 62
     5
 63
     7
421
 16777215
 74
     1
 91
        4
 64
     7
 65
   257
 75
     1
175
     1
 42
1.0
 92
        0
 66
   257
 43
1.0
 76
     1
 77
     6
 78
     2
 67
     7
 79
     5
170
     0
171
     0
290
     0
174
     0
 93
        1
 44
0.0
173
     0
291
     0
 45
0.0
1001
ACAD
1000
AcDbSavedByObjectVersion
1070
     0
  0
VISUALSTYLE
  5
A1
102
{ACAD_XDICTIONARY
360
DB4
102
}
102
{ACAD_REACTORS
330
99
102
}
330
99
100
AcDbVisualStyle
  2

 70
     6
 71
     1
 72
     2
 73
     2
 90
        0
 40
-0.6
 41
-30.0
 62
     5
 63
     7
421
 16777215
 74
     2
 91
        2
 64
     7
 65
   257
 75
     2
175
     1
 42
40.0
 92
        0
 66
   257
 43
1.0
 76
     1
 77
     6
 78
     2
 67
     7
 79
     3
170
     0
171
     0
290
     0
174
     0
 93
        1
 44
0.0
173
     0
291
     0
 45
0.0
1001
ACAD
1000
AcDbSavedByObjectVersion
1070
     0
  0
VISUALSTYLE
  5
A0
102
{ACAD_XDICTIONARY
360
DB2
102
}
102
{ACAD_REACTORS
330
99
102
}
330
99
100
AcDbVisualStyle
  2

 70
     5
 71
     0
 72
     2
 73
     1
 90
        0
 40
-0.6
 41
-30.0
 62
     5
 63
     7
421
 16777215
 74
     1
 91
        4
 64
     7
 65
   257
 75
     1
175
     1
 42
1.0
 92
        0
 66
   257
 43
1.0
 76
     1
 77
     6
 78
     2
 67
     7
 79
     5
170
     0
171
     0
290
     0
174
     0
 93
        1
 44
0.0
173
     0
291
     0
 45
0.0
1001
ACAD
1000
AcDbSavedByObjectVersion
1070
     0
  0
VISUALSTYLE
  5
9E
102
{ACAD_XDICTIONARY
360
DAE
102
}
102
{ACAD_REACTORS
330
99
102
}
330
99
100
AcDbVisualStyle
  2

 70
     7
 71
     1
 72
     0
 73
     1
 90
        0
 40
-0.6
 41
-30.0
 62
     5
 63
     7
421
 16777215
 74
     0
 91
        4
 64
     7
 65
   257
 75
     1
175
     1
 42
1.0
 92
        8
 66
     7
 43
1.0
 76
     1
 77
     6
 78
     2
 67
     7
 79
     5
170
     0
171
     0
290
     0
174
     0
 93
        1
 44
0.0
173
     0
291
     1
 45
0.0
1001
ACAD
1000
AcDbSavedByObjectVersion
1070
     0
  0
VISUALSTYLE
  5
A5
102
{ACAD_XDICTIONARY
360
DBC
102
}
102
{ACAD_REACTORS
330
99
102
}
330
99
100
AcDbVisualStyle
  2

 70
    12
 71
     2
 72
     2
 73
     1
 90
        0
 40
-0.6
 41
-30.0
 62
     5
 63
     7
421
 16777215
 74
     1
 91
        4
 64
     7
 65
   257
 75
     1
175
     1
 42
1.0
 92
        8
 66
     7
 43
1.0
 76
     1
 77
     6
 78
     2
 67
     7
 79
     5
170
     0
171
     0
290
     0
174
     0
 93
        1
 44
50.0
173
     0
291
     1
 45
0.0
1001
ACAD
1000
AcDbSavedByObjectVersion
1070
     0
  0
VISUALSTYLE
  5
A9
102
{ACAD_XDICTIONARY
360
DC4
102
}
102
{ACAD_REACTORS
330
99
102
}
330
99
100
AcDbVisualStyle
  2

 70
    16
 71
     2
 72
     2
 73
     3
 90
        0
 40
-0.6
 41
-30.0
 62
     5
 63
     8
421
  8421504
 74
     1
 91
        4
 64
     7
 65
   257
 75
     1
175
     1
 42
1.0
 92
        8
 66
     8
424
  8421504
 43
1.0
 76
     1
 77
     6
 78
     2
 67
     7
 79
     5
170
     0
171
     0
290
     0
174
     0
 93
        1
 44
0.0
173
     0
291
     1
 45
0.0
1001
ACAD
1000
AcDbSavedByObjectVersion
1070
     0
  0
VISUALSTYLE
  5
A2
102
{ACAD_XDICTIONARY
360
DB6
102
}
102
{ACAD_REACTORS
330
99
102
}
330
99
100
AcDbVisualStyle
  2

 70
     9
 71
     3
 72
     2
 73
     1
 90
        0
 40
-0.6
 41
-30.0
 62
     5
 63
     7
421
 16777215
 74
     2
 91
        2
 64
     7
 65
   257
 75
     1
175
     1
 42
40.0
 92
        8
 66
     7
 43
1.0
 76
     1
 77
     6
 78
     2
 67
     7
 79
     3
170
     0
171
     0
290
     0
174
     0
 93
        1
 44
0.0
173
     0
291
     0
 45
0.0
1001
ACAD
1000
AcDbSavedByObjectVersion
1070
     0
  0
VISUALSTYLE
  5
A4
102
{ACAD_XDICTIONARY
360
DBA
102
}
102
{ACAD_REACTORS
330
99
102
}
330
99
100
AcDbVisualStyle
  2

 70
    11
 71
     2
 72
     2
 73
     1
 90
        0
 40
-0.6
 41
-30.0
 62
     5
 63
     7
421
 16777215
 74
     1
 91
        4
 64
     7
 65
   257
 75
     1
175
     1
 42
1.0
 92
        8
 66
     7
 43
1.0
 76
     1
 77
     6
 78
     2
 67
     7
 79
     5
170
     0
171
     0
290
     0
174
     0
 93
        1
 44
-50.0
173
     0
291
     1
 45
0.0
1001
ACAD
1000
AcDbSavedByObjectVersion
1070
     0
  0
VISUALSTYLE
  5
B6F
102
{ACAD_XDICTIONARY
360
DD8
102
}
102
{ACAD_REACTORS
330
99
102
}
330
99
100
AcDbVisualStyle
  2
EdgeColorOff
 70
    22
 71
     2
 72
     2
 73
     0
 90
        0
 40
-0.6
 41
-30.0
 62
     5
 63
     7
421
 16777215
 74
     1
 91
        4
 64
     7
 65
   257
 75
     1
175
     1
 42
1.0
 92
        8
 66
     7
 43
1.0
 76
     1
 77
     6
 78
     2
 67
     7
 79
     5
170
     0
171
     0
290
     0
174
     0
 93
        1
 44
0.0
173
     0
291
     1
 45
0.0
1001
ACAD
1000
AcDbSavedByObjectVersion
1070
     0
  0
VISUALSTYLE
  5
A8
102
{ACAD_XDICTIONARY
360
DC2
102
}
102
{ACAD_REACTORS
330
99
102
}
330
99
100
AcDbVisualStyle
  2

 70
    15
 71
     2
 72
     2
 73
     1
 90
        0
 40
-0.6
 41
-30.0
 62
     5
 63
     7
421
 16777215
 74
     1
 91
        4
 64
     7
 65
   257
 75
     1
175
     1
 42
1.0
 92
        8
 66
     7
 43
1.0
 76
     1
 77
     6
 78
     2
 67
     7
 79
     5
170
     0
171
     0
290
     0
174
     0
 93
        1
 44
0.0
173
     0
291
     1
 45
0.0
1001
ACAD
1000
AcDbSavedByObjectVersion
1070
     0
  0
VISUALSTYLE
  5
9A
102
{ACAD_XDICTIONARY
360
DA6
102
}
102
{ACAD_REACTORS
330
99
102
}
330
99
100
AcDbVisualStyle
  2

 70
     0
 71
     2
 72
     1
 73
     1
 90
        2
 40
-0.6
 41
30.0
 62
     5
 63
     7
421
 16777215
 74
     0
 91
        4
 64
     7
 65
   257
 75
     1
175
     1
 42
1.0
 92
        8
 66
     7
 43
1.0
 76
     1
 77
     6
 78
     2
 67
     7
 79
     5
170
     0
171
     0
290
     0
174
     0
 93
        1
 44
0.0
173
     0
291
     1
 45
0.0
1001
ACAD
1000
AcDbSavedByObjectVersion
1070
     0
  0
VISUALSTYLE
  5
9B
102
{ACAD_XDICTIONARY
360
DA8
102
}
102
{ACAD_REACTORS
330
99
102
}
330
99
100
AcDbVisualStyle
  2

 70
     1
 71
     2
 72
     1
 73
     1
 90
        2
 40
-0.6
 41
30.0
 62
     5
 63
     7
421
 16777215
 74
     1
 91
        4
 64
     7
 65
   257
 75
     1
175
     1
 42
1.0
 92
        0
 66
   257
 43
1.0
 76
     1
 77
     6
 78
     2
 67
     7
 79
     5
170
     0
171
     0
290
     0
174
     0
 93
        1
 44
0.0
173
     0
291
     1
 45
0.0
1001
ACAD
1000
AcDbSavedByObjectVersion
1070
     0
  0
VISUALSTYLE
  5
9C
102
{ACAD_XDICTIONARY
360
DAA
102
}
102
{ACAD_REACTORS
330
99
102
}
330
99
100
AcDbVisualStyle
  2

 70
     2
 71
     2
 72
     2
 73
     1
 90
        2
 40
-0.6
 41
30.0
 62
     5
 63
     7
421
 16777215
 74
     0
 91
        4
 64
     7
 65
   257
 75
     1
175
     1
 42
1.0
 92
        0
 66
     7
 43
1.0
 76
     1
 77
     6
 78
     2
 67
     7
 79
     5
170
     0
171
     0
290
     0
174
     0
 93
        1
 44
0.0
173
     0
291
     1
 45
0.0
1001
ACAD
1000
AcDbSavedByObjectVersion
1070
     0
  0
VISUALSTYLE
  5
9D
102
{ACAD_XDICTIONARY
360
DAC
102
}
102
{ACAD_REACTORS
330
99
102
}
330
99
100
AcDbVisualStyle
  2

 70
     3
 71
     2
 72
     2
 73
     1
 90
        2
 40
-0.6
 41
30.0
 62
     5
 63
     7
421
 16777215
 74
     1
 91
        4
 64
     7
 65
   257
 75
     1
175
     1
 42
1.0
 92
        0
 66
   257
 43
1.0
 76
     1
 77
     6
 78
     2
 67
     7
 79
     5
170
     0
171
     0
290
     0
174
     0
 93
        1
 44
0.0
173
     0
291
     1
 45
0.0
1001
ACAD
1000
AcDbSavedByObjectVersion
1070
     0
  0
VISUALSTYLE
  5
B67
102
{ACAD_XDICTIONARY
360
DC8
102
}
102
{ACAD_REACTORS
330
99
102
}
330
99
100
AcDbVisualStyle
  2
Hidden
 70
     6
 71
     1
 72
     2
 73
     2
 90
        0
 40
-0.6
 41
-30.0
 62
     5
 63
     7
421
 16777215
 74
     2
 91
        2
 64
     7
 65
   257
 75
     2
175
     1
 42
40.0
 92
        0
 66
   257
 43
1.0
 76
     1
 77
     6
 78
     2
 67
     7
 79
     3
170
     0
171
     0
290
     0
174
     0
 93
        1
 44
0.0
173
     0
291
     0
 45
0.0
1001
ACAD
1000
AcDbSavedByObjectVersion
1070
     0
  0
VISUALSTYLE
  5
B6D
102
{ACAD_XDICTIONARY
360
DD4
102
}
102
{ACAD_REACTORS
330
99
102
}
330
99
100
AcDbVisualStyle
  2
JitterOff
 70
    20
 71
     2
 72
     2
 73
     0
 90
        0
 40
-0.6
 41
-30.0
 62
     5
 63
     7
421
 16777215
 74
     1
 91
        4
 64
     7
 65
   257
 75
     1
175
     1
 42
1.0
 92
       10
 66
     7
 43
1.0
 76
     1
 77
     6
 78
     2
 67
     7
 79
     5
170
     0
171
     0
290
     0
174
     0
 93
        1
 44
0.0
173
     0
291
     1
 45
0.0
1001
ACAD
1000
AcDbSavedByObjectVersion
1070
     0
  0
VISUALSTYLE
  5
A7
102
{ACAD_XDICTIONARY
360
DC0
102
}
102
{ACAD_REACTORS
330
99
102
}
330
99
100
AcDbVisualStyle
  2

 70
    14
 71
     2
 72
     2
 73
     1
 90
        0
 40
-0.6
 41
-30.0
 62
     5
 63
     7
421
 16777215
 74
     1
 91
        4
 64
     7
 65
   257
 75
     7
175
     7
 42
1.0
 92
        8
 66
     7
 43
1.0
 76
     1
 77
     6
 78
     2
 67
     7
 79
     5
170
     0
171
     0
290
     0
174
     0
 93
        1
 44
0.0
173
     0
291
     1
 45
0.0
1001
ACAD
1000
AcDbSavedByObjectVersion
1070
     0
  0
VISUALSTYLE
  5
B6E
102
{ACAD_XDICTIONARY
360
DD6
102
}
102
{ACAD_REACTORS
330
99
102
}
330
99
100
AcDbVisualStyle
  2
OverhangOff
 70
    21
 71
     2
 72
     2
 73
     0
 90
        0
 40
-0.6
 41
-30.0
 62
     5
 63
     7
421
 16777215
 74
     1
 91
        4
 64
     7
 65
   257
 75
     1
175
     1
 42
1.0
 92
        9
 66
     7
 43
1.0
 76
     1
 77
     6
 78
     2
 67
     7
 79
     5
170
     0
171
     0
290
     0
174
     0
 93
        1
 44
0.0
173
     0
291
     1
 45
0.0
1001
ACAD
1000
AcDbSavedByObjectVersion
1070
     0
  0
VISUALSTYLE
  5
A3
102
{ACAD_XDICTIONARY
360
DB8
102
}
102
{ACAD_REACTORS
330
99
102
}
330
99
100
AcDbVisualStyle
  2

 70
     8
 71
     2
 72
     2
 73
     1
 90
        0
 40
-0.6
 41
-30.0
 62
     5
 63
     7
421
 16777215
 74
     1
 91
        0
 64
     7
 65
   257
 75
     1
175
     1
 42
1.0
 92
        8
 66
     8
424
  7895160
 43
1.0
 76
     1
 77
     6
 78
     2
 67
     7
 79
     5
170
     0
171
     0
290
     0
174
     0
 93
       13
 44
0.0
173
     0
291
     0
 45
0.0
1001
ACAD
1000
AcDbSavedByObjectVersion
1070
     0
  0
VISUALSTYLE
  5
B6C
102
{ACAD_XDICTIONARY
360
DD2
102
}
102
{ACAD_REACTORS
330
99
102
}
330
99
100
AcDbVisualStyle
  2
Shaded
 70
    27
 71
     2
 72
     2
 73
     1
 90
        2
 40
-0.6
 41
30.0
 62
     5
 63
     7
421
 16777215
 74
     0
 91
        4
 64
     7
 65
   257
 75
     1
175
     1
 42
1.0
 92
        8
 66
   257
 43
1.0
 76
     1
 77
     6
 78
     2
 67
     8
425
  7895160
 79
     3
170
     0
171
     0
290
     0
174
     0
 93
        5
 44
0.0
173
     0
291
     0
 45
0.0
1001
ACAD
1000
AcDbSavedByObjectVersion
1070
     0
  0
VISUALSTYLE
  5
B6B
102
{ACAD_XDICTIONARY
360
DD0
102
}
102
{ACAD_REACTORS
330
99
102
}
330
99
100
AcDbVisualStyle
  2
Shaded with edges
 70
    26
 71
     2
 72
     2
 73
     1
 90
        2
 40
-0.6
 41
30.0
 62
     5
 63
     7
421
 16777215
 74
     1
 91
        2
 64
     7
 65
   257
 75
     2
175
     1
 42
1.0
 92
        8
 66
   257
 43
1.0
 76
     1
 77
     6
 78
     2
 67
     7
 79
     3
170
     0
171
     0
290
     0
174
     0
 93
        5
 44
0.0
173
     0
291
     0
 45
0.0
1001
ACAD
1000
AcDbSavedByObjectVersion
1070
     0
  0
VISUALSTYLE
  5
B68
102
{ACAD_XDICTIONARY
360
DCA
102
}
102
{ACAD_REACTORS
330
99
102
}
330
99
100
AcDbVisualStyle
  2
Shades of Gray
 70
    23
 71
     2
 72
     2
 73
     3
 90
        0
 40
-0.6
 41
-30.0
 62
     5
 63
     7
421
 16777215
 74
     2
 91
        2
 64
     7
 65
     7
 75
     1
175
     1
 42
40.0
 92
        8
 66
     7
 43
1.0
 76
     1
 77
     6
 78
     2
 67
     7
 79
     3
170
     0
171
     0
290
     0
174
     0
 93
        1
 44
0.0
173
     0
291
     0
 45
0.0
1001
ACAD
1000
AcDbSavedByObjectVersion
1070
     0
  0
VISUALSTYLE
  5
B69
102
{ACAD_XDICTIONARY
360
DCC
102
}
102
{ACAD_REACTORS
330
99
102
}
330
99
100
AcDbVisualStyle
  2
Sketchy
 70
    24
 71
     1
 72
     2
 73
     2
 90
        0
 40
-0.6
 41
-30.0
 62
     5
 63
     7
421
 16777215
 74
     2
 91
        2
 64
     7
 65
     7
 75
     1
175
     1
 42
40.0
 92
       11
 66
     7
 43
1.0
 76
     1
 77
     6
 78
     2
 67
     7
 79
     6
170
     0
171
     0
290
     0
174
     0
 93
        1
 44
0.0
173
     0
291
     0
 45
0.0
1001
ACAD
1000
AcDbSavedByObjectVersion
1070
     0
  0
VISUALSTYLE
  5
A6
102
{ACAD_XDICTIONARY
360
DBE
102
}
102
{ACAD_REACTORS
330
99
102
}
330
99
100
AcDbVisualStyle
  2

 70
    13
 71
     2
 72
     2
 73
     1
 90
        0
 40
-0.6
 41
-30.0
 62
     5
 63
     7
421
 16777215
 74
     1
 91
        4
 64
     7
 65
   257
 75
     1
175
     1
 42
1.0
 92
       12
 66
     7
 43
1.0
 76
     1
 77
     6
 78
     2
 67
     7
 79
     5
170
     0
171
     0
290
     0
174
     0
 93
        1
 44
0.0
173
     0
291
     1
 45
0.0
1001
ACAD
1000
AcDbSavedByObjectVersion
1070
     0
  0
VISUALSTYLE
  5
B66
102
{ACAD_XDICTIONARY
360
DC6
102
}
102
{ACAD_REACTORS
330
99
102
}
330
99
100
AcDbVisualStyle
  2
Wireframe
 70
     5
 71
     0
 72
     2
 73
     0
 90
        0
 40
-0.6
 41
-30.0
 62
     5
 63
     7
421
 16777215
 74
     1
 91
        4
 64
     7
 65
   257
 75
     1
175
     1
 42
1.0
 92
        0
 66
   257
 43
1.0
 76
     1
 77
     6
 78
     2
 67
     7
 79
     3
170
     0
171
     0
290
     0
174
     0
 93
        1
 44
0.0
173
     0
291
     0
 45
0.0
1001
ACAD
1000
AcDbSavedByObjectVersion
1070
     0
  0
VISUALSTYLE
  5
B6A
102
{ACAD_XDICTIONARY
360
DCE
102
}
102
{ACAD_REACTORS
330
99
102
}
330
99
100
AcDbVisualStyle
  2
X-Ray
 70
    25
 71
     2
 72
     2
 73
     1
 90
        1
 40
0.5
 41
-30.0
 62
     5
 63
     7
421
 16777215
 74
     1
 91
        0
 64
     7
 65
   257
 75
     1
175
     1
 42
1.0
 92
        8
 66
     7
 43
1.0
 76
     1
 77
     6
 78
     2
 67
     7
 79
     3
170
     0
171
     0
290
     0
174
     0
 93
       13
 44
0.0
173
     0
291
     0
 45
0.0
1001
ACAD
1000
AcDbSavedByObjectVersion
1070
     0
  0
DICTIONARYVAR
  5
1FF
102
{ACAD_REACTORS
330
66
102
}
330
66
100
DictionaryVariables
280
     0
  1
1:1
  0
DICTIONARYVAR
  5
1FD
102
{ACAD_REACTORS
330
66
102
}
330
66
100
DictionaryVariables
280
     0
  1
STANDARD
  0
DICTIONARYVAR
  5
89
102
{ACAD_REACTORS
330
66
102
}
330
66
100
DictionaryVariables
280
     0
  1
STANDARD
  0
DICTIONARYVAR
  5
CB2
102
{ACAD_REACTORS
330
66
102
}
330
66
100
DictionaryVariables
280
     0
  1
Imperial24
  0
DICTIONARYVAR
  5
CB3
102
{ACAD_REACTORS
330
66
102
}
330
66
100
DictionaryVariables
280
     0
  1
Imperial24
  0
DICTIONARYVAR
  5
67
102
{ACAD_REACTORS
330
66
102
}
330
66
100
DictionaryVariables
280
     0
  1
2
  0
DICTIONARYVAR
  5
6B
102
{ACAD_REACTORS
330
66
102
}
330
66
100
DictionaryVariables
280
     0
  1
1
  0
DICTIONARYVAR
  5
CB4
102
{ACAD_REACTORS
330
66
102
}
330
66
100
DictionaryVariables
280
     0
  1
1
  0
DICTIONARYVAR
  5
CB5
102
{ACAD_REACTORS
330
66
102
}
330
66
100
DictionaryVariables
280
     0
  1
15
  0
DICTIONARYVAR
  5
200
102
{ACAD_REACTORS
330
66
102
}
330
66
100
DictionaryVariables
280
     0
  1
0
  0
DICTIONARYVAR
  5
1FE
102
{ACAD_REACTORS
330
66
102
}
330
66
100
DictionaryVariables
280
     0
  1
0
  0
XRECORD
  5
B7E
102
{ACAD_REACTORS
330
B79
102
}
330
B79
100
AcDbXrecord
280
     1
300
MC_VERSION_DATA
 90
      104
310
0600000002000000810000001C000000E304000000000000000000007801936764E5606058C0C7C0200E63283233313133330830B3323030307232C9DE65E2556491671161516451607067286248642860C860C8647066086680E92253BB140009510D3781000000
  0
XRECORD
  5
B7A
102
{ACAD_REACTORS
330
B79
102
}
330
B79
100
AcDbXrecord
280
     1
300
MCS_DOCUMENT_ID
 90
       60
310
0600000002000100150000001C000000E304000000000000000000007801E35DCC64DB7DC63CDB67D1E6E64DF64F6F6EFF0F04006ABF0C6F15000000
  0
XRECORD
  5
B7C
102
{ACAD_REACTORS
330
B79
102
}
330
B79
100
AcDbXrecord
280
     1
300
MCS_PARAMS_DATA
 90
    12170
310
0600000002000000469D02001C000000E304000000000000000000007801ED5D07B85C47755EDDB92A2BB9A8DA2A96F42C612159B6F4542DCB92AC7D4FB20AB2251904315F421A1F8EB10986900852213D21C9978FFA19127AB1A926ED4B213D800DA604139BB69450D288424D4842AC9C7F76EFBD333BE7CCCCEEF2F6C9BA
310
F3BE4FEF3DBDF34FB9FF9C73E6CC99B9B3630BE6A92C536A2EFDDB916F50D9A52A3F7B71A6B2392A9BB1209B93CDA09F40CC6C341A67D5CCB3F47D41760C7F9B3D373B90A966B6A19D2D1ACB77E43BF35DF99E7CACD1CAF7E55BE9B71D792B9FD07FDBD7FDAD99CD6E67D9E27C3C6F66CD76A656126622A7DA47D5503EA286
310
D4F31BA36AA9312AF2546354FAA01A231BA7C69C518DD34E18D7B8655C2B6145CD66B6A49D35579121ECCEAFCB6FCA0F9151EC2513B22D6E67D7E236C1E2F802645D67B27CCBE62DE3E56FDBB56D8DA41D1AB251B4A32D6B240DC1B046D310D9D5681A1AD518C1AA46F244DF546454332DA39A074399A18DE711DB846669C9
310
1A6D121128222B8CD2EA18018332C5C048156260717DC33044D4F6AD4422C53682B2A84812FF3391383C89DF4E240E4FE27F25128727F1BF1389C393B808216F9A9DF928247662F9DFA489C36BE2FF24128727F13B207196156C17E9A13DBC8E9B891D0942A16CA0162B992254A3CC3488883112182226A23F66D240AAE7FF
310
64B29685C9922046E7048845968431C9123106592226A23F2659523D8F24B268CDBA46E939A1B00689AC066655DE0CD787354B82182329402CCD9230A666891843B3444C447F4CCD92EA399B342B5EB366C89A2528A3E9E02588319202C4D22C09636A968831344BC444F4C7D42CA99EC532594F0D9BA104313A27402CB224
310
8C49968831C8123111FD31C992EA51325902BF35D6AC2C9115EFB32E0159B91594CE469E774ED690AD308020A5F723B40D062030C110842C300409F705F617A8652E481AB348D2C9F0D91B658EFC00EA9617A019F22340500041FC0410C17E801D7F1D0B41CE6C8B9CD5D020DA98BBB49DCD5D992FC957D3BFC7E6F3F335F9
310
CA7C63BE2C97591BB0243DC6602535CF0316C5000C5A944666D0A2833F2BC672C0561F9E2DB989CE565179B241EB0A85E2987FBA562521E841FC08D34D0895E8756BA016ECBB8720E1BE186E42EACBCA2691B4C2B204BD1851EB3261622F67698208B566D4B5402D9AA710A60C69E4DE5427147C9888FE80AB507FBE068DDA
310
C2922531412A55D42A418CCE09108B2C096392256248AD02DDA90E62C8E35BAD593D984F80ACCC22EB22F85835EB1577E1EBFEEB65971A0724E2A2809ABE3824488C44129591C8E87E4207E3EA5C0DB3B5C90D8C6B9F662B695079C8C933F2E79A265E83D93EEA8CDB0928289D713B8C1337D569B54E54B0307F5CBE9F0EEA
310
5C4367D9F6D219B71D74DEAD99AD6C67175E467F69D1519E5D24C739B84AAEE7143D325471CF81BA2968AC7025A368AC724A2369AD54AAD1B45638CAD1B436D2712B67BA913CDB27DD69A0F05473B18A5367E9D8A4198179A4054DE47BDCB2953EF2E25281047131E282D8DF76C9295FFA7BD63A1EA87864EB8CED0F75FDCF
310
93B3AC996D6E6797AC245F32D6D8976F278F33A9CFD94ED0CFEBF571C163F47F9CB8DD9B1FCB0FD3CF66B6B69DCD1FA3125BE96F8FCBAFD5255BF43B7C12BEEFA1B2DA234D5FE344E3B435AE3564FA5A87024E63EBA4DFD3D8FAB48E3BAC73FA9EFD53F08076F8C176E6295DE37F22828FC7B6B3856BC864AF23E3DE4D3F71
310
C47E420716DBE9FB7EFA1D260EA35FD1CE2E584A41C958633BE1769389779C02D09D20662105273B3C863FE50D4B833FD50DCB063FE52D8BC63EF52D4B863EF52D4FDB388B063EE5CFFC6918F71C6B956BA6AB16E5ABF2CB298738D6D8DAD8D4D8D6186F6CF7E4A8072C49B40F5652DBC78045A1E08316250D1DB4E8E0CF0A
310
1D19ACD56C068DB19D2DD60E9CD6E033E9880D9B47F4030A43916AA81C9788281D8C8C281C818C08F6A3342CA98E2C4BDC88DCE020829DA4E96677486BE8EBDBD7B30BA02086462D84D10A14044187C22052A33028A64F50A6604D47AE21D2EC03A4731118CD5079E3ACC7778641D4C52048F3164681B808143117818AEA17
310
B80BD7B522ED8C124FDD8D134159D4CF6D7434ACD9D130CA45C81E3D88A1710C61B47A0541D0AE3088942B0C8AE913542B58D3F35DD20A753CEB632D0C32D45FACC9324B19659AA5076598A50715D52FD32CE5BA5E2093D7384BE103CD056C10519027838C4E8A208B3C196592E74119E4795051FD32C993EBFA790F79A02D
310
489E08323B29816CF24494459E8C32C9935151FDB2C813EBFA05973C36F750FC11BB44C5EF3CB3D4392F4013E64780AC0082880A2082FD0041FE3ABEFAA34EECBA0413019D02B9B09DCD5C9E8FD1C98FF5F952CFD98FBEF0D4E57EF09AC9BE0A80D8FE0A10CFFD15E8F719300A7DB5F0350C8A1DFF19EFB37E47B6F7081475
310
3E8CD2B447C040760C8C288E81C5F50D7446D4F6759038CBCA4A7437211FF1287308425D0C403477210C880B6288B52026A23FE02B54CF3740D6D51659DA6F88CBBAC27D8900EA98B786CA474A55E83342FE3A7044288008F6A3F491623FAEF4FB48E4B696E81372B2619AE61FC45397FBC13B3E32D48026B6AF16C0737F05
310
FA7D865E1F197C868DEEA02CEA4E5CF3DA19A51C97D390CCF7587A1F687A9878B41E8E3EE07005FDC06928FA81F7D7770C431FB5EF7307C14C2F5E4603304603B134FFFE060664150D896C230396A4071CACA41EA8018B62D0062D4A033868D1C19F15033B60AB9BDC41367DC1E27C21B9BFB1E8103188A787ECA77EC7FD85
310
1A70DC5FB8408FFB0B17E8F7197ADD5FB085BDEEA0ACEDBA3F6C869A9657D4B5C47B827B88D2F4B08397D6C337447158E230C5696887293EDCB363D88768FD2A5709AEE82A018EE4ADCA17E457926D2EA7006523B9E0D09C8A85EF50E5898C61CA6B5518AA0228C37015903A0C57C1B01C402586EAC1D5AE522CEB2AC58276
310
36DB560A7936EEBB0C3D78BF65F480F75D0883DC7F211AD8FE0B0DF24C18C0BE5BDAEC1F34844E2B74F8841771E2062DAA4CCF03C69471062DAA50EFA0C515EA19B4B842833C53EFA045B574BD3B68923337EB93876F88D2F4D08397F6CEC1E1AEEB806A88D6B1BA1CA6F870CFEE9B83239EFDED279C04AA7905E06AB2DACB
310
680EDEA053044BF3CD1EEB1DA81C3DFC20E5F4900F5410963C58411AE6C10A0EFA8C18DA815A7C0706554CC00A57E6217C32F292128A1E268CD2C31301C360C4C088FA18585CDF406B446DEF4C24D2BE9CA006B1D760DD0B12D92C76966E10E8DECAAD33C0B846E68F13592AFA3E9DFD6EF42225883089ADF02653072C49FE
310
66B092DA3F0E58143E73D0A2E447072D3AF8B3C2DF0ED8EA9F261F3CBC0F7E1748B4CF377B379DCA0304D28E12DE0DF7D6A0D5DB8F80160710A4AC0144B01F503D7F1DBF0772EC039E7AB351ADA3BFFADE6D63A4D41DB9ACE6C42306213E31B1E113FBDB060F9ED2EF0609743A93F9048955F2724F5748672D2448D1251952
310
71E2C194C4F830053B3E4C447F4A9E3CF5BCE3189165BF0B5430D1F376F061E4ADE855E4FDD9AC66969FC966D00DFFB3CE646A7C53F7AA7FFA857E9B73269B89DFE8D7E6996C96FE957E9F7B269BDDF97D5CBFF037F58D18044DD99358433E75AD984A3385AD186A3785AD8C645C4CD59FBA671977A3B615DDECEEA2763667
310
05A51990E65F49DB71EBBCA9C2014A118DFD97D2FA3A403128E020C548A3062936D8B361CC07686D2B06315DDE05BD15EF2B535B40121F58286F60C1480B074041892BAD3C2A2F2E5DA1202E7C9820F6B75D7A0DBEF4369060CF953A1CA3D5AE7534F569DD99F22919BDEFBAAC9DCD5B406FBBE27DD83DFA4DD9DDF4BFFDFA
310
5DD88BDBD9ACD5F47E2CDEA4DD47AFC737336C0A5D4AB2EBE8EA8E09FDCA7CE7AA8FD5FA228F6B74B943DD97E9F53C3ABD1D203AA7B5035A5BA6B70750C869EE01E9FC34F760DAF500963BBD1C6C973D247956CFB5228CD4F052AED4F2908CD8F4909CD8F0909CD8DFB6E92199D2479F491E729BB9F4522F6974BCA17A6103
310
D7082C3A93CDDF3ED99A38B86DEBD65D5BB6B4AE9DB86667671DB1737C4B33BBB59D6DBD5C5F27720379C003F46F377943FC7E9CFCE70479CE83FAE290EBC85F6EA3BFE273CA70D111FE873B09F6E55BE8E77EF2A9B87BA0B8F8E878BEBEB19EEAD9427E751F95DF20BF55F5E8EA6FBEE051D55FA8EEA3ABC3644C8FB20ECF
310
78B475F8D1A6C3E4021F5D2A710833937D5B8099C0C6BDB263F4AFF376D11A5AABFAB6C5072C49B3CA6025F56C376051CC848316A55972D0A2833F2B66D7015B3D8C411637C9D35B4AD626B940873A0212D9FDDDF49652F1A9CB4594AD8E82ACF49692B5F22FC9F93EBCE6BAC90A843FA703E166533DDC38A31E6CEC1FDF39
310
716BABFB35B111BF1CC6B7E3371EC48FEAABFBDF9313274F3F77D744EBF48DADD6C91B6F807CA275E364EBD61B276F98D835D93A7D6402BF4F9EBC7D7272E3F6C9C98347773C61EBD1673DF949378D1FBA8DA0CF3B75C71192B7203FBE7D72E289379D78C2C13B0E1EBD15E55AB7B54E9FA21A0FEC3C74F2E01D476FBEBD75
310
E4B623771E3D89BE1CD8DC3A7D62736BE2F6D6D1C7DF42E56FE976EDC0AD279E77EAB6433FF2CC03ADD3078F1FBA75EF5E3B0B5270411B70AAB6CF4EC14D5D9F5D07FBB57D782C1CEAFBF0B408A9EFC3D7D9E6B138AAEDC83FC59DF43F5E4CFA1FA649FF033D93FE4ECCA4533AE99FBEE59663A76E3EB5F17987EFC4647DE4
310
B6DB9FD1BAF5D4646BF2C8818993D4F889673EB9F5F853771C3AD982EC8ED669FAE3895D075A9B77B5E86F772038288394E3ADCD471F7FE4070FDD7AE381D6C9ED3F284FF6B57B6632F8BA3DB39EDC6BF7D098D4EBF7D03499D7EFA1EB68D398BC6B37D29F99472B753B3BAA57AEE271D162BF570450FECF5B834E69FA11C8
310
5C0610C5A6AFD40DFDB139813A8A4D53B18ECF821CF66C8CF0712C386DEBFF98281CB7F523343F0108080A4188A11024DC17A46403B57C5E2449DE662CEA941055C704844992043148122115492224DC178324A9964F8324FBEC8C7004F468F7F4CC04B68B717A6625EDF18E35F021379D7BE48FD3C9986374560657A2E146
310
FA437A8FB83A3B83BBE53B7FF39D34FDAE3643148DE069F4988FA21D28CE48DA21ED1B493B231A1FD8C1289EE7A94B25B72C989FE1962544D8CAF1495B5D572854A2DF3D0E4146E571AE02496962E7F727AE0639753FCF39EE9210BA0D1C8614C490298530DA950741F0C3611019541814D327B8AF604D3FE192A65D9EE24E
310
F3822E8FB470CB6CD96AB6E3C5E52425888BB94510FBDB2E3D395FFAB44B820EB5D515EC513F51469D9064FAF145211E5E16D2A3CB425F9B786CB1E416F7A13D637B9E8EFCE64482529B12094A3D3791A0D4F35C1224FF81B94094F99C12E24EA9A08E3865E1D438C29F741FBA7E8EF0A712094AFD742241A99F492428F5B3
310
2E09DD507A9BFE7AD0FBD14A32861C63A81E732D2156A41D65B0265CFE1506C5F4C9584BC87D7ADDA569892EE6DE7F0C1A259EE8156E32C2241BBE0D0A39F8304AEB55040C6B911818E9560C2CAE6FD0AF88DA9E0312D913BDE9C626E744EF0F83AC8DE6A1D572F13E9B5DD716510F23A55194A5D6D2DE2DAC7D95A734BC94
310
4FEC6FDB5CDA336DBF013EA9EE99B1372612947A532241A937BB24740304BACA89BED24746BA819D7A961B0C16FECABDF1E07CCD913EDB25415AA89F3FA9813BF1D0E976327ED3E96EF8123BBEB07C49BE9F8D3282189AEF4318738DD4715C4C63E61AC903AAD6481E504C9F8C35925CD3EB415A5A06F0C78D632F6EBD0B66
310
C92E03D28B7DCE32E09E34E59F2D52CEB8C8D6315326E6516F71492BA67CF79E0C73CA67A4C6FAC5955A6B27466C6E8B726263EDC489FD6D9B6B27A6F43DF294CFCE08E6BCCF03A83B45D0C002341B7E84B955CAD781F564A08E603FC08CBF8E6F4143D279147E08FE33CD7214020849BDD859EEBF40223BCBA5649733CB3D
310
223BECFAACD1CEBA2458913433D3C1670731E42E43183722671A73237216D41B91B3A0983E454DF50D77962BA6FAFA68CE8C44020D76224129E592500442DCB577A2CC08B17ACB59519E2334033C5768C476AED0D7A619D13925BF0DC799F23C7C30F7DF2027E579B4A6B30B482EF7F4BF202DE57986CBF3BC0ABE888D8053
310
9EC78980FF2799A93FCFC399E977409ABD3D1C8A7453C4FC7F2E6945C4EC6691CED7E4D83BE438899D466B951CFB5B68484A8EB18AA0FE0EE4A4D060B8D0E03D20910D0D5272CC090D3E203BECFAA4381E704948533D5ECE57B33ADBD55C9AED832E69C5545F1FCDF9502241A90F271294FA884B8298003B6FDE8F7A2F1E3A
310
25C7F860EE7D202725C7FA4B8EDD07D252043C5C04FC8A941C733E90594A0BAAD781AC64A6FD99E9FDEE6C9722E650C4FC7E97B42262AE4F72EC2D293996A92B04FFFEF7D090941CE3E3A98FA6D060F893630F82C4941CEB9CF5D5DE975CEF32C11C3F213BECFAA4383EE99290A6FAD054FF2997B462AAAF8FE67C3A91A0D4
310
7637DEA99F26EC704938FF93631F83FAA7E4181FCCFD03C849ABEEFE56DD0F81B4941C13A2351CE38CB828E495F0456C042CA588CA732A339408A1F3A5DD68528254AF73C9D554F761F830C58B5D3E4C447FC057A8CFAF0759C94CFB33D387DDB82745CCA188F9E32E69459C549FE4D85BE538899D466B7572AC0D0D49C931
310
5611D4675268307C72ECB320910D0DA41491111A88906A2A962066682062CAD7BD3D09ABF2BE2C1F26A23F466820F6E70BC9612BF57370D8E9A391799FF40290232E57848FE686451951BC8422250EA3B45D45C0605A31300ABC6360717DEB59AE080FAA9E0F12599F242D340C9F24422A1F20414C9F24620C9F246346B85C
310
F91C7C524AB9F0E6F87990E359CB5D1071291387215DB296370C462B5310046D0A83489DC2A0983EC10083357D11A4893E4CB8C6A1C7874928DB4F08A85E1F26C17A7C9808B37D98088BEB5B8F0F936AFB9DE4C3E2CF23FD63C04C9977D5A06F962673985E936030AE997220C74C5950AF99B2A0983E3966CAD5F42590965E
310
D693F354DC09FE2FBBA4D52FE5F236F8265B738AAD29761A85ADF901A4D45E80B6323F02261640907D0510C17EC0B2FC75FC133424A55C584550FF0C72526830DC6ECCBF8044767923251E8CE58D0821D5EFEE6C48106D84210CCC308821430C6222FA03630CD57326396CA5BE26933097BD5556B3AAD6658CB41817565AA9
310
082F2EB54310178A2188FD6D97EAC097FEBA4C427DCE177D432621F36A02233546C3955A9AC0884D4DE0C4862670627FDBA62630A5BF2993509F7DB37F050929EFC3C729FF067252DE4747BAEC254D5CC2EADF415A0AEE860BEE7E37E57DE2F33E5F09982993F648799FFF0069F6EADD4A8431690F87340E435372A81E1D14
310
0441080DC2200A10C2A0983E215808D6F45597B42246AE4FC8F0F694F791DF43CB414ECAFBF0F1D44C90934283E1428359626820656C6A9CF7B9C0F55585C3AECF6AFF429784D04C97A6FA8B5CD2EAA739172712949A9F48506A814B42B101D67BF1377C8728A3505C92E9658128C4724016D2324016FADA44D82F963CE63E
310
74E103DC7C6239CBAA75B4AE7248A14EC865CFE534E98D2E091261E7CFC8CFC643A7B4281FC6CF01399EB468CAB7B8E7015513A4A5B5CF706B9F57834476CF5B3A445B7A65F9953F7CD2BB76CD32A4F2CF1E4CB997E5C3141B5A3E4C447FCAAD2D4F3D734156CAF0E9C98ADDBD60D2976A9E4B5A316DD727C3F74E978462CA
310
67670473DEE7014608C602ACD88F479801A08030A2400111EC87190FF2752C043929C3C793B308E4A4596EB8596E31486467B994E173AE615F02B252A4CE9BE325202745EA7208C02C55D4A5C9870DFF42F06B441F962275C787BD219969FF9F32B514A4A5E58DECDBB8E5CD3297B4FA2D6FEE754948CB1BDC328355F27290
310
9396377C3CB502E4A4E5CD70CB9BCB40625ADEC45DA4BB4EF655CE169367870C39CEC2C7F596B3722F8ED04CBBB84223E3E20A7D6D9A7916A7E415EE4317B3547D4E6D3C2691A0D4636512989792C8000A3D61A4A48EB2B4CAF0D3F6AD5BB8BA5E501017797D41EC6FBBCCE6F3A5D72712947A3A48C8557EF662DA5C9F43B1
310
CA826C3662963959839F8E90940E206854FC08AD1501081C640812ECAC6A84FB022D0934B40124F153EB0D324BDA2A884A095228AF0CA9ACC78331F6C7A4A694790D97D01D4D55A0CBAAB4284F7F8E8B1A3543E6AA3B0012A21A4501616A940431344A84541A2542C27D31344AAAE584EC7B66B9875C0C07CC480B3D222FE7
310
4A2B15E2C5A5F60862C3013395C3BC0AE7CF898B5788F9CA4FCA2430277D0C1218A9D111576A91C0884D1238B1410227F6B75DDA0C91C094BE12242CB71CF00570C0CD66969FC966ACB56DE6668866CFCD8E6679335BD4CEE6AC6FACC877E5AD7C221F6BAC6D6C6834B38BDBD92CFC7553C3FC8B896A66F3DA595E2028DBB3
310
201B759344D9889BD43A30EA36A158236F93B475E46D4EC378C2AE46FD9C2B61AC69578CCFE2AC06399E5D31E6AD56B81EEBCC3C8721DD0A61B4710741B0C63088CC270C8AE913143458D32A9096525FF62C6725DF8D0B2EA5EBDCDE0512D9F83CED8A39BB6263013365F66E1D33E530BD26C1605C33E5408E99B2A05E3365
310
41317D72CC94ABE972909676C52CC3B47C1BB72BB6C625AD582C50149B2B65EE4E42C73C521A49596AC5F76ED5569689131BF13D27F6B76DC6F74CE93706CC8D9BF122E629649EAD0160EA71CD8D0339E6C6827ACD8D05C5F4C93137AEA6370548634C34F9A837074863887648E33031A3FAFC46843A9E8B9A767780B4A469
310
CC4B176B411A3B1B6ED35F0F5ECFBAF7AEBF923195A68918D3A7C92043D33CA0CAA77940317D327C9A5CD39FB8A41533DA4C962E8F943A254BADD9D0ADDA9A0D39B1311B72627FDBE66CC8947ECD31D29C740C825F40BF16E4A4B5E0706BC1D72512873F66FA7A90C82EA8D351796741FD7690758998C1BFCAD6E7A5DD0CFE
310
FC2CEB64F8AFEAFCD8E4E4E1E30B924B3633A1D105F54C315849CCB00396A4F965C092033F2766A5C1DABC1B83CB863A6465F4C5AC7B9DA09AC3D0A358CB370663863A62637A360FD684FDDF3028A64F46A823F7E91E90960E1578CF51A87B651FFB54DB651459973245426906094263A82343195285871E0CCC3B548F79A8
310
40E88E75A840C414BBC49EFEBC0164A58D173E6E7C53C047718BFADAA798DE05D252B0CD7B1A7DD02762E3E5CDA2E67DF0017C7DC59B089031D54C2462CCD951061989000FA89A1D3DA0983E19B3A35CD3EF9C20CD4B6B60DE97FD2EC84966399C59BE2A9148C1A9B45B0C238DF06D6F03892988F507B1AF0649295110F7D2
310
C99B4096672D99F61A98BD86D7B9A415A9EFDC9B3667A4C5E2884E62BAD26A5DC48BCB25912036D2E64CE5E649594E5CAC81F8CADF2893408BA69AECA4DF23FB1A616959E305F35B40569ABDFCB3D76B4052CA2AF091F86B659FE31E632F2D8DFC1723351CAF2BB51C2F23361D2F27361C2F27F6B78D60B0984F98D26F0509
310
693932DC72E4F5B226D567F67A834C82BB4F6E9A13233554DA955AE6C4884D73E2C4863971627FDBA63931A5FF713399534A7DF00EF7F32027F99AE17CCD1740625A90C62D48FF1964D90BD2622E74DFD5367D122335FC822BB57C1223367D1227367C1227F6B76DFA24A6F4BF80841404F23EE98B20C7F34E4F4A5930298B
310
1F1B27D24447FE1DDEC1C1BC8CACA48422550FA3B4B945C06076313032BF18585CDF7AD2AFC283AA2FBBBEA97B8241DC590185410C753284D1F40541202F0C22EAC2A0983E81B6604D5F1249EB1CD6483BC18CB9FE93485AD234691757DD0BD25224CFCF9AEF0439E20420EC4BF54C0012CA76B202AA770290603D138008B3
310
27001116D7B79E0940AAED5D203145F27191FC1FBA3E4CBA970C7A26CA68042599D62951084D9285A43FB2D0D72674452CF947EE4317CB1737F780C7F648A913B2543FBA478C87F789E9F17D627FDBA0C053FA4F6412DC7D269304466A74C4955A24306293044E6C90C089FD6D9B2430A57F0F24A4351C3F1BFD3EC8496B38
310
ED46D80F2C6116B1EA59690D474B066971D633854BB03F707D536809030F15C490AF0861B4B70A82E0B3C220F25C61504C9F405BB0A6BB415A8AAC795F36CF6B964228099D32F217128A46308CD27A15018366C5C048B76260717DEB314BE141D53DD0B01459C745D66F717D58118DB9C96433BE62A4348A72592BBE720B5B
310
AFED726223BEE2C4FEB6CDF88A29FD369090E22BDE27BD15E478E2AB947463926E3FEE75E44240D1E3C82594ED2C0554AF2397603D8E5C84D98E5C84C5F5ADC7914BB5BDDDF54DA1F022C5570F83B4145FF1BEEC2190933297FC165DEC5B511F078929BE8A8BAF3EE3FAB02246CAF86130832C0962443B02C40AB7248C99D3
310
123146E0256222FA638660523D9F0359975A570D68B2E8185DCF4DD34771F2952E0A9EC86636B30BDBD9CCF58DBDF90EBA2618570437DB99DAD2D8D1B8B7FBFBB6C678F9FB76E3EFD7EABFEB8B0946D14C41D2D43E4D35F053DC4EA93C53DD4EA18053DDCE88C6A73484297E9ECFC298D2A2860F043E0172D2A2464E1A33AB
310
3AF5ECB4A8193E69FC293720488B1ACCE66A96781E45B51369E665B23A520F698DFA64C0C731FB42C6F2B973A28AC3D03CD96D5BC4E820240842041106D1F41F06C5F409136FB0A64F274DEB5FD3E663624839073ED4B8C83B6B0A9B1830C4F0C6096E490EA37A538142933A031F511BEE458A81C5F5AD271528F56D31484C
310
3987B89CC35290C5BFF77091F7756A464AA358E42B5C69B5D654EB32465C2E110571B1B213C4FEB6CB75145FFA329904F745483BE7E2BC716E74C42D6B91C0884D1238B1410227F6B76D92C0945E0512A2122ACFED2654EECC667512282B753AA5992D6867B32FA7C4CA7EFAFF75F9EE7C9C3E9909099735F9BEFC50F7FFC0
310
5C4A9216618ABFE1339816D0DFAED12596B5B379762D638D4E5AC6977E99C64E15B4BB8BF4E9EB54A569E754AF4A053FB77A55D8D5B9D5AB7352AF4A2F724E7135267BF0FA9C7F5DEB9260AD61988B559D451C87213D0CD5A3DD4D10E42CE298D6F40774866B8AE913543558D3635CD28A20A63E9F047D452241A9758904A5
310
D68084B413C02FCF2F0139F64E40E12BEA33CB2C0409E95C04BF211F7B2EE22B481DA62C186F66FF067292860DA761FF0E12D92CD8233DE7238A8DBD32B1314389906A492241CC85A78831968132A65A94C99888FE180B16B19EAF8A99FCCEB60513A7A6C8F96B2E69F59B0DBF0E1266B0C79084934B869951E295F580C8D5
310
6B2A698D2D404C3313318699C998CACC644C447F0C3313EBF906C84AC1253BE6EA0CC8B1834B6BF1CA6DAF466C8A3A9F8EC9D4E3AEDE3990B37A6741A44EA16EEB8FC208837A57EF5C73DF026962A8201C1687051ABB52128A943E8CD2D445C0405E0C8CE88B81C5F50D361951DB7F80447B0FA83B3AE2290B63F69331D4C9
310
503DA6E68915991FECE301559AE701C5F4C9C81BC9356D5F4BA4A5089EF7653B408E6896C2C66D8F594A285BF50554AF594AB01EB31461B6598AB0B8BEF598A554DB4E909822786B1F5B8CE0AF0159B60F2B825177AFB30CC1683B9891D228CA65B56679C465CCC5D6ADB3DBBED2FEB6CB208BAF7C572241A96B13094AED4E
310
2428759D4C827B718AE91318A96197AED4F2098CD8F4099C986697C22770627FDBA64F604AEF492428B5572681F1FF14AA17C3C1488DD170A596263062531338B1A1099CD8DFB6A9094CE97D3209AEDE9CAFE670BD4C427DB67BF7CB24D447139EE892205DAF066310656493924C7B0351085F200BC913C8425F9BF00262C9
310
27E1A1D9CF42F16C0ACCC6793F784476B18704931FA169084040460842948420E1BE809E402D2D909496F6EC68AB09909396F6BC2DC46EFF4E82C4B4B48F5BDA1F0059FCD2DEBD9FC78C5B1829F98722B473A556F0C688CDE08D131BC11B27F6B76D066F4CE9833209F5397A72834C824BD9F9AA09875C12ACBD14DAAB663D
310
37F8880392A24601B5BDC421613A9148B2A24864743F615B71751E16C97DC55DF8BA3F4C6E005875DA0F34C90D200D7243C88ADC1032BA9F06B9813A1FE7925B386377B96A9A2F23A5EEC9652D47EE16B6EE8FE3C48623E7C4FEB64D47CE943E229330C7FBC21523353AE24A2D1218B1399B716283044EEC6FDB2481297D54
310
2661969704466A74C4955A24306293044E6C90C089FD6D9B2430A58FB92434B1D252EBD47D0D96059F98BAE2116B1E7C7210E19513135E79A07D70E12B7FA34B4661DFF54949DCE492604D5B0BDDDB039D599DC3D0D884EAD10A120419334DE7601CD39AFB02070B8AE9139426D8A7E32E6985E65CAD66AE6E3454E77B372B
310
42D75E9B538B04A1EE056AB15C8B508D35D38818C3C9889888FE98EE46AAE7844C567DCCECA44B4248CB9299DDEC921630901A9BD9136E4819C4E6067E1DAA4E819C944114D8811737CEEC4987839E08125306312E83781264F119C4FA6CFADDEC9260CD7AE91D87EB9D45977A7C803426B44DA1C22D202DED9FB15958F564
310
909366BFE166BF27B9665904A3F571E8DF9B4850EA7B5C12AC598DB99BD471D01CA6373DC160DC9409077252262C885200A16EBB6FCDB035F5A64C38D0F725D2A48B0B3B692D8EB407F0964C9AD5F859ED03DEF7B084450C0C31BCD4C1F9A2304A1B63040CE6180323838C81C5F52D724DF74190C8AEE9B265FC7C59A65868
310
DB4082149943195265323D1810A7E7581FA6C864FA3011FD2933999E7A3EEABEB4568400F5391071A17B658D358DA4351DB3A6BBD825ADD09CFA048F1F83F944DDF6983E3E437F4808F3612096DFEC391DFBDD64ADDA45227F38A5ED18FE7B4ADB31E680296D8782E162CE9ACA763E046352D62510176027BFD9CCF233D98C
310
ABE4C93B06466445C0B432C6E0309147E14819A27091FDC3A41E53DF8320335D12C1C7D91F0639E99208FD7E43F407585FE0BDB14CBAFEC15E284828527E639D20A07A172712AC677122C2ECC589088BEB5BCFE244AAED23D03C7B0FA51B6A8A772418891619439D0CD5A3E90B82405E1844D48541317D026DC19ADE0DD252
310
CE80F7657F067252269C0F0E62DF24F97390987206D63EB0940A517F2DFAB074CD9B6680C917A8BF71492B96CBEEA1D63221A5D69156FA3E1CC19556CB29B670B50A12C4C5E24510935397FBADCDCD23FE5B9904F78CB7490223353AE24A2D1218719986A3A7E4C406099CD8DF769977E32BFF3B9704E945535020CAA81392
310
4C3FBE28C4C3CB427A7459E86B138F2D967C8FFBD0DD693FF90CD167BC17A4F1B722D2695C2A7656CD3C4BDFBBBC9B677269D92C410AE5952195F57830A509F930851DF93011FD292DCA53CFFB40D6F2D8ECC1522416E8D36CE767749E5E67173A3F36E963CD9E05B6A7203DC8400535DD8395C4200C58928666C092033F27
310
8671B036EF73DD87E46ACE1F9FF97E3C74BA6500968A98827578EA7E9094F25C3C397F0172529E4BBB8AE83CD7E529CF45A18594C0820F8F48D5FDA5EBB043691E38EE2086E69E10464FA7411066CE308826C93028A64FA02D58D33793B9FA0F14717717FF55D2348934315DAC9E031FC7E6BB1EC9F989B65C8DD3C71A4810
310
3204BDF89721E6CA42AAA6CA5078EAC147A286DA6A44F4C7585988FDF9C56344564A3FF321C62F819C947EE68D2636FDFCCB2091354729096B98A308A9D45F8298E62862CC85BE703AAEBA8F9762751113D11FC31CC57A7E0D64D95B6845CAB13E47D67E3D991D05A9C289D858B37B67227178125F987C172569D7C46D9DFD
310
0AC84AD90A3E94F85590633BF6EE9289B494BE98D7098C35A38CA17927548FB966142BD28169B02644A661504C9F8C35A3DCA7BF16CD4F8A678DD041845453B5043143071163840E32668491FC6F881AF634FDF565F79CB3A16132A61A4D11636A980C32B2121E50A5611E504C9F0C0D936BFA4D97B422DEAACF75816F3EE1
310
F8A6F37F03E2EE3A3EF4AB5C753FFF47FAB7DC872E6CBC3E2F73FC364848791E3E387B91AC21F55975BF5826A13E66F2129984FA68C24B6512EA1314BD4C2661B17B6A9136DC8A398591162B0EB52E73A5D562831797EB0C415C2C3104B1BFED3227C9977EB94CC26C2F098CD4E8882BB54860C426099CD8208113FBDB3649
310
604ADF0512D2D4C94F9DAF0039698B64B82D925782C4B4451297667C2BC85A639D855C846354F426E5BC76965F9EAFCE17D3777E4490F1E8034D7E231EAD7D581F70F8B47EE0E4E3FA81F7D777F8C03E6A7F2956CFACC64A1FBF6966E684F36EC6679A4BB554F304ED9F0BD5587BEC22A698317CF514D3860F43BCE999DF83
310
7919C84A3E92B7C8D8FDAC9783C4340BF3B3F0D6A5891CF132D96D20C7DE7A296275F7FD97D24D5140CC480B8FC04A2BE7C48BCD20D6ADBB3A672094F6B76D06B14CE5BF2C93509F85ED2F8284B443C9FB905F0039F679EAC24CEAA321BF0412D2543DDC54FDA75E1285C3D770BCE1B3D73D37BD097569471CAE4C078A3130
310
8A156360E4A063607187CCFF0C24B21136E590580B2EA72E5A0C4990620E9121D524E6C19433990F5345D85277F47D95DDE859C65411B6887977D2383A45215903428308C5FCF3A471EE6127C190D45F248D1B5EE30EAE261F97D674AC375737809C148AF0735D6CD6E01048646751297B64CCA222A49A452588398B8A1863
310
169531D52C2A6322FA532E0F3D79AAC3208B7D27B7C18F02B8EA7E50B684A0AEF9119AA90004448520C4530812EE0B580AD4720424D9B76216AF609A76AC3ED1E8BC85AF3ED2C86636B3D5EDECA215F9AE7C6FBE23BF96BE3F8EBE8F35F6E55BF2FDF4FBD6BC995DDECE2E7611FBF3F1FC9A12B3A19D2D5A4EFFDB4525F6E5
310
D779EBDBD8CE16FBB076CD40AFA3FA3A756ED76D1CA2BEB6F2DDF457BBAFFA1A81FA3D34A94FED1E5A5B67FD9E1A0EA7864F4D3EB4864F5D4BBBC64C57BFB16E61F2E6B702EA73B2694226A13E89DE499984B972B05B24C42508B99200A45A18A87599504DB581EDC3140B031F26A23FE5C2C053CF0199ACFA1C0D3DEA92A0
310
1DA8BA823D0927CA8AE9862957455B9CB00C4A58613177B3425F9BE54CC095DC808F744D191A73659715D3A67A02C849191ADE5DC666684E81C494A1B1CEBE89999E8DEE272C875EC7448E268821FF10C268DF1404C1478541E4ABC2A0983EC177056BBACA25AD98A4EB13EF5C9D48506A8B4C827BD7709908A6C08891927A
310
165AE44AAD288F11C34C3CA5CB0B80D8A6AB5D53414C46E1A97CAB4C827B6EC82481911A24B8528B04466C92C0898D009713FBDB36C35AA6F49520219D04E2E39A6D2027C535C3C5359B40A27D9C2A3453A5A97A73224DBAEF4EBE25631CA4F1492DD7F39DAF0EFD4520212D547987FE6290931CFA700EFD2520312D54E316
310
AAB74F2473145F48783AC849E6389C39DE01129339C699E33340565AEEF0B3E38F821C4FA4CE5CCCEC44EA1CA63781C560DCA41A0772926A2CA837A9C68262FAE424D5B89A9E997C1845E443DED1F9ACE4C39C13D762EEFB3920CB5EE6147B6CAC5DC346FD0032062F405BA71F01D30C208C8D39B69F3A9D17A8A338ACA1AE
310
1026CD3B5D72BAD9866DFAEB0BDECBFF644CE52F448CE9C36490E1C33CA0CA877940317D327C985CD37B2E268DE23F824A786DBC5C3DD37B2F1284BAA7B3AF32A44A8C7A306576D4872952A43E4C447FCA64A9A79EFB13598EAF927440BD1F64A56C04EFEF3E00725230CA93F33E9093CEE0E3ECFC9C4C78A940DD9748A288
310
20F0A2C2032029FCA242B61E5CD3A7058EE1D3027183CE8EC658634FBE875E49B8B09DCDDCD218EFFE5F3CF6DF4F15341BE958872E15B70C20BE17555436441D65DC364C1D4564374C1DDF053E307B0FCBE90757C429CB89AEB21CCE54335BD2CE9AABF2EDFA2D94717A63A4F3564B33BBB49DCD5DADDF4F99CC27E8672559
310
D0CE662FD6EFAEE01D987DF45E89AC5453D09444F677BF295949A7A02D5199A7A22D49E9A7A2AD118E97684453F05CEF81B1D92B596B6B98C9B7A484D3FB419ABD582B9DDEEA46833E1018DF2B4F582EFFE19D5980A95D1CC0B6611661591E8F30ED854704FB61E9265BC7032027ED28D82145A11EB127513F0412D3BAC40A
310
CB4A0EFF3EF92CFFC90CC669AB8F249F854F0F62DDAFFA68F259C3EF207C38F9AC4CDC677F10E444AC807FA4BBA8F9012C6AF0A23E162F638DEBE8F577BC66BF279FA4FFEDA665CC787E13AD8AB1ECE9206E20C45E5AE2EC2744E705FECEDFAFD758B7ACBCD8196117CC708314F0AC9A7996BE2FC846D7053BB09AA63E58A1
310
DB74F5C10C0EA7AB0FE7803E5801EE34F1F031388B94B2E7A3BFF7821C362B2DED82D1BE68373F292148EFFC08ED2602105871084246168284FB02150DD4721F48B297F57330B3A875B43423F6941940963B89BC943A2497D5C478C420C52726427C627FDB20C253FA7E9984FABC61FF0F3209F5D184875C12F46A92CE3070
310
C620CA481D255915483095EAB7E8C59278C54A16FADA2C272BAECD87E587663D6B99A5A2CA7880D115166071C023CA50476A445F3D5DB021D411EC87C90B5FC7C7410E3B8B081B7D60A7EB74250475CB8F306711A112AD29815AA02F2148B82FC62C22F40513C6FCCECEDBF27C2CDF98AFCF97D2D4F1C0D354B6B5B33DB72A
310
5F9EAFCCE7138F8DBB1E50D9DA0E7871BE305F4205089C37B675FEBEA29D5D701921C7A8C4D2FCFB1B056649BE0CA87577D1E79977766B5652D9D5F4EFB1845E43B56FD488871E7A483D427797AD6C6717AECA17E457126239C937525D97D3CF251AA9F2BB1E68E8DE61DFC76C0F3D5D4518BB2D13B19AE42B3ACF62F4063D
310
19D36D818035D4F7CD1505D84242B52B74D5E86A879D3DCDACD9CED42AFAE80F107696BA440F871D4CA3ABAADB5354623F51F729A8482F6B6663D593741681ABF2CBA89F1B3413BA9779E3D91D5617B5B3392BE8EF687C25F5685DD9D155CBFF1FF86E3B93469D0200
  0
TABLECONTENT
  5
CB9
330
DA4
100
AcDbLinkedData
  1

300

100
AcDbLinkedTableData
 90
        5
300
COLUMN
  1
LINKEDTABLEDATACOLUMN_BEGIN
300

 91
        0
301
CUSTOMDATA
  1
DATAMAP_BEGIN
 90
        0
309
DATAMAP_END
309
LINKEDTABLEDATACOLUMN_END
  1
FORMATTEDTABLEDATACOLUMN_BEGIN
300
COLUMNTABLEFORMAT
  1
TABLEFORMAT_BEGIN
 90
        3
170
     0
309
TABLEFORMAT_END
309
FORMATTEDTABLEDATACOLUMN_END
  1
TABLECOLUMN_BEGIN
 90
        0
 40
2.5
309
TABLECOLUMN_END
300
COLUMN
  1
LINKEDTABLEDATACOLUMN_BEGIN
300

 91
        0
301
CUSTOMDATA
  1
DATAMAP_BEGIN
 90
        0
309
DATAMAP_END
309
LINKEDTABLEDATACOLUMN_END
  1
FORMATTEDTABLEDATACOLUMN_BEGIN
300
COLUMNTABLEFORMAT
  1
TABLEFORMAT_BEGIN
 90
        3
170
     0
309
TABLEFORMAT_END
309
FORMATTEDTABLEDATACOLUMN_END
  1
TABLECOLUMN_BEGIN
 90
        0
 40
2.5
309
TABLECOLUMN_END
300
COLUMN
  1
LINKEDTABLEDATACOLUMN_BEGIN
300

 91
        0
301
CUSTOMDATA
  1
DATAMAP_BEGIN
 90
        0
309
DATAMAP_END
309
LINKEDTABLEDATACOLUMN_END
  1
FORMATTEDTABLEDATACOLUMN_BEGIN
300
COLUMNTABLEFORMAT
  1
TABLEFORMAT_BEGIN
 90
        3
170
     0
309
TABLEFORMAT_END
309
FORMATTEDTABLEDATACOLUMN_END
  1
TABLECOLUMN_BEGIN
 90
        0
 40
2.5
309
TABLECOLUMN_END
300
COLUMN
  1
LINKEDTABLEDATACOLUMN_BEGIN
300

 91
        0
301
CUSTOMDATA
  1
DATAMAP_BEGIN
 90
        0
309
DATAMAP_END
309
LINKEDTABLEDATACOLUMN_END
  1
FORMATTEDTABLEDATACOLUMN_BEGIN
300
COLUMNTABLEFORMAT
  1
TABLEFORMAT_BEGIN
 90
        3
170
     0
309
TABLEFORMAT_END
309
FORMATTEDTABLEDATACOLUMN_END
  1
TABLECOLUMN_BEGIN
 90
        0
 40
2.5
309
TABLECOLUMN_END
300
COLUMN
  1
LINKEDTABLEDATACOLUMN_BEGIN
300

 91
        0
301
CUSTOMDATA
  1
DATAMAP_BEGIN
 90
        0
309
DATAMAP_END
309
LINKEDTABLEDATACOLUMN_END
  1
FORMATTEDTABLEDATACOLUMN_BEGIN
300
COLUMNTABLEFORMAT
  1
TABLEFORMAT_BEGIN
 90
        3
170
     0
309
TABLEFORMAT_END
309
FORMATTEDTABLEDATACOLUMN_END
  1
TABLECOLUMN_BEGIN
 90
        0
 40
2.5
309
TABLECOLUMN_END
 91
       15
301
ROW
  1
LINKEDTABLEDATAROW_BEGIN
 90
        5
300
CELL
  1
LINKEDTABLEDATACELL_BEGIN
 90
        0
300

 91
        0
301
CUSTOMDATA
  1
DATAMAP_BEGIN
 90
        1
300
ACAD_ROUNDTRIP_2008_CELL_CHECKSUM
301
DATAMAP_VALUE
 93
        2
 90
        2
140
2192.0
 94
        0
300

302

304
ACVALUE_END
309
DATAMAP_END
 92
        0
 95
        1
302
CONTENT
  1
CELLCONTENT_BEGIN
 90
        1
300
VALUE
 93
        6
 90
        4
  1
Title-1
 94
        0
300

302
Title-1
304
ACVALUE_END
 91
        0
309
CELLCONTENT_END
  1
FORMATTEDCELLCONTENT_BEGIN
170
     1
300
CONTENTFORMAT
  1
CONTENTFORMAT_BEGIN
 90
        3
 91
        0
 92
        4
 93
        0
300

 40
0.0
140
1.0
 94
        1
 62
     0
340
0
144
0.18
309
CONTENTFORMAT_END
309
FORMATTEDCELLCONTENT_END
309
LINKEDTABLEDATACELL_END
  1
FORMATTEDTABLEDATACELL_BEGIN
300
CELLTABLEFORMAT
  1
TABLEFORMAT_BEGIN
 90
        1
170
     1
 91
        0
 92
        0
 62
   257
 93
        1
300
CONTENTFORMAT
  1
CONTENTFORMAT_BEGIN
 90
        0
 91
        0
 92
      512
 93
        0
300

 40
0.0
140
1.0
 94
        1
 62
     0
340
0
144
0.18
309
CONTENTFORMAT_END
171
     1
301
MARGIN
  1
CELLMARGIN_BEGIN
 40
0.06
 40
0.06
 40
0.06
 40
0.06
 40
0.18
 40
0.18
309
CELLMARGIN_END
 94
        6
 95
        1
302
GRIDFORMAT
  1
GRIDFORMAT_BEGIN
 90
       37
 91
        1
 62
     0
 92
       -2
340
0
 93
        0
 40
0.045
309
GRIDFORMAT_END
 95
        2
302
GRIDFORMAT
  1
GRIDFORMAT_BEGIN
 90
       37
 91
        1
 62
     0
 92
       -2
340
0
 93
        0
 40
0.045
309
GRIDFORMAT_END
 95
        4
302
GRIDFORMAT
  1
GRIDFORMAT_BEGIN
 90
       37
 91
        1
 62
     0
 92
       -2
340
0
 93
        0
 40
0.045
309
GRIDFORMAT_END
 95
        8
302
GRIDFORMAT
  1
GRIDFORMAT_BEGIN
 90
       37
 91
        1
 62
     0
 92
       -2
340
0
 93
        0
 40
0.045
309
GRIDFORMAT_END
 95
       16
302
GRIDFORMAT
  1
GRIDFORMAT_BEGIN
 90
       37
 91
        1
 62
     0
 92
       -2
340
0
 93
        0
 40
0.045
309
GRIDFORMAT_END
 95
       32
302
GRIDFORMAT
  1
GRIDFORMAT_BEGIN
 90
       37
 91
        1
 62
     0
 92
       -2
340
0
 93
        0
 40
0.045
309
GRIDFORMAT_END
309
TABLEFORMAT_END
309
FORMATTEDTABLEDATACELL_END
  1
TABLECELL_BEGIN
 90
        0
 91
        0
309
TABLECELL_END
300
CELL
  1
LINKEDTABLEDATACELL_BEGIN
 90
        0
300

 91
        0
301
CUSTOMDATA
  1
DATAMAP_BEGIN
 90
        1
300
ACAD_ROUNDTRIP_2008_CELL_CHECKSUM
301
DATAMAP_VALUE
 93
        2
 90
        2
140
0.0
 94
        0
300

302

304
ACVALUE_END
309
DATAMAP_END
 92
        0
 95
        0
309
LINKEDTABLEDATACELL_END
  1
FORMATTEDTABLEDATACELL_BEGIN
300
CELLTABLEFORMAT
  1
TABLEFORMAT_BEGIN
 90
        1
170
     1
 91
        0
 92
        0
 62
   257
 93
        1
300
CONTENTFORMAT
  1
CONTENTFORMAT_BEGIN
 90
        0
 91
        0
 92
      512
 93
        0
300

 40
0.0
140
1.0
 94
        1
 62
     0
340
0
144
0.18
309
CONTENTFORMAT_END
171
     1
301
MARGIN
  1
CELLMARGIN_BEGIN
 40
0.06
 40
0.06
 40
0.06
 40
0.06
 40
0.18
 40
0.18
309
CELLMARGIN_END
 94
        5
 95
        1
302
GRIDFORMAT
  1
GRIDFORMAT_BEGIN
 90
       37
 91
        1
 62
     0
 92
       -2
340
0
 93
        0
 40
0.045
309
GRIDFORMAT_END
 95
        2
302
GRIDFORMAT
  1
GRIDFORMAT_BEGIN
 90
       37
 91
        1
 62
     0
 92
       -2
340
0
 93
        0
 40
0.045
309
GRIDFORMAT_END
 95
        4
302
GRIDFORMAT
  1
GRIDFORMAT_BEGIN
 90
       37
 91
        1
 62
     0
 92
       -2
340
0
 93
        0
 40
0.045
309
GRIDFORMAT_END
 95
       16
302
GRIDFORMAT
  1
GRIDFORMAT_BEGIN
 90
       37
 91
        1
 62
     0
 92
       -2
340
0
 93
        0
 40
0.045
309
GRIDFORMAT_END
 95
       32
302
GRIDFORMAT
  1
GRIDFORMAT_BEGIN
 90
       37
 91
        1
 62
     0
 92
       -2
340
0
 93
        0
 40
0.045
309
GRIDFORMAT_END
309
TABLEFORMAT_END
309
FORMATTEDTABLEDATACELL_END
  1
TABLECELL_BEGIN
 90
        0
 91
        0
309
TABLECELL_END
300
CELL
  1
LINKEDTABLEDATACELL_BEGIN
 90
        0
300

 91
        0
301
CUSTOMDATA
  1
DATAMAP_BEGIN
 90
        1
300
ACAD_ROUNDTRIP_2008_CELL_CHECKSUM
301
DATAMAP_VALUE
 93
        2
 90
        2
140
0.0
 94
        0
300

302

304
ACVALUE_END
309
DATAMAP_END
 92
        0
 95
        0
309
LINKEDTABLEDATACELL_END
  1
FORMATTEDTABLEDATACELL_BEGIN
300
CELLTABLEFORMAT
  1
TABLEFORMAT_BEGIN
 90
        1
170
     1
 91
        0
 92
        0
 62
   257
 93
        1
300
CONTENTFORMAT
  1
CONTENTFORMAT_BEGIN
 90
        0
 91
        0
 92
      512
 93
        0
300

 40
0.0
140
1.0
 94
        1
 62
     0
340
0
144
0.18
309
CONTENTFORMAT_END
171
     1
301
MARGIN
  1
CELLMARGIN_BEGIN
 40
0.06
 40
0.06
 40
0.06
 40
0.06
 40
0.18
 40
0.18
309
CELLMARGIN_END
 94
        5
 95
        1
302
GRIDFORMAT
  1
GRIDFORMAT_BEGIN
 90
       37
 91
        1
 62
     0
 92
       -2
340
0
 93
        0
 40
0.045
309
GRIDFORMAT_END
 95
        2
302
GRIDFORMAT
  1
GRIDFORMAT_BEGIN
 90
       37
 91
        1
 62
     0
 92
       -2
340
0
 93
        0
 40
0.045
309
GRIDFORMAT_END
 95
        4
302
GRIDFORMAT
  1
GRIDFORMAT_BEGIN
 90
       37
 91
        1
 62
     0
 92
       -2
340
0
 93
        0
 40
0.045
309
GRIDFORMAT_END
 95
       16
302
GRIDFORMAT
  1
GRIDFORMAT_BEGIN
 90
       37
 91
        1
 62
     0
 92
       -2
340
0
 93
        0
 40
0.045
309
GRIDFORMAT_END
 95
       32
302
GRIDFORMAT
  1
GRIDFORMAT_BEGIN
 90
       37
 91
        1
 62
     0
 92
       -2
340
0
 93
        0
 40
0.045
309
GRIDFORMAT_END
309
TABLEFORMAT_END
309
FORMATTEDTABLEDATACELL_END
  1
TABLECELL_BEGIN
 90
        0
 91
        0
309
TABLECELL_END
300
CELL
  1
LINKEDTABLEDATACELL_BEGIN
 90
        0
300

 91
        0
301
CUSTOMDATA
  1
DATAMAP_BEGIN
 90
        1
300
ACAD_ROUNDTRIP_2008_CELL_CHECKSUM
301
DATAMAP_VALUE
 93
        2
 90
        2
140
0.0
 94
        0
300

302

304
ACVALUE_END
309
DATAMAP_END
 92
        0
 95
        0
309
LINKEDTABLEDATACELL_END
  1
FORMATTEDTABLEDATACELL_BEGIN
300
CELLTABLEFORMAT
  1
TABLEFORMAT_BEGIN
 90
        1
170
     1
 91
        0
 92
        0
 62
   257
 93
        1
300
CONTENTFORMAT
  1
CONTENTFORMAT_BEGIN
 90
        0
 91
        0
 92
      512
 93
        0
300

 40
0.0
140
1.0
 94
        1
 62
     0
340
0
144
0.18
309
CONTENTFORMAT_END
171
     1
301
MARGIN
  1
CELLMARGIN_BEGIN
 40
0.06
 40
0.06
 40
0.06
 40
0.06
 40
0.18
 40
0.18
309
CELLMARGIN_END
 94
        5
 95
        1
302
GRIDFORMAT
  1
GRIDFORMAT_BEGIN
 90
       37
 91
        1
 62
     0
 92
       -2
340
0
 93
        0
 40
0.045
309
GRIDFORMAT_END
 95
        2
302
GRIDFORMAT
  1
GRIDFORMAT_BEGIN
 90
       37
 91
        1
 62
     0
 92
       -2
340
0
 93
        0
 40
0.045
309
GRIDFORMAT_END
 95
        4
302
GRIDFORMAT
  1
GRIDFORMAT_BEGIN
 90
       37
 91
        1
 62
     0
 92
       -2
340
0
 93
        0
 40
0.045
309
GRIDFORMAT_END
 95
       16
302
GRIDFORMAT
  1
GRIDFORMAT_BEGIN
 90
       37
 91
        1
 62
     0
 92
       -2
340
0
 93
        0
 40
0.045
309
GRIDFORMAT_END
 95
       32
302
GRIDFORMAT
  1
GRIDFORMAT_BEGIN
 90
       37
 91
        1
 62
     0
 92
       -2
340
0
 93
        0
 40
0.045
309
GRIDFORMAT_END
309
TABLEFORMAT_END
309
FORMATTEDTABLEDATACELL_END
  1
TABLECELL_BEGIN
 90
        0
 91
        0
309
TABLECELL_END
300
CELL
  1
LINKEDTABLEDATACELL_BEGIN
 90
        0
300

 91
        0
301
CUSTOMDATA
  1
DATAMAP_BEGIN
 90
        1
300
ACAD_ROUNDTRIP_2008_CELL_CHECKSUM
301
DATAMAP_VALUE
 93
        2
 90
        2
140
0.0
 94
        0
300

302

304
ACVALUE_END
309
DATAMAP_END
 92
        0
 95
        0
309
LINKEDTABLEDATACELL_END
  1
FORMATTEDTABLEDATACELL_BEGIN
300
CELLTABLEFORMAT
  1
TABLEFORMAT_BEGIN
 90
        1
170
     1
 91
        0
 92
        0
 62
   257
 93
        1
300
CONTENTFORMAT
  1
CONTENTFORMAT_BEGIN
 90
        0
 91
        0
 92
      512
 93
        0
300

 40
0.0
140
1.0
 94
        1
 62
     0
340
0
144
0.18
309
CONTENTFORMAT_END
171
     1
301
MARGIN
  1
CELLMARGIN_BEGIN
 40
0.06
 40
0.06
 40
0.06
 40
0.06
 40
0.18
 40
0.18
309
CELLMARGIN_END
 94
        5
 95
        1
302
GRIDFORMAT
  1
GRIDFORMAT_BEGIN
 90
       37
 91
        1
 62
     0
 92
       -2
340
0
 93
        0
 40
0.045
309
GRIDFORMAT_END
 95
        2
302
GRIDFORMAT
  1
GRIDFORMAT_BEGIN
 90
       37
 91
        1
 62
     0
 92
       -2
340
0
 93
        0
 40
0.045
309
GRIDFORMAT_END
 95
        4
302
GRIDFORMAT
  1
GRIDFORMAT_BEGIN
 90
       37
 91
        1
 62
     0
 92
       -2
340
0
 93
        0
 40
0.045
309
GRIDFORMAT_END
 95
       16
302
GRIDFORMAT
  1
GRIDFORMAT_BEGIN
 90
       37
 91
        1
 62
     0
 92
       -2
340
0
 93
        0
 40
0.045
309
GRIDFORMAT_END
 95
       32
302
GRIDFORMAT
  1
GRIDFORMAT_BEGIN
 90
       37
 91
        1
 62
     0
 92
       -2
340
0
 93
        0
 40
0.045
309
GRIDFORMAT_END
309
TABLEFORMAT_END
309
FORMATTEDTABLEDATACELL_END
  1
TABLECELL_BEGIN
 90
        0
 91
        0
309
TABLECELL_END
 91
        0
301
CUSTOMDATA
  1
DATAMAP_BEGIN
 90
        0
309
DATAMAP_END
309
LINKEDTABLEDATAROW_END
  1
FORMATTEDTABLEDATAROW_BEGIN
300
ROWTABLEFORMAT
  1
TABLEFORMAT_BEGIN
 90
        2
170
     0
309
TABLEFORMAT_END
309
FORMATTEDTABLEDATAROW_END
  1
TABLEROW_BEGIN
 90
        1
 40
0.4559769286229275
309
TABLEROW_END
301
ROW
  1
LINKEDTABLEDATAROW_BEGIN
 90
        5
300
CELL
  1
LINKEDTABLEDATACELL_BEGIN
 90
        0
300

 91
        0
301
CUSTOMDATA
  1
DATAMAP_BEGIN
 90
        1
300
ACAD_ROUNDTRIP_2008_CELL_CHECKSUM
301
DATAMAP_VALUE
 93
        2
 90
        2
140
2989.0
 94
        0
300

302

304
ACVALUE_END
309
DATAMAP_END
 92
        0
 95
        1
302
CONTENT
  1
CELLCONTENT_BEGIN
 90
        1
300
VALUE
 93
        6
 90
        4
  1
Header-A
 94
        0
300

302
Header-A
304
ACVALUE_END
 91
        0
309
CELLCONTENT_END
  1
FORMATTEDCELLCONTENT_BEGIN
170
     1
300
CONTENTFORMAT
  1
CONTENTFORMAT_BEGIN
 90
        3
 91
        0
 92
        4
 93
        0
300

 40
0.0
140
1.0
 94
        1
 62
     0
340
0
144
0.18
309
CONTENTFORMAT_END
309
FORMATTEDCELLCONTENT_END
309
LINKEDTABLEDATACELL_END
  1
FORMATTEDTABLEDATACELL_BEGIN
300
CELLTABLEFORMAT
  1
TABLEFORMAT_BEGIN
 90
        1
170
     1
 91
        0
 92
        0
 62
   257
 93
        1
300
CONTENTFORMAT
  1
CONTENTFORMAT_BEGIN
 90
        0
 91
        0
 92
      512
 93
        0
300

 40
0.0
140
1.0
 94
        1
 62
     0
340
0
144
0.18
309
CONTENTFORMAT_END
171
     1
301
MARGIN
  1
CELLMARGIN_BEGIN
 40
0.06
 40
0.06
 40
0.06
 40
0.06
 40
0.18
 40
0.18
309
CELLMARGIN_END
 94
        5
 95
        2
302
GRIDFORMAT
  1
GRIDFORMAT_BEGIN
 90
       37
 91
        1
 62
     0
 92
       -2
340
0
 93
        0
 40
0.045
309
GRIDFORMAT_END
 95
        4
302
GRIDFORMAT
  1
GRIDFORMAT_BEGIN
 90
       37
 91
        1
 62
     0
 92
       -2
340
0
 93
        0
 40
0.045
309
GRIDFORMAT_END
 95
        8
302
GRIDFORMAT
  1
GRIDFORMAT_BEGIN
 90
       37
 91
        1
 62
     0
 92
       -2
340
0
 93
        0
 40
0.045
309
GRIDFORMAT_END
 95
       16
302
GRIDFORMAT
  1
GRIDFORMAT_BEGIN
 90
       37
 91
        1
 62
     0
 92
       -2
340
0
 93
        0
 40
0.045
309
GRIDFORMAT_END
 95
       32
302
GRIDFORMAT
  1
GRIDFORMAT_BEGIN
 90
       37
 91
        1
 62
     0
 92
       -2
340
0
 93
        0
 40
0.045
309
GRIDFORMAT_END
309
TABLEFORMAT_END
309
FORMATTEDTABLEDATACELL_END
  1
TABLECELL_BEGIN
 90
        0
 91
        0
309
TABLECELL_END
300
CELL
  1
LINKEDTABLEDATACELL_BEGIN
 90
        0
300

 91
        0
301
CUSTOMDATA
  1
DATAMAP_BEGIN
 90
        1
300
ACAD_ROUNDTRIP_2008_CELL_CHECKSUM
301
DATAMAP_VALUE
 93
        2
 90
        2
140
2997.0
 94
        0
300

302

304
ACVALUE_END
309
DATAMAP_END
 92
        0
 95
        1
302
CONTENT
  1
CELLCONTENT_BEGIN
 90
        1
300
VALUE
 93
        6
 90
        4
  1
Header-B
 94
        0
300

302
Header-B
304
ACVALUE_END
 91
        0
309
CELLCONTENT_END
  1
FORMATTEDCELLCONTENT_BEGIN
170
     1
300
CONTENTFORMAT
  1
CONTENTFORMAT_BEGIN
 90
        3
 91
        0
 92
        4
 93
        0
300

 40
0.0
140
1.0
 94
        1
 62
     0
340
0
144
0.18
309
CONTENTFORMAT_END
309
FORMATTEDCELLCONTENT_END
309
LINKEDTABLEDATACELL_END
  1
FORMATTEDTABLEDATACELL_BEGIN
300
CELLTABLEFORMAT
  1
TABLEFORMAT_BEGIN
 90
        1
170
     1
 91
        0
 92
        0
 62
   257
 93
        1
300
CONTENTFORMAT
  1
CONTENTFORMAT_BEGIN
 90
        0
 91
        0
 92
      512
 93
        0
300

 40
0.0
140
1.0
 94
        1
 62
     0
340
0
144
0.18
309
CONTENTFORMAT_END
171
     1
301
MARGIN
  1
CELLMARGIN_BEGIN
 40
0.06
 40
0.06
 40
0.06
 40
0.06
 40
0.18
 40
0.18
309
CELLMARGIN_END
 94
        4
 95
        2
302
GRIDFORMAT
  1
GRIDFORMAT_BEGIN
 90
       37
 91
        1
 62
     0
 92
       -2
340
0
 93
        0
 40
0.045
309
GRIDFORMAT_END
 95
        4
302
GRIDFORMAT
  1
GRIDFORMAT_BEGIN
 90
       37
 91
        1
 62
     0
 92
       -2
340
0
 93
        0
 40
0.045
309
GRIDFORMAT_END
 95
       16
302
GRIDFORMAT
  1
GRIDFORMAT_BEGIN
 90
       37
 91
        1
 62
     0
 92
       -2
340
0
 93
        0
 40
0.045
309
GRIDFORMAT_END
 95
       32
302
GRIDFORMAT
  1
GRIDFORMAT_BEGIN
 90
       37
 91
        1
 62
     0
 92
       -2
340
0
 93
        0
 40
0.045
309
GRIDFORMAT_END
309
TABLEFORMAT_END
309
FORMATTEDTABLEDATACELL_END
  1
TABLECELL_BEGIN
 90
        0
 91
        0
309
TABLECELL_END
300
CELL
  1
LINKEDTABLEDATACELL_BEGIN
 90
        0
300

 91
        0
301
CUSTOMDATA
  1
DATAMAP_BEGIN
 90
        1
300
ACAD_ROUNDTRIP_2008_CELL_CHECKSUM
301
DATAMAP_VALUE
 93
        2
 90
        2
140
3005.0
 94
        0
300

302

304
ACVALUE_END
309
DATAMAP_END
 92
        0
 95
        1
302
CONTENT
  1
CELLCONTENT_BEGIN
 90
        1
300
VALUE
 93
        6
 90
        4
  1
Header-C
 94
        0
300

302
Header-C
304
ACVALUE_END
 91
        0
309
CELLCONTENT_END
  1
FORMATTEDCELLCONTENT_BEGIN
170
     1
300
CONTENTFORMAT
  1
CONTENTFORMAT_BEGIN
 90
        3
 91
        0
 92
        4
 93
        0
300

 40
0.0
140
1.0
 94
        1
 62
     0
340
0
144
0.18
309
CONTENTFORMAT_END
309
FORMATTEDCELLCONTENT_END
309
LINKEDTABLEDATACELL_END
  1
FORMATTEDTABLEDATACELL_BEGIN
300
CELLTABLEFORMAT
  1
TABLEFORMAT_BEGIN
 90
        1
170
     1
 91
        0
 92
        0
 62
   257
 93
        1
300
CONTENTFORMAT
  1
CONTENTFORMAT_BEGIN
 90
        0
 91
        0
 92
      512
 93
        0
300

 40
0.0
140
1.0
 94
        1
 62
     0
340
0
144
0.18
309
CONTENTFORMAT_END
171
     1
301
MARGIN
  1
CELLMARGIN_BEGIN
 40
0.06
 40
0.06
 40
0.06
 40
0.06
 40
0.18
 40
0.18
309
CELLMARGIN_END
 94
        4
 95
        2
302
GRIDFORMAT
  1
GRIDFORMAT_BEGIN
 90
       37
 91
        1
 62
     0
 92
       -2
340
0
 93
        0
 40
0.045
309
GRIDFORMAT_END
 95
        4
302
GRIDFORMAT
  1
GRIDFORMAT_BEGIN
 90
       37
 91
        1
 62
     0
 92
       -2
340
0
 93
        0
 40
0.045
309
GRIDFORMAT_END
 95
       16
302
GRIDFORMAT
  1
GRIDFORMAT_BEGIN
 90
       37
 91
        1
 62
     0
 92
       -2
340
0
 93
        0
 40
0.045
309
GRIDFORMAT_END
 95
       32
302
GRIDFORMAT
  1
GRIDFORMAT_BEGIN
 90
       37
 91
        1
 62
     0
 92
       -2
340
0
 93
        0
 40
0.045
309
GRIDFORMAT_END
309
TABLEFORMAT_END
309
FORMATTEDTABLEDATACELL_END
  1
TABLECELL_BEGIN
 90
        0
 91
        0
309
TABLECELL_END
300
CELL
  1
LINKEDTABLEDATACELL_BEGIN
 90
        0
300

 91
        0
301
CUSTOMDATA
  1
DATAMAP_BEGIN
 90
        1
300
ACAD_ROUNDTRIP_2008_CELL_CHECKSUM
301
DATAMAP_VALUE
 93
        2
 90
        2
140
3013.0
 94
        0
300

302

304
ACVALUE_END
309
DATAMAP_END
 92
        0
 95
        1
302
CONTENT
  1
CELLCONTENT_BEGIN
 90
        1
300
VALUE
 93
        6
 90
        4
  1
Header-D
 94
        0
300

302
Header-D
304
ACVALUE_END
 91
        0
309
CELLCONTENT_END
  1
FORMATTEDCELLCONTENT_BEGIN
170
     1
300
CONTENTFORMAT
  1
CONTENTFORMAT_BEGIN
 90
        3
 91
        0
 92
        4
 93
        0
300

 40
0.0
140
1.0
 94
        1
 62
     0
340
0
144
0.18
309
CONTENTFORMAT_END
309
FORMATTEDCELLCONTENT_END
309
LINKEDTABLEDATACELL_END
  1
FORMATTEDTABLEDATACELL_BEGIN
300
CELLTABLEFORMAT
  1
TABLEFORMAT_BEGIN
 90
        1
170
     1
 91
        0
 92
        0
 62
   257
 93
        1
300
CONTENTFORMAT
  1
CONTENTFORMAT_BEGIN
 90
        0
 91
        0
 92
      512
 93
        0
300

 40
0.0
140
1.0
 94
        1
 62
     0
340
0
144
0.18
309
CONTENTFORMAT_END
171
     1
301
MARGIN
  1
CELLMARGIN_BEGIN
 40
0.06
 40
0.06
 40
0.06
 40
0.06
 40
0.18
 40
0.18
309
CELLMARGIN_END
 94
        4
 95
        2
302
GRIDFORMAT
  1
GRIDFORMAT_BEGIN
 90
       37
 91
        1
 62
     0
 92
       -2
340
0
 93
        0
 40
0.045
309
GRIDFORMAT_END
 95
        4
302
GRIDFORMAT
  1
GRIDFORMAT_BEGIN
 90
       37
 91
        1
 62
     0
 92
       -2
340
0
 93
        0
 40
0.045
309
GRIDFORMAT_END
 95
       16
302
GRIDFORMAT
  1
GRIDFORMAT_BEGIN
 90
       37
 91
        1
 62
     0
 92
       -2
340
0
 93
        0
 40
0.045
309
GRIDFORMAT_END
 95
       32
302
GRIDFORMAT
  1
GRIDFORMAT_BEGIN
 90
       37
 91
        1
 62
     0
 92
       -2
340
0
 93
        0
 40
0.045
309
GRIDFORMAT_END
309
TABLEFORMAT_END
309
FORMATTEDTABLEDATACELL_END
  1
TABLECELL_BEGIN
 90
        0
 91
        0
309
TABLECELL_END
300
CELL
  1
LINKEDTABLEDATACELL_BEGIN
 90
        0
300

 91
        0
301
CUSTOMDATA
  1
DATAMAP_BEGIN
 90
        1
300
ACAD_ROUNDTRIP_2008_CELL_CHECKSUM
301
DATAMAP_VALUE
 93
        2
 90
        2
140
3021.0
 94
        0
300

302

304
ACVALUE_END
309
DATAMAP_END
 92
        0
 95
        1
302
CONTENT
  1
CELLCONTENT_BEGIN
 90
        1
300
VALUE
 93
        6
 90
        4
  1
Header-E
 94
        0
300

302
Header-E
304
ACVALUE_END
 91
        0
309
CELLCONTENT_END
  1
FORMATTEDCELLCONTENT_BEGIN
170
     1
300
CONTENTFORMAT
  1
CONTENTFORMAT_BEGIN
 90
        3
 91
        0
 92
        4
 93
        0
300

 40
0.0
140
1.0
 94
        1
 62
     0
340
0
144
0.18
309
CONTENTFORMAT_END
309
FORMATTEDCELLCONTENT_END
309
LINKEDTABLEDATACELL_END
  1
FORMATTEDTABLEDATACELL_BEGIN
300
CELLTABLEFORMAT
  1
TABLEFORMAT_BEGIN
 90
        1
170
     1
 91
        0
 92
        0
 62
   257
 93
        1
300
CONTENTFORMAT
  1
CONTENTFORMAT_BEGIN
 90
        0
 91
        0
 92
      512
 93
        0
300

 40
0.0
140
1.0
 94
        1
 62
     0
340
0
144
0.18
309
CONTENTFORMAT_END
171
     1
301
MARGIN
  1
CELLMARGIN_BEGIN
 40
0.06
 40
0.06
 40
0.06
 40
0.06
 40
0.18
 40
0.18
309
CELLMARGIN_END
 94
        4
 95
        2
302
GRIDFORMAT
  1
GRIDFORMAT_BEGIN
 90
       37
 91
        1
 62
     0
 92
       -2
340
0
 93
        0
 40
0.045
309
GRIDFORMAT_END
 95
        4
302
GRIDFORMAT
  1
GRIDFORMAT_BEGIN
 90
       37
 91
        1
 62
     0
 92
       -2
340
0
 93
        0
 40
0.045
309
GRIDFORMAT_END
 95
       16
302
GRIDFORMAT
  1
GRIDFORMAT_BEGIN
 90
       37
 91
        1
 62
     0
 92
       -2
340
0
 93
        0
 40
0.045
309
GRIDFORMAT_END
 95
       32
302
GRIDFORMAT
  1
GRIDFORMAT_BEGIN
 90
       37
 91
        1
 62
     0
 92
       -2
340
0
 93
        0
 40
0.045
309
GRIDFORMAT_END
309
TABLEFORMAT_END
309
FORMATTEDTABLEDATACELL_END
  1
TABLECELL_BEGIN
 90
        0
 91
        0
309
TABLECELL_END
 91
        0
301
CUSTOMDATA
  1
DATAMAP_BEGIN
 90
        0
309
DATAMAP_END
309
LINKEDTABLEDATAROW_END
  1
FORMATTEDTABLEDATAROW_BEGIN
300
ROWTABLEFORMAT
  1
TABLEFORMAT_BEGIN
 90
        2
170
     0
309
TABLEFORMAT_END
309
FORMATTEDTABLEDATAROW_END
  1
TABLEROW_BEGIN
 90
        2
 40
0.36
309
TABLEROW_END
301
ROW
  1
LINKEDTABLEDATAROW_BEGIN
 90
        5
300
CELL
  1
LINKEDTABLEDATACELL_BEGIN
 90
        0
300

 91
        0
301
CUSTOMDATA
  1
DATAMAP_BEGIN
 90
        1
300
ACAD_ROUNDTRIP_2008_CELL_CHECKSUM
301
DATAMAP_VALUE
 93
        2
 90
        2
140
2861.0
 94
        0
300

302

304
ACVALUE_END
309
DATAMAP_END
 92
        0
 95
        1
302
CONTENT
  1
CELLCONTENT_BEGIN
 90
        1
300
VALUE
 93
        6
 90
        4
  1
Header-1
 94
        0
300

302
Header-1
304
ACVALUE_END
 91
        0
309
CELLCONTENT_END
  1
FORMATTEDCELLCONTENT_BEGIN
170
     1
300
CONTENTFORMAT
  1
CONTENTFORMAT_BEGIN
 90
       67
 91
        0
 92
        4
 93
        0
300

 40
0.0
140
1.0
 94
        1
 62
     0
340
11
144
0.18
309
CONTENTFORMAT_END
309
FORMATTEDCELLCONTENT_END
309
LINKEDTABLEDATACELL_END
  1
FORMATTEDTABLEDATACELL_BEGIN
300
CELLTABLEFORMAT
  1
TABLEFORMAT_BEGIN
 90
        1
170
     1
 91
       16
 92
        0
 62
   257
 93
        1
300
CONTENTFORMAT
  1
CONTENTFORMAT_BEGIN
 90
        0
 91
        0
 92
      512
 93
        0
300

 40
0.0
140
1.0
 94
        5
 62
     0
340
0
144
0.18
309
CONTENTFORMAT_END
171
     1
301
MARGIN
  1
CELLMARGIN_BEGIN
 40
0.06
 40
0.06
 40
0.06
 40
0.06
 40
0.18
 40
0.18
309
CELLMARGIN_END
 94
        5
 95
        2
302
GRIDFORMAT
  1
GRIDFORMAT_BEGIN
 90
       37
 91
        1
 62
     0
 92
       -2
340
0
 93
        0
 40
0.045
309
GRIDFORMAT_END
 95
        4
302
GRIDFORMAT
  1
GRIDFORMAT_BEGIN
 90
       37
 91
        1
 62
     0
 92
       -2
340
0
 93
        0
 40
0.045
309
GRIDFORMAT_END
 95
        8
302
GRIDFORMAT
  1
GRIDFORMAT_BEGIN
 90
       37
 91
        1
 62
     0
 92
       -2
340
0
 93
        0
 40
0.045
309
GRIDFORMAT_END
 95
       16
302
GRIDFORMAT
  1
GRIDFORMAT_BEGIN
 90
       37
 91
        1
 62
     0
 92
       -2
340
0
 93
        0
 40
0.045
309
GRIDFORMAT_END
 95
       32
302
GRIDFORMAT
  1
GRIDFORMAT_BEGIN
 90
       37
 91
        1
 62
     0
 92
       -2
340
0
 93
        0
 40
0.045
309
GRIDFORMAT_END
309
TABLEFORMAT_END
309
FORMATTEDTABLEDATACELL_END
  1
TABLECELL_BEGIN
 90
        0
 91
        0
309
TABLECELL_END
300
CELL
  1
LINKEDTABLEDATACELL_BEGIN
 90
        0
300

 91
        0
301
CUSTOMDATA
  1
DATAMAP_BEGIN
 90
        1
300
ACAD_ROUNDTRIP_2008_CELL_CHECKSUM
301
DATAMAP_VALUE
 93
        2
 90
        2
140
2869.0
 94
        0
300

302

304
ACVALUE_END
309
DATAMAP_END
 92
        0
 95
        1
302
CONTENT
  1
CELLCONTENT_BEGIN
 90
        1
300
VALUE
 93
        6
 90
        4
  1
Header-2
 94
        0
300

302
Header-2
304
ACVALUE_END
 91
        0
309
CELLCONTENT_END
  1
FORMATTEDCELLCONTENT_BEGIN
170
     1
300
CONTENTFORMAT
  1
CONTENTFORMAT_BEGIN
 90
       67
 91
        0
 92
        4
 93
        0
300

 40
0.0
140
1.0
 94
        1
 62
     0
340
11
144
0.18
309
CONTENTFORMAT_END
309
FORMATTEDCELLCONTENT_END
309
LINKEDTABLEDATACELL_END
  1
FORMATTEDTABLEDATACELL_BEGIN
300
CELLTABLEFORMAT
  1
TABLEFORMAT_BEGIN
 90
        1
170
     1
 91
       16
 92
        0
 62
   257
 93
        1
300
CONTENTFORMAT
  1
CONTENTFORMAT_BEGIN
 90
        0
 91
        0
 92
      512
 93
        0
300

 40
0.0
140
1.0
 94
        5
 62
     0
340
0
144
0.18
309
CONTENTFORMAT_END
171
     1
301
MARGIN
  1
CELLMARGIN_BEGIN
 40
0.06
 40
0.06
 40
0.06
 40
0.06
 40
0.18
 40
0.18
309
CELLMARGIN_END
 94
        4
 95
        2
302
GRIDFORMAT
  1
GRIDFORMAT_BEGIN
 90
       37
 91
        1
 62
     0
 92
       -2
340
0
 93
        0
 40
0.045
309
GRIDFORMAT_END
 95
        4
302
GRIDFORMAT
  1
GRIDFORMAT_BEGIN
 90
       37
 91
        1
 62
     0
 92
       -2
340
0
 93
        0
 40
0.045
309
GRIDFORMAT_END
 95
       16
302
GRIDFORMAT
  1
GRIDFORMAT_BEGIN
 90
       37
 91
        1
 62
     0
 92
       -2
340
0
 93
        0
 40
0.045
309
GRIDFORMAT_END
 95
       32
302
GRIDFORMAT
  1
GRIDFORMAT_BEGIN
 90
       37
 91
        1
 62
     0
 92
       -2
340
0
 93
        0
 40
0.045
309
GRIDFORMAT_END
309
TABLEFORMAT_END
309
FORMATTEDTABLEDATACELL_END
  1
TABLECELL_BEGIN
 90
        0
 91
        0
309
TABLECELL_END
300
CELL
  1
LINKEDTABLEDATACELL_BEGIN
 90
        0
300

 91
        0
301
CUSTOMDATA
  1
DATAMAP_BEGIN
 90
        1
300
ACAD_ROUNDTRIP_2008_CELL_CHECKSUM
301
DATAMAP_VALUE
 93
        2
 90
        2
140
2877.0
 94
        0
300

302

304
ACVALUE_END
309
DATAMAP_END
 92
        0
 95
        1
302
CONTENT
  1
CELLCONTENT_BEGIN
 90
        1
300
VALUE
 93
        6
 90
        4
  1
Header-3
 94
        0
300

302
Header-3
304
ACVALUE_END
 91
        0
309
CELLCONTENT_END
  1
FORMATTEDCELLCONTENT_BEGIN
170
     1
300
CONTENTFORMAT
  1
CONTENTFORMAT_BEGIN
 90
       67
 91
        0
 92
        4
 93
        0
300

 40
0.0
140
1.0
 94
        1
 62
     0
340
11
144
0.18
309
CONTENTFORMAT_END
309
FORMATTEDCELLCONTENT_END
309
LINKEDTABLEDATACELL_END
  1
FORMATTEDTABLEDATACELL_BEGIN
300
CELLTABLEFORMAT
  1
TABLEFORMAT_BEGIN
 90
        1
170
     1
 91
       16
 92
        0
 62
   257
 93
        1
300
CONTENTFORMAT
  1
CONTENTFORMAT_BEGIN
 90
        0
 91
        0
 92
      512
 93
        0
300

 40
0.0
140
1.0
 94
        5
 62
     0
340
0
144
0.18
309
CONTENTFORMAT_END
171
     1
301
MARGIN
  1
CELLMARGIN_BEGIN
 40
0.06
 40
0.06
 40
0.06
 40
0.06
 40
0.18
 40
0.18
309
CELLMARGIN_END
 94
        4
 95
        2
302
GRIDFORMAT
  1
GRIDFORMAT_BEGIN
 90
       37
 91
        1
 62
     0
 92
       -2
340
0
 93
        0
 40
0.045
309
GRIDFORMAT_END
 95
        4
302
GRIDFORMAT
  1
GRIDFORMAT_BEGIN
 90
       37
 91
        1
 62
     0
 92
       -2
340
0
 93
        0
 40
0.045
309
GRIDFORMAT_END
 95
       16
302
GRIDFORMAT
  1
GRIDFORMAT_BEGIN
 90
       37
 91
        1
 62
     0
 92
       -2
340
0
 93
        0
 40
0.045
309
GRIDFORMAT_END
 95
       32
302
GRIDFORMAT
  1
GRIDFORMAT_BEGIN
 90
       37
 91
        1
 62
     0
 92
       -2
340
0
 93
        0
 40
0.045
309
GRIDFORMAT_END
309
TABLEFORMAT_END
309
FORMATTEDTABLEDATACELL_END
  1
TABLECELL_BEGIN
 90
        0
 91
        0
309
TABLECELL_END
300
CELL
  1
LINKEDTABLEDATACELL_BEGIN
 90
        0
300

 91
        0
301
CUSTOMDATA
  1
DATAMAP_BEGIN
 90
        1
300
ACAD_ROUNDTRIP_2008_CELL_CHECKSUM
301
DATAMAP_VALUE
 93
        2
 90
        2
140
2885.0
 94
        0
300

302

304
ACVALUE_END
309
DATAMAP_END
 92
        0
 95
        1
302
CONTENT
  1
CELLCONTENT_BEGIN
 90
        1
300
VALUE
 93
        6
 90
        4
  1
Header-4
 94
        0
300

302
Header-4
304
ACVALUE_END
 91
        0
309
CELLCONTENT_END
  1
FORMATTEDCELLCONTENT_BEGIN
170
     1
300
CONTENTFORMAT
  1
CONTENTFORMAT_BEGIN
 90
       67
 91
        0
 92
        4
 93
        0
300

 40
0.0
140
1.0
 94
        1
 62
     0
340
11
144
0.18
309
CONTENTFORMAT_END
309
FORMATTEDCELLCONTENT_END
309
LINKEDTABLEDATACELL_END
  1
FORMATTEDTABLEDATACELL_BEGIN
300
CELLTABLEFORMAT
  1
TABLEFORMAT_BEGIN
 90
        1
170
     1
 91
       16
 92
        0
 62
   257
 93
        1
300
CONTENTFORMAT
  1
CONTENTFORMAT_BEGIN
 90
        0
 91
        0
 92
      512
 93
        0
300

 40
0.0
140
1.0
 94
        5
 62
     0
340
0
144
0.18
309
CONTENTFORMAT_END
171
     1
301
MARGIN
  1
CELLMARGIN_BEGIN
 40
0.06
 40
0.06
 40
0.06
 40
0.06
 40
0.18
 40
0.18
309
CELLMARGIN_END
 94
        4
 95
        2
302
GRIDFORMAT
  1
GRIDFORMAT_BEGIN
 90
       37
 91
        1
 62
     0
 92
       -2
340
0
 93
        0
 40
0.045
309
GRIDFORMAT_END
 95
        4
302
GRIDFORMAT
  1
GRIDFORMAT_BEGIN
 90
       37
 91
        1
 62
     0
 92
       -2
340
0
 93
        0
 40
0.045
309
GRIDFORMAT_END
 95
       16
302
GRIDFORMAT
  1
GRIDFORMAT_BEGIN
 90
       37
 91
        1
 62
     0
 92
       -2
340
0
 93
        0
 40
0.045
309
GRIDFORMAT_END
 95
       32
302
GRIDFORMAT
  1
GRIDFORMAT_BEGIN
 90
       37
 91
        1
 62
     0
 92
       -2
340
0
 93
        0
 40
0.045
309
GRIDFORMAT_END
309
TABLEFORMAT_END
309
FORMATTEDTABLEDATACELL_END
  1
TABLECELL_BEGIN
 90
        0
 91
        0
309
TABLECELL_END
300
CELL
  1
LINKEDTABLEDATACELL_BEGIN
 90
        0
300

 91
        0
301
CUSTOMDATA
  1
DATAMAP_BEGIN
 90
        1
300
ACAD_ROUNDTRIP_2008_CELL_CHECKSUM
301
DATAMAP_VALUE
 93
        2
 90
        2
140
2893.0
 94
        0
300

302

304
ACVALUE_END
309
DATAMAP_END
 92
        0
 95
        1
302
CONTENT
  1
CELLCONTENT_BEGIN
 90
        1
300
VALUE
 93
        6
 90
        4
  1
Header-5
 94
        0
300

302
Header-5
304
ACVALUE_END
 91
        0
309
CELLCONTENT_END
  1
FORMATTEDCELLCONTENT_BEGIN
170
     1
300
CONTENTFORMAT
  1
CONTENTFORMAT_BEGIN
 90
       67
 91
        0
 92
        4
 93
        0
300

 40
0.0
140
1.0
 94
        1
 62
     0
340
11
144
0.18
309
CONTENTFORMAT_END
309
FORMATTEDCELLCONTENT_END
309
LINKEDTABLEDATACELL_END
  1
FORMATTEDTABLEDATACELL_BEGIN
300
CELLTABLEFORMAT
  1
TABLEFORMAT_BEGIN
 90
        1
170
     1
 91
       16
 92
        0
 62
   257
 93
        1
300
CONTENTFORMAT
  1
CONTENTFORMAT_BEGIN
 90
        0
 91
        0
 92
      512
 93
        0
300

 40
0.0
140
1.0
 94
        5
 62
     0
340
0
144
0.18
309
CONTENTFORMAT_END
171
     1
301
MARGIN
  1
CELLMARGIN_BEGIN
 40
0.06
 40
0.06
 40
0.06
 40
0.06
 40
0.18
 40
0.18
309
CELLMARGIN_END
 94
        4
 95
        2
302
GRIDFORMAT
  1
GRIDFORMAT_BEGIN
 90
       37
 91
        1
 62
     0
 92
       -2
340
0
 93
        0
 40
0.045
309
GRIDFORMAT_END
 95
        4
302
GRIDFORMAT
  1
GRIDFORMAT_BEGIN
 90
       37
 91
        1
 62
     0
 92
       -2
340
0
 93
        0
 40
0.045
309
GRIDFORMAT_END
 95
       16
302
GRIDFORMAT
  1
GRIDFORMAT_BEGIN
 90
       37
 91
        1
 62
     0
 92
       -2
340
0
 93
        0
 40
0.045
309
GRIDFORMAT_END
 95
       32
302
GRIDFORMAT
  1
GRIDFORMAT_BEGIN
 90
       37
 91
        1
 62
     0
 92
       -2
340
0
 93
        0
 40
0.045
309
GRIDFORMAT_END
309
TABLEFORMAT_END
309
FORMATTEDTABLEDATACELL_END
  1
TABLECELL_BEGIN
 90
        0
 91
        0
309
TABLECELL_END
 91
        0
301
CUSTOMDATA
  1
DATAMAP_BEGIN
 90
        0
309
DATAMAP_END
309
LINKEDTABLEDATAROW_END
  1
FORMATTEDTABLEDATAROW_BEGIN
300
ROWTABLEFORMAT
  1
TABLEFORMAT_BEGIN
 90
        2
170
     1
 91
        0
 92
        0
 62
   257
 93
        1
300
CONTENTFORMAT
  1
CONTENTFORMAT_BEGIN
 90
        0
 91
        0
 92
      512
 93
        0
300

 40
0.0
140
1.0
 94
        1
 62
     0
340
0
144
0.18
309
CONTENTFORMAT_END
171
     0
 94
        0
309
TABLEFORMAT_END
309
FORMATTEDTABLEDATAROW_END
  1
TABLEROW_BEGIN
 90
        2
 40
0.36
309
TABLEROW_END
301
ROW
  1
LINKEDTABLEDATAROW_BEGIN
 90
        5
300
CELL
  1
LINKEDTABLEDATACELL_BEGIN
 90
        0
300

 91
        0
301
CUSTOMDATA
  1
DATAMAP_BEGIN
 90
        1
300
ACAD_ROUNDTRIP_2008_CELL_CHECKSUM
301
DATAMAP_VALUE
 93
        2
 90
        2
140
54.0
 94
        0
300

302

304
ACVALUE_END
309
DATAMAP_END
 92
        0
 95
        1
302
CONTENT
  1
CELLCONTENT_BEGIN
 90
        1
300
VALUE
 93
        6
 90
        1
 91
        6
 94
        0
300

302
6
304
ACVALUE_END
 91
        0
309
CELLCONTENT_END
  1
FORMATTEDCELLCONTENT_BEGIN
170
     1
300
CONTENTFORMAT
  1
CONTENTFORMAT_BEGIN
 90
        3
 91
        0
 92
        1
 93
        0
300

 40
0.0
140
1.0
 94
        1
 62
     0
340
0
144
0.18
309
CONTENTFORMAT_END
309
FORMATTEDCELLCONTENT_END
309
LINKEDTABLEDATACELL_END
  1
FORMATTEDTABLEDATACELL_BEGIN
300
CELLTABLEFORMAT
  1
TABLEFORMAT_BEGIN
 90
        1
170
     1
 91
       16
 92
        0
 62
   257
 93
        1
300
CONTENTFORMAT
  1
CONTENTFORMAT_BEGIN
 90
        0
 91
        0
 92
      512
 93
        0
300

 40
0.0
140
1.0
 94
        3
 62
     0
340
0
144
0.18
309
CONTENTFORMAT_END
171
     1
301
MARGIN
  1
CELLMARGIN_BEGIN
 40
0.06
 40
0.06
 40
0.06
 40
0.06
 40
0.18
 40
0.18
309
CELLMARGIN_END
 94
        5
 95
        2
302
GRIDFORMAT
  1
GRIDFORMAT_BEGIN
 90
       37
 91
        1
 62
     0
 92
       -2
340
0
 93
        0
 40
0.045
309
GRIDFORMAT_END
 95
        4
302
GRIDFORMAT
  1
GRIDFORMAT_BEGIN
 90
       37
 91
        1
 62
     0
 92
       -2
340
0
 93
        0
 40
0.045
309
GRIDFORMAT_END
 95
        8
302
GRIDFORMAT
  1
GRIDFORMAT_BEGIN
 90
       37
 91
        1
 62
     0
 92
       -2
340
0
 93
        0
 40
0.045
309
GRIDFORMAT_END
 95
       16
302
GRIDFORMAT
  1
GRIDFORMAT_BEGIN
 90
       37
 91
        1
 62
     0
 92
       -2
340
0
 93
        0
 40
0.045
309
GRIDFORMAT_END
 95
       32
302
GRIDFORMAT
  1
GRIDFORMAT_BEGIN
 90
       37
 91
        1
 62
     0
 92
       -2
340
0
 93
        0
 40
0.045
309
GRIDFORMAT_END
309
TABLEFORMAT_END
309
FORMATTEDTABLEDATACELL_END
  1
TABLECELL_BEGIN
 90
        0
 91
        0
309
TABLECELL_END
300
CELL
  1
LINKEDTABLEDATACELL_BEGIN
 90
        0
300

 91
        0
301
CUSTOMDATA
  1
DATAMAP_BEGIN
 90
        1
300
ACAD_ROUNDTRIP_2008_CELL_CHECKSUM
301
DATAMAP_VALUE
 93
        2
 90
        2
140
55.0
 94
        0
300

302

304
ACVALUE_END
309
DATAMAP_END
 92
        0
 95
        1
302
CONTENT
  1
CELLCONTENT_BEGIN
 90
        1
300
VALUE
 93
        6
 90
        1
 91
        7
 94
        0
300

302
7
304
ACVALUE_END
 91
        0
309
CELLCONTENT_END
  1
FORMATTEDCELLCONTENT_BEGIN
170
     1
300
CONTENTFORMAT
  1
CONTENTFORMAT_BEGIN
 90
        3
 91
        0
 92
        1
 93
        0
300

 40
0.0
140
1.0
 94
        1
 62
     0
340
0
144
0.18
309
CONTENTFORMAT_END
309
FORMATTEDCELLCONTENT_END
309
LINKEDTABLEDATACELL_END
  1
FORMATTEDTABLEDATACELL_BEGIN
300
CELLTABLEFORMAT
  1
TABLEFORMAT_BEGIN
 90
        1
170
     1
 91
       16
 92
        0
 62
   257
 93
        1
300
CONTENTFORMAT
  1
CONTENTFORMAT_BEGIN
 90
        0
 91
        0
 92
      512
 93
        0
300

 40
0.0
140
1.0
 94
        3
 62
     0
340
0
144
0.18
309
CONTENTFORMAT_END
171
     1
301
MARGIN
  1
CELLMARGIN_BEGIN
 40
0.06
 40
0.06
 40
0.06
 40
0.06
 40
0.18
 40
0.18
309
CELLMARGIN_END
 94
        4
 95
        2
302
GRIDFORMAT
  1
GRIDFORMAT_BEGIN
 90
       37
 91
        1
 62
     0
 92
       -2
340
0
 93
        0
 40
0.045
309
GRIDFORMAT_END
 95
        4
302
GRIDFORMAT
  1
GRIDFORMAT_BEGIN
 90
       37
 91
        1
 62
     0
 92
       -2
340
0
 93
        0
 40
0.045
309
GRIDFORMAT_END
 95
       16
302
GRIDFORMAT
  1
GRIDFORMAT_BEGIN
 90
       37
 91
        1
 62
     0
 92
       -2
340
0
 93
        0
 40
0.045
309
GRIDFORMAT_END
 95
       32
302
GRIDFORMAT
  1
GRIDFORMAT_BEGIN
 90
       37
 91
        1
 62
     0
 92
       -2
340
0
 93
        0
 40
0.045
309
GRIDFORMAT_END
309
TABLEFORMAT_END
309
FORMATTEDTABLEDATACELL_END
  1
TABLECELL_BEGIN
 90
        0
 91
        0
309
TABLECELL_END
300
CELL
  1
LINKEDTABLEDATACELL_BEGIN
 90
        0
300

 91
        0
301
CUSTOMDATA
  1
DATAMAP_BEGIN
 90
        1
300
ACAD_ROUNDTRIP_2008_CELL_CHECKSUM
301
DATAMAP_VALUE
 93
        2
 90
        2
140
56.0
 94
        0
300

302

304
ACVALUE_END
309
DATAMAP_END
 92
        0
 95
        1
302
CONTENT
  1
CELLCONTENT_BEGIN
 90
        1
300
VALUE
 93
        6
 90
        1
 91
        8
 94
        0
300

302
8
304
ACVALUE_END
 91
        0
309
CELLCONTENT_END
  1
FORMATTEDCELLCONTENT_BEGIN
170
     1
300
CONTENTFORMAT
  1
CONTENTFORMAT_BEGIN
 90
        3
 91
        0
 92
        1
 93
        0
300

 40
0.0
140
1.0
 94
        1
 62
     0
340
0
144
0.18
309
CONTENTFORMAT_END
309
FORMATTEDCELLCONTENT_END
309
LINKEDTABLEDATACELL_END
  1
FORMATTEDTABLEDATACELL_BEGIN
300
CELLTABLEFORMAT
  1
TABLEFORMAT_BEGIN
 90
        1
170
     1
 91
       16
 92
        0
 62
   257
 93
        1
300
CONTENTFORMAT
  1
CONTENTFORMAT_BEGIN
 90
        0
 91
        0
 92
      512
 93
        0
300

 40
0.0
140
1.0
 94
        3
 62
     0
340
0
144
0.18
309
CONTENTFORMAT_END
171
     1
301
MARGIN
  1
CELLMARGIN_BEGIN
 40
0.06
 40
0.06
 40
0.06
 40
0.06
 40
0.18
 40
0.18
309
CELLMARGIN_END
 94
        4
 95
        2
302
GRIDFORMAT
  1
GRIDFORMAT_BEGIN
 90
       37
 91
        1
 62
     0
 92
       -2
340
0
 93
        0
 40
0.045
309
GRIDFORMAT_END
 95
        4
302
GRIDFORMAT
  1
GRIDFORMAT_BEGIN
 90
       37
 91
        1
 62
     0
 92
       -2
340
0
 93
        0
 40
0.045
309
GRIDFORMAT_END
 95
       16
302
GRIDFORMAT
  1
GRIDFORMAT_BEGIN
 90
       37
 91
        1
 62
     0
 92
       -2
340
0
 93
        0
 40
0.045
309
GRIDFORMAT_END
 95
       32
302
GRIDFORMAT
  1
GRIDFORMAT_BEGIN
 90
       37
 91
        1
 62
     0
 92
       -2
340
0
 93
        0
 40
0.045
309
GRIDFORMAT_END
309
TABLEFORMAT_END
309
FORMATTEDTABLEDATACELL_END
  1
TABLECELL_BEGIN
 90
        0
 91
        0
309
TABLECELL_END
300
CELL
  1
LINKEDTABLEDATACELL_BEGIN
 90
        0
300

 91
        0
301
CUSTOMDATA
  1
DATAMAP_BEGIN
 90
        1
300
ACAD_ROUNDTRIP_2008_CELL_CHECKSUM
301
DATAMAP_VALUE
 93
        2
 90
        2
140
57.0
 94
        0
300

302

304
ACVALUE_END
309
DATAMAP_END
 92
        0
 95
        1
302
CONTENT
  1
CELLCONTENT_BEGIN
 90
        1
300
VALUE
 93
        6
 90
        1
 91
        9
 94
        0
300

302
9
304
ACVALUE_END
 91
        0
309
CELLCONTENT_END
  1
FORMATTEDCELLCONTENT_BEGIN
170
     1
300
CONTENTFORMAT
  1
CONTENTFORMAT_BEGIN
 90
        3
 91
        0
 92
        1
 93
        0
300

 40
0.0
140
1.0
 94
        1
 62
     0
340
0
144
0.18
309
CONTENTFORMAT_END
309
FORMATTEDCELLCONTENT_END
309
LINKEDTABLEDATACELL_END
  1
FORMATTEDTABLEDATACELL_BEGIN
300
CELLTABLEFORMAT
  1
TABLEFORMAT_BEGIN
 90
        1
170
     1
 91
       16
 92
        0
 62
   257
 93
        1
300
CONTENTFORMAT
  1
CONTENTFORMAT_BEGIN
 90
        0
 91
        0
 92
      512
 93
        0
300

 40
0.0
140
1.0
 94
        3
 62
     0
340
0
144
0.18
309
CONTENTFORMAT_END
171
     1
301
MARGIN
  1
CELLMARGIN_BEGIN
 40
0.06
 40
0.06
 40
0.06
 40
0.06
 40
0.18
 40
0.18
309
CELLMARGIN_END
 94
        4
 95
        2
302
GRIDFORMAT
  1
GRIDFORMAT_BEGIN
 90
       37
 91
        1
 62
     0
 92
       -2
340
0
 93
        0
 40
0.045
309
GRIDFORMAT_END
 95
        4
302
GRIDFORMAT
  1
GRIDFORMAT_BEGIN
 90
       37
 91
        1
 62
     0
 92
       -2
340
0
 93
        0
 40
0.045
309
GRIDFORMAT_END
 95
       16
302
GRIDFORMAT
  1
GRIDFORMAT_BEGIN
 90
       37
 91
        1
 62
     0
 92
       -2
340
0
 93
        0
 40
0.045
309
GRIDFORMAT_END
 95
       32
302
GRIDFORMAT
  1
GRIDFORMAT_BEGIN
 90
       37
 91
        1
 62
     0
 92
       -2
340
0
 93
        0
 40
0.045
309
GRIDFORMAT_END
309
TABLEFORMAT_END
309
FORMATTEDTABLEDATACELL_END
  1
TABLECELL_BEGIN
 90
        0
 91
        0
309
TABLECELL_END
300
CELL
  1
LINKEDTABLEDATACELL_BEGIN
 90
        0
300

 91
        0
301
CUSTOMDATA
  1
DATAMAP_BEGIN
 90
        1
300
ACAD_ROUNDTRIP_2008_CELL_CHECKSUM
301
DATAMAP_VALUE
 93
        2
 90
        2
140
48.0
 94
        0
300

302

304
ACVALUE_END
309
DATAMAP_END
 92
        0
 95
        1
302
CONTENT
  1
CELLCONTENT_BEGIN
 90
        1
300
VALUE
 93
        6
 90
        1
 91
        0
 94
        0
300

302
0
304
ACVALUE_END
 91
        0
309
CELLCONTENT_END
  1
FORMATTEDCELLCONTENT_BEGIN
170
     1
300
CONTENTFORMAT
  1
CONTENTFORMAT_BEGIN
 90
        3
 91
        0
 92
        1
 93
        0
300

 40
0.0
140
1.0
 94
        1
 62
     0
340
0
144
0.18
309
CONTENTFORMAT_END
309
FORMATTEDCELLCONTENT_END
309
LINKEDTABLEDATACELL_END
  1
FORMATTEDTABLEDATACELL_BEGIN
300
CELLTABLEFORMAT
  1
TABLEFORMAT_BEGIN
 90
        1
170
     1
 91
       16
 92
        0
 62
   257
 93
        1
300
CONTENTFORMAT
  1
CONTENTFORMAT_BEGIN
 90
        0
 91
        0
 92
      512
 93
        0
300

 40
0.0
140
1.0
 94
        3
 62
     0
340
0
144
0.18
309
CONTENTFORMAT_END
171
     1
301
MARGIN
  1
CELLMARGIN_BEGIN
 40
0.06
 40
0.06
 40
0.06
 40
0.06
 40
0.18
 40
0.18
309
CELLMARGIN_END
 94
        4
 95
        2
302
GRIDFORMAT
  1
GRIDFORMAT_BEGIN
 90
       37
 91
        1
 62
     0
 92
       -2
340
0
 93
        0
 40
0.045
309
GRIDFORMAT_END
 95
        4
302
GRIDFORMAT
  1
GRIDFORMAT_BEGIN
 90
       37
 91
        1
 62
     0
 92
       -2
340
0
 93
        0
 40
0.045
309
GRIDFORMAT_END
 95
       16
302
GRIDFORMAT
  1
GRIDFORMAT_BEGIN
 90
       37
 91
        1
 62
     0
 92
       -2
340
0
 93
        0
 40
0.045
309
GRIDFORMAT_END
 95
       32
302
GRIDFORMAT
  1
GRIDFORMAT_BEGIN
 90
       37
 91
        1
 62
     0
 92
       -2
340
0
 93
        0
 40
0.045
309
GRIDFORMAT_END
309
TABLEFORMAT_END
309
FORMATTEDTABLEDATACELL_END
  1
TABLECELL_BEGIN
 90
        0
 91
        0
309
TABLECELL_END
 91
        0
301
CUSTOMDATA
  1
DATAMAP_BEGIN
 90
        0
309
DATAMAP_END
309
LINKEDTABLEDATAROW_END
  1
FORMATTEDTABLEDATAROW_BEGIN
300
ROWTABLEFORMAT
  1
TABLEFORMAT_BEGIN
 90
        2
170
     0
309
TABLEFORMAT_END
309
FORMATTEDTABLEDATAROW_END
  1
TABLEROW_BEGIN
 90
        3
 40
0.36
309
TABLEROW_END
301
ROW
  1
LINKEDTABLEDATAROW_BEGIN
 90
        5
300
CELL
  1
LINKEDTABLEDATACELL_BEGIN
 90
        0
300

 91
        0
301
CUSTOMDATA
  1
DATAMAP_BEGIN
 90
        1
300
ACAD_ROUNDTRIP_2008_CELL_CHECKSUM
301
DATAMAP_VALUE
 93
        2
 90
        2
140
70.0
 94
        0
300

302

304
ACVALUE_END
309
DATAMAP_END
 92
        0
 95
        1
302
CONTENT
  1
CELLCONTENT_BEGIN
 90
        1
300
VALUE
 93
        6
 90
        4
  1
F
 94
        0
300

302
F
304
ACVALUE_END
 91
        0
309
CELLCONTENT_END
  1
FORMATTEDCELLCONTENT_BEGIN
170
     1
300
CONTENTFORMAT
  1
CONTENTFORMAT_BEGIN
 90
        3
 91
        0
 92
        4
 93
        0
300

 40
0.0
140
1.0
 94
        1
 62
     0
340
0
144
0.18
309
CONTENTFORMAT_END
309
FORMATTEDCELLCONTENT_END
309
LINKEDTABLEDATACELL_END
  1
FORMATTEDTABLEDATACELL_BEGIN
300
CELLTABLEFORMAT
  1
TABLEFORMAT_BEGIN
 90
        1
170
     1
 91
        0
 92
        0
 62
   257
 93
        1
300
CONTENTFORMAT
  1
CONTENTFORMAT_BEGIN
 90
        0
 91
        0
 92
      512
 93
        0
300

 40
0.0
140
1.0
 94
        1
 62
     0
340
0
144
0.18
309
CONTENTFORMAT_END
171
     1
301
MARGIN
  1
CELLMARGIN_BEGIN
 40
0.06
 40
0.06
 40
0.06
 40
0.06
 40
0.18
 40
0.18
309
CELLMARGIN_END
 94
        5
 95
        2
302
GRIDFORMAT
  1
GRIDFORMAT_BEGIN
 90
       37
 91
        1
 62
     0
 92
       -2
340
0
 93
        0
 40
0.045
309
GRIDFORMAT_END
 95
        4
302
GRIDFORMAT
  1
GRIDFORMAT_BEGIN
 90
       37
 91
        1
 62
     0
 92
       -2
340
0
 93
        0
 40
0.045
309
GRIDFORMAT_END
 95
        8
302
GRIDFORMAT
  1
GRIDFORMAT_BEGIN
 90
       37
 91
        1
 62
     0
 92
       -2
340
0
 93
        0
 40
0.045
309
GRIDFORMAT_END
 95
       16
302
GRIDFORMAT
  1
GRIDFORMAT_BEGIN
 90
       37
 91
        1
 62
     0
 92
       -2
340
0
 93
        0
 40
0.045
309
GRIDFORMAT_END
 95
       32
302
GRIDFORMAT
  1
GRIDFORMAT_BEGIN
 90
       37
 91
        1
 62
     0
 92
       -2
340
0
 93
        0
 40
0.045
309
GRIDFORMAT_END
309
TABLEFORMAT_END
309
FORMATTEDTABLEDATACELL_END
  1
TABLECELL_BEGIN
 90
        0
 91
        0
309
TABLECELL_END
300
CELL
  1
LINKEDTABLEDATACELL_BEGIN
 90
        0
300

 91
        0
301
CUSTOMDATA
  1
DATAMAP_BEGIN
 90
        1
300
ACAD_ROUNDTRIP_2008_CELL_CHECKSUM
301
DATAMAP_VALUE
 93
        2
 90
        2
140
71.0
 94
        0
300

302

304
ACVALUE_END
309
DATAMAP_END
 92
        0
 95
        1
302
CONTENT
  1
CELLCONTENT_BEGIN
 90
        1
300
VALUE
 93
        6
 90
        4
  1
G
 94
        0
300

302
G
304
ACVALUE_END
 91
        0
309
CELLCONTENT_END
  1
FORMATTEDCELLCONTENT_BEGIN
170
     1
300
CONTENTFORMAT
  1
CONTENTFORMAT_BEGIN
 90
        3
 91
        0
 92
        4
 93
        0
300

 40
0.0
140
1.0
 94
        1
 62
     0
340
0
144
0.18
309
CONTENTFORMAT_END
309
FORMATTEDCELLCONTENT_END
309
LINKEDTABLEDATACELL_END
  1
FORMATTEDTABLEDATACELL_BEGIN
300
CELLTABLEFORMAT
  1
TABLEFORMAT_BEGIN
 90
        1
170
     1
 91
        0
 92
        0
 62
   257
 93
        1
300
CONTENTFORMAT
  1
CONTENTFORMAT_BEGIN
 90
        0
 91
        0
 92
      512
 93
        0
300

 40
0.0
140
1.0
 94
        1
 62
     0
340
0
144
0.18
309
CONTENTFORMAT_END
171
     1
301
MARGIN
  1
CELLMARGIN_BEGIN
 40
0.06
 40
0.06
 40
0.06
 40
0.06
 40
0.18
 40
0.18
309
CELLMARGIN_END
 94
        4
 95
        2
302
GRIDFORMAT
  1
GRIDFORMAT_BEGIN
 90
       37
 91
        1
 62
     0
 92
       -2
340
0
 93
        0
 40
0.045
309
GRIDFORMAT_END
 95
        4
302
GRIDFORMAT
  1
GRIDFORMAT_BEGIN
 90
       37
 91
        1
 62
     0
 92
       -2
340
0
 93
        0
 40
0.045
309
GRIDFORMAT_END
 95
       16
302
GRIDFORMAT
  1
GRIDFORMAT_BEGIN
 90
       37
 91
        1
 62
     0
 92
       -2
340
0
 93
        0
 40
0.045
309
GRIDFORMAT_END
 95
       32
302
GRIDFORMAT
  1
GRIDFORMAT_BEGIN
 90
       37
 91
        1
 62
     0
 92
       -2
340
0
 93
        0
 40
0.045
309
GRIDFORMAT_END
309
TABLEFORMAT_END
309
FORMATTEDTABLEDATACELL_END
  1
TABLECELL_BEGIN
 90
        0
 91
        0
309
TABLECELL_END
300
CELL
  1
LINKEDTABLEDATACELL_BEGIN
 90
        0
300

 91
        0
301
CUSTOMDATA
  1
DATAMAP_BEGIN
 90
        1
300
ACAD_ROUNDTRIP_2008_CELL_CHECKSUM
301
DATAMAP_VALUE
 93
        2
 90
        2
140
72.0
 94
        0
300

302

304
ACVALUE_END
309
DATAMAP_END
 92
        0
 95
        1
302
CONTENT
  1
CELLCONTENT_BEGIN
 90
        1
300
VALUE
 93
        6
 90
        4
  1
H
 94
        0
300

302
H
304
ACVALUE_END
 91
        0
309
CELLCONTENT_END
  1
FORMATTEDCELLCONTENT_BEGIN
170
     1
300
CONTENTFORMAT
  1
CONTENTFORMAT_BEGIN
 90
        3
 91
        0
 92
        4
 93
        0
300

 40
0.0
140
1.0
 94
        1
 62
     0
340
0
144
0.18
309
CONTENTFORMAT_END
309
FORMATTEDCELLCONTENT_END
309
LINKEDTABLEDATACELL_END
  1
FORMATTEDTABLEDATACELL_BEGIN
300
CELLTABLEFORMAT
  1
TABLEFORMAT_BEGIN
 90
        1
170
     1
 91
        0
 92
        0
 62
   257
 93
        1
300
CONTENTFORMAT
  1
CONTENTFORMAT_BEGIN
 90
        0
 91
        0
 92
      512
 93
        0
300

 40
0.0
140
1.0
 94
        1
 62
     0
340
0
144
0.18
309
CONTENTFORMAT_END
171
     1
301
MARGIN
  1
CELLMARGIN_BEGIN
 40
0.06
 40
0.06
 40
0.06
 40
0.06
 40
0.18
 40
0.18
309
CELLMARGIN_END
 94
        4
 95
        2
302
GRIDFORMAT
  1
GRIDFORMAT_BEGIN
 90
       37
 91
        1
 62
     0
 92
       -2
340
0
 93
        0
 40
0.045
309
GRIDFORMAT_END
 95
        4
302
GRIDFORMAT
  1
GRIDFORMAT_BEGIN
 90
       37
 91
        1
 62
     0
 92
       -2
340
0
 93
        0
 40
0.045
309
GRIDFORMAT_END
 95
       16
302
GRIDFORMAT
  1
GRIDFORMAT_BEGIN
 90
       37
 91
        1
 62
     0
 92
       -2
340
0
 93
        0
 40
0.045
309
GRIDFORMAT_END
 95
       32
302
GRIDFORMAT
  1
GRIDFORMAT_BEGIN
 90
       37
 91
        1
 62
     0
 92
       -2
340
0
 93
        0
 40
0.045
309
GRIDFORMAT_END
309
TABLEFORMAT_END
309
FORMATTEDTABLEDATACELL_END
  1
TABLECELL_BEGIN
 90
        0
 91
        0
309
TABLECELL_END
300
CELL
  1
LINKEDTABLEDATACELL_BEGIN
 90
        0
300

 91
        0
301
CUSTOMDATA
  1
DATAMAP_BEGIN
 90
        1
300
ACAD_ROUNDTRIP_2008_CELL_CHECKSUM
301
DATAMAP_VALUE
 93
        2
 90
        2
140
249.0
 94
        0
300

302

304
ACVALUE_END
309
DATAMAP_END
 92
        0
 95
        1
302
CONTENT
  1
CELLCONTENT_BEGIN
 90
        1
300
VALUE
 93
        6
 90
        4
  1
SS
 94
        0
300

302
SS
304
ACVALUE_END
 91
        0
309
CELLCONTENT_END
  1
FORMATTEDCELLCONTENT_BEGIN
170
     1
300
CONTENTFORMAT
  1
CONTENTFORMAT_BEGIN
 90
        3
 91
        0
 92
        4
 93
        0
300

 40
0.0
140
1.0
 94
        1
 62
     0
340
0
144
0.18
309
CONTENTFORMAT_END
309
FORMATTEDCELLCONTENT_END
309
LINKEDTABLEDATACELL_END
  1
FORMATTEDTABLEDATACELL_BEGIN
300
CELLTABLEFORMAT
  1
TABLEFORMAT_BEGIN
 90
        1
170
     1
 91
        0
 92
        0
 62
   257
 93
        1
300
CONTENTFORMAT
  1
CONTENTFORMAT_BEGIN
 90
        0
 91
        0
 92
      512
 93
        0
300

 40
0.0
140
1.0
 94
        1
 62
     0
340
0
144
0.18
309
CONTENTFORMAT_END
171
     1
301
MARGIN
  1
CELLMARGIN_BEGIN
 40
0.06
 40
0.06
 40
0.06
 40
0.06
 40
0.18
 40
0.18
309
CELLMARGIN_END
 94
        4
 95
        2
302
GRIDFORMAT
  1
GRIDFORMAT_BEGIN
 90
       37
 91
        1
 62
     0
 92
       -2
340
0
 93
        0
 40
0.045
309
GRIDFORMAT_END
 95
        4
302
GRIDFORMAT
  1
GRIDFORMAT_BEGIN
 90
       37
 91
        1
 62
     0
 92
       -2
340
0
 93
        0
 40
0.045
309
GRIDFORMAT_END
 95
       16
302
GRIDFORMAT
  1
GRIDFORMAT_BEGIN
 90
       37
 91
        1
 62
     0
 92
       -2
340
0
 93
        0
 40
0.045
309
GRIDFORMAT_END
 95
       32
302
GRIDFORMAT
  1
GRIDFORMAT_BEGIN
 90
       37
 91
        1
 62
     0
 92
       -2
340
0
 93
        0
 40
0.045
309
GRIDFORMAT_END
309
TABLEFORMAT_END
309
FORMATTEDTABLEDATACELL_END
  1
TABLECELL_BEGIN
 90
        0
 91
        0
309
TABLECELL_END
300
CELL
  1
LINKEDTABLEDATACELL_BEGIN
 90
        0
300

 91
        0
301
CUSTOMDATA
  1
DATAMAP_BEGIN
 90
        1
300
ACAD_ROUNDTRIP_2008_CELL_CHECKSUM
301
DATAMAP_VALUE
 93
        2
 90
        2
140
210.0
 94
        0
300

302

304
ACVALUE_END
309
DATAMAP_END
 92
        0
 95
        1
302
CONTENT
  1
CELLCONTENT_BEGIN
 90
        1
300
VALUE
 93
        6
 90
        4
  1
FF
 94
        0
300

302
FF
304
ACVALUE_END
 91
        0
309
CELLCONTENT_END
  1
FORMATTEDCELLCONTENT_BEGIN
170
     1
300
CONTENTFORMAT
  1
CONTENTFORMAT_BEGIN
 90
        3
 91
        0
 92
        4
 93
        0
300

 40
0.0
140
1.0
 94
        1
 62
     0
340
0
144
0.18
309
CONTENTFORMAT_END
309
FORMATTEDCELLCONTENT_END
309
LINKEDTABLEDATACELL_END
  1
FORMATTEDTABLEDATACELL_BEGIN
300
CELLTABLEFORMAT
  1
TABLEFORMAT_BEGIN
 90
        1
170
     1
 91
        0
 92
        0
 62
   257
 93
        1
300
CONTENTFORMAT
  1
CONTENTFORMAT_BEGIN
 90
        0
 91
        0
 92
      512
 93
        0
300

 40
0.0
140
1.0
 94
        1
 62
     0
340
0
144
0.18
309
CONTENTFORMAT_END
171
     1
301
MARGIN
  1
CELLMARGIN_BEGIN
 40
0.06
 40
0.06
 40
0.06
 40
0.06
 40
0.18
 40
0.18
309
CELLMARGIN_END
 94
        4
 95
        2
302
GRIDFORMAT
  1
GRIDFORMAT_BEGIN
 90
       37
 91
        1
 62
     0
 92
       -2
340
0
 93
        0
 40
0.045
309
GRIDFORMAT_END
 95
        4
302
GRIDFORMAT
  1
GRIDFORMAT_BEGIN
 90
       37
 91
        1
 62
     0
 92
       -2
340
0
 93
        0
 40
0.045
309
GRIDFORMAT_END
 95
       16
302
GRIDFORMAT
  1
GRIDFORMAT_BEGIN
 90
       37
 91
        1
 62
     0
 92
       -2
340
0
 93
        0
 40
0.045
309
GRIDFORMAT_END
 95
       32
302
GRIDFORMAT
  1
GRIDFORMAT_BEGIN
 90
       37
 91
        1
 62
     0
 92
       -2
340
0
 93
        0
 40
0.045
309
GRIDFORMAT_END
309
TABLEFORMAT_END
309
FORMATTEDTABLEDATACELL_END
  1
TABLECELL_BEGIN
 90
        0
 91
        0
309
TABLECELL_END
 91
        0
301
CUSTOMDATA
  1
DATAMAP_BEGIN
 90
        0
309
DATAMAP_END
309
LINKEDTABLEDATAROW_END
  1
FORMATTEDTABLEDATAROW_BEGIN
300
ROWTABLEFORMAT
  1
TABLEFORMAT_BEGIN
 90
        2
170
     0
309
TABLEFORMAT_END
309
FORMATTEDTABLEDATAROW_END
  1
TABLEROW_BEGIN
 90
        3
 40
0.36
309
TABLEROW_END
301
ROW
  1
LINKEDTABLEDATAROW_BEGIN
 90
        5
300
CELL
  1
LINKEDTABLEDATACELL_BEGIN
 90
        0
300

 91
        0
301
CUSTOMDATA
  1
DATAMAP_BEGIN
 90
        1
300
ACAD_ROUNDTRIP_2008_CELL_CHECKSUM
301
DATAMAP_VALUE
 93
        2
 90
        2
140
147.0
 94
        0
300

302

304
ACVALUE_END
309
DATAMAP_END
 92
        0
 95
        1
302
CONTENT
  1
CELLCONTENT_BEGIN
 90
        1
300
VALUE
 93
        6
 90
        1
 91
       11
 94
        0
300

302
11
304
ACVALUE_END
 91
        0
309
CELLCONTENT_END
  1
FORMATTEDCELLCONTENT_BEGIN
170
     1
300
CONTENTFORMAT
  1
CONTENTFORMAT_BEGIN
 90
        3
 91
        0
 92
        1
 93
        0
300

 40
0.0
140
1.0
 94
        1
 62
     0
340
0
144
0.18
309
CONTENTFORMAT_END
309
FORMATTEDCELLCONTENT_END
309
LINKEDTABLEDATACELL_END
  1
FORMATTEDTABLEDATACELL_BEGIN
300
CELLTABLEFORMAT
  1
TABLEFORMAT_BEGIN
 90
        1
170
     1
 91
       16
 92
        0
 62
   257
 93
        1
300
CONTENTFORMAT
  1
CONTENTFORMAT_BEGIN
 90
        0
 91
        0
 92
      512
 93
        0
300

 40
0.0
140
1.0
 94
        3
 62
     0
340
0
144
0.18
309
CONTENTFORMAT_END
171
     1
301
MARGIN
  1
CELLMARGIN_BEGIN
 40
0.06
 40
0.06
 40
0.06
 40
0.06
 40
0.18
 40
0.18
309
CELLMARGIN_END
 94
        5
 95
        2
302
GRIDFORMAT
  1
GRIDFORMAT_BEGIN
 90
       37
 91
        1
 62
     0
 92
       -2
340
0
 93
        0
 40
0.045
309
GRIDFORMAT_END
 95
        4
302
GRIDFORMAT
  1
GRIDFORMAT_BEGIN
 90
       37
 91
        1
 62
     0
 92
       -2
340
0
 93
        0
 40
0.045
309
GRIDFORMAT_END
 95
        8
302
GRIDFORMAT
  1
GRIDFORMAT_BEGIN
 90
       37
 91
        1
 62
     0
 92
       -2
340
0
 93
        0
 40
0.045
309
GRIDFORMAT_END
 95
       16
302
GRIDFORMAT
  1
GRIDFORMAT_BEGIN
 90
       37
 91
        1
 62
     0
 92
       -2
340
0
 93
        0
 40
0.045
309
GRIDFORMAT_END
 95
       32
302
GRIDFORMAT
  1
GRIDFORMAT_BEGIN
 90
       37
 91
        1
 62
     0
 92
       -2
340
0
 93
        0
 40
0.045
309
GRIDFORMAT_END
309
TABLEFORMAT_END
309
FORMATTEDTABLEDATACELL_END
  1
TABLECELL_BEGIN
 90
        0
 91
        0
309
TABLECELL_END
300
CELL
  1
LINKEDTABLEDATACELL_BEGIN
 90
        0
300

 91
        0
301
CUSTOMDATA
  1
DATAMAP_BEGIN
 90
        1
300
ACAD_ROUNDTRIP_2008_CELL_CHECKSUM
301
DATAMAP_VALUE
 93
        2
 90
        2
140
149.0
 94
        0
300

302

304
ACVALUE_END
309
DATAMAP_END
 92
        0
 95
        1
302
CONTENT
  1
CELLCONTENT_BEGIN
 90
        1
300
VALUE
 93
        6
 90
        1
 91
       12
 94
        0
300

302
12
304
ACVALUE_END
 91
        0
309
CELLCONTENT_END
  1
FORMATTEDCELLCONTENT_BEGIN
170
     1
300
CONTENTFORMAT
  1
CONTENTFORMAT_BEGIN
 90
        3
 91
        0
 92
        1
 93
        0
300

 40
0.0
140
1.0
 94
        1
 62
     0
340
0
144
0.18
309
CONTENTFORMAT_END
309
FORMATTEDCELLCONTENT_END
309
LINKEDTABLEDATACELL_END
  1
FORMATTEDTABLEDATACELL_BEGIN
300
CELLTABLEFORMAT
  1
TABLEFORMAT_BEGIN
 90
        1
170
     1
 91
       16
 92
        0
 62
   257
 93
        1
300
CONTENTFORMAT
  1
CONTENTFORMAT_BEGIN
 90
        0
 91
        0
 92
      512
 93
        0
300

 40
0.0
140
1.0
 94
        3
 62
     0
340
0
144
0.18
309
CONTENTFORMAT_END
171
     1
301
MARGIN
  1
CELLMARGIN_BEGIN
 40
0.06
 40
0.06
 40
0.06
 40
0.06
 40
0.18
 40
0.18
309
CELLMARGIN_END
 94
        3
 95
        2
302
GRIDFORMAT
  1
GRIDFORMAT_BEGIN
 90
       37
 91
        1
 62
     0
 92
       -2
340
0
 93
        0
 40
0.045
309
GRIDFORMAT_END
 95
       16
302
GRIDFORMAT
  1
GRIDFORMAT_BEGIN
 90
       37
 91
        1
 62
     0
 92
       -2
340
0
 93
        0
 40
0.045
309
GRIDFORMAT_END
 95
       32
302
GRIDFORMAT
  1
GRIDFORMAT_BEGIN
 90
       37
 91
        1
 62
     0
 92
       -2
340
0
 93
        0
 40
0.045
309
GRIDFORMAT_END
309
TABLEFORMAT_END
309
FORMATTEDTABLEDATACELL_END
  1
TABLECELL_BEGIN
 90
        0
 91
        0
309
TABLECELL_END
300
CELL
  1
LINKEDTABLEDATACELL_BEGIN
 90
        0
300

 91
        0
301
CUSTOMDATA
  1
DATAMAP_BEGIN
 90
        1
300
ACAD_ROUNDTRIP_2008_CELL_CHECKSUM
301
DATAMAP_VALUE
 93
        2
 90
        2
140
151.0
 94
        0
300

302

304
ACVALUE_END
309
DATAMAP_END
 92
        0
 95
        1
302
CONTENT
  1
CELLCONTENT_BEGIN
 90
        1
300
VALUE
 93
        6
 90
        1
 91
       13
 94
        0
300

302
13
304
ACVALUE_END
 91
        0
309
CELLCONTENT_END
  1
FORMATTEDCELLCONTENT_BEGIN
170
     1
300
CONTENTFORMAT
  1
CONTENTFORMAT_BEGIN
 90
        3
 91
        0
 92
        1
 93
        0
300

 40
0.0
140
1.0
 94
        1
 62
     0
340
0
144
0.18
309
CONTENTFORMAT_END
309
FORMATTEDCELLCONTENT_END
309
LINKEDTABLEDATACELL_END
  1
FORMATTEDTABLEDATACELL_BEGIN
300
CELLTABLEFORMAT
  1
TABLEFORMAT_BEGIN
 90
        1
170
     1
 91
       16
 92
        0
 62
   257
 93
        1
300
CONTENTFORMAT
  1
CONTENTFORMAT_BEGIN
 90
        0
 91
        0
 92
      512
 93
        0
300

 40
0.0
140
1.0
 94
        3
 62
     0
340
0
144
0.18
309
CONTENTFORMAT_END
171
     1
301
MARGIN
  1
CELLMARGIN_BEGIN
 40
0.06
 40
0.06
 40
0.06
 40
0.06
 40
0.18
 40
0.18
309
CELLMARGIN_END
 94
        3
 95
        2
302
GRIDFORMAT
  1
GRIDFORMAT_BEGIN
 90
       37
 91
        1
 62
     0
 92
       -2
340
0
 93
        0
 40
0.045
309
GRIDFORMAT_END
 95
       16
302
GRIDFORMAT
  1
GRIDFORMAT_BEGIN
 90
       37
 91
        1
 62
     0
 92
       -2
340
0
 93
        0
 40
0.045
309
GRIDFORMAT_END
 95
       32
302
GRIDFORMAT
  1
GRIDFORMAT_BEGIN
 90
       37
 91
        1
 62
     0
 92
       -2
340
0
 93
        0
 40
0.045
309
GRIDFORMAT_END
309
TABLEFORMAT_END
309
FORMATTEDTABLEDATACELL_END
  1
TABLECELL_BEGIN
 90
        0
 91
        0
309
TABLECELL_END
300
CELL
  1
LINKEDTABLEDATACELL_BEGIN
 90
        0
300

 91
        0
301
CUSTOMDATA
  1
DATAMAP_BEGIN
 90
        1
300
ACAD_ROUNDTRIP_2008_CELL_CHECKSUM
301
DATAMAP_VALUE
 93
        2
 90
        2
140
153.0
 94
        0
300

302

304
ACVALUE_END
309
DATAMAP_END
 92
        0
 95
        1
302
CONTENT
  1
CELLCONTENT_BEGIN
 90
        1
300
VALUE
 93
        6
 90
        1
 91
       14
 94
        0
300

302
14
304
ACVALUE_END
 91
        0
309
CELLCONTENT_END
  1
FORMATTEDCELLCONTENT_BEGIN
170
     1
300
CONTENTFORMAT
  1
CONTENTFORMAT_BEGIN
 90
        3
 91
        0
 92
        1
 93
        0
300

 40
0.0
140
1.0
 94
        1
 62
     0
340
0
144
0.18
309
CONTENTFORMAT_END
309
FORMATTEDCELLCONTENT_END
309
LINKEDTABLEDATACELL_END
  1
FORMATTEDTABLEDATACELL_BEGIN
300
CELLTABLEFORMAT
  1
TABLEFORMAT_BEGIN
 90
        1
170
     1
 91
       16
 92
        0
 62
   257
 93
        1
300
CONTENTFORMAT
  1
CONTENTFORMAT_BEGIN
 90
        0
 91
        0
 92
      512
 93
        0
300

 40
0.0
140
1.0
 94
        3
 62
     0
340
0
144
0.18
309
CONTENTFORMAT_END
171
     1
301
MARGIN
  1
CELLMARGIN_BEGIN
 40
0.06
 40
0.06
 40
0.06
 40
0.06
 40
0.18
 40
0.18
309
CELLMARGIN_END
 94
        3
 95
        2
302
GRIDFORMAT
  1
GRIDFORMAT_BEGIN
 90
       37
 91
        1
 62
     0
 92
       -2
340
0
 93
        0
 40
0.045
309
GRIDFORMAT_END
 95
       16
302
GRIDFORMAT
  1
GRIDFORMAT_BEGIN
 90
       37
 91
        1
 62
     0
 92
       -2
340
0
 93
        0
 40
0.045
309
GRIDFORMAT_END
 95
       32
302
GRIDFORMAT
  1
GRIDFORMAT_BEGIN
 90
       37
 91
        1
 62
     0
 92
       -2
340
0
 93
        0
 40
0.045
309
GRIDFORMAT_END
309
TABLEFORMAT_END
309
FORMATTEDTABLEDATACELL_END
  1
TABLECELL_BEGIN
 90
        0
 91
        0
309
TABLECELL_END
300
CELL
  1
LINKEDTABLEDATACELL_BEGIN
 90
        0
300

 91
        0
301
CUSTOMDATA
  1
DATAMAP_BEGIN
 90
        1
300
ACAD_ROUNDTRIP_2008_CELL_CHECKSUM
301
DATAMAP_VALUE
 93
        2
 90
        2
140
155.0
 94
        0
300

302

304
ACVALUE_END
309
DATAMAP_END
 92
        0
 95
        1
302
CONTENT
  1
CELLCONTENT_BEGIN
 90
        1
300
VALUE
 93
        6
 90
        1
 91
       15
 94
        0
300

302
15
304
ACVALUE_END
 91
        0
309
CELLCONTENT_END
  1
FORMATTEDCELLCONTENT_BEGIN
170
     1
300
CONTENTFORMAT
  1
CONTENTFORMAT_BEGIN
 90
        3
 91
        0
 92
        1
 93
        0
300

 40
0.0
140
1.0
 94
        1
 62
     0
340
0
144
0.18
309
CONTENTFORMAT_END
309
FORMATTEDCELLCONTENT_END
309
LINKEDTABLEDATACELL_END
  1
FORMATTEDTABLEDATACELL_BEGIN
300
CELLTABLEFORMAT
  1
TABLEFORMAT_BEGIN
 90
        1
170
     1
 91
       16
 92
        0
 62
   257
 93
        1
300
CONTENTFORMAT
  1
CONTENTFORMAT_BEGIN
 90
        0
 91
        0
 92
      512
 93
        0
300

 40
0.0
140
1.0
 94
        3
 62
     0
340
0
144
0.18
309
CONTENTFORMAT_END
171
     1
301
MARGIN
  1
CELLMARGIN_BEGIN
 40
0.06
 40
0.06
 40
0.06
 40
0.06
 40
0.18
 40
0.18
309
CELLMARGIN_END
 94
        3
 95
        2
302
GRIDFORMAT
  1
GRIDFORMAT_BEGIN
 90
       37
 91
        1
 62
     0
 92
       -2
340
0
 93
        0
 40
0.045
309
GRIDFORMAT_END
 95
       16
302
GRIDFORMAT
  1
GRIDFORMAT_BEGIN
 90
       37
 91
        1
 62
     0
 92
       -2
340
0
 93
        0
 40
0.045
309
GRIDFORMAT_END
 95
       32
302
GRIDFORMAT
  1
GRIDFORMAT_BEGIN
 90
       37
 91
        1
 62
     0
 92
       -2
340
0
 93
        0
 40
0.045
309
GRIDFORMAT_END
309
TABLEFORMAT_END
309
FORMATTEDTABLEDATACELL_END
  1
TABLECELL_BEGIN
 90
        0
 91
        0
309
TABLECELL_END
 91
        0
301
CUSTOMDATA
  1
DATAMAP_BEGIN
 90
        0
309
DATAMAP_END
309
LINKEDTABLEDATAROW_END
  1
FORMATTEDTABLEDATAROW_BEGIN
300
ROWTABLEFORMAT
  1
TABLEFORMAT_BEGIN
 90
        2
170
     0
309
TABLEFORMAT_END
309
FORMATTEDTABLEDATAROW_END
  1
TABLEROW_BEGIN
 90
        3
 40
0.36
309
TABLEROW_END
301
ROW
  1
LINKEDTABLEDATAROW_BEGIN
 90
        5
300
CELL
  1
LINKEDTABLEDATACELL_BEGIN
 90
        0
300

 91
        0
301
CUSTOMDATA
  1
DATAMAP_BEGIN
 90
        1
300
ACAD_ROUNDTRIP_2008_CELL_CHECKSUM
301
DATAMAP_VALUE
 93
        2
 90
        2
140
2199.0
 94
        0
300

302

304
ACVALUE_END
309
DATAMAP_END
 92
        0
 95
        1
302
CONTENT
  1
CELLCONTENT_BEGIN
 90
        1
300
VALUE
 93
        6
 90
        4
  1
Title-2
 94
        0
300

302
Title-2
304
ACVALUE_END
 91
        0
309
CELLCONTENT_END
  1
FORMATTEDCELLCONTENT_BEGIN
170
     1
300
CONTENTFORMAT
  1
CONTENTFORMAT_BEGIN
 90
      131
 91
        0
 92
        4
 93
        0
300

 40
0.0
140
1.0
 94
        1
 62
     0
340
0
144
0.25
309
CONTENTFORMAT_END
309
FORMATTEDCELLCONTENT_END
309
LINKEDTABLEDATACELL_END
  1
FORMATTEDTABLEDATACELL_BEGIN
300
CELLTABLEFORMAT
  1
TABLEFORMAT_BEGIN
 90
        1
170
     1
 91
       16
 92
        0
 62
   257
 93
        1
300
CONTENTFORMAT
  1
CONTENTFORMAT_BEGIN
 90
        0
 91
        0
 92
      512
 93
        0
300

 40
0.0
140
1.0
 94
        5
 62
     0
340
0
144
0.18
309
CONTENTFORMAT_END
171
     1
301
MARGIN
  1
CELLMARGIN_BEGIN
 40
0.06
 40
0.06
 40
0.06
 40
0.06
 40
0.18
 40
0.18
309
CELLMARGIN_END
 94
        5
 95
        2
302
GRIDFORMAT
  1
GRIDFORMAT_BEGIN
 90
       37
 91
        1
 62
     0
 92
       -2
340
0
 93
        0
 40
0.045
309
GRIDFORMAT_END
 95
        4
302
GRIDFORMAT
  1
GRIDFORMAT_BEGIN
 90
       37
 91
        1
 62
     0
 92
       -2
340
0
 93
        0
 40
0.045
309
GRIDFORMAT_END
 95
        8
302
GRIDFORMAT
  1
GRIDFORMAT_BEGIN
 90
       37
 91
        1
 62
     0
 92
       -2
340
0
 93
        0
 40
0.045
309
GRIDFORMAT_END
 95
       16
302
GRIDFORMAT
  1
GRIDFORMAT_BEGIN
 90
       37
 91
        1
 62
     0
 92
       -2
340
0
 93
        0
 40
0.045
309
GRIDFORMAT_END
 95
       32
302
GRIDFORMAT
  1
GRIDFORMAT_BEGIN
 90
       37
 91
        1
 62
     0
 92
       -2
340
0
 93
        0
 40
0.045
309
GRIDFORMAT_END
309
TABLEFORMAT_END
309
FORMATTEDTABLEDATACELL_END
  1
TABLECELL_BEGIN
 90
        0
 91
        0
309
TABLECELL_END
300
CELL
  1
LINKEDTABLEDATACELL_BEGIN
 90
        0
300

 91
        0
301
CUSTOMDATA
  1
DATAMAP_BEGIN
 90
        1
300
ACAD_ROUNDTRIP_2008_CELL_CHECKSUM
301
DATAMAP_VALUE
 93
        2
 90
        2
140
0.0
 94
        0
300

302

304
ACVALUE_END
309
DATAMAP_END
 92
        0
 95
        0
309
LINKEDTABLEDATACELL_END
  1
FORMATTEDTABLEDATACELL_BEGIN
300
CELLTABLEFORMAT
  1
TABLEFORMAT_BEGIN
 90
        1
170
     1
 91
       16
 92
        0
 62
   257
 93
        1
300
CONTENTFORMAT
  1
CONTENTFORMAT_BEGIN
 90
        0
 91
        0
 92
      512
 93
        0
300

 40
0.0
140
1.0
 94
        5
 62
     0
340
0
144
0.18
309
CONTENTFORMAT_END
171
     1
301
MARGIN
  1
CELLMARGIN_BEGIN
 40
0.06
 40
0.06
 40
0.06
 40
0.06
 40
0.18
 40
0.18
309
CELLMARGIN_END
 94
        4
 95
        2
302
GRIDFORMAT
  1
GRIDFORMAT_BEGIN
 90
       37
 91
        1
 62
     0
 92
       -2
340
0
 93
        0
 40
0.045
309
GRIDFORMAT_END
 95
        4
302
GRIDFORMAT
  1
GRIDFORMAT_BEGIN
 90
       37
 91
        1
 62
     0
 92
       -2
340
0
 93
        0
 40
0.045
309
GRIDFORMAT_END
 95
       16
302
GRIDFORMAT
  1
GRIDFORMAT_BEGIN
 90
       37
 91
        1
 62
     0
 92
       -2
340
0
 93
        0
 40
0.045
309
GRIDFORMAT_END
 95
       32
302
GRIDFORMAT
  1
GRIDFORMAT_BEGIN
 90
       37
 91
        1
 62
     0
 92
       -2
340
0
 93
        0
 40
0.045
309
GRIDFORMAT_END
309
TABLEFORMAT_END
309
FORMATTEDTABLEDATACELL_END
  1
TABLECELL_BEGIN
 90
        0
 91
        0
309
TABLECELL_END
300
CELL
  1
LINKEDTABLEDATACELL_BEGIN
 90
        0
300

 91
        0
301
CUSTOMDATA
  1
DATAMAP_BEGIN
 90
        1
300
ACAD_ROUNDTRIP_2008_CELL_CHECKSUM
301
DATAMAP_VALUE
 93
        2
 90
        2
140
0.0
 94
        0
300

302

304
ACVALUE_END
309
DATAMAP_END
 92
        0
 95
        0
309
LINKEDTABLEDATACELL_END
  1
FORMATTEDTABLEDATACELL_BEGIN
300
CELLTABLEFORMAT
  1
TABLEFORMAT_BEGIN
 90
        1
170
     1
 91
       16
 92
        0
 62
   257
 93
        1
300
CONTENTFORMAT
  1
CONTENTFORMAT_BEGIN
 90
        0
 91
        0
 92
      512
 93
        0
300

 40
0.0
140
1.0
 94
        5
 62
     0
340
0
144
0.18
309
CONTENTFORMAT_END
171
     1
301
MARGIN
  1
CELLMARGIN_BEGIN
 40
0.06
 40
0.06
 40
0.06
 40
0.06
 40
0.18
 40
0.18
309
CELLMARGIN_END
 94
        4
 95
        2
302
GRIDFORMAT
  1
GRIDFORMAT_BEGIN
 90
       37
 91
        1
 62
     0
 92
       -2
340
0
 93
        0
 40
0.045
309
GRIDFORMAT_END
 95
        4
302
GRIDFORMAT
  1
GRIDFORMAT_BEGIN
 90
       37
 91
        1
 62
     0
 92
       -2
340
0
 93
        0
 40
0.045
309
GRIDFORMAT_END
 95
       16
302
GRIDFORMAT
  1
GRIDFORMAT_BEGIN
 90
       37
 91
        1
 62
     0
 92
       -2
340
0
 93
        0
 40
0.045
309
GRIDFORMAT_END
 95
       32
302
GRIDFORMAT
  1
GRIDFORMAT_BEGIN
 90
       37
 91
        1
 62
     0
 92
       -2
340
0
 93
        0
 40
0.045
309
GRIDFORMAT_END
309
TABLEFORMAT_END
309
FORMATTEDTABLEDATACELL_END
  1
TABLECELL_BEGIN
 90
        0
 91
        0
309
TABLECELL_END
300
CELL
  1
LINKEDTABLEDATACELL_BEGIN
 90
        0
300

 91
        0
301
CUSTOMDATA
  1
DATAMAP_BEGIN
 90
        1
300
ACAD_ROUNDTRIP_2008_CELL_CHECKSUM
301
DATAMAP_VALUE
 93
        2
 90
        2
140
0.0
 94
        0
300

302

304
ACVALUE_END
309
DATAMAP_END
 92
        0
 95
        0
309
LINKEDTABLEDATACELL_END
  1
FORMATTEDTABLEDATACELL_BEGIN
300
CELLTABLEFORMAT
  1
TABLEFORMAT_BEGIN
 90
        1
170
     1
 91
       16
 92
        0
 62
   257
 93
        1
300
CONTENTFORMAT
  1
CONTENTFORMAT_BEGIN
 90
        0
 91
        0
 92
      512
 93
        0
300

 40
0.0
140
1.0
 94
        5
 62
     0
340
0
144
0.18
309
CONTENTFORMAT_END
171
     1
301
MARGIN
  1
CELLMARGIN_BEGIN
 40
0.06
 40
0.06
 40
0.06
 40
0.06
 40
0.18
 40
0.18
309
CELLMARGIN_END
 94
        4
 95
        2
302
GRIDFORMAT
  1
GRIDFORMAT_BEGIN
 90
       37
 91
        1
 62
     0
 92
       -2
340
0
 93
        0
 40
0.045
309
GRIDFORMAT_END
 95
        4
302
GRIDFORMAT
  1
GRIDFORMAT_BEGIN
 90
       37
 91
        1
 62
     0
 92
       -2
340
0
 93
        0
 40
0.045
309
GRIDFORMAT_END
 95
       16
302
GRIDFORMAT
  1
GRIDFORMAT_BEGIN
 90
       37
 91
        1
 62
     0
 92
       -2
340
0
 93
        0
 40
0.045
309
GRIDFORMAT_END
 95
       32
302
GRIDFORMAT
  1
GRIDFORMAT_BEGIN
 90
       37
 91
        1
 62
     0
 92
       -2
340
0
 93
        0
 40
0.045
309
GRIDFORMAT_END
309
TABLEFORMAT_END
309
FORMATTEDTABLEDATACELL_END
  1
TABLECELL_BEGIN
 90
        0
 91
        0
309
TABLECELL_END
300
CELL
  1
LINKEDTABLEDATACELL_BEGIN
 90
        0
300

 91
        0
301
CUSTOMDATA
  1
DATAMAP_BEGIN
 90
        1
300
ACAD_ROUNDTRIP_2008_CELL_CHECKSUM
301
DATAMAP_VALUE
 93
        2
 90
        2
140
0.0
 94
        0
300

302

304
ACVALUE_END
309
DATAMAP_END
 92
        0
 95
        0
309
LINKEDTABLEDATACELL_END
  1
FORMATTEDTABLEDATACELL_BEGIN
300
CELLTABLEFORMAT
  1
TABLEFORMAT_BEGIN
 90
        1
170
     1
 91
       16
 92
        0
 62
   257
 93
        1
300
CONTENTFORMAT
  1
CONTENTFORMAT_BEGIN
 90
        0
 91
        0
 92
      512
 93
        0
300

 40
0.0
140
1.0
 94
        5
 62
     0
340
0
144
0.18
309
CONTENTFORMAT_END
171
     1
301
MARGIN
  1
CELLMARGIN_BEGIN
 40
0.06
 40
0.06
 40
0.06
 40
0.06
 40
0.18
 40
0.18
309
CELLMARGIN_END
 94
        4
 95
        2
302
GRIDFORMAT
  1
GRIDFORMAT_BEGIN
 90
       37
 91
        1
 62
     0
 92
       -2
340
0
 93
        0
 40
0.045
309
GRIDFORMAT_END
 95
        4
302
GRIDFORMAT
  1
GRIDFORMAT_BEGIN
 90
       37
 91
        1
 62
     0
 92
       -2
340
0
 93
        0
 40
0.045
309
GRIDFORMAT_END
 95
       16
302
GRIDFORMAT
  1
GRIDFORMAT_BEGIN
 90
       37
 91
        1
 62
     0
 92
       -2
340
0
 93
        0
 40
0.045
309
GRIDFORMAT_END
 95
       32
302
GRIDFORMAT
  1
GRIDFORMAT_BEGIN
 90
       37
 91
        1
 62
     0
 92
       -2
340
0
 93
        0
 40
0.045
309
GRIDFORMAT_END
309
TABLEFORMAT_END
309
FORMATTEDTABLEDATACELL_END
  1
TABLECELL_BEGIN
 90
        0
 91
        0
309
TABLECELL_END
 91
        0
301
CUSTOMDATA
  1
DATAMAP_BEGIN
 90
        0
309
DATAMAP_END
309
LINKEDTABLEDATAROW_END
  1
FORMATTEDTABLEDATAROW_BEGIN
300
ROWTABLEFORMAT
  1
TABLEFORMAT_BEGIN
 90
        2
170
     1
 91
        0
 92
        0
 62
   257
 93
        1
300
CONTENTFORMAT
  1
CONTENTFORMAT_BEGIN
 90
        0
 91
        0
 92
      512
 93
        0
300

 40
0.0
140
1.0
 94
        1
 62
     0
340
0
144
0.18
309
CONTENTFORMAT_END
171
     0
 94
        0
309
TABLEFORMAT_END
309
FORMATTEDTABLEDATAROW_END
  1
TABLEROW_BEGIN
 90
        1
 40
0.4533333333333334
309
TABLEROW_END
301
ROW
  1
LINKEDTABLEDATAROW_BEGIN
 90
        5
300
CELL
  1
LINKEDTABLEDATACELL_BEGIN
 90
        0
300

 91
        0
301
CUSTOMDATA
  1
DATAMAP_BEGIN
 90
        1
300
ACAD_ROUNDTRIP_2008_CELL_CHECKSUM
301
DATAMAP_VALUE
 93
        2
 90
        2
140
170.0
 94
        0
300

302

304
ACVALUE_END
309
DATAMAP_END
 92
        0
 95
        1
302
CONTENT
  1
CELLCONTENT_BEGIN
 90
        1
300
VALUE
 93
        6
 90
        4
  1
H1
 94
        0
300

302
H1
304
ACVALUE_END
 91
        0
309
CELLCONTENT_END
  1
FORMATTEDCELLCONTENT_BEGIN
170
     1
300
CONTENTFORMAT
  1
CONTENTFORMAT_BEGIN
 90
       67
 91
        0
 92
        4
 93
        0
300

 40
0.0
140
1.0
 94
        1
 62
     0
340
11
144
0.18
309
CONTENTFORMAT_END
309
FORMATTEDCELLCONTENT_END
309
LINKEDTABLEDATACELL_END
  1
FORMATTEDTABLEDATACELL_BEGIN
300
CELLTABLEFORMAT
  1
TABLEFORMAT_BEGIN
 90
        1
170
     1
 91
       16
 92
        0
 62
   257
 93
        1
300
CONTENTFORMAT
  1
CONTENTFORMAT_BEGIN
 90
        0
 91
        0
 92
      512
 93
        0
300

 40
0.0
140
1.0
 94
        5
 62
     0
340
0
144
0.18
309
CONTENTFORMAT_END
171
     1
301
MARGIN
  1
CELLMARGIN_BEGIN
 40
0.06
 40
0.06
 40
0.06
 40
0.06
 40
0.18
 40
0.18
309
CELLMARGIN_END
 94
        5
 95
        2
302
GRIDFORMAT
  1
GRIDFORMAT_BEGIN
 90
       37
 91
        1
 62
     0
 92
       -2
340
0
 93
        0
 40
0.045
309
GRIDFORMAT_END
 95
        4
302
GRIDFORMAT
  1
GRIDFORMAT_BEGIN
 90
       37
 91
        1
 62
     0
 92
       -2
340
0
 93
        0
 40
0.045
309
GRIDFORMAT_END
 95
        8
302
GRIDFORMAT
  1
GRIDFORMAT_BEGIN
 90
       37
 91
        1
 62
     0
 92
       -2
340
0
 93
        0
 40
0.045
309
GRIDFORMAT_END
 95
       16
302
GRIDFORMAT
  1
GRIDFORMAT_BEGIN
 90
       37
 91
        1
 62
     0
 92
       -2
340
0
 93
        0
 40
0.045
309
GRIDFORMAT_END
 95
       32
302
GRIDFORMAT
  1
GRIDFORMAT_BEGIN
 90
       37
 91
        1
 62
     0
 92
       -2
340
0
 93
        0
 40
0.045
309
GRIDFORMAT_END
309
TABLEFORMAT_END
309
FORMATTEDTABLEDATACELL_END
  1
TABLECELL_BEGIN
 90
        0
 91
        0
309
TABLECELL_END
300
CELL
  1
LINKEDTABLEDATACELL_BEGIN
 90
        0
300

 91
        0
301
CUSTOMDATA
  1
DATAMAP_BEGIN
 90
        1
300
ACAD_ROUNDTRIP_2008_CELL_CHECKSUM
301
DATAMAP_VALUE
 93
        2
 90
        2
140
172.0
 94
        0
300

302

304
ACVALUE_END
309
DATAMAP_END
 92
        0
 95
        1
302
CONTENT
  1
CELLCONTENT_BEGIN
 90
        1
300
VALUE
 93
        6
 90
        4
  1
H2
 94
        0
300

302
H2
304
ACVALUE_END
 91
        0
309
CELLCONTENT_END
  1
FORMATTEDCELLCONTENT_BEGIN
170
     1
300
CONTENTFORMAT
  1
CONTENTFORMAT_BEGIN
 90
       67
 91
        0
 92
        4
 93
        0
300

 40
0.0
140
1.0
 94
        1
 62
     0
340
11
144
0.18
309
CONTENTFORMAT_END
309
FORMATTEDCELLCONTENT_END
309
LINKEDTABLEDATACELL_END
  1
FORMATTEDTABLEDATACELL_BEGIN
300
CELLTABLEFORMAT
  1
TABLEFORMAT_BEGIN
 90
        1
170
     1
 91
       16
 92
        0
 62
   257
 93
        1
300
CONTENTFORMAT
  1
CONTENTFORMAT_BEGIN
 90
        0
 91
        0
 92
      512
 93
        0
300

 40
0.0
140
1.0
 94
        5
 62
     0
340
0
144
0.18
309
CONTENTFORMAT_END
171
     1
301
MARGIN
  1
CELLMARGIN_BEGIN
 40
0.06
 40
0.06
 40
0.06
 40
0.06
 40
0.18
 40
0.18
309
CELLMARGIN_END
 94
        4
 95
        2
302
GRIDFORMAT
  1
GRIDFORMAT_BEGIN
 90
       37
 91
        1
 62
     0
 92
       -2
340
0
 93
        0
 40
0.045
309
GRIDFORMAT_END
 95
        4
302
GRIDFORMAT
  1
GRIDFORMAT_BEGIN
 90
       37
 91
        1
 62
     0
 92
       -2
340
0
 93
        0
 40
0.045
309
GRIDFORMAT_END
 95
       16
302
GRIDFORMAT
  1
GRIDFORMAT_BEGIN
 90
       37
 91
        1
 62
     0
 92
       -2
340
0
 93
        0
 40
0.045
309
GRIDFORMAT_END
 95
       32
302
GRIDFORMAT
  1
GRIDFORMAT_BEGIN
 90
       37
 91
        1
 62
     0
 92
       -2
340
0
 93
        0
 40
0.045
309
GRIDFORMAT_END
309
TABLEFORMAT_END
309
FORMATTEDTABLEDATACELL_END
  1
TABLECELL_BEGIN
 90
        0
 91
        0
309
TABLECELL_END
300
CELL
  1
LINKEDTABLEDATACELL_BEGIN
 90
        0
300

 91
        0
301
CUSTOMDATA
  1
DATAMAP_BEGIN
 90
        1
300
ACAD_ROUNDTRIP_2008_CELL_CHECKSUM
301
DATAMAP_VALUE
 93
        2
 90
        2
140
174.0
 94
        0
300

302

304
ACVALUE_END
309
DATAMAP_END
 92
        0
 95
        1
302
CONTENT
  1
CELLCONTENT_BEGIN
 90
        1
300
VALUE
 93
        6
 90
        4
  1
H3
 94
        0
300

302
H3
304
ACVALUE_END
 91
        0
309
CELLCONTENT_END
  1
FORMATTEDCELLCONTENT_BEGIN
170
     1
300
CONTENTFORMAT
  1
CONTENTFORMAT_BEGIN
 90
       67
 91
        0
 92
        4
 93
        0
300

 40
0.0
140
1.0
 94
        1
 62
     0
340
11
144
0.18
309
CONTENTFORMAT_END
309
FORMATTEDCELLCONTENT_END
309
LINKEDTABLEDATACELL_END
  1
FORMATTEDTABLEDATACELL_BEGIN
300
CELLTABLEFORMAT
  1
TABLEFORMAT_BEGIN
 90
        1
170
     1
 91
       16
 92
        0
 62
   257
 93
        1
300
CONTENTFORMAT
  1
CONTENTFORMAT_BEGIN
 90
        0
 91
        0
 92
      512
 93
        0
300

 40
0.0
140
1.0
 94
        5
 62
     0
340
0
144
0.18
309
CONTENTFORMAT_END
171
     1
301
MARGIN
  1
CELLMARGIN_BEGIN
 40
0.06
 40
0.06
 40
0.06
 40
0.06
 40
0.18
 40
0.18
309
CELLMARGIN_END
 94
        4
 95
        2
302
GRIDFORMAT
  1
GRIDFORMAT_BEGIN
 90
       37
 91
        1
 62
     0
 92
       -2
340
0
 93
        0
 40
0.045
309
GRIDFORMAT_END
 95
        4
302
GRIDFORMAT
  1
GRIDFORMAT_BEGIN
 90
       37
 91
        1
 62
     0
 92
       -2
340
0
 93
        0
 40
0.045
309
GRIDFORMAT_END
 95
       16
302
GRIDFORMAT
  1
GRIDFORMAT_BEGIN
 90
       37
 91
        1
 62
     0
 92
       -2
340
0
 93
        0
 40
0.045
309
GRIDFORMAT_END
 95
       32
302
GRIDFORMAT
  1
GRIDFORMAT_BEGIN
 90
       37
 91
        1
 62
     0
 92
       -2
340
0
 93
        0
 40
0.045
309
GRIDFORMAT_END
309
TABLEFORMAT_END
309
FORMATTEDTABLEDATACELL_END
  1
TABLECELL_BEGIN
 90
        0
 91
        0
309
TABLECELL_END
300
CELL
  1
LINKEDTABLEDATACELL_BEGIN
 90
        0
300

 91
        0
301
CUSTOMDATA
  1
DATAMAP_BEGIN
 90
        1
300
ACAD_ROUNDTRIP_2008_CELL_CHECKSUM
301
DATAMAP_VALUE
 93
        2
 90
        2
140
176.0
 94
        0
300

302

304
ACVALUE_END
309
DATAMAP_END
 92
        0
 95
        1
302
CONTENT
  1
CELLCONTENT_BEGIN
 90
        1
300
VALUE
 93
        6
 90
        4
  1
H4
 94
        0
300

302
H4
304
ACVALUE_END
 91
        0
309
CELLCONTENT_END
  1
FORMATTEDCELLCONTENT_BEGIN
170
     1
300
CONTENTFORMAT
  1
CONTENTFORMAT_BEGIN
 90
       67
 91
        0
 92
        4
 93
        0
300

 40
0.0
140
1.0
 94
        1
 62
     0
340
11
144
0.18
309
CONTENTFORMAT_END
309
FORMATTEDCELLCONTENT_END
309
LINKEDTABLEDATACELL_END
  1
FORMATTEDTABLEDATACELL_BEGIN
300
CELLTABLEFORMAT
  1
TABLEFORMAT_BEGIN
 90
        1
170
     1
 91
       16
 92
        0
 62
   257
 93
        1
300
CONTENTFORMAT
  1
CONTENTFORMAT_BEGIN
 90
        0
 91
        0
 92
      512
 93
        0
300

 40
0.0
140
1.0
 94
        5
 62
     0
340
0
144
0.18
309
CONTENTFORMAT_END
171
     1
301
MARGIN
  1
CELLMARGIN_BEGIN
 40
0.06
 40
0.06
 40
0.06
 40
0.06
 40
0.18
 40
0.18
309
CELLMARGIN_END
 94
        4
 95
        2
302
GRIDFORMAT
  1
GRIDFORMAT_BEGIN
 90
       37
 91
        1
 62
     0
 92
       -2
340
0
 93
        0
 40
0.045
309
GRIDFORMAT_END
 95
        4
302
GRIDFORMAT
  1
GRIDFORMAT_BEGIN
 90
       37
 91
        1
 62
     0
 92
       -2
340
0
 93
        0
 40
0.045
309
GRIDFORMAT_END
 95
       16
302
GRIDFORMAT
  1
GRIDFORMAT_BEGIN
 90
       37
 91
        1
 62
     0
 92
       -2
340
0
 93
        0
 40
0.045
309
GRIDFORMAT_END
 95
       32
302
GRIDFORMAT
  1
GRIDFORMAT_BEGIN
 90
       37
 91
        1
 62
     0
 92
       -2
340
0
 93
        0
 40
0.045
309
GRIDFORMAT_END
309
TABLEFORMAT_END
309
FORMATTEDTABLEDATACELL_END
  1
TABLECELL_BEGIN
 90
        0
 91
        0
309
TABLECELL_END
300
CELL
  1
LINKEDTABLEDATACELL_BEGIN
 90
        0
300

 91
        0
301
CUSTOMDATA
  1
DATAMAP_BEGIN
 90
        1
300
ACAD_ROUNDTRIP_2008_CELL_CHECKSUM
301
DATAMAP_VALUE
 93
        2
 90
        2
140
178.0
 94
        0
300

302

304
ACVALUE_END
309
DATAMAP_END
 92
        0
 95
        1
302
CONTENT
  1
CELLCONTENT_BEGIN
 90
        1
300
VALUE
 93
        6
 90
        4
  1
H5
 94
        0
300

302
H5
304
ACVALUE_END
 91
        0
309
CELLCONTENT_END
  1
FORMATTEDCELLCONTENT_BEGIN
170
     1
300
CONTENTFORMAT
  1
CONTENTFORMAT_BEGIN
 90
       67
 91
        0
 92
        4
 93
        0
300

 40
0.0
140
1.0
 94
        1
 62
     0
340
11
144
0.18
309
CONTENTFORMAT_END
309
FORMATTEDCELLCONTENT_END
309
LINKEDTABLEDATACELL_END
  1
FORMATTEDTABLEDATACELL_BEGIN
300
CELLTABLEFORMAT
  1
TABLEFORMAT_BEGIN
 90
        1
170
     1
 91
       16
 92
        0
 62
   257
 93
        1
300
CONTENTFORMAT
  1
CONTENTFORMAT_BEGIN
 90
        0
 91
        0
 92
      512
 93
        0
300

 40
0.0
140
1.0
 94
        5
 62
     0
340
0
144
0.18
309
CONTENTFORMAT_END
171
     1
301
MARGIN
  1
CELLMARGIN_BEGIN
 40
0.06
 40
0.06
 40
0.06
 40
0.06
 40
0.18
 40
0.18
309
CELLMARGIN_END
 94
        4
 95
        2
302
GRIDFORMAT
  1
GRIDFORMAT_BEGIN
 90
       37
 91
        1
 62
     0
 92
       -2
340
0
 93
        0
 40
0.045
309
GRIDFORMAT_END
 95
        4
302
GRIDFORMAT
  1
GRIDFORMAT_BEGIN
 90
       37
 91
        1
 62
     0
 92
       -2
340
0
 93
        0
 40
0.045
309
GRIDFORMAT_END
 95
       16
302
GRIDFORMAT
  1
GRIDFORMAT_BEGIN
 90
       37
 91
        1
 62
     0
 92
       -2
340
0
 93
        0
 40
0.045
309
GRIDFORMAT_END
 95
       32
302
GRIDFORMAT
  1
GRIDFORMAT_BEGIN
 90
       37
 91
        1
 62
     0
 92
       -2
340
0
 93
        0
 40
0.045
309
GRIDFORMAT_END
309
TABLEFORMAT_END
309
FORMATTEDTABLEDATACELL_END
  1
TABLECELL_BEGIN
 90
        0
 91
        0
309
TABLECELL_END
 91
        0
301
CUSTOMDATA
  1
DATAMAP_BEGIN
 90
        0
309
DATAMAP_END
309
LINKEDTABLEDATAROW_END
  1
FORMATTEDTABLEDATAROW_BEGIN
300
ROWTABLEFORMAT
  1
TABLEFORMAT_BEGIN
 90
        2
170
     1
 91
        0
 92
        0
 62
   257
 93
        1
300
CONTENTFORMAT
  1
CONTENTFORMAT_BEGIN
 90
        0
 91
        0
 92
      512
 93
        0
300

 40
0.0
140
1.0
 94
        1
 62
     0
340
0
144
0.18
309
CONTENTFORMAT_END
171
     0
 94
        0
309
TABLEFORMAT_END
309
FORMATTEDTABLEDATAROW_END
  1
TABLEROW_BEGIN
 90
        2
 40
0.36
309
TABLEROW_END
301
ROW
  1
LINKEDTABLEDATAROW_BEGIN
 90
        5
300
CELL
  1
LINKEDTABLEDATACELL_BEGIN
 90
        0
300

 91
        0
301
CUSTOMDATA
  1
DATAMAP_BEGIN
 90
        1
300
ACAD_ROUNDTRIP_2008_CELL_CHECKSUM
301
DATAMAP_VALUE
 93
        2
 90
        2
140
113.0
 94
        0
300

302

304
ACVALUE_END
309
DATAMAP_END
 92
        0
 95
        1
302
CONTENT
  1
CELLCONTENT_BEGIN
 90
        1
300
VALUE
 93
        6
 90
        4
  1
q
 94
        0
300

302
q
304
ACVALUE_END
 91
        0
309
CELLCONTENT_END
  1
FORMATTEDCELLCONTENT_BEGIN
170
     1
300
CONTENTFORMAT
  1
CONTENTFORMAT_BEGIN
 90
        3
 91
        0
 92
        4
 93
        0
300

 40
0.0
140
1.0
 94
        1
 62
     0
340
0
144
0.18
309
CONTENTFORMAT_END
309
FORMATTEDCELLCONTENT_END
309
LINKEDTABLEDATACELL_END
  1
FORMATTEDTABLEDATACELL_BEGIN
300
CELLTABLEFORMAT
  1
TABLEFORMAT_BEGIN
 90
        1
170
     1
 91
       16
 92
        0
 62
   257
 93
        1
300
CONTENTFORMAT
  1
CONTENTFORMAT_BEGIN
 90
        0
 91
        0
 92
      512
 93
        0
300

 40
0.0
140
1.0
 94
        3
 62
     0
340
0
144
0.18
309
CONTENTFORMAT_END
171
     1
301
MARGIN
  1
CELLMARGIN_BEGIN
 40
0.06
 40
0.06
 40
0.06
 40
0.06
 40
0.18
 40
0.18
309
CELLMARGIN_END
 94
        5
 95
        2
302
GRIDFORMAT
  1
GRIDFORMAT_BEGIN
 90
       37
 91
        1
 62
     0
 92
       -2
340
0
 93
        0
 40
0.045
309
GRIDFORMAT_END
 95
        4
302
GRIDFORMAT
  1
GRIDFORMAT_BEGIN
 90
       37
 91
        1
 62
     0
 92
       -2
340
0
 93
        0
 40
0.045
309
GRIDFORMAT_END
 95
        8
302
GRIDFORMAT
  1
GRIDFORMAT_BEGIN
 90
       37
 91
        1
 62
     0
 92
       -2
340
0
 93
        0
 40
0.045
309
GRIDFORMAT_END
 95
       16
302
GRIDFORMAT
  1
GRIDFORMAT_BEGIN
 90
       37
 91
        1
 62
     0
 92
       -2
340
0
 93
        0
 40
0.045
309
GRIDFORMAT_END
 95
       32
302
GRIDFORMAT
  1
GRIDFORMAT_BEGIN
 90
       37
 91
        1
 62
     0
 92
       -2
340
0
 93
        0
 40
0.045
309
GRIDFORMAT_END
309
TABLEFORMAT_END
309
FORMATTEDTABLEDATACELL_END
  1
TABLECELL_BEGIN
 90
        0
 91
        0
309
TABLECELL_END
300
CELL
  1
LINKEDTABLEDATACELL_BEGIN
 90
        0
300

 91
        0
301
CUSTOMDATA
  1
DATAMAP_BEGIN
 90
        1
300
ACAD_ROUNDTRIP_2008_CELL_CHECKSUM
301
DATAMAP_VALUE
 93
        2
 90
        2
140
119.0
 94
        0
300

302

304
ACVALUE_END
309
DATAMAP_END
 92
        0
 95
        1
302
CONTENT
  1
CELLCONTENT_BEGIN
 90
        1
300
VALUE
 93
        6
 90
        4
  1
w
 94
        0
300

302
w
304
ACVALUE_END
 91
        0
309
CELLCONTENT_END
  1
FORMATTEDCELLCONTENT_BEGIN
170
     1
300
CONTENTFORMAT
  1
CONTENTFORMAT_BEGIN
 90
        3
 91
        0
 92
        4
 93
        0
300

 40
0.0
140
1.0
 94
        1
 62
     0
340
0
144
0.18
309
CONTENTFORMAT_END
309
FORMATTEDCELLCONTENT_END
309
LINKEDTABLEDATACELL_END
  1
FORMATTEDTABLEDATACELL_BEGIN
300
CELLTABLEFORMAT
  1
TABLEFORMAT_BEGIN
 90
        1
170
     1
 91
       16
 92
        0
 62
   257
 93
        1
300
CONTENTFORMAT
  1
CONTENTFORMAT_BEGIN
 90
        0
 91
        0
 92
      512
 93
        0
300

 40
0.0
140
1.0
 94
        3
 62
     0
340
0
144
0.18
309
CONTENTFORMAT_END
171
     1
301
MARGIN
  1
CELLMARGIN_BEGIN
 40
0.06
 40
0.06
 40
0.06
 40
0.06
 40
0.18
 40
0.18
309
CELLMARGIN_END
 94
        4
 95
        2
302
GRIDFORMAT
  1
GRIDFORMAT_BEGIN
 90
       37
 91
        1
 62
     0
 92
       -2
340
0
 93
        0
 40
0.045
309
GRIDFORMAT_END
 95
        4
302
GRIDFORMAT
  1
GRIDFORMAT_BEGIN
 90
       37
 91
        1
 62
     0
 92
       -2
340
0
 93
        0
 40
0.045
309
GRIDFORMAT_END
 95
       16
302
GRIDFORMAT
  1
GRIDFORMAT_BEGIN
 90
       37
 91
        1
 62
     0
 92
       -2
340
0
 93
        0
 40
0.045
309
GRIDFORMAT_END
 95
       32
302
GRIDFORMAT
  1
GRIDFORMAT_BEGIN
 90
       37
 91
        1
 62
     0
 92
       -2
340
0
 93
        0
 40
0.045
309
GRIDFORMAT_END
309
TABLEFORMAT_END
309
FORMATTEDTABLEDATACELL_END
  1
TABLECELL_BEGIN
 90
        0
 91
        0
309
TABLECELL_END
300
CELL
  1
LINKEDTABLEDATACELL_BEGIN
 90
        0
300

 91
        0
301
CUSTOMDATA
  1
DATAMAP_BEGIN
 90
        1
300
ACAD_ROUNDTRIP_2008_CELL_CHECKSUM
301
DATAMAP_VALUE
 93
        2
 90
        2
140
0.0
 94
        0
300

302

304
ACVALUE_END
309
DATAMAP_END
 92
        0
 95
        1
302
CONTENT
  1
CELLCONTENT_BEGIN
 90
        1
300
VALUE
 93
        5
 90
        1
 94
        0
300

302

304
ACVALUE_END
 91
        0
309
CELLCONTENT_END
  1
FORMATTEDCELLCONTENT_BEGIN
170
     1
300
CONTENTFORMAT
  1
CONTENTFORMAT_BEGIN
 90
        3
 91
        0
 92
        1
 93
        0
300

 40
0.0
140
1.0
 94
        1
 62
     0
340
0
144
0.18
309
CONTENTFORMAT_END
309
FORMATTEDCELLCONTENT_END
309
LINKEDTABLEDATACELL_END
  1
FORMATTEDTABLEDATACELL_BEGIN
300
CELLTABLEFORMAT
  1
TABLEFORMAT_BEGIN
 90
        1
170
     1
 91
       16
 92
        0
 62
   257
 93
        1
300
CONTENTFORMAT
  1
CONTENTFORMAT_BEGIN
 90
        0
 91
        0
 92
      512
 93
        0
300

 40
0.0
140
1.0
 94
        3
 62
     0
340
0
144
0.18
309
CONTENTFORMAT_END
171
     1
301
MARGIN
  1
CELLMARGIN_BEGIN
 40
0.06
 40
0.06
 40
0.06
 40
0.06
 40
0.18
 40
0.18
309
CELLMARGIN_END
 94
        4
 95
        2
302
GRIDFORMAT
  1
GRIDFORMAT_BEGIN
 90
       37
 91
        1
 62
     0
 92
       -2
340
0
 93
        0
 40
0.045
309
GRIDFORMAT_END
 95
        4
302
GRIDFORMAT
  1
GRIDFORMAT_BEGIN
 90
       37
 91
        1
 62
     0
 92
       -2
340
0
 93
        0
 40
0.045
309
GRIDFORMAT_END
 95
       16
302
GRIDFORMAT
  1
GRIDFORMAT_BEGIN
 90
       37
 91
        1
 62
     0
 92
       -2
340
0
 93
        0
 40
0.045
309
GRIDFORMAT_END
 95
       32
302
GRIDFORMAT
  1
GRIDFORMAT_BEGIN
 90
       37
 91
        1
 62
     0
 92
       -2
340
0
 93
        0
 40
0.045
309
GRIDFORMAT_END
309
TABLEFORMAT_END
309
FORMATTEDTABLEDATACELL_END
  1
TABLECELL_BEGIN
 90
        0
 91
        0
309
TABLECELL_END
300
CELL
  1
LINKEDTABLEDATACELL_BEGIN
 90
        0
300

 91
        0
301
CUSTOMDATA
  1
DATAMAP_BEGIN
 90
        1
300
ACAD_ROUNDTRIP_2008_CELL_CHECKSUM
301
DATAMAP_VALUE
 93
        2
 90
        2
140
0.0
 94
        0
300

302

304
ACVALUE_END
309
DATAMAP_END
 92
        0
 95
        1
302
CONTENT
  1
CELLCONTENT_BEGIN
 90
        1
300
VALUE
 93
        5
 90
        1
 94
        0
300

302

304
ACVALUE_END
 91
        0
309
CELLCONTENT_END
  1
FORMATTEDCELLCONTENT_BEGIN
170
     1
300
CONTENTFORMAT
  1
CONTENTFORMAT_BEGIN
 90
        3
 91
        0
 92
        1
 93
        0
300

 40
0.0
140
1.0
 94
        1
 62
     0
340
0
144
0.18
309
CONTENTFORMAT_END
309
FORMATTEDCELLCONTENT_END
309
LINKEDTABLEDATACELL_END
  1
FORMATTEDTABLEDATACELL_BEGIN
300
CELLTABLEFORMAT
  1
TABLEFORMAT_BEGIN
 90
        1
170
     1
 91
       16
 92
        0
 62
   257
 93
        1
300
CONTENTFORMAT
  1
CONTENTFORMAT_BEGIN
 90
        0
 91
        0
 92
      512
 93
        0
300

 40
0.0
140
1.0
 94
        3
 62
     0
340
0
144
0.18
309
CONTENTFORMAT_END
171
     1
301
MARGIN
  1
CELLMARGIN_BEGIN
 40
0.06
 40
0.06
 40
0.06
 40
0.06
 40
0.18
 40
0.18
309
CELLMARGIN_END
 94
        4
 95
        2
302
GRIDFORMAT
  1
GRIDFORMAT_BEGIN
 90
       37
 91
        1
 62
     0
 92
       -2
340
0
 93
        0
 40
0.045
309
GRIDFORMAT_END
 95
        4
302
GRIDFORMAT
  1
GRIDFORMAT_BEGIN
 90
       37
 91
        1
 62
     0
 92
       -2
340
0
 93
        0
 40
0.045
309
GRIDFORMAT_END
 95
       16
302
GRIDFORMAT
  1
GRIDFORMAT_BEGIN
 90
       37
 91
        1
 62
     0
 92
       -2
340
0
 93
        0
 40
0.045
309
GRIDFORMAT_END
 95
       32
302
GRIDFORMAT
  1
GRIDFORMAT_BEGIN
 90
       37
 91
        1
 62
     0
 92
       -2
340
0
 93
        0
 40
0.045
309
GRIDFORMAT_END
309
TABLEFORMAT_END
309
FORMATTEDTABLEDATACELL_END
  1
TABLECELL_BEGIN
 90
        0
 91
        0
309
TABLECELL_END
300
CELL
  1
LINKEDTABLEDATACELL_BEGIN
 90
        0
300

 91
        0
301
CUSTOMDATA
  1
DATAMAP_BEGIN
 90
        1
300
ACAD_ROUNDTRIP_2008_CELL_CHECKSUM
301
DATAMAP_VALUE
 93
        2
 90
        2
140
0.0
 94
        0
300

302

304
ACVALUE_END
309
DATAMAP_END
 92
        0
 95
        1
302
CONTENT
  1
CELLCONTENT_BEGIN
 90
        1
300
VALUE
 93
        5
 90
        1
 94
        0
300

302

304
ACVALUE_END
 91
        0
309
CELLCONTENT_END
  1
FORMATTEDCELLCONTENT_BEGIN
170
     1
300
CONTENTFORMAT
  1
CONTENTFORMAT_BEGIN
 90
        3
 91
        0
 92
        1
 93
        0
300

 40
0.0
140
1.0
 94
        1
 62
     0
340
0
144
0.18
309
CONTENTFORMAT_END
309
FORMATTEDCELLCONTENT_END
309
LINKEDTABLEDATACELL_END
  1
FORMATTEDTABLEDATACELL_BEGIN
300
CELLTABLEFORMAT
  1
TABLEFORMAT_BEGIN
 90
        1
170
     1
 91
       16
 92
        0
 62
   257
 93
        1
300
CONTENTFORMAT
  1
CONTENTFORMAT_BEGIN
 90
        0
 91
        0
 92
      512
 93
        0
300

 40
0.0
140
1.0
 94
        3
 62
     0
340
0
144
0.18
309
CONTENTFORMAT_END
171
     1
301
MARGIN
  1
CELLMARGIN_BEGIN
 40
0.06
 40
0.06
 40
0.06
 40
0.06
 40
0.18
 40
0.18
309
CELLMARGIN_END
 94
        4
 95
        2
302
GRIDFORMAT
  1
GRIDFORMAT_BEGIN
 90
       37
 91
        1
 62
     0
 92
       -2
340
0
 93
        0
 40
0.045
309
GRIDFORMAT_END
 95
        4
302
GRIDFORMAT
  1
GRIDFORMAT_BEGIN
 90
       37
 91
        1
 62
     0
 92
       -2
340
0
 93
        0
 40
0.045
309
GRIDFORMAT_END
 95
       16
302
GRIDFORMAT
  1
GRIDFORMAT_BEGIN
 90
       37
 91
        1
 62
     0
 92
       -2
340
0
 93
        0
 40
0.045
309
GRIDFORMAT_END
 95
       32
302
GRIDFORMAT
  1
GRIDFORMAT_BEGIN
 90
       37
 91
        1
 62
     0
 92
       -2
340
0
 93
        0
 40
0.045
309
GRIDFORMAT_END
309
TABLEFORMAT_END
309
FORMATTEDTABLEDATACELL_END
  1
TABLECELL_BEGIN
 90
        0
 91
        0
309
TABLECELL_END
 91
        0
301
CUSTOMDATA
  1
DATAMAP_BEGIN
 90
        0
309
DATAMAP_END
309
LINKEDTABLEDATAROW_END
  1
FORMATTEDTABLEDATAROW_BEGIN
300
ROWTABLEFORMAT
  1
TABLEFORMAT_BEGIN
 90
        2
170
     0
309
TABLEFORMAT_END
309
FORMATTEDTABLEDATAROW_END
  1
TABLEROW_BEGIN
 90
        3
 40
0.36
309
TABLEROW_END
301
ROW
  1
LINKEDTABLEDATAROW_BEGIN
 90
        5
300
CELL
  1
LINKEDTABLEDATACELL_BEGIN
 90
        0
300

 91
        0
301
CUSTOMDATA
  1
DATAMAP_BEGIN
 90
        1
300
ACAD_ROUNDTRIP_2008_CELL_CHECKSUM
301
DATAMAP_VALUE
 93
        2
 90
        2
140
114.0
 94
        0
300

302

304
ACVALUE_END
309
DATAMAP_END
 92
        0
 95
        1
302
CONTENT
  1
CELLCONTENT_BEGIN
 90
        1
300
VALUE
 93
        6
 90
        4
  1
r
 94
        0
300

302
r
304
ACVALUE_END
 91
        0
309
CELLCONTENT_END
  1
FORMATTEDCELLCONTENT_BEGIN
170
     1
300
CONTENTFORMAT
  1
CONTENTFORMAT_BEGIN
 90
        3
 91
        0
 92
        4
 93
        0
300

 40
0.0
140
1.0
 94
        1
 62
     0
340
0
144
0.18
309
CONTENTFORMAT_END
309
FORMATTEDCELLCONTENT_END
309
LINKEDTABLEDATACELL_END
  1
FORMATTEDTABLEDATACELL_BEGIN
300
CELLTABLEFORMAT
  1
TABLEFORMAT_BEGIN
 90
        1
170
     1
 91
       16
 92
        0
 62
   257
 93
        1
300
CONTENTFORMAT
  1
CONTENTFORMAT_BEGIN
 90
        0
 91
        0
 92
      512
 93
        0
300

 40
0.0
140
1.0
 94
        3
 62
     0
340
0
144
0.18
309
CONTENTFORMAT_END
171
     1
301
MARGIN
  1
CELLMARGIN_BEGIN
 40
0.06
 40
0.06
 40
0.06
 40
0.06
 40
0.18
 40
0.18
309
CELLMARGIN_END
 94
        5
 95
        2
302
GRIDFORMAT
  1
GRIDFORMAT_BEGIN
 90
       37
 91
        1
 62
     0
 92
       -2
340
0
 93
        0
 40
0.045
309
GRIDFORMAT_END
 95
        4
302
GRIDFORMAT
  1
GRIDFORMAT_BEGIN
 90
       37
 91
        1
 62
     0
 92
       -2
340
0
 93
        0
 40
0.045
309
GRIDFORMAT_END
 95
        8
302
GRIDFORMAT
  1
GRIDFORMAT_BEGIN
 90
       37
 91
        1
 62
     0
 92
       -2
340
0
 93
        0
 40
0.045
309
GRIDFORMAT_END
 95
       16
302
GRIDFORMAT
  1
GRIDFORMAT_BEGIN
 90
       37
 91
        1
 62
     0
 92
       -2
340
0
 93
        0
 40
0.045
309
GRIDFORMAT_END
 95
       32
302
GRIDFORMAT
  1
GRIDFORMAT_BEGIN
 90
       37
 91
        1
 62
     0
 92
       -2
340
0
 93
        0
 40
0.045
309
GRIDFORMAT_END
309
TABLEFORMAT_END
309
FORMATTEDTABLEDATACELL_END
  1
TABLECELL_BEGIN
 90
        0
 91
        0
309
TABLECELL_END
300
CELL
  1
LINKEDTABLEDATACELL_BEGIN
 90
        0
300

 91
        0
301
CUSTOMDATA
  1
DATAMAP_BEGIN
 90
        1
300
ACAD_ROUNDTRIP_2008_CELL_CHECKSUM
301
DATAMAP_VALUE
 93
        2
 90
        2
140
0.0
 94
        0
300

302

304
ACVALUE_END
309
DATAMAP_END
 92
        0
 95
        1
302
CONTENT
  1
CELLCONTENT_BEGIN
 90
        1
300
VALUE
 93
        5
 90
        1
 94
        0
300

302

304
ACVALUE_END
 91
        0
309
CELLCONTENT_END
  1
FORMATTEDCELLCONTENT_BEGIN
170
     1
300
CONTENTFORMAT
  1
CONTENTFORMAT_BEGIN
 90
        3
 91
        0
 92
        1
 93
        0
300

 40
0.0
140
1.0
 94
        1
 62
     0
340
0
144
0.18
309
CONTENTFORMAT_END
309
FORMATTEDCELLCONTENT_END
309
LINKEDTABLEDATACELL_END
  1
FORMATTEDTABLEDATACELL_BEGIN
300
CELLTABLEFORMAT
  1
TABLEFORMAT_BEGIN
 90
        1
170
     1
 91
       16
 92
        0
 62
   257
 93
        1
300
CONTENTFORMAT
  1
CONTENTFORMAT_BEGIN
 90
        0
 91
        0
 92
      512
 93
        0
300

 40
0.0
140
1.0
 94
        3
 62
     0
340
0
144
0.18
309
CONTENTFORMAT_END
171
     1
301
MARGIN
  1
CELLMARGIN_BEGIN
 40
0.06
 40
0.06
 40
0.06
 40
0.06
 40
0.18
 40
0.18
309
CELLMARGIN_END
 94
        4
 95
        2
302
GRIDFORMAT
  1
GRIDFORMAT_BEGIN
 90
       37
 91
        1
 62
     0
 92
       -2
340
0
 93
        0
 40
0.045
309
GRIDFORMAT_END
 95
        4
302
GRIDFORMAT
  1
GRIDFORMAT_BEGIN
 90
       37
 91
        1
 62
     0
 92
       -2
340
0
 93
        0
 40
0.045
309
GRIDFORMAT_END
 95
       16
302
GRIDFORMAT
  1
GRIDFORMAT_BEGIN
 90
       37
 91
        1
 62
     0
 92
       -2
340
0
 93
        0
 40
0.045
309
GRIDFORMAT_END
 95
       32
302
GRIDFORMAT
  1
GRIDFORMAT_BEGIN
 90
       37
 91
        1
 62
     0
 92
       -2
340
0
 93
        0
 40
0.045
309
GRIDFORMAT_END
309
TABLEFORMAT_END
309
FORMATTEDTABLEDATACELL_END
  1
TABLECELL_BEGIN
 90
        0
 91
        0
309
TABLECELL_END
300
CELL
  1
LINKEDTABLEDATACELL_BEGIN
 90
        0
300

 91
        0
301
CUSTOMDATA
  1
DATAMAP_BEGIN
 90
        1
300
ACAD_ROUNDTRIP_2008_CELL_CHECKSUM
301
DATAMAP_VALUE
 93
        2
 90
        2
140
0.0
 94
        0
300

302

304
ACVALUE_END
309
DATAMAP_END
 92
        0
 95
        1
302
CONTENT
  1
CELLCONTENT_BEGIN
 90
        1
300
VALUE
 93
        5
 90
        4
 94
        0
300

302

304
ACVALUE_END
 91
        0
309
CELLCONTENT_END
  1
FORMATTEDCELLCONTENT_BEGIN
170
     1
300
CONTENTFORMAT
  1
CONTENTFORMAT_BEGIN
 90
        3
 91
        0
 92
        4
 93
        0
300

 40
0.0
140
1.0
 94
        1
 62
     0
340
0
144
0.18
309
CONTENTFORMAT_END
309
FORMATTEDCELLCONTENT_END
309
LINKEDTABLEDATACELL_END
  1
FORMATTEDTABLEDATACELL_BEGIN
300
CELLTABLEFORMAT
  1
TABLEFORMAT_BEGIN
 90
        1
170
     1
 91
       16
 92
        0
 62
   257
 93
        1
300
CONTENTFORMAT
  1
CONTENTFORMAT_BEGIN
 90
        0
 91
        0
 92
      512
 93
        0
300

 40
0.0
140
1.0
 94
        3
 62
     0
340
0
144
0.18
309
CONTENTFORMAT_END
171
     1
301
MARGIN
  1
CELLMARGIN_BEGIN
 40
0.06
 40
0.06
 40
0.06
 40
0.06
 40
0.18
 40
0.18
309
CELLMARGIN_END
 94
        4
 95
        2
302
GRIDFORMAT
  1
GRIDFORMAT_BEGIN
 90
       37
 91
        1
 62
     0
 92
       -2
340
0
 93
        0
 40
0.045
309
GRIDFORMAT_END
 95
        4
302
GRIDFORMAT
  1
GRIDFORMAT_BEGIN
 90
       37
 91
        1
 62
     0
 92
       -2
340
0
 93
        0
 40
0.045
309
GRIDFORMAT_END
 95
       16
302
GRIDFORMAT
  1
GRIDFORMAT_BEGIN
 90
       37
 91
        1
 62
     0
 92
       -2
340
0
 93
        0
 40
0.045
309
GRIDFORMAT_END
 95
       32
302
GRIDFORMAT
  1
GRIDFORMAT_BEGIN
 90
       37
 91
        1
 62
     0
 92
       -2
340
0
 93
        0
 40
0.045
309
GRIDFORMAT_END
309
TABLEFORMAT_END
309
FORMATTEDTABLEDATACELL_END
  1
TABLECELL_BEGIN
 90
        0
 91
        0
309
TABLECELL_END
300
CELL
  1
LINKEDTABLEDATACELL_BEGIN
 90
        0
300

 91
        0
301
CUSTOMDATA
  1
DATAMAP_BEGIN
 90
        1
300
ACAD_ROUNDTRIP_2008_CELL_CHECKSUM
301
DATAMAP_VALUE
 93
        2
 90
        2
140
0.0
 94
        0
300

302

304
ACVALUE_END
309
DATAMAP_END
 92
        0
 95
        1
302
CONTENT
  1
CELLCONTENT_BEGIN
 90
        1
300
VALUE
 93
        5
 90
        1
 94
        0
300

302

304
ACVALUE_END
 91
        0
309
CELLCONTENT_END
  1
FORMATTEDCELLCONTENT_BEGIN
170
     1
300
CONTENTFORMAT
  1
CONTENTFORMAT_BEGIN
 90
        3
 91
        0
 92
        1
 93
        0
300

 40
0.0
140
1.0
 94
        1
 62
     0
340
0
144
0.18
309
CONTENTFORMAT_END
309
FORMATTEDCELLCONTENT_END
309
LINKEDTABLEDATACELL_END
  1
FORMATTEDTABLEDATACELL_BEGIN
300
CELLTABLEFORMAT
  1
TABLEFORMAT_BEGIN
 90
        1
170
     1
 91
       16
 92
        0
 62
   257
 93
        1
300
CONTENTFORMAT
  1
CONTENTFORMAT_BEGIN
 90
        0
 91
        0
 92
      512
 93
        0
300

 40
0.0
140
1.0
 94
        3
 62
     0
340
0
144
0.18
309
CONTENTFORMAT_END
171
     1
301
MARGIN
  1
CELLMARGIN_BEGIN
 40
0.06
 40
0.06
 40
0.06
 40
0.06
 40
0.18
 40
0.18
309
CELLMARGIN_END
 94
        4
 95
        2
302
GRIDFORMAT
  1
GRIDFORMAT_BEGIN
 90
       37
 91
        1
 62
     0
 92
       -2
340
0
 93
        0
 40
0.045
309
GRIDFORMAT_END
 95
        4
302
GRIDFORMAT
  1
GRIDFORMAT_BEGIN
 90
       37
 91
        1
 62
     0
 92
       -2
340
0
 93
        0
 40
0.045
309
GRIDFORMAT_END
 95
       16
302
GRIDFORMAT
  1
GRIDFORMAT_BEGIN
 90
       37
 91
        1
 62
     0
 92
       -2
340
0
 93
        0
 40
0.045
309
GRIDFORMAT_END
 95
       32
302
GRIDFORMAT
  1
GRIDFORMAT_BEGIN
 90
       37
 91
        1
 62
     0
 92
       -2
340
0
 93
        0
 40
0.045
309
GRIDFORMAT_END
309
TABLEFORMAT_END
309
FORMATTEDTABLEDATACELL_END
  1
TABLECELL_BEGIN
 90
        0
 91
        0
309
TABLECELL_END
300
CELL
  1
LINKEDTABLEDATACELL_BEGIN
 90
        0
300

 91
        0
301
CUSTOMDATA
  1
DATAMAP_BEGIN
 90
        1
300
ACAD_ROUNDTRIP_2008_CELL_CHECKSUM
301
DATAMAP_VALUE
 93
        2
 90
        2
140
0.0
 94
        0
300

302

304
ACVALUE_END
309
DATAMAP_END
 92
        0
 95
        1
302
CONTENT
  1
CELLCONTENT_BEGIN
 90
        1
300
VALUE
 93
        5
 90
        1
 94
        0
300

302

304
ACVALUE_END
 91
        0
309
CELLCONTENT_END
  1
FORMATTEDCELLCONTENT_BEGIN
170
     1
300
CONTENTFORMAT
  1
CONTENTFORMAT_BEGIN
 90
        3
 91
        0
 92
        1
 93
        0
300

 40
0.0
140
1.0
 94
        1
 62
     0
340
0
144
0.18
309
CONTENTFORMAT_END
309
FORMATTEDCELLCONTENT_END
309
LINKEDTABLEDATACELL_END
  1
FORMATTEDTABLEDATACELL_BEGIN
300
CELLTABLEFORMAT
  1
TABLEFORMAT_BEGIN
 90
        1
170
     1
 91
       16
 92
        0
 62
   257
 93
        1
300
CONTENTFORMAT
  1
CONTENTFORMAT_BEGIN
 90
        0
 91
        0
 92
      512
 93
        0
300

 40
0.0
140
1.0
 94
        3
 62
     0
340
0
144
0.18
309
CONTENTFORMAT_END
171
     1
301
MARGIN
  1
CELLMARGIN_BEGIN
 40
0.06
 40
0.06
 40
0.06
 40
0.06
 40
0.18
 40
0.18
309
CELLMARGIN_END
 94
        4
 95
        2
302
GRIDFORMAT
  1
GRIDFORMAT_BEGIN
 90
       37
 91
        1
 62
     0
 92
       -2
340
0
 93
        0
 40
0.045
309
GRIDFORMAT_END
 95
        4
302
GRIDFORMAT
  1
GRIDFORMAT_BEGIN
 90
       37
 91
        1
 62
     0
 92
       -2
340
0
 93
        0
 40
0.045
309
GRIDFORMAT_END
 95
       16
302
GRIDFORMAT
  1
GRIDFORMAT_BEGIN
 90
       37
 91
        1
 62
     0
 92
       -2
340
0
 93
        0
 40
0.045
309
GRIDFORMAT_END
 95
       32
302
GRIDFORMAT
  1
GRIDFORMAT_BEGIN
 90
       37
 91
        1
 62
     0
 92
       -2
340
0
 93
        0
 40
0.045
309
GRIDFORMAT_END
309
TABLEFORMAT_END
309
FORMATTEDTABLEDATACELL_END
  1
TABLECELL_BEGIN
 90
        0
 91
        0
309
TABLECELL_END
 91
        0
301
CUSTOMDATA
  1
DATAMAP_BEGIN
 90
        0
309
DATAMAP_END
309
LINKEDTABLEDATAROW_END
  1
FORMATTEDTABLEDATAROW_BEGIN
300
ROWTABLEFORMAT
  1
TABLEFORMAT_BEGIN
 90
        2
170
     0
309
TABLEFORMAT_END
309
FORMATTEDTABLEDATAROW_END
  1
TABLEROW_BEGIN
 90
        3
 40
0.3620331651045422
309
TABLEROW_END
301
ROW
  1
LINKEDTABLEDATAROW_BEGIN
 90
        5
300
CELL
  1
LINKEDTABLEDATACELL_BEGIN
 90
        0
300

 91
        0
301
CUSTOMDATA
  1
DATAMAP_BEGIN
 90
        1
300
ACAD_ROUNDTRIP_2008_CELL_CHECKSUM
301
DATAMAP_VALUE
 93
        2
 90
        2
140
100.0
 94
        0
300

302

304
ACVALUE_END
309
DATAMAP_END
 92
        0
 95
        1
302
CONTENT
  1
CELLCONTENT_BEGIN
 90
        1
300
VALUE
 93
        6
 90
        4
  1
d
 94
        0
300

302
d
304
ACVALUE_END
 91
        0
309
CELLCONTENT_END
  1
FORMATTEDCELLCONTENT_BEGIN
170
     1
300
CONTENTFORMAT
  1
CONTENTFORMAT_BEGIN
 90
        3
 91
        0
 92
        4
 93
        0
300

 40
0.0
140
1.0
 94
        1
 62
     0
340
0
144
0.18
309
CONTENTFORMAT_END
309
FORMATTEDCELLCONTENT_END
309
LINKEDTABLEDATACELL_END
  1
FORMATTEDTABLEDATACELL_BEGIN
300
CELLTABLEFORMAT
  1
TABLEFORMAT_BEGIN
 90
        1
170
     1
 91
       16
 92
        0
 62
   257
 93
        1
300
CONTENTFORMAT
  1
CONTENTFORMAT_BEGIN
 90
        0
 91
        0
 92
      512
 93
        0
300

 40
0.0
140
1.0
 94
        3
 62
     0
340
0
144
0.18
309
CONTENTFORMAT_END
171
     1
301
MARGIN
  1
CELLMARGIN_BEGIN
 40
0.06
 40
0.06
 40
0.06
 40
0.06
 40
0.18
 40
0.18
309
CELLMARGIN_END
 94
        5
 95
        2
302
GRIDFORMAT
  1
GRIDFORMAT_BEGIN
 90
       37
 91
        1
 62
     0
 92
       -2
340
0
 93
        0
 40
0.045
309
GRIDFORMAT_END
 95
        4
302
GRIDFORMAT
  1
GRIDFORMAT_BEGIN
 90
       37
 91
        1
 62
     0
 92
       -2
340
0
 93
        0
 40
0.045
309
GRIDFORMAT_END
 95
        8
302
GRIDFORMAT
  1
GRIDFORMAT_BEGIN
 90
       37
 91
        1
 62
     0
 92
       -2
340
0
 93
        0
 40
0.045
309
GRIDFORMAT_END
 95
       16
302
GRIDFORMAT
  1
GRIDFORMAT_BEGIN
 90
       37
 91
        1
 62
     0
 92
       -2
340
0
 93
        0
 40
0.045
309
GRIDFORMAT_END
 95
       32
302
GRIDFORMAT
  1
GRIDFORMAT_BEGIN
 90
       37
 91
        1
 62
     0
 92
       -2
340
0
 93
        0
 40
0.045
309
GRIDFORMAT_END
309
TABLEFORMAT_END
309
FORMATTEDTABLEDATACELL_END
  1
TABLECELL_BEGIN
 90
        0
 91
        0
309
TABLECELL_END
300
CELL
  1
LINKEDTABLEDATACELL_BEGIN
 90
        0
300

 91
        0
301
CUSTOMDATA
  1
DATAMAP_BEGIN
 90
        1
300
ACAD_ROUNDTRIP_2008_CELL_CHECKSUM
301
DATAMAP_VALUE
 93
        2
 90
        2
140
0.0
 94
        0
300

302

304
ACVALUE_END
309
DATAMAP_END
 92
        0
 95
        1
302
CONTENT
  1
CELLCONTENT_BEGIN
 90
        1
300
VALUE
 93
        5
 90
        1
 94
        0
300

302

304
ACVALUE_END
 91
        0
309
CELLCONTENT_END
  1
FORMATTEDCELLCONTENT_BEGIN
170
     1
300
CONTENTFORMAT
  1
CONTENTFORMAT_BEGIN
 90
        3
 91
        0
 92
        1
 93
        0
300

 40
0.0
140
1.0
 94
        1
 62
     0
340
0
144
0.18
309
CONTENTFORMAT_END
309
FORMATTEDCELLCONTENT_END
309
LINKEDTABLEDATACELL_END
  1
FORMATTEDTABLEDATACELL_BEGIN
300
CELLTABLEFORMAT
  1
TABLEFORMAT_BEGIN
 90
        1
170
     1
 91
       16
 92
        0
 62
   257
 93
        1
300
CONTENTFORMAT
  1
CONTENTFORMAT_BEGIN
 90
        0
 91
        0
 92
      512
 93
        0
300

 40
0.0
140
1.0
 94
        3
 62
     0
340
0
144
0.18
309
CONTENTFORMAT_END
171
     1
301
MARGIN
  1
CELLMARGIN_BEGIN
 40
0.06
 40
0.06
 40
0.06
 40
0.06
 40
0.18
 40
0.18
309
CELLMARGIN_END
 94
        4
 95
        2
302
GRIDFORMAT
  1
GRIDFORMAT_BEGIN
 90
       37
 91
        1
 62
     0
 92
       -2
340
0
 93
        0
 40
0.045
309
GRIDFORMAT_END
 95
        4
302
GRIDFORMAT
  1
GRIDFORMAT_BEGIN
 90
       37
 91
        1
 62
     0
 92
       -2
340
0
 93
        0
 40
0.045
309
GRIDFORMAT_END
 95
       16
302
GRIDFORMAT
  1
GRIDFORMAT_BEGIN
 90
       37
 91
        1
 62
     0
 92
       -2
340
0
 93
        0
 40
0.045
309
GRIDFORMAT_END
 95
       32
302
GRIDFORMAT
  1
GRIDFORMAT_BEGIN
 90
       37
 91
        1
 62
     0
 92
       -2
340
0
 93
        0
 40
0.045
309
GRIDFORMAT_END
309
TABLEFORMAT_END
309
FORMATTEDTABLEDATACELL_END
  1
TABLECELL_BEGIN
 90
        0
 91
        0
309
TABLECELL_END
300
CELL
  1
LINKEDTABLEDATACELL_BEGIN
 90
        0
300

 91
        0
301
CUSTOMDATA
  1
DATAMAP_BEGIN
 90
        1
300
ACAD_ROUNDTRIP_2008_CELL_CHECKSUM
301
DATAMAP_VALUE
 93
        2
 90
        2
140
0.0
 94
        0
300

302

304
ACVALUE_END
309
DATAMAP_END
 92
        0
 95
        1
302
CONTENT
  1
CELLCONTENT_BEGIN
 90
        1
300
VALUE
 93
        5
 90
        4
 94
        0
300

302

304
ACVALUE_END
 91
        0
309
CELLCONTENT_END
  1
FORMATTEDCELLCONTENT_BEGIN
170
     1
300
CONTENTFORMAT
  1
CONTENTFORMAT_BEGIN
 90
        3
 91
        0
 92
        4
 93
        0
300

 40
0.0
140
1.0
 94
        1
 62
     0
340
0
144
0.18
309
CONTENTFORMAT_END
309
FORMATTEDCELLCONTENT_END
309
LINKEDTABLEDATACELL_END
  1
FORMATTEDTABLEDATACELL_BEGIN
300
CELLTABLEFORMAT
  1
TABLEFORMAT_BEGIN
 90
        1
170
     1
 91
       16
 92
        0
 62
   257
 93
        1
300
CONTENTFORMAT
  1
CONTENTFORMAT_BEGIN
 90
        0
 91
        0
 92
      512
 93
        0
300

 40
0.0
140
1.0
 94
        3
 62
     0
340
0
144
0.18
309
CONTENTFORMAT_END
171
     1
301
MARGIN
  1
CELLMARGIN_BEGIN
 40
0.06
 40
0.06
 40
0.06
 40
0.06
 40
0.18
 40
0.18
309
CELLMARGIN_END
 94
        4
 95
        2
302
GRIDFORMAT
  1
GRIDFORMAT_BEGIN
 90
       37
 91
        1
 62
     0
 92
       -2
340
0
 93
        0
 40
0.045
309
GRIDFORMAT_END
 95
        4
302
GRIDFORMAT
  1
GRIDFORMAT_BEGIN
 90
       37
 91
        1
 62
     0
 92
       -2
340
0
 93
        0
 40
0.045
309
GRIDFORMAT_END
 95
       16
302
GRIDFORMAT
  1
GRIDFORMAT_BEGIN
 90
       37
 91
        1
 62
     0
 92
       -2
340
0
 93
        0
 40
0.045
309
GRIDFORMAT_END
 95
       32
302
GRIDFORMAT
  1
GRIDFORMAT_BEGIN
 90
       37
 91
        1
 62
     0
 92
       -2
340
0
 93
        0
 40
0.045
309
GRIDFORMAT_END
309
TABLEFORMAT_END
309
FORMATTEDTABLEDATACELL_END
  1
TABLECELL_BEGIN
 90
        0
 91
        0
309
TABLECELL_END
300
CELL
  1
LINKEDTABLEDATACELL_BEGIN
 90
        0
300

 91
        0
301
CUSTOMDATA
  1
DATAMAP_BEGIN
 90
        1
300
ACAD_ROUNDTRIP_2008_CELL_CHECKSUM
301
DATAMAP_VALUE
 93
        2
 90
        2
140
0.0
 94
        0
300

302

304
ACVALUE_END
309
DATAMAP_END
 92
        0
 95
        1
302
CONTENT
  1
CELLCONTENT_BEGIN
 90
        1
300
VALUE
 93
        5
 90
        1
 94
        0
300

302

304
ACVALUE_END
 91
        0
309
CELLCONTENT_END
  1
FORMATTEDCELLCONTENT_BEGIN
170
     1
300
CONTENTFORMAT
  1
CONTENTFORMAT_BEGIN
 90
        3
 91
        0
 92
        1
 93
        0
300

 40
0.0
140
1.0
 94
        1
 62
     0
340
0
144
0.18
309
CONTENTFORMAT_END
309
FORMATTEDCELLCONTENT_END
309
LINKEDTABLEDATACELL_END
  1
FORMATTEDTABLEDATACELL_BEGIN
300
CELLTABLEFORMAT
  1
TABLEFORMAT_BEGIN
 90
        1
170
     1
 91
       16
 92
        0
 62
   257
 93
        1
300
CONTENTFORMAT
  1
CONTENTFORMAT_BEGIN
 90
        0
 91
        0
 92
      512
 93
        0
300

 40
0.0
140
1.0
 94
        3
 62
     0
340
0
144
0.18
309
CONTENTFORMAT_END
171
     1
301
MARGIN
  1
CELLMARGIN_BEGIN
 40
0.06
 40
0.06
 40
0.06
 40
0.06
 40
0.18
 40
0.18
309
CELLMARGIN_END
 94
        4
 95
        2
302
GRIDFORMAT
  1
GRIDFORMAT_BEGIN
 90
       37
 91
        1
 62
     0
 92
       -2
340
0
 93
        0
 40
0.045
309
GRIDFORMAT_END
 95
        4
302
GRIDFORMAT
  1
GRIDFORMAT_BEGIN
 90
       37
 91
        1
 62
     0
 92
       -2
340
0
 93
        0
 40
0.045
309
GRIDFORMAT_END
 95
       16
302
GRIDFORMAT
  1
GRIDFORMAT_BEGIN
 90
       37
 91
        1
 62
     0
 92
       -2
340
0
 93
        0
 40
0.045
309
GRIDFORMAT_END
 95
       32
302
GRIDFORMAT
  1
GRIDFORMAT_BEGIN
 90
       37
 91
        1
 62
     0
 92
       -2
340
0
 93
        0
 40
0.045
309
GRIDFORMAT_END
309
TABLEFORMAT_END
309
FORMATTEDTABLEDATACELL_END
  1
TABLECELL_BEGIN
 90
        0
 91
        0
309
TABLECELL_END
300
CELL
  1
LINKEDTABLEDATACELL_BEGIN
 90
        0
300

 91
        0
301
CUSTOMDATA
  1
DATAMAP_BEGIN
 90
        1
300
ACAD_ROUNDTRIP_2008_CELL_CHECKSUM
301
DATAMAP_VALUE
 93
        2
 90
        2
140
0.0
 94
        0
300

302

304
ACVALUE_END
309
DATAMAP_END
 92
        0
 95
        1
302
CONTENT
  1
CELLCONTENT_BEGIN
 90
        1
300
VALUE
 93
        5
 90
        1
 94
        0
300

302

304
ACVALUE_END
 91
        0
309
CELLCONTENT_END
  1
FORMATTEDCELLCONTENT_BEGIN
170
     1
300
CONTENTFORMAT
  1
CONTENTFORMAT_BEGIN
 90
        3
 91
        0
 92
        1
 93
        0
300

 40
0.0
140
1.0
 94
        1
 62
     0
340
0
144
0.18
309
CONTENTFORMAT_END
309
FORMATTEDCELLCONTENT_END
309
LINKEDTABLEDATACELL_END
  1
FORMATTEDTABLEDATACELL_BEGIN
300
CELLTABLEFORMAT
  1
TABLEFORMAT_BEGIN
 90
        1
170
     1
 91
       16
 92
        0
 62
   257
 93
        1
300
CONTENTFORMAT
  1
CONTENTFORMAT_BEGIN
 90
        0
 91
        0
 92
      512
 93
        0
300

 40
0.0
140
1.0
 94
        3
 62
     0
340
0
144
0.18
309
CONTENTFORMAT_END
171
     1
301
MARGIN
  1
CELLMARGIN_BEGIN
 40
0.06
 40
0.06
 40
0.06
 40
0.06
 40
0.18
 40
0.18
309
CELLMARGIN_END
 94
        4
 95
        2
302
GRIDFORMAT
  1
GRIDFORMAT_BEGIN
 90
       37
 91
        1
 62
     0
 92
       -2
340
0
 93
        0
 40
0.045
309
GRIDFORMAT_END
 95
        4
302
GRIDFORMAT
  1
GRIDFORMAT_BEGIN
 90
       37
 91
        1
 62
     0
 92
       -2
340
0
 93
        0
 40
0.045
309
GRIDFORMAT_END
 95
       16
302
GRIDFORMAT
  1
GRIDFORMAT_BEGIN
 90
       37
 91
        1
 62
     0
 92
       -2
340
0
 93
        0
 40
0.045
309
GRIDFORMAT_END
 95
       32
302
GRIDFORMAT
  1
GRIDFORMAT_BEGIN
 90
       37
 91
        1
 62
     0
 92
       -2
340
0
 93
        0
 40
0.045
309
GRIDFORMAT_END
309
TABLEFORMAT_END
309
FORMATTEDTABLEDATACELL_END
  1
TABLECELL_BEGIN
 90
        0
 91
        0
309
TABLECELL_END
 91
        0
301
CUSTOMDATA
  1
DATAMAP_BEGIN
 90
        0
309
DATAMAP_END
309
LINKEDTABLEDATAROW_END
  1
FORMATTEDTABLEDATAROW_BEGIN
300
ROWTABLEFORMAT
  1
TABLEFORMAT_BEGIN
 90
        2
170
     0
309
TABLEFORMAT_END
309
FORMATTEDTABLEDATAROW_END
  1
TABLEROW_BEGIN
 90
        3
 40
0.3620331651045422
309
TABLEROW_END
301
ROW
  1
LINKEDTABLEDATAROW_BEGIN
 90
        5
300
CELL
  1
LINKEDTABLEDATACELL_BEGIN
 90
        0
300

 91
        0
301
CUSTOMDATA
  1
DATAMAP_BEGIN
 90
        1
300
ACAD_ROUNDTRIP_2008_CELL_CHECKSUM
301
DATAMAP_VALUE
 93
        2
 90
        2
140
102.0
 94
        0
300

302

304
ACVALUE_END
309
DATAMAP_END
 92
        0
 95
        1
302
CONTENT
  1
CELLCONTENT_BEGIN
 90
        1
300
VALUE
 93
        6
 90
        4
  1
f
 94
        0
300

302
f
304
ACVALUE_END
 91
        0
309
CELLCONTENT_END
  1
FORMATTEDCELLCONTENT_BEGIN
170
     1
300
CONTENTFORMAT
  1
CONTENTFORMAT_BEGIN
 90
        3
 91
        0
 92
        4
 93
        0
300

 40
0.0
140
1.0
 94
        1
 62
     0
340
0
144
0.18
309
CONTENTFORMAT_END
309
FORMATTEDCELLCONTENT_END
309
LINKEDTABLEDATACELL_END
  1
FORMATTEDTABLEDATACELL_BEGIN
300
CELLTABLEFORMAT
  1
TABLEFORMAT_BEGIN
 90
        1
170
     1
 91
       16
 92
        0
 62
   257
 93
        1
300
CONTENTFORMAT
  1
CONTENTFORMAT_BEGIN
 90
        0
 91
        0
 92
      512
 93
        0
300

 40
0.0
140
1.0
 94
        3
 62
     0
340
0
144
0.18
309
CONTENTFORMAT_END
171
     1
301
MARGIN
  1
CELLMARGIN_BEGIN
 40
0.06
 40
0.06
 40
0.06
 40
0.06
 40
0.18
 40
0.18
309
CELLMARGIN_END
 94
        5
 95
        2
302
GRIDFORMAT
  1
GRIDFORMAT_BEGIN
 90
       37
 91
        1
 62
     0
 92
       -2
340
0
 93
        0
 40
0.045
309
GRIDFORMAT_END
 95
        4
302
GRIDFORMAT
  1
GRIDFORMAT_BEGIN
 90
       37
 91
        1
 62
     0
 92
       -2
340
0
 93
        0
 40
0.045
309
GRIDFORMAT_END
 95
        8
302
GRIDFORMAT
  1
GRIDFORMAT_BEGIN
 90
       37
 91
        1
 62
     0
 92
       -2
340
0
 93
        0
 40
0.045
309
GRIDFORMAT_END
 95
       16
302
GRIDFORMAT
  1
GRIDFORMAT_BEGIN
 90
       37
 91
        1
 62
     0
 92
       -2
340
0
 93
        0
 40
0.045
309
GRIDFORMAT_END
 95
       32
302
GRIDFORMAT
  1
GRIDFORMAT_BEGIN
 90
       37
 91
        1
 62
     0
 92
       -2
340
0
 93
        0
 40
0.045
309
GRIDFORMAT_END
309
TABLEFORMAT_END
309
FORMATTEDTABLEDATACELL_END
  1
TABLECELL_BEGIN
 90
        0
 91
        0
309
TABLECELL_END
300
CELL
  1
LINKEDTABLEDATACELL_BEGIN
 90
        0
300

 91
        0
301
CUSTOMDATA
  1
DATAMAP_BEGIN
 90
        1
300
ACAD_ROUNDTRIP_2008_CELL_CHECKSUM
301
DATAMAP_VALUE
 93
        2
 90
        2
140
0.0
 94
        0
300

302

304
ACVALUE_END
309
DATAMAP_END
 92
        0
 95
        1
302
CONTENT
  1
CELLCONTENT_BEGIN
 90
        1
300
VALUE
 93
        5
 90
        1
 94
        0
300

302

304
ACVALUE_END
 91
        0
309
CELLCONTENT_END
  1
FORMATTEDCELLCONTENT_BEGIN
170
     1
300
CONTENTFORMAT
  1
CONTENTFORMAT_BEGIN
 90
        3
 91
        0
 92
        1
 93
        0
300

 40
0.0
140
1.0
 94
        1
 62
     0
340
0
144
0.18
309
CONTENTFORMAT_END
309
FORMATTEDCELLCONTENT_END
309
LINKEDTABLEDATACELL_END
  1
FORMATTEDTABLEDATACELL_BEGIN
300
CELLTABLEFORMAT
  1
TABLEFORMAT_BEGIN
 90
        1
170
     1
 91
       16
 92
        0
 62
   257
 93
        1
300
CONTENTFORMAT
  1
CONTENTFORMAT_BEGIN
 90
        0
 91
        0
 92
      512
 93
        0
300

 40
0.0
140
1.0
 94
        3
 62
     0
340
0
144
0.18
309
CONTENTFORMAT_END
171
     1
301
MARGIN
  1
CELLMARGIN_BEGIN
 40
0.06
 40
0.06
 40
0.06
 40
0.06
 40
0.18
 40
0.18
309
CELLMARGIN_END
 94
        4
 95
        2
302
GRIDFORMAT
  1
GRIDFORMAT_BEGIN
 90
       37
 91
        1
 62
     0
 92
       -2
340
0
 93
        0
 40
0.045
309
GRIDFORMAT_END
 95
        4
302
GRIDFORMAT
  1
GRIDFORMAT_BEGIN
 90
       37
 91
        1
 62
     0
 92
       -2
340
0
 93
        0
 40
0.045
309
GRIDFORMAT_END
 95
       16
302
GRIDFORMAT
  1
GRIDFORMAT_BEGIN
 90
       37
 91
        1
 62
     0
 92
       -2
340
0
 93
        0
 40
0.045
309
GRIDFORMAT_END
 95
       32
302
GRIDFORMAT
  1
GRIDFORMAT_BEGIN
 90
       37
 91
        1
 62
     0
 92
       -2
340
0
 93
        0
 40
0.045
309
GRIDFORMAT_END
309
TABLEFORMAT_END
309
FORMATTEDTABLEDATACELL_END
  1
TABLECELL_BEGIN
 90
        0
 91
        0
309
TABLECELL_END
300
CELL
  1
LINKEDTABLEDATACELL_BEGIN
 90
        0
300

 91
        0
301
CUSTOMDATA
  1
DATAMAP_BEGIN
 90
        1
300
ACAD_ROUNDTRIP_2008_CELL_CHECKSUM
301
DATAMAP_VALUE
 93
        2
 90
        2
140
0.0
 94
        0
300

302

304
ACVALUE_END
309
DATAMAP_END
 92
        0
 95
        1
302
CONTENT
  1
CELLCONTENT_BEGIN
 90
        1
300
VALUE
 93
        5
 90
        4
 94
        0
300

302

304
ACVALUE_END
 91
        0
309
CELLCONTENT_END
  1
FORMATTEDCELLCONTENT_BEGIN
170
     1
300
CONTENTFORMAT
  1
CONTENTFORMAT_BEGIN
 90
        3
 91
        0
 92
        4
 93
        0
300

 40
0.0
140
1.0
 94
        1
 62
     0
340
0
144
0.18
309
CONTENTFORMAT_END
309
FORMATTEDCELLCONTENT_END
309
LINKEDTABLEDATACELL_END
  1
FORMATTEDTABLEDATACELL_BEGIN
300
CELLTABLEFORMAT
  1
TABLEFORMAT_BEGIN
 90
        1
170
     1
 91
       16
 92
        0
 62
   257
 93
        1
300
CONTENTFORMAT
  1
CONTENTFORMAT_BEGIN
 90
        0
 91
        0
 92
      512
 93
        0
300

 40
0.0
140
1.0
 94
        3
 62
     0
340
0
144
0.18
309
CONTENTFORMAT_END
171
     1
301
MARGIN
  1
CELLMARGIN_BEGIN
 40
0.06
 40
0.06
 40
0.06
 40
0.06
 40
0.18
 40
0.18
309
CELLMARGIN_END
 94
        4
 95
        2
302
GRIDFORMAT
  1
GRIDFORMAT_BEGIN
 90
       37
 91
        1
 62
     0
 92
       -2
340
0
 93
        0
 40
0.045
309
GRIDFORMAT_END
 95
        4
302
GRIDFORMAT
  1
GRIDFORMAT_BEGIN
 90
       37
 91
        1
 62
     0
 92
       -2
340
0
 93
        0
 40
0.045
309
GRIDFORMAT_END
 95
       16
302
GRIDFORMAT
  1
GRIDFORMAT_BEGIN
 90
       37
 91
        1
 62
     0
 92
       -2
340
0
 93
        0
 40
0.045
309
GRIDFORMAT_END
 95
       32
302
GRIDFORMAT
  1
GRIDFORMAT_BEGIN
 90
       37
 91
        1
 62
     0
 92
       -2
340
0
 93
        0
 40
0.045
309
GRIDFORMAT_END
309
TABLEFORMAT_END
309
FORMATTEDTABLEDATACELL_END
  1
TABLECELL_BEGIN
 90
        0
 91
        0
309
TABLECELL_END
300
CELL
  1
LINKEDTABLEDATACELL_BEGIN
 90
        0
300

 91
        0
301
CUSTOMDATA
  1
DATAMAP_BEGIN
 90
        1
300
ACAD_ROUNDTRIP_2008_CELL_CHECKSUM
301
DATAMAP_VALUE
 93
        2
 90
        2
140
0.0
 94
        0
300

302

304
ACVALUE_END
309
DATAMAP_END
 92
        0
 95
        1
302
CONTENT
  1
CELLCONTENT_BEGIN
 90
        1
300
VALUE
 93
        5
 90
        1
 94
        0
300

302

304
ACVALUE_END
 91
        0
309
CELLCONTENT_END
  1
FORMATTEDCELLCONTENT_BEGIN
170
     1
300
CONTENTFORMAT
  1
CONTENTFORMAT_BEGIN
 90
        3
 91
        0
 92
        1
 93
        0
300

 40
0.0
140
1.0
 94
        1
 62
     0
340
0
144
0.18
309
CONTENTFORMAT_END
309
FORMATTEDCELLCONTENT_END
309
LINKEDTABLEDATACELL_END
  1
FORMATTEDTABLEDATACELL_BEGIN
300
CELLTABLEFORMAT
  1
TABLEFORMAT_BEGIN
 90
        1
170
     1
 91
       16
 92
        0
 62
   257
 93
        1
300
CONTENTFORMAT
  1
CONTENTFORMAT_BEGIN
 90
        0
 91
        0
 92
      512
 93
        0
300

 40
0.0
140
1.0
 94
        3
 62
     0
340
0
144
0.18
309
CONTENTFORMAT_END
171
     1
301
MARGIN
  1
CELLMARGIN_BEGIN
 40
0.06
 40
0.06
 40
0.06
 40
0.06
 40
0.18
 40
0.18
309
CELLMARGIN_END
 94
        4
 95
        2
302
GRIDFORMAT
  1
GRIDFORMAT_BEGIN
 90
       37
 91
        1
 62
     0
 92
       -2
340
0
 93
        0
 40
0.045
309
GRIDFORMAT_END
 95
        4
302
GRIDFORMAT
  1
GRIDFORMAT_BEGIN
 90
       37
 91
        1
 62
     0
 92
       -2
340
0
 93
        0
 40
0.045
309
GRIDFORMAT_END
 95
       16
302
GRIDFORMAT
  1
GRIDFORMAT_BEGIN
 90
       37
 91
        1
 62
     0
 92
       -2
340
0
 93
        0
 40
0.045
309
GRIDFORMAT_END
 95
       32
302
GRIDFORMAT
  1
GRIDFORMAT_BEGIN
 90
       37
 91
        1
 62
     0
 92
       -2
340
0
 93
        0
 40
0.045
309
GRIDFORMAT_END
309
TABLEFORMAT_END
309
FORMATTEDTABLEDATACELL_END
  1
TABLECELL_BEGIN
 90
        0
 91
        0
309
TABLECELL_END
300
CELL
  1
LINKEDTABLEDATACELL_BEGIN
 90
        0
300

 91
        0
301
CUSTOMDATA
  1
DATAMAP_BEGIN
 90
        1
300
ACAD_ROUNDTRIP_2008_CELL_CHECKSUM
301
DATAMAP_VALUE
 93
        2
 90
        2
140
0.0
 94
        0
300

302

304
ACVALUE_END
309
DATAMAP_END
 92
        0
 95
        1
302
CONTENT
  1
CELLCONTENT_BEGIN
 90
        1
300
VALUE
 93
        5
 90
        1
 94
        0
300

302

304
ACVALUE_END
 91
        0
309
CELLCONTENT_END
  1
FORMATTEDCELLCONTENT_BEGIN
170
     1
300
CONTENTFORMAT
  1
CONTENTFORMAT_BEGIN
 90
        3
 91
        0
 92
        1
 93
        0
300

 40
0.0
140
1.0
 94
        1
 62
     0
340
0
144
0.18
309
CONTENTFORMAT_END
309
FORMATTEDCELLCONTENT_END
309
LINKEDTABLEDATACELL_END
  1
FORMATTEDTABLEDATACELL_BEGIN
300
CELLTABLEFORMAT
  1
TABLEFORMAT_BEGIN
 90
        1
170
     1
 91
       16
 92
        0
 62
   257
 93
        1
300
CONTENTFORMAT
  1
CONTENTFORMAT_BEGIN
 90
        0
 91
        0
 92
      512
 93
        0
300

 40
0.0
140
1.0
 94
        3
 62
     0
340
0
144
0.18
309
CONTENTFORMAT_END
171
     1
301
MARGIN
  1
CELLMARGIN_BEGIN
 40
0.06
 40
0.06
 40
0.06
 40
0.06
 40
0.18
 40
0.18
309
CELLMARGIN_END
 94
        4
 95
        2
302
GRIDFORMAT
  1
GRIDFORMAT_BEGIN
 90
       37
 91
        1
 62
     0
 92
       -2
340
0
 93
        0
 40
0.045
309
GRIDFORMAT_END
 95
        4
302
GRIDFORMAT
  1
GRIDFORMAT_BEGIN
 90
       37
 91
        1
 62
     0
 92
       -2
340
0
 93
        0
 40
0.045
309
GRIDFORMAT_END
 95
       16
302
GRIDFORMAT
  1
GRIDFORMAT_BEGIN
 90
       37
 91
        1
 62
     0
 92
       -2
340
0
 93
        0
 40
0.045
309
GRIDFORMAT_END
 95
       32
302
GRIDFORMAT
  1
GRIDFORMAT_BEGIN
 90
       37
 91
        1
 62
     0
 92
       -2
340
0
 93
        0
 40
0.045
309
GRIDFORMAT_END
309
TABLEFORMAT_END
309
FORMATTEDTABLEDATACELL_END
  1
TABLECELL_BEGIN
 90
        0
 91
        0
309
TABLECELL_END
 91
        0
301
CUSTOMDATA
  1
DATAMAP_BEGIN
 90
        0
309
DATAMAP_END
309
LINKEDTABLEDATAROW_END
  1
FORMATTEDTABLEDATAROW_BEGIN
300
ROWTABLEFORMAT
  1
TABLEFORMAT_BEGIN
 90
        2
170
     0
309
TABLEFORMAT_END
309
FORMATTEDTABLEDATAROW_END
  1
TABLEROW_BEGIN
 90
        3
 40
0.3620331651045422
309
TABLEROW_END
301
ROW
  1
LINKEDTABLEDATAROW_BEGIN
 90
        5
300
CELL
  1
LINKEDTABLEDATACELL_BEGIN
 90
        0
300

 91
        0
301
CUSTOMDATA
  1
DATAMAP_BEGIN
 90
        1
300
ACAD_ROUNDTRIP_2008_CELL_CHECKSUM
301
DATAMAP_VALUE
 93
        2
 90
        2
140
103.0
 94
        0
300

302

304
ACVALUE_END
309
DATAMAP_END
 92
        0
 95
        1
302
CONTENT
  1
CELLCONTENT_BEGIN
 90
        1
300
VALUE
 93
        6
 90
        4
  1
g
 94
        0
300

302
g
304
ACVALUE_END
 91
        0
309
CELLCONTENT_END
  1
FORMATTEDCELLCONTENT_BEGIN
170
     1
300
CONTENTFORMAT
  1
CONTENTFORMAT_BEGIN
 90
        3
 91
        0
 92
        4
 93
        0
300

 40
0.0
140
1.0
 94
        1
 62
     0
340
0
144
0.18
309
CONTENTFORMAT_END
309
FORMATTEDCELLCONTENT_END
309
LINKEDTABLEDATACELL_END
  1
FORMATTEDTABLEDATACELL_BEGIN
300
CELLTABLEFORMAT
  1
TABLEFORMAT_BEGIN
 90
        1
170
     1
 91
       16
 92
        0
 62
   257
 93
        1
300
CONTENTFORMAT
  1
CONTENTFORMAT_BEGIN
 90
        0
 91
        0
 92
      512
 93
        0
300

 40
0.0
140
1.0
 94
        3
 62
     0
340
0
144
0.18
309
CONTENTFORMAT_END
171
     1
301
MARGIN
  1
CELLMARGIN_BEGIN
 40
0.06
 40
0.06
 40
0.06
 40
0.06
 40
0.18
 40
0.18
309
CELLMARGIN_END
 94
        5
 95
        2
302
GRIDFORMAT
  1
GRIDFORMAT_BEGIN
 90
       37
 91
        1
 62
     0
 92
       -2
340
0
 93
        0
 40
0.045
309
GRIDFORMAT_END
 95
        4
302
GRIDFORMAT
  1
GRIDFORMAT_BEGIN
 90
       37
 91
        1
 62
     0
 92
       -2
340
0
 93
        0
 40
0.045
309
GRIDFORMAT_END
 95
        8
302
GRIDFORMAT
  1
GRIDFORMAT_BEGIN
 90
       37
 91
        1
 62
     0
 92
       -2
340
0
 93
        0
 40
0.045
309
GRIDFORMAT_END
 95
       16
302
GRIDFORMAT
  1
GRIDFORMAT_BEGIN
 90
       37
 91
        1
 62
     0
 92
       -2
340
0
 93
        0
 40
0.045
309
GRIDFORMAT_END
 95
       32
302
GRIDFORMAT
  1
GRIDFORMAT_BEGIN
 90
       37
 91
        1
 62
     0
 92
       -2
340
0
 93
        0
 40
0.045
309
GRIDFORMAT_END
309
TABLEFORMAT_END
309
FORMATTEDTABLEDATACELL_END
  1
TABLECELL_BEGIN
 90
        0
 91
        0
309
TABLECELL_END
300
CELL
  1
LINKEDTABLEDATACELL_BEGIN
 90
        0
300

 91
        0
301
CUSTOMDATA
  1
DATAMAP_BEGIN
 90
        1
300
ACAD_ROUNDTRIP_2008_CELL_CHECKSUM
301
DATAMAP_VALUE
 93
        2
 90
        2
140
0.0
 94
        0
300

302

304
ACVALUE_END
309
DATAMAP_END
 92
        0
 95
        1
302
CONTENT
  1
CELLCONTENT_BEGIN
 90
        1
300
VALUE
 93
        5
 90
        1
 94
        0
300

302

304
ACVALUE_END
 91
        0
309
CELLCONTENT_END
  1
FORMATTEDCELLCONTENT_BEGIN
170
     1
300
CONTENTFORMAT
  1
CONTENTFORMAT_BEGIN
 90
        3
 91
        0
 92
        1
 93
        0
300

 40
0.0
140
1.0
 94
        1
 62
     0
340
0
144
0.18
309
CONTENTFORMAT_END
309
FORMATTEDCELLCONTENT_END
309
LINKEDTABLEDATACELL_END
  1
FORMATTEDTABLEDATACELL_BEGIN
300
CELLTABLEFORMAT
  1
TABLEFORMAT_BEGIN
 90
        1
170
     1
 91
       16
 92
        0
 62
   257
 93
        1
300
CONTENTFORMAT
  1
CONTENTFORMAT_BEGIN
 90
        0
 91
        0
 92
      512
 93
        0
300

 40
0.0
140
1.0
 94
        3
 62
     0
340
0
144
0.18
309
CONTENTFORMAT_END
171
     1
301
MARGIN
  1
CELLMARGIN_BEGIN
 40
0.06
 40
0.06
 40
0.06
 40
0.06
 40
0.18
 40
0.18
309
CELLMARGIN_END
 94
        4
 95
        2
302
GRIDFORMAT
  1
GRIDFORMAT_BEGIN
 90
       37
 91
        1
 62
     0
 92
       -2
340
0
 93
        0
 40
0.045
309
GRIDFORMAT_END
 95
        4
302
GRIDFORMAT
  1
GRIDFORMAT_BEGIN
 90
       37
 91
        1
 62
     0
 92
       -2
340
0
 93
        0
 40
0.045
309
GRIDFORMAT_END
 95
       16
302
GRIDFORMAT
  1
GRIDFORMAT_BEGIN
 90
       37
 91
        1
 62
     0
 92
       -2
340
0
 93
        0
 40
0.045
309
GRIDFORMAT_END
 95
       32
302
GRIDFORMAT
  1
GRIDFORMAT_BEGIN
 90
       37
 91
        1
 62
     0
 92
       -2
340
0
 93
        0
 40
0.045
309
GRIDFORMAT_END
309
TABLEFORMAT_END
309
FORMATTEDTABLEDATACELL_END
  1
TABLECELL_BEGIN
 90
        0
 91
        0
309
TABLECELL_END
300
CELL
  1
LINKEDTABLEDATACELL_BEGIN
 90
        0
300

 91
        0
301
CUSTOMDATA
  1
DATAMAP_BEGIN
 90
        1
300
ACAD_ROUNDTRIP_2008_CELL_CHECKSUM
301
DATAMAP_VALUE
 93
        2
 90
        2
140
0.0
 94
        0
300

302

304
ACVALUE_END
309
DATAMAP_END
 92
        0
 95
        1
302
CONTENT
  1
CELLCONTENT_BEGIN
 90
        1
300
VALUE
 93
        5
 90
        4
 94
        0
300

302

304
ACVALUE_END
 91
        0
309
CELLCONTENT_END
  1
FORMATTEDCELLCONTENT_BEGIN
170
     1
300
CONTENTFORMAT
  1
CONTENTFORMAT_BEGIN
 90
        3
 91
        0
 92
        4
 93
        0
300

 40
0.0
140
1.0
 94
        1
 62
     0
340
0
144
0.18
309
CONTENTFORMAT_END
309
FORMATTEDCELLCONTENT_END
309
LINKEDTABLEDATACELL_END
  1
FORMATTEDTABLEDATACELL_BEGIN
300
CELLTABLEFORMAT
  1
TABLEFORMAT_BEGIN
 90
        1
170
     1
 91
       16
 92
        0
 62
   257
 93
        1
300
CONTENTFORMAT
  1
CONTENTFORMAT_BEGIN
 90
        0
 91
        0
 92
      512
 93
        0
300

 40
0.0
140
1.0
 94
        3
 62
     0
340
0
144
0.18
309
CONTENTFORMAT_END
171
     1
301
MARGIN
  1
CELLMARGIN_BEGIN
 40
0.06
 40
0.06
 40
0.06
 40
0.06
 40
0.18
 40
0.18
309
CELLMARGIN_END
 94
        4
 95
        2
302
GRIDFORMAT
  1
GRIDFORMAT_BEGIN
 90
       37
 91
        1
 62
     0
 92
       -2
340
0
 93
        0
 40
0.045
309
GRIDFORMAT_END
 95
        4
302
GRIDFORMAT
  1
GRIDFORMAT_BEGIN
 90
       37
 91
        1
 62
     0
 92
       -2
340
0
 93
        0
 40
0.045
309
GRIDFORMAT_END
 95
       16
302
GRIDFORMAT
  1
GRIDFORMAT_BEGIN
 90
       37
 91
        1
 62
     0
 92
       -2
340
0
 93
        0
 40
0.045
309
GRIDFORMAT_END
 95
       32
302
GRIDFORMAT
  1
GRIDFORMAT_BEGIN
 90
       37
 91
        1
 62
     0
 92
       -2
340
0
 93
        0
 40
0.045
309
GRIDFORMAT_END
309
TABLEFORMAT_END
309
FORMATTEDTABLEDATACELL_END
  1
TABLECELL_BEGIN
 90
        0
 91
        0
309
TABLECELL_END
300
CELL
  1
LINKEDTABLEDATACELL_BEGIN
 90
        0
300

 91
        0
301
CUSTOMDATA
  1
DATAMAP_BEGIN
 90
        1
300
ACAD_ROUNDTRIP_2008_CELL_CHECKSUM
301
DATAMAP_VALUE
 93
        2
 90
        2
140
0.0
 94
        0
300

302

304
ACVALUE_END
309
DATAMAP_END
 92
        0
 95
        1
302
CONTENT
  1
CELLCONTENT_BEGIN
 90
        1
300
VALUE
 93
        5
 90
        1
 94
        0
300

302

304
ACVALUE_END
 91
        0
309
CELLCONTENT_END
  1
FORMATTEDCELLCONTENT_BEGIN
170
     1
300
CONTENTFORMAT
  1
CONTENTFORMAT_BEGIN
 90
        3
 91
        0
 92
        1
 93
        0
300

 40
0.0
140
1.0
 94
        1
 62
     0
340
0
144
0.18
309
CONTENTFORMAT_END
309
FORMATTEDCELLCONTENT_END
309
LINKEDTABLEDATACELL_END
  1
FORMATTEDTABLEDATACELL_BEGIN
300
CELLTABLEFORMAT
  1
TABLEFORMAT_BEGIN
 90
        1
170
     1
 91
       16
 92
        0
 62
   257
 93
        1
300
CONTENTFORMAT
  1
CONTENTFORMAT_BEGIN
 90
        0
 91
        0
 92
      512
 93
        0
300

 40
0.0
140
1.0
 94
        3
 62
     0
340
0
144
0.18
309
CONTENTFORMAT_END
171
     1
301
MARGIN
  1
CELLMARGIN_BEGIN
 40
0.06
 40
0.06
 40
0.06
 40
0.06
 40
0.18
 40
0.18
309
CELLMARGIN_END
 94
        4
 95
        2
302
GRIDFORMAT
  1
GRIDFORMAT_BEGIN
 90
       37
 91
        1
 62
     0
 92
       -2
340
0
 93
        0
 40
0.045
309
GRIDFORMAT_END
 95
        4
302
GRIDFORMAT
  1
GRIDFORMAT_BEGIN
 90
       37
 91
        1
 62
     0
 92
       -2
340
0
 93
        0
 40
0.045
309
GRIDFORMAT_END
 95
       16
302
GRIDFORMAT
  1
GRIDFORMAT_BEGIN
 90
       37
 91
        1
 62
     0
 92
       -2
340
0
 93
        0
 40
0.045
309
GRIDFORMAT_END
 95
       32
302
GRIDFORMAT
  1
GRIDFORMAT_BEGIN
 90
       37
 91
        1
 62
     0
 92
       -2
340
0
 93
        0
 40
0.045
309
GRIDFORMAT_END
309
TABLEFORMAT_END
309
FORMATTEDTABLEDATACELL_END
  1
TABLECELL_BEGIN
 90
        0
 91
        0
309
TABLECELL_END
300
CELL
  1
LINKEDTABLEDATACELL_BEGIN
 90
        0
300

 91
        0
301
CUSTOMDATA
  1
DATAMAP_BEGIN
 90
        1
300
ACAD_ROUNDTRIP_2008_CELL_CHECKSUM
301
DATAMAP_VALUE
 93
        2
 90
        2
140
0.0
 94
        0
300

302

304
ACVALUE_END
309
DATAMAP_END
 92
        0
 95
        1
302
CONTENT
  1
CELLCONTENT_BEGIN
 90
        1
300
VALUE
 93
        5
 90
        1
 94
        0
300

302

304
ACVALUE_END
 91
        0
309
CELLCONTENT_END
  1
FORMATTEDCELLCONTENT_BEGIN
170
     1
300
CONTENTFORMAT
  1
CONTENTFORMAT_BEGIN
 90
        3
 91
        0
 92
        1
 93
        0
300

 40
0.0
140
1.0
 94
        1
 62
     0
340
0
144
0.18
309
CONTENTFORMAT_END
309
FORMATTEDCELLCONTENT_END
309
LINKEDTABLEDATACELL_END
  1
FORMATTEDTABLEDATACELL_BEGIN
300
CELLTABLEFORMAT
  1
TABLEFORMAT_BEGIN
 90
        1
170
     1
 91
       16
 92
        0
 62
   257
 93
        1
300
CONTENTFORMAT
  1
CONTENTFORMAT_BEGIN
 90
        0
 91
        0
 92
      512
 93
        0
300

 40
0.0
140
1.0
 94
        3
 62
     0
340
0
144
0.18
309
CONTENTFORMAT_END
171
     1
301
MARGIN
  1
CELLMARGIN_BEGIN
 40
0.06
 40
0.06
 40
0.06
 40
0.06
 40
0.18
 40
0.18
309
CELLMARGIN_END
 94
        4
 95
        2
302
GRIDFORMAT
  1
GRIDFORMAT_BEGIN
 90
       37
 91
        1
 62
     0
 92
       -2
340
0
 93
        0
 40
0.045
309
GRIDFORMAT_END
 95
        4
302
GRIDFORMAT
  1
GRIDFORMAT_BEGIN
 90
       37
 91
        1
 62
     0
 92
       -2
340
0
 93
        0
 40
0.045
309
GRIDFORMAT_END
 95
       16
302
GRIDFORMAT
  1
GRIDFORMAT_BEGIN
 90
       37
 91
        1
 62
     0
 92
       -2
340
0
 93
        0
 40
0.045
309
GRIDFORMAT_END
 95
       32
302
GRIDFORMAT
  1
GRIDFORMAT_BEGIN
 90
       37
 91
        1
 62
     0
 92
       -2
340
0
 93
        0
 40
0.045
309
GRIDFORMAT_END
309
TABLEFORMAT_END
309
FORMATTEDTABLEDATACELL_END
  1
TABLECELL_BEGIN
 90
        0
 91
        0
309
TABLECELL_END
 91
        0
301
CUSTOMDATA
  1
DATAMAP_BEGIN
 90
        0
309
DATAMAP_END
309
LINKEDTABLEDATAROW_END
  1
FORMATTEDTABLEDATAROW_BEGIN
300
ROWTABLEFORMAT
  1
TABLEFORMAT_BEGIN
 90
        2
170
     0
309
TABLEFORMAT_END
309
FORMATTEDTABLEDATAROW_END
  1
TABLEROW_BEGIN
 90
        3
 40
0.3620331651045422
309
TABLEROW_END
301
ROW
  1
LINKEDTABLEDATAROW_BEGIN
 90
        5
300
CELL
  1
LINKEDTABLEDATACELL_BEGIN
 90
        0
300

 91
        0
301
CUSTOMDATA
  1
DATAMAP_BEGIN
 90
        1
300
ACAD_ROUNDTRIP_2008_CELL_CHECKSUM
301
DATAMAP_VALUE
 93
        2
 90
        2
140
104.0
 94
        0
300

302

304
ACVALUE_END
309
DATAMAP_END
 92
        0
 95
        1
302
CONTENT
  1
CELLCONTENT_BEGIN
 90
        1
300
VALUE
 93
        6
 90
        4
  1
h
 94
        0
300

302
h
304
ACVALUE_END
 91
        0
309
CELLCONTENT_END
  1
FORMATTEDCELLCONTENT_BEGIN
170
     1
300
CONTENTFORMAT
  1
CONTENTFORMAT_BEGIN
 90
        3
 91
        0
 92
        4
 93
        0
300

 40
0.0
140
1.0
 94
        1
 62
     0
340
0
144
0.18
309
CONTENTFORMAT_END
309
FORMATTEDCELLCONTENT_END
309
LINKEDTABLEDATACELL_END
  1
FORMATTEDTABLEDATACELL_BEGIN
300
CELLTABLEFORMAT
  1
TABLEFORMAT_BEGIN
 90
        1
170
     1
 91
       16
 92
        0
 62
   257
 93
        1
300
CONTENTFORMAT
  1
CONTENTFORMAT_BEGIN
 90
        0
 91
        0
 92
      512
 93
        0
300

 40
0.0
140
1.0
 94
        3
 62
     0
340
0
144
0.18
309
CONTENTFORMAT_END
171
     1
301
MARGIN
  1
CELLMARGIN_BEGIN
 40
0.06
 40
0.06
 40
0.06
 40
0.06
 40
0.18
 40
0.18
309
CELLMARGIN_END
 94
        5
 95
        2
302
GRIDFORMAT
  1
GRIDFORMAT_BEGIN
 90
       37
 91
        1
 62
     0
 92
       -2
340
0
 93
        0
 40
0.045
309
GRIDFORMAT_END
 95
        4
302
GRIDFORMAT
  1
GRIDFORMAT_BEGIN
 90
       37
 91
        1
 62
     0
 92
       -2
340
0
 93
        0
 40
0.045
309
GRIDFORMAT_END
 95
        8
302
GRIDFORMAT
  1
GRIDFORMAT_BEGIN
 90
       37
 91
        1
 62
     0
 92
       -2
340
0
 93
        0
 40
0.045
309
GRIDFORMAT_END
 95
       16
302
GRIDFORMAT
  1
GRIDFORMAT_BEGIN
 90
       37
 91
        1
 62
     0
 92
       -2
340
0
 93
        0
 40
0.045
309
GRIDFORMAT_END
 95
       32
302
GRIDFORMAT
  1
GRIDFORMAT_BEGIN
 90
       37
 91
        1
 62
     0
 92
       -2
340
0
 93
        0
 40
0.045
309
GRIDFORMAT_END
309
TABLEFORMAT_END
309
FORMATTEDTABLEDATACELL_END
  1
TABLECELL_BEGIN
 90
        0
 91
        0
309
TABLECELL_END
300
CELL
  1
LINKEDTABLEDATACELL_BEGIN
 90
        0
300

 91
        0
301
CUSTOMDATA
  1
DATAMAP_BEGIN
 90
        1
300
ACAD_ROUNDTRIP_2008_CELL_CHECKSUM
301
DATAMAP_VALUE
 93
        2
 90
        2
140
0.0
 94
        0
300

302

304
ACVALUE_END
309
DATAMAP_END
 92
        0
 95
        1
302
CONTENT
  1
CELLCONTENT_BEGIN
 90
        1
300
VALUE
 93
        5
 90
        1
 94
        0
300

302

304
ACVALUE_END
 91
        0
309
CELLCONTENT_END
  1
FORMATTEDCELLCONTENT_BEGIN
170
     1
300
CONTENTFORMAT
  1
CONTENTFORMAT_BEGIN
 90
        3
 91
        0
 92
        1
 93
        0
300

 40
0.0
140
1.0
 94
        1
 62
     0
340
0
144
0.18
309
CONTENTFORMAT_END
309
FORMATTEDCELLCONTENT_END
309
LINKEDTABLEDATACELL_END
  1
FORMATTEDTABLEDATACELL_BEGIN
300
CELLTABLEFORMAT
  1
TABLEFORMAT_BEGIN
 90
        1
170
     1
 91
       16
 92
        0
 62
   257
 93
        1
300
CONTENTFORMAT
  1
CONTENTFORMAT_BEGIN
 90
        0
 91
        0
 92
      512
 93
        0
300

 40
0.0
140
1.0
 94
        3
 62
     0
340
0
144
0.18
309
CONTENTFORMAT_END
171
     1
301
MARGIN
  1
CELLMARGIN_BEGIN
 40
0.06
 40
0.06
 40
0.06
 40
0.06
 40
0.18
 40
0.18
309
CELLMARGIN_END
 94
        4
 95
        2
302
GRIDFORMAT
  1
GRIDFORMAT_BEGIN
 90
       37
 91
        1
 62
     0
 92
       -2
340
0
 93
        0
 40
0.045
309
GRIDFORMAT_END
 95
        4
302
GRIDFORMAT
  1
GRIDFORMAT_BEGIN
 90
       37
 91
        1
 62
     0
 92
       -2
340
0
 93
        0
 40
0.045
309
GRIDFORMAT_END
 95
       16
302
GRIDFORMAT
  1
GRIDFORMAT_BEGIN
 90
       37
 91
        1
 62
     0
 92
       -2
340
0
 93
        0
 40
0.045
309
GRIDFORMAT_END
 95
       32
302
GRIDFORMAT
  1
GRIDFORMAT_BEGIN
 90
       37
 91
        1
 62
     0
 92
       -2
340
0
 93
        0
 40
0.045
309
GRIDFORMAT_END
309
TABLEFORMAT_END
309
FORMATTEDTABLEDATACELL_END
  1
TABLECELL_BEGIN
 90
        0
 91
        0
309
TABLECELL_END
300
CELL
  1
LINKEDTABLEDATACELL_BEGIN
 90
        0
300

 91
        0
301
CUSTOMDATA
  1
DATAMAP_BEGIN
 90
        1
300
ACAD_ROUNDTRIP_2008_CELL_CHECKSUM
301
DATAMAP_VALUE
 93
        2
 90
        2
140
0.0
 94
        0
300

302

304
ACVALUE_END
309
DATAMAP_END
 92
        0
 95
        1
302
CONTENT
  1
CELLCONTENT_BEGIN
 90
        1
300
VALUE
 93
        5
 90
        4
 94
        0
300

302

304
ACVALUE_END
 91
        0
309
CELLCONTENT_END
  1
FORMATTEDCELLCONTENT_BEGIN
170
     1
300
CONTENTFORMAT
  1
CONTENTFORMAT_BEGIN
 90
        3
 91
        0
 92
        4
 93
        0
300

 40
0.0
140
1.0
 94
        1
 62
     0
340
0
144
0.18
309
CONTENTFORMAT_END
309
FORMATTEDCELLCONTENT_END
309
LINKEDTABLEDATACELL_END
  1
FORMATTEDTABLEDATACELL_BEGIN
300
CELLTABLEFORMAT
  1
TABLEFORMAT_BEGIN
 90
        1
170
     1
 91
       16
 92
        0
 62
   257
 93
        1
300
CONTENTFORMAT
  1
CONTENTFORMAT_BEGIN
 90
        0
 91
        0
 92
      512
 93
        0
300

 40
0.0
140
1.0
 94
        3
 62
     0
340
0
144
0.18
309
CONTENTFORMAT_END
171
     1
301
MARGIN
  1
CELLMARGIN_BEGIN
 40
0.06
 40
0.06
 40
0.06
 40
0.06
 40
0.18
 40
0.18
309
CELLMARGIN_END
 94
        4
 95
        2
302
GRIDFORMAT
  1
GRIDFORMAT_BEGIN
 90
       37
 91
        1
 62
     0
 92
       -2
340
0
 93
        0
 40
0.045
309
GRIDFORMAT_END
 95
        4
302
GRIDFORMAT
  1
GRIDFORMAT_BEGIN
 90
       37
 91
        1
 62
     0
 92
       -2
340
0
 93
        0
 40
0.045
309
GRIDFORMAT_END
 95
       16
302
GRIDFORMAT
  1
GRIDFORMAT_BEGIN
 90
       37
 91
        1
 62
     0
 92
       -2
340
0
 93
        0
 40
0.045
309
GRIDFORMAT_END
 95
       32
302
GRIDFORMAT
  1
GRIDFORMAT_BEGIN
 90
       37
 91
        1
 62
     0
 92
       -2
340
0
 93
        0
 40
0.045
309
GRIDFORMAT_END
309
TABLEFORMAT_END
309
FORMATTEDTABLEDATACELL_END
  1
TABLECELL_BEGIN
 90
        0
 91
        0
309
TABLECELL_END
300
CELL
  1
LINKEDTABLEDATACELL_BEGIN
 90
        0
300

 91
        0
301
CUSTOMDATA
  1
DATAMAP_BEGIN
 90
        1
300
ACAD_ROUNDTRIP_2008_CELL_CHECKSUM
301
DATAMAP_VALUE
 93
        2
 90
        2
140
0.0
 94
        0
300

302

304
ACVALUE_END
309
DATAMAP_END
 92
        0
 95
        1
302
CONTENT
  1
CELLCONTENT_BEGIN
 90
        1
300
VALUE
 93
        5
 90
        1
 94
        0
300

302

304
ACVALUE_END
 91
        0
309
CELLCONTENT_END
  1
FORMATTEDCELLCONTENT_BEGIN
170
     1
300
CONTENTFORMAT
  1
CONTENTFORMAT_BEGIN
 90
        3
 91
        0
 92
        1
 93
        0
300

 40
0.0
140
1.0
 94
        1
 62
     0
340
0
144
0.18
309
CONTENTFORMAT_END
309
FORMATTEDCELLCONTENT_END
309
LINKEDTABLEDATACELL_END
  1
FORMATTEDTABLEDATACELL_BEGIN
300
CELLTABLEFORMAT
  1
TABLEFORMAT_BEGIN
 90
        1
170
     1
 91
       16
 92
        0
 62
   257
 93
        1
300
CONTENTFORMAT
  1
CONTENTFORMAT_BEGIN
 90
        0
 91
        0
 92
      512
 93
        0
300

 40
0.0
140
1.0
 94
        3
 62
     0
340
0
144
0.18
309
CONTENTFORMAT_END
171
     1
301
MARGIN
  1
CELLMARGIN_BEGIN
 40
0.06
 40
0.06
 40
0.06
 40
0.06
 40
0.18
 40
0.18
309
CELLMARGIN_END
 94
        4
 95
        2
302
GRIDFORMAT
  1
GRIDFORMAT_BEGIN
 90
       37
 91
        1
 62
     0
 92
       -2
340
0
 93
        0
 40
0.045
309
GRIDFORMAT_END
 95
        4
302
GRIDFORMAT
  1
GRIDFORMAT_BEGIN
 90
       37
 91
        1
 62
     0
 92
       -2
340
0
 93
        0
 40
0.045
309
GRIDFORMAT_END
 95
       16
302
GRIDFORMAT
  1
GRIDFORMAT_BEGIN
 90
       37
 91
        1
 62
     0
 92
       -2
340
0
 93
        0
 40
0.045
309
GRIDFORMAT_END
 95
       32
302
GRIDFORMAT
  1
GRIDFORMAT_BEGIN
 90
       37
 91
        1
 62
     0
 92
       -2
340
0
 93
        0
 40
0.045
309
GRIDFORMAT_END
309
TABLEFORMAT_END
309
FORMATTEDTABLEDATACELL_END
  1
TABLECELL_BEGIN
 90
        0
 91
        0
309
TABLECELL_END
300
CELL
  1
LINKEDTABLEDATACELL_BEGIN
 90
        0
300

 91
        0
301
CUSTOMDATA
  1
DATAMAP_BEGIN
 90
        1
300
ACAD_ROUNDTRIP_2008_CELL_CHECKSUM
301
DATAMAP_VALUE
 93
        2
 90
        2
140
0.0
 94
        0
300

302

304
ACVALUE_END
309
DATAMAP_END
 92
        0
 95
        1
302
CONTENT
  1
CELLCONTENT_BEGIN
 90
        1
300
VALUE
 93
        5
 90
        1
 94
        0
300

302

304
ACVALUE_END
 91
        0
309
CELLCONTENT_END
  1
FORMATTEDCELLCONTENT_BEGIN
170
     1
300
CONTENTFORMAT
  1
CONTENTFORMAT_BEGIN
 90
        3
 91
        0
 92
        1
 93
        0
300

 40
0.0
140
1.0
 94
        1
 62
     0
340
0
144
0.18
309
CONTENTFORMAT_END
309
FORMATTEDCELLCONTENT_END
309
LINKEDTABLEDATACELL_END
  1
FORMATTEDTABLEDATACELL_BEGIN
300
CELLTABLEFORMAT
  1
TABLEFORMAT_BEGIN
 90
        1
170
     1
 91
       16
 92
        0
 62
   257
 93
        1
300
CONTENTFORMAT
  1
CONTENTFORMAT_BEGIN
 90
        0
 91
        0
 92
      512
 93
        0
300

 40
0.0
140
1.0
 94
        3
 62
     0
340
0
144
0.18
309
CONTENTFORMAT_END
171
     1
301
MARGIN
  1
CELLMARGIN_BEGIN
 40
0.06
 40
0.06
 40
0.06
 40
0.06
 40
0.18
 40
0.18
309
CELLMARGIN_END
 94
        4
 95
        2
302
GRIDFORMAT
  1
GRIDFORMAT_BEGIN
 90
       37
 91
        1
 62
     0
 92
       -2
340
0
 93
        0
 40
0.045
309
GRIDFORMAT_END
 95
        4
302
GRIDFORMAT
  1
GRIDFORMAT_BEGIN
 90
       37
 91
        1
 62
     0
 92
       -2
340
0
 93
        0
 40
0.045
309
GRIDFORMAT_END
 95
       16
302
GRIDFORMAT
  1
GRIDFORMAT_BEGIN
 90
       37
 91
        1
 62
     0
 92
       -2
340
0
 93
        0
 40
0.045
309
GRIDFORMAT_END
 95
       32
302
GRIDFORMAT
  1
GRIDFORMAT_BEGIN
 90
       37
 91
        1
 62
     0
 92
       -2
340
0
 93
        0
 40
0.045
309
GRIDFORMAT_END
309
TABLEFORMAT_END
309
FORMATTEDTABLEDATACELL_END
  1
TABLECELL_BEGIN
 90
        0
 91
        0
309
TABLECELL_END
 91
        0
301
CUSTOMDATA
  1
DATAMAP_BEGIN
 90
        0
309
DATAMAP_END
309
LINKEDTABLEDATAROW_END
  1
FORMATTEDTABLEDATAROW_BEGIN
300
ROWTABLEFORMAT
  1
TABLEFORMAT_BEGIN
 90
        2
170
     0
309
TABLEFORMAT_END
309
FORMATTEDTABLEDATAROW_END
  1
TABLEROW_BEGIN
 90
        3
 40
0.3620331651045422
309
TABLEROW_END
301
ROW
  1
LINKEDTABLEDATAROW_BEGIN
 90
        5
300
CELL
  1
LINKEDTABLEDATACELL_BEGIN
 90
        0
300

 91
        0
301
CUSTOMDATA
  1
DATAMAP_BEGIN
 90
        1
300
ACAD_ROUNDTRIP_2008_CELL_CHECKSUM
301
DATAMAP_VALUE
 93
        2
 90
        2
140
102.0
 94
        0
300

302

304
ACVALUE_END
309
DATAMAP_END
 92
        0
 95
        1
302
CONTENT
  1
CELLCONTENT_BEGIN
 90
        1
300
VALUE
 93
        6
 90
        4
  1
f
 94
        0
300

302
f
304
ACVALUE_END
 91
        0
309
CELLCONTENT_END
  1
FORMATTEDCELLCONTENT_BEGIN
170
     1
300
CONTENTFORMAT
  1
CONTENTFORMAT_BEGIN
 90
        3
 91
        0
 92
        4
 93
        0
300

 40
0.0
140
1.0
 94
        1
 62
     0
340
0
144
0.18
309
CONTENTFORMAT_END
309
FORMATTEDCELLCONTENT_END
309
LINKEDTABLEDATACELL_END
  1
FORMATTEDTABLEDATACELL_BEGIN
300
CELLTABLEFORMAT
  1
TABLEFORMAT_BEGIN
 90
        1
170
     1
 91
       16
 92
        0
 62
   257
 93
        1
300
CONTENTFORMAT
  1
CONTENTFORMAT_BEGIN
 90
        0
 91
        0
 92
      512
 93
        0
300

 40
0.0
140
1.0
 94
        3
 62
     0
340
0
144
0.18
309
CONTENTFORMAT_END
171
     1
301
MARGIN
  1
CELLMARGIN_BEGIN
 40
0.06
 40
0.06
 40
0.06
 40
0.06
 40
0.18
 40
0.18
309
CELLMARGIN_END
 94
        5
 95
        2
302
GRIDFORMAT
  1
GRIDFORMAT_BEGIN
 90
       37
 91
        1
 62
     0
 92
       -2
340
0
 93
        0
 40
0.045
309
GRIDFORMAT_END
 95
        4
302
GRIDFORMAT
  1
GRIDFORMAT_BEGIN
 90
       37
 91
        1
 62
     0
 92
       -2
340
0
 93
        0
 40
0.045
309
GRIDFORMAT_END
 95
        8
302
GRIDFORMAT
  1
GRIDFORMAT_BEGIN
 90
       37
 91
        1
 62
     0
 92
       -2
340
0
 93
        0
 40
0.045
309
GRIDFORMAT_END
 95
       16
302
GRIDFORMAT
  1
GRIDFORMAT_BEGIN
 90
       37
 91
        1
 62
     0
 92
       -2
340
0
 93
        0
 40
0.045
309
GRIDFORMAT_END
 95
       32
302
GRIDFORMAT
  1
GRIDFORMAT_BEGIN
 90
       37
 91
        1
 62
     0
 92
       -2
340
0
 93
        0
 40
0.045
309
GRIDFORMAT_END
309
TABLEFORMAT_END
309
FORMATTEDTABLEDATACELL_END
  1
TABLECELL_BEGIN
 90
        0
 91
        0
309
TABLECELL_END
300
CELL
  1
LINKEDTABLEDATACELL_BEGIN
 90
        0
300

 91
        0
301
CUSTOMDATA
  1
DATAMAP_BEGIN
 90
        1
300
ACAD_ROUNDTRIP_2008_CELL_CHECKSUM
301
DATAMAP_VALUE
 93
        2
 90
        2
140
0.0
 94
        0
300

302

304
ACVALUE_END
309
DATAMAP_END
 92
        0
 95
        1
302
CONTENT
  1
CELLCONTENT_BEGIN
 90
        1
300
VALUE
 93
        5
 90
        1
 94
        0
300

302

304
ACVALUE_END
 91
        0
309
CELLCONTENT_END
  1
FORMATTEDCELLCONTENT_BEGIN
170
     1
300
CONTENTFORMAT
  1
CONTENTFORMAT_BEGIN
 90
        3
 91
        0
 92
        1
 93
        0
300

 40
0.0
140
1.0
 94
        1
 62
     0
340
0
144
0.18
309
CONTENTFORMAT_END
309
FORMATTEDCELLCONTENT_END
309
LINKEDTABLEDATACELL_END
  1
FORMATTEDTABLEDATACELL_BEGIN
300
CELLTABLEFORMAT
  1
TABLEFORMAT_BEGIN
 90
        1
170
     1
 91
       16
 92
        0
 62
   257
 93
        1
300
CONTENTFORMAT
  1
CONTENTFORMAT_BEGIN
 90
        0
 91
        0
 92
      512
 93
        0
300

 40
0.0
140
1.0
 94
        3
 62
     0
340
0
144
0.18
309
CONTENTFORMAT_END
171
     1
301
MARGIN
  1
CELLMARGIN_BEGIN
 40
0.06
 40
0.06
 40
0.06
 40
0.06
 40
0.18
 40
0.18
309
CELLMARGIN_END
 94
        4
 95
        2
302
GRIDFORMAT
  1
GRIDFORMAT_BEGIN
 90
       37
 91
        1
 62
     0
 92
       -2
340
0
 93
        0
 40
0.045
309
GRIDFORMAT_END
 95
        4
302
GRIDFORMAT
  1
GRIDFORMAT_BEGIN
 90
       37
 91
        1
 62
     0
 92
       -2
340
0
 93
        0
 40
0.045
309
GRIDFORMAT_END
 95
       16
302
GRIDFORMAT
  1
GRIDFORMAT_BEGIN
 90
       37
 91
        1
 62
     0
 92
       -2
340
0
 93
        0
 40
0.045
309
GRIDFORMAT_END
 95
       32
302
GRIDFORMAT
  1
GRIDFORMAT_BEGIN
 90
       37
 91
        1
 62
     0
 92
       -2
340
0
 93
        0
 40
0.045
309
GRIDFORMAT_END
309
TABLEFORMAT_END
309
FORMATTEDTABLEDATACELL_END
  1
TABLECELL_BEGIN
 90
        0
 91
        0
309
TABLECELL_END
300
CELL
  1
LINKEDTABLEDATACELL_BEGIN
 90
        0
300

 91
        0
301
CUSTOMDATA
  1
DATAMAP_BEGIN
 90
        1
300
ACAD_ROUNDTRIP_2008_CELL_CHECKSUM
301
DATAMAP_VALUE
 93
        2
 90
        2
140
106.0
 94
        0
300

302

304
ACVALUE_END
309
DATAMAP_END
 92
        0
 95
        1
302
CONTENT
  1
CELLCONTENT_BEGIN
 90
        1
300
VALUE
 93
        6
 90
        4
  1
j
 94
        0
300

302
j
304
ACVALUE_END
 91
        0
309
CELLCONTENT_END
  1
FORMATTEDCELLCONTENT_BEGIN
170
     1
300
CONTENTFORMAT
  1
CONTENTFORMAT_BEGIN
 90
        3
 91
        0
 92
        4
 93
        0
300

 40
0.0
140
1.0
 94
        1
 62
     0
340
0
144
0.18
309
CONTENTFORMAT_END
309
FORMATTEDCELLCONTENT_END
309
LINKEDTABLEDATACELL_END
  1
FORMATTEDTABLEDATACELL_BEGIN
300
CELLTABLEFORMAT
  1
TABLEFORMAT_BEGIN
 90
        1
170
     1
 91
       16
 92
        0
 62
   257
 93
        1
300
CONTENTFORMAT
  1
CONTENTFORMAT_BEGIN
 90
        0
 91
        0
 92
      512
 93
        0
300

 40
0.0
140
1.0
 94
        3
 62
     0
340
0
144
0.18
309
CONTENTFORMAT_END
171
     1
301
MARGIN
  1
CELLMARGIN_BEGIN
 40
0.06
 40
0.06
 40
0.06
 40
0.06
 40
0.18
 40
0.18
309
CELLMARGIN_END
 94
        4
 95
        2
302
GRIDFORMAT
  1
GRIDFORMAT_BEGIN
 90
       37
 91
        1
 62
     0
 92
       -2
340
0
 93
        0
 40
0.045
309
GRIDFORMAT_END
 95
        4
302
GRIDFORMAT
  1
GRIDFORMAT_BEGIN
 90
       37
 91
        1
 62
     0
 92
       -2
340
0
 93
        0
 40
0.045
309
GRIDFORMAT_END
 95
       16
302
GRIDFORMAT
  1
GRIDFORMAT_BEGIN
 90
       37
 91
        1
 62
     0
 92
       -2
340
0
 93
        0
 40
0.045
309
GRIDFORMAT_END
 95
       32
302
GRIDFORMAT
  1
GRIDFORMAT_BEGIN
 90
       37
 91
        1
 62
     0
 92
       -2
340
0
 93
        0
 40
0.045
309
GRIDFORMAT_END
309
TABLEFORMAT_END
309
FORMATTEDTABLEDATACELL_END
  1
TABLECELL_BEGIN
 90
        0
 91
        0
309
TABLECELL_END
300
CELL
  1
LINKEDTABLEDATACELL_BEGIN
 90
        0
300

 91
        0
301
CUSTOMDATA
  1
DATAMAP_BEGIN
 90
        1
300
ACAD_ROUNDTRIP_2008_CELL_CHECKSUM
301
DATAMAP_VALUE
 93
        2
 90
        2
140
0.0
 94
        0
300

302

304
ACVALUE_END
309
DATAMAP_END
 92
        0
 95
        1
302
CONTENT
  1
CELLCONTENT_BEGIN
 90
        1
300
VALUE
 93
        5
 90
        1
 94
        0
300

302

304
ACVALUE_END
 91
        0
309
CELLCONTENT_END
  1
FORMATTEDCELLCONTENT_BEGIN
170
     1
300
CONTENTFORMAT
  1
CONTENTFORMAT_BEGIN
 90
        3
 91
        0
 92
        1
 93
        0
300

 40
0.0
140
1.0
 94
        1
 62
     0
340
0
144
0.18
309
CONTENTFORMAT_END
309
FORMATTEDCELLCONTENT_END
309
LINKEDTABLEDATACELL_END
  1
FORMATTEDTABLEDATACELL_BEGIN
300
CELLTABLEFORMAT
  1
TABLEFORMAT_BEGIN
 90
        1
170
     1
 91
       16
 92
        0
 62
   257
 93
        1
300
CONTENTFORMAT
  1
CONTENTFORMAT_BEGIN
 90
        0
 91
        0
 92
      512
 93
        0
300

 40
0.0
140
1.0
 94
        3
 62
     0
340
0
144
0.18
309
CONTENTFORMAT_END
171
     1
301
MARGIN
  1
CELLMARGIN_BEGIN
 40
0.06
 40
0.06
 40
0.06
 40
0.06
 40
0.18
 40
0.18
309
CELLMARGIN_END
 94
        4
 95
        2
302
GRIDFORMAT
  1
GRIDFORMAT_BEGIN
 90
       37
 91
        1
 62
     0
 92
       -2
340
0
 93
        0
 40
0.045
309
GRIDFORMAT_END
 95
        4
302
GRIDFORMAT
  1
GRIDFORMAT_BEGIN
 90
       37
 91
        1
 62
     0
 92
       -2
340
0
 93
        0
 40
0.045
309
GRIDFORMAT_END
 95
       16
302
GRIDFORMAT
  1
GRIDFORMAT_BEGIN
 90
       37
 91
        1
 62
     0
 92
       -2
340
0
 93
        0
 40
0.045
309
GRIDFORMAT_END
 95
       32
302
GRIDFORMAT
  1
GRIDFORMAT_BEGIN
 90
       37
 91
        1
 62
     0
 92
       -2
340
0
 93
        0
 40
0.045
309
GRIDFORMAT_END
309
TABLEFORMAT_END
309
FORMATTEDTABLEDATACELL_END
  1
TABLECELL_BEGIN
 90
        0
 91
        0
309
TABLECELL_END
300
CELL
  1
LINKEDTABLEDATACELL_BEGIN
 90
        0
300

 91
        0
301
CUSTOMDATA
  1
DATAMAP_BEGIN
 90
        1
300
ACAD_ROUNDTRIP_2008_CELL_CHECKSUM
301
DATAMAP_VALUE
 93
        2
 90
        2
140
0.0
 94
        0
300

302

304
ACVALUE_END
309
DATAMAP_END
 92
        0
 95
        1
302
CONTENT
  1
CELLCONTENT_BEGIN
 90
        1
300
VALUE
 93
        5
 90
        1
 94
        0
300

302

304
ACVALUE_END
 91
        0
309
CELLCONTENT_END
  1
FORMATTEDCELLCONTENT_BEGIN
170
     1
300
CONTENTFORMAT
  1
CONTENTFORMAT_BEGIN
 90
        3
 91
        0
 92
        1
 93
        0
300

 40
0.0
140
1.0
 94
        1
 62
     0
340
0
144
0.18
309
CONTENTFORMAT_END
309
FORMATTEDCELLCONTENT_END
309
LINKEDTABLEDATACELL_END
  1
FORMATTEDTABLEDATACELL_BEGIN
300
CELLTABLEFORMAT
  1
TABLEFORMAT_BEGIN
 90
        1
170
     1
 91
       16
 92
        0
 62
   257
 93
        1
300
CONTENTFORMAT
  1
CONTENTFORMAT_BEGIN
 90
        0
 91
        0
 92
      512
 93
        0
300

 40
0.0
140
1.0
 94
        3
 62
     0
340
0
144
0.18
309
CONTENTFORMAT_END
171
     1
301
MARGIN
  1
CELLMARGIN_BEGIN
 40
0.06
 40
0.06
 40
0.06
 40
0.06
 40
0.18
 40
0.18
309
CELLMARGIN_END
 94
        4
 95
        2
302
GRIDFORMAT
  1
GRIDFORMAT_BEGIN
 90
       37
 91
        1
 62
     0
 92
       -2
340
0
 93
        0
 40
0.045
309
GRIDFORMAT_END
 95
        4
302
GRIDFORMAT
  1
GRIDFORMAT_BEGIN
 90
       37
 91
        1
 62
     0
 92
       -2
340
0
 93
        0
 40
0.045
309
GRIDFORMAT_END
 95
       16
302
GRIDFORMAT
  1
GRIDFORMAT_BEGIN
 90
       37
 91
        1
 62
     0
 92
       -2
340
0
 93
        0
 40
0.045
309
GRIDFORMAT_END
 95
       32
302
GRIDFORMAT
  1
GRIDFORMAT_BEGIN
 90
       37
 91
        1
 62
     0
 92
       -2
340
0
 93
        0
 40
0.045
309
GRIDFORMAT_END
309
TABLEFORMAT_END
309
FORMATTEDTABLEDATACELL_END
  1
TABLECELL_BEGIN
 90
        0
 91
        0
309
TABLECELL_END
 91
        0
301
CUSTOMDATA
  1
DATAMAP_BEGIN
 90
        0
309
DATAMAP_END
309
LINKEDTABLEDATAROW_END
  1
FORMATTEDTABLEDATAROW_BEGIN
300
ROWTABLEFORMAT
  1
TABLEFORMAT_BEGIN
 90
        2
170
     0
309
TABLEFORMAT_END
309
FORMATTEDTABLEDATAROW_END
  1
TABLEROW_BEGIN
 90
        3
 40
0.3620331651045422
309
TABLEROW_END
 92
        0
100
AcDbFormattedTableData
300
TABLEFORMAT
  1
TABLEFORMAT_BEGIN
 90
        4
170
     0
309
TABLEFORMAT_END
 90
        2
 91
        0
 92
        0
 93
        0
 94
        4
 91
        6
 92
        0
 93
        6
 94
        4
100
AcDbTableContent
340
87
  0
TABLEGEOMETRY
  5
CBA
330
DA4
100
AcDbTableGeometry
 90
       15
 91
        5
 92
       75
 93
        3
 40
1.168269646719538
 41
0.3813554434030281
330
0
 94
        1
 10
5.72586517664024
 20
-0.0973107426099453
 30
0.0
 11
6.25
 21
-0.227988464311462
 31
0.0
 43
1.048269646719538
 44
0.2613554434030281
 45
1.048269646719538
 46
0.2613554434030281
 95
        0
 93
        3
 40
0.12
 41
0.37
330
0
 94
        1
 10
1.25
 20
-0.102988464311462
 30
0.0
 11
1.25
 21
-0.227988464311462
 31
0.0
 43
0.0
 44
0.25
 45
0.0
 46
0.25
 95
        0
 93
        3
 40
0.12
 41
0.37
330
0
 94
        1
 10
1.25
 20
-0.102988464311462
 30
0.0
 11
1.25
 21
-0.227988464311462
 31
0.0
 43
0.0
 44
0.25
 45
0.0
 46
0.25
 95
        0
 93
        3
 40
0.12
 41
0.37
330
0
 94
        1
 10
1.25
 20
-0.102988464311462
 30
0.0
 11
1.25
 21
-0.227988464311462
 31
0.0
 43
0.0
 44
0.25
 45
0.0
 46
0.25
 95
        0
 93
        3
 40
0.12
 41
0.37
330
0
 94
        1
 10
1.25
 20
-0.102988464311462
 30
0.0
 11
1.25
 21
-0.227988464311462
 31
0.0
 43
0.0
 44
0.25
 45
0.0
 46
0.25
 95
        0
 93
        3
 40
1.6
 41
0.3
330
0
 94
        1
 10
0.5099999999999909
 20
-0.0899999999999963
 30
0.0
 11
1.25
 21
-0.1799999999999962
 31
0.0
 43
1.48
 44
0.18
 45
1.48
 46
0.18
 95
        0
 93
        3
 40
1.6
 41
0.3
330
0
 94
        1
 10
0.5099999999999909
 20
-0.0899999999999963
 30
0.0
 11
1.25
 21
-0.1799999999999962
 31
0.0
 43
1.48
 44
0.18
 45
1.48
 46
0.18
 95
        0
 93
        3
 40
1.6
 41
0.3
330
0
 94
        1
 10
0.5099999999999909
 20
-0.0899999999999963
 30
0.0
 11
1.25
 21
-0.1799999999999962
 31
0.0
 43
1.48
 44
0.18
 45
1.48
 46
0.18
 95
        0
 93
        3
 40
1.6
 41
0.3
330
0
 94
        1
 10
0.5099999999999909
 20
-0.0899999999999963
 30
0.0
 11
1.25
 21
-0.1799999999999962
 31
0.0
 43
1.48
 44
0.18
 45
1.48
 46
0.18
 95
        0
 93
        3
 40
1.6
 41
0.3
330
0
 94
        1
 10
0.5099999999999909
 20
-0.0899999999999963
 30
0.0
 11
1.25
 21
-0.1799999999999962
 31
0.0
 43
1.48
 44
0.18
 45
1.48
 46
0.18
 95
        0
 93
        3
 40
1.54
 41
0.3
330
0
 94
        1
 10
0.5399999999999921
 20
-0.0899999999999963
 30
0.0
 11
1.25
 21
-0.1799999999999962
 31
0.0
 43
1.42
 44
0.18
 45
1.42
 46
0.18
 95
        0
 93
        3
 40
1.6
 41
0.3
330
0
 94
        1
 10
0.5099999999999909
 20
-0.0899999999999963
 30
0.0
 11
1.25
 21
-0.1799999999999962
 31
0.0
 43
1.48
 44
0.18
 45
1.48
 46
0.18
 95
        0
 93
        3
 40
1.6
 41
0.3
330
0
 94
        1
 10
0.5099999999999909
 20
-0.0899999999999963
 30
0.0
 11
1.25
 21
-0.1799999999999962
 31
0.0
 43
1.48
 44
0.18
 45
1.48
 46
0.18
 95
        0
 93
        3
 40
1.6
 41
0.3
330
0
 94
        1
 10
0.5099999999999909
 20
-0.0899999999999963
 30
0.0
 11
1.25
 21
-0.1799999999999962
 31
0.0
 43
1.48
 44
0.18
 45
1.48
 46
0.18
 95
        0
 93
        3
 40
1.6
 41
0.3
330
0
 94
        1
 10
0.5099999999999909
 20
-0.0899999999999963
 30
0.0
 11
1.25
 21
-0.1799999999999962
 31
0.0
 43
1.48
 44
0.18
 45
1.48
 46
0.18
 95
        0
 93
        3
 40
0.3312184571016583
 41
0.3031146359048305
330
0
 94
        1
 10
2.228781542898346
 20
-0.0599999999999987
 30
0.0
 11
2.439999999999997
 21
-0.0599999999999987
 31
0.0
 43
0.2112184571016582
 44
0.1831146359048306
 45
0.2112184571016582
 46
0.1831146359048306
 95
        0
 93
        3
 40
0.3312184571016583
 41
0.303633741888969
330
0
 94
        1
 10
2.228781542898346
 20
-0.0599999999999987
 30
0.0
 11
2.439999999999997
 21
-0.0599999999999987
 31
0.0
 43
0.2112184571016582
 44
0.183633741888969
 45
0.2112184571016582
 46
0.183633741888969
 95
        0
 93
        3
 40
0.3214852198990628
 41
0.3031146359048305
330
0
 94
        1
 10
2.238514780100928
 20
-0.0599999999999987
 30
0.0
 11
2.439999999999997
 21
-0.0599999999999987
 31
0.0
 43
0.2014852198990627
 44
0.1831146359048306
 45
0.2014852198990627
 46
0.1831146359048306
 95
        0
 93
        3
 40
0.3309589041095891
 41
0.303633741888969
330
0
 94
        1
 10
2.229041095890408
 20
-0.0599999999999987
 30
0.0
 11
2.439999999999997
 21
-0.0599999999999987
 31
0.0
 43
0.2109589041095891
 44
0.183633741888969
 45
0.2109589041095891
 46
0.183633741888969
 95
        0
 93
        3
 40
0.3338139870223504
 41
0.3031146359048305
330
0
 94
        1
 10
2.226186012977649
 20
-0.0599999999999987
 30
0.0
 11
2.439999999999997
 21
-0.0599999999999987
 31
0.0
 43
0.2138139870223504
 44
0.1831146359048306
 45
0.2138139870223504
 46
0.1831146359048306
 95
        0
 93
        3
 40
0.3526315789473684
 41
0.3
330
0
 94
        1
 10
1.133684210526325
 20
-0.0599999999999987
 30
0.0
 11
1.25
 21
-0.0599999999999987
 31
0.0
 43
0.2326315789473684
 44
0.18
 45
0.2326315789473684
 46
0.18
 95
        0
 93
        3
 40
0.3988320115356885
 41
0.3040230713770728
330
0
 94
        1
 10
1.110583994232158
 20
-0.0599999999999987
 30
0.0
 11
1.25
 21
-0.0599999999999987
 31
0.0
 43
0.2788320115356885
 44
0.1840230713770728
 45
0.2788320115356885
 46
0.1840230713770728
 95
        0
 93
        3
 40
0.4019466474405192
 41
0.3
330
0
 94
        1
 10
1.109026676279739
 20
-0.0599999999999987
 30
0.0
 11
1.25
 21
-0.0599999999999987
 31
0.0
 43
0.2819466474405191
 44
0.18
 45
0.2819466474405191
 46
0.18
 95
        0
 93
        3
 40
0.4847440519105985
 41
0.3040230713770728
330
0
 94
        1
 10
1.067627974044697
 20
-0.0599999999999987
 30
0.0
 11
1.25
 21
-0.0599999999999987
 31
0.0
 43
0.3647440519105984
 44
0.1840230713770728
 45
0.3647440519105984
 46
0.1840230713770728
 95
        0
 93
        3
 40
0.500447007930786
 41
0.3
330
0
 94
        1
 10
1.059776496034601
 20
-0.0599999999999987
 30
0.0
 11
1.25
 21
-0.0599999999999987
 31
0.0
 43
0.3804470079307859
 44
0.18
 45
0.3804470079307859
 46
0.18
 95
        0
 93
        3
 40
0.4221917808219179
 41
0.3
330
0
 94
        1
 10
2.137808219178083
 20
-0.0599999999999987
 30
0.0
 11
2.439999999999997
 21
-0.0599999999999987
 31
0.0
 43
0.3021917808219178
 44
0.18
 45
0.3021917808219178
 46
0.18
 95
        0
 93
        3
 40
0.443604902667628
 41
0.3
330
0
 94
        1
 10
2.116395097332372
 20
-0.0599999999999987
 30
0.0
 11
2.439999999999997
 21
-0.0599999999999987
 31
0.0
 43
0.323604902667628
 44
0.18
 45
0.323604902667628
 46
0.18
 95
        0
 93
        3
 40
0.4325739005046864
 41
0.3031146359048305
330
0
 94
        1
 10
2.127426099495309
 20
-0.0599999999999987
 30
0.0
 11
2.439999999999997
 21
-0.0599999999999987
 31
0.0
 43
0.3125739005046864
 44
0.1831146359048306
 45
0.3125739005046864
 46
0.1831146359048306
 95
        0
 93
        3
 40
0.4454217736121125
 41
0.3
330
0
 94
        1
 10
2.114578226387891
 20
-0.0599999999999987
 30
0.0
 11
2.439999999999997
 21
-0.0599999999999987
 31
0.0
 43
0.3254217736121125
 44
0.18
 45
0.3254217736121125
 46
0.18
 95
        0
 93
        3
 40
0.4371160778658977
 41
0.3031146359048305
330
0
 94
        1
 10
2.122883922134093
 20
-0.0599999999999987
 30
0.0
 11
2.439999999999997
 21
-0.0599999999999987
 31
0.0
 43
0.3171160778658976
 44
0.1831146359048306
 45
0.3171160778658976
 46
0.1831146359048306
 95
        0
 93
        3
 40
1.198010093727469
 41
0.3813554434030281
330
0
 94
        1
 10
5.710994953136264
 20
-0.0959889449651463
 30
0.0
 11
6.25
 21
-0.226666666666663
 31
0.0
 43
1.078010093727469
 44
0.2613554434030281
 45
1.078010093727469
 46
0.2613554434030281
 95
        0
 93
        3
 40
0.12
 41
0.37
330
0
 94
        1
 10
1.25
 20
-0.101666666666663
 30
0.0
 11
1.25
 21
-0.226666666666663
 31
0.0
 43
0.0
 44
0.25
 45
0.0
 46
0.25
 95
        0
 93
        3
 40
0.12
 41
0.37
330
0
 94
        1
 10
1.25
 20
-0.101666666666663
 30
0.0
 11
1.25
 21
-0.226666666666663
 31
0.0
 43
0.0
 44
0.25
 45
0.0
 46
0.25
 95
        0
 93
        3
 40
0.12
 41
0.37
330
0
 94
        1
 10
1.25
 20
-0.101666666666663
 30
0.0
 11
1.25
 21
-0.226666666666663
 31
0.0
 43
0.0
 44
0.25
 45
0.0
 46
0.25
 95
        0
 93
        3
 40
0.12
 41
0.37
330
0
 94
        1
 10
1.25
 20
-0.101666666666663
 30
0.0
 11
1.25
 21
-0.226666666666663
 31
0.0
 43
0.0
 44
0.25
 45
0.0
 46
0.25
 95
        0
 93
        3
 40
0.46
 41
0.3
330
0
 94
        1
 10
1.079999999999998
 20
-0.0899999999999963
 30
0.0
 11
1.25
 21
-0.1799999999999962
 31
0.0
 43
0.3399999999999999
 44
0.18
 45
0.3399999999999999
 46
0.18
 95
        0
 93
        3
 40
0.5200000000000001
 41
0.3
330
0
 94
        1
 10
1.049999999999997
 20
-0.0899999999999963
 30
0.0
 11
1.25
 21
-0.1799999999999962
 31
0.0
 43
0.4
 44
0.18
 45
0.4
 46
0.18
 95
        0
 93
        3
 40
0.5200000000000001
 41
0.3
330
0
 94
        1
 10
1.049999999999997
 20
-0.0899999999999963
 30
0.0
 11
1.25
 21
-0.1799999999999962
 31
0.0
 43
0.4
 44
0.18
 45
0.4
 46
0.18
 95
        0
 93
        3
 40
0.5200000000000001
 41
0.3
330
0
 94
        1
 10
1.049999999999997
 20
-0.0899999999999963
 30
0.0
 11
1.25
 21
-0.1799999999999962
 31
0.0
 43
0.4
 44
0.18
 45
0.4
 46
0.18
 95
        0
 93
        3
 40
0.5200000000000001
 41
0.3
330
0
 94
        1
 10
1.049999999999997
 20
-0.0899999999999963
 30
0.0
 11
1.25
 21
-0.1799999999999962
 31
0.0
 43
0.4
 44
0.18
 45
0.4
 46
0.18
 95
        0
 93
        3
 40
0.3440663302090843
 41
0.3568421052631578
330
0
 94
        1
 10
2.215933669790913
 20
-0.0599999999999987
 30
0.0
 11
2.439999999999997
 21
-0.0599999999999987
 31
0.0
 43
0.2240663302090843
 44
0.2368421052631579
 45
0.2240663302090843
 46
0.2368421052631579
 95
        0
 93
        3
 40
0.4077865897620765
 41
0.303633741888969
330
0
 94
        1
 10
2.152213410237919
 20
-0.0599999999999987
 30
0.0
 11
2.439999999999997
 21
-0.0599999999999987
 31
0.0
 43
0.2877865897620764
 44
0.183633741888969
 45
0.2877865897620764
 46
0.183633741888969
 95
        0
 93
        3
 40
0.12
 41
0.3
330
0
 94
        1
 10
2.439999999999997
 20
-0.0599999999999987
 30
0.0
 11
2.439999999999997
 21
-0.0599999999999987
 31
0.0
 43
0.0
 44
0.18
 45
0.0
 46
0.18
 95
        0
 93
        3
 40
0.12
 41
0.3
330
0
 94
        1
 10
2.439999999999997
 20
-0.0599999999999987
 30
0.0
 11
2.439999999999997
 21
-0.0599999999999987
 31
0.0
 43
0.0
 44
0.18
 45
0.0
 46
0.18
 95
        0
 93
        3
 40
0.12
 41
0.3
330
0
 94
        1
 10
2.439999999999997
 20
-0.0599999999999987
 30
0.0
 11
2.439999999999997
 21
-0.0599999999999987
 31
0.0
 43
0.0
 44
0.18
 45
0.0
 46
0.18
 95
        0
 93
        3
 40
0.308507570295602
 41
0.3
330
0
 94
        1
 10
2.251492429704399
 20
-0.0599999999999987
 30
0.0
 11
2.439999999999997
 21
-0.0599999999999987
 31
0.0
 43
0.188507570295602
 44
0.18
 45
0.188507570295602
 46
0.18
 95
        0
 93
        3
 40
0.12
 41
0.3
330
0
 94
        1
 10
2.439999999999997
 20
-0.0599999999999987
 30
0.0
 11
2.439999999999997
 21
-0.0599999999999987
 31
0.0
 43
0.0
 44
0.18
 45
0.0
 46
0.18
 95
        0
 93
        3
 40
0.12
 41
0.3
330
0
 94
        1
 10
2.439999999999997
 20
-0.0599999999999987
 30
0.0
 11
2.439999999999997
 21
-0.0599999999999987
 31
0.0
 43
0.0
 44
0.18
 45
0.0
 46
0.18
 95
        0
 93
        3
 40
0.12
 41
0.3
330
0
 94
        1
 10
2.439999999999997
 20
-0.0599999999999987
 30
0.0
 11
2.439999999999997
 21
-0.0599999999999987
 31
0.0
 43
0.0
 44
0.18
 45
0.0
 46
0.18
 95
        0
 93
        3
 40
0.12
 41
0.3
330
0
 94
        1
 10
2.439999999999997
 20
-0.0599999999999987
 30
0.0
 11
2.439999999999997
 21
-0.0599999999999987
 31
0.0
 43
0.0
 44
0.18
 45
0.0
 46
0.18
 95
        0
 93
        3
 40
0.3447152126892574
 41
0.3081759192501803
330
0
 94
        1
 10
2.215284787310736
 20
-0.0599999999999987
 30
0.0
 11
2.439999999999997
 21
-0.0599999999999987
 31
0.0
 43
0.2247152126892574
 44
0.1881759192501803
 45
0.2247152126892574
 46
0.1881759192501803
 95
        0
 93
        3
 40
0.12
 41
0.3
330
0
 94
        1
 10
2.439999999999997
 20
-0.0599999999999987
 30
0.0
 11
2.439999999999997
 21
-0.0599999999999987
 31
0.0
 43
0.0
 44
0.18
 45
0.0
 46
0.18
 95
        0
 93
        3
 40
0.12
 41
0.3
330
0
 94
        1
 10
2.439999999999997
 20
-0.0599999999999987
 30
0.0
 11
2.439999999999997
 21
-0.0599999999999987
 31
0.0
 43
0.0
 44
0.18
 45
0.0
 46
0.18
 95
        0
 93
        3
 40
0.12
 41
0.3
330
0
 94
        1
 10
2.439999999999997
 20
-0.0599999999999987
 30
0.0
 11
2.439999999999997
 21
-0.0599999999999987
 31
0.0
 43
0.0
 44
0.18
 45
0.0
 46
0.18
 95
        0
 93
        3
 40
0.12
 41
0.3
330
0
 94
        1
 10
2.439999999999997
 20
-0.0599999999999987
 30
0.0
 11
2.439999999999997
 21
-0.0599999999999987
 31
0.0
 43
0.0
 44
0.18
 45
0.0
 46
0.18
 95
        0
 93
        3
 40
0.3252487382840663
 41
0.304282624369142
330
0
 94
        1
 10
2.234751261715928
 20
-0.0599999999999987
 30
0.0
 11
2.439999999999997
 21
-0.0599999999999987
 31
0.0
 43
0.2052487382840663
 44
0.184282624369142
 45
0.2052487382840663
 46
0.184282624369142
 95
        0
 93
        3
 40
0.12
 41
0.3
330
0
 94
        1
 10
2.439999999999997
 20
-0.0599999999999987
 30
0.0
 11
2.439999999999997
 21
-0.0599999999999987
 31
0.0
 43
0.0
 44
0.18
 45
0.0
 46
0.18
 95
        0
 93
        3
 40
0.12
 41
0.3
330
0
 94
        1
 10
2.439999999999997
 20
-0.0599999999999987
 30
0.0
 11
2.439999999999997
 21
-0.0599999999999987
 31
0.0
 43
0.0
 44
0.18
 45
0.0
 46
0.18
 95
        0
 93
        3
 40
0.12
 41
0.3
330
0
 94
        1
 10
2.439999999999997
 20
-0.0599999999999987
 30
0.0
 11
2.439999999999997
 21
-0.0599999999999987
 31
0.0
 43
0.0
 44
0.18
 45
0.0
 46
0.18
 95
        0
 93
        3
 40
0.12
 41
0.3
330
0
 94
        1
 10
2.439999999999997
 20
-0.0599999999999987
 30
0.0
 11
2.439999999999997
 21
-0.0599999999999987
 31
0.0
 43
0.0
 44
0.18
 45
0.0
 46
0.18
 95
        0
 93
        3
 40
0.3401730353280461
 41
0.3573612112472963
330
0
 94
        1
 10
2.219826964671952
 20
-0.0599999999999987
 30
0.0
 11
2.439999999999997
 21
-0.0599999999999987
 31
0.0
 43
0.2201730353280462
 44
0.2373612112472963
 45
0.2201730353280462
 46
0.2373612112472963
 95
        0
 93
        3
 40
0.12
 41
0.3
330
0
 94
        1
 10
2.439999999999997
 20
-0.0599999999999987
 30
0.0
 11
2.439999999999997
 21
-0.0599999999999987
 31
0.0
 43
0.0
 44
0.18
 45
0.0
 46
0.18
 95
        0
 93
        3
 40
0.12
 41
0.3
330
0
 94
        1
 10
2.439999999999997
 20
-0.0599999999999987
 30
0.0
 11
2.439999999999997
 21
-0.0599999999999987
 31
0.0
 43
0.0
 44
0.18
 45
0.0
 46
0.18
 95
        0
 93
        3
 40
0.12
 41
0.3
330
0
 94
        1
 10
2.439999999999997
 20
-0.0599999999999987
 30
0.0
 11
2.439999999999997
 21
-0.0599999999999987
 31
0.0
 43
0.0
 44
0.18
 45
0.0
 46
0.18
 95
        0
 93
        3
 40
0.12
 41
0.3
330
0
 94
        1
 10
2.439999999999997
 20
-0.0599999999999987
 30
0.0
 11
2.439999999999997
 21
-0.0599999999999987
 31
0.0
 43
0.0
 44
0.18
 45
0.0
 46
0.18
 95
        0
 93
        3
 40
0.3495169430425379
 41
0.3045421773612112
330
0
 94
        1
 10
2.210483056957457
 20
-0.0599999999999987
 30
0.0
 11
2.439999999999997
 21
-0.0599999999999987
 31
0.0
 43
0.2295169430425378
 44
0.1845421773612113
 45
0.2295169430425378
 46
0.1845421773612113
 95
        0
 93
        3
 40
0.12
 41
0.3
330
0
 94
        1
 10
2.439999999999997
 20
-0.0599999999999987
 30
0.0
 11
2.439999999999997
 21
-0.0599999999999987
 31
0.0
 43
0.0
 44
0.18
 45
0.0
 46
0.18
 95
        0
 93
        3
 40
0.12
 41
0.3
330
0
 94
        1
 10
2.439999999999997
 20
-0.0599999999999987
 30
0.0
 11
2.439999999999997
 21
-0.0599999999999987
 31
0.0
 43
0.0
 44
0.18
 45
0.0
 46
0.18
 95
        0
 93
        3
 40
0.12
 41
0.3
330
0
 94
        1
 10
2.439999999999997
 20
-0.0599999999999987
 30
0.0
 11
2.439999999999997
 21
-0.0599999999999987
 31
0.0
 43
0.0
 44
0.18
 45
0.0
 46
0.18
 95
        0
 93
        3
 40
0.12
 41
0.3
330
0
 94
        1
 10
2.439999999999997
 20
-0.0599999999999987
 30
0.0
 11
2.439999999999997
 21
-0.0599999999999987
 31
0.0
 43
0.0
 44
0.18
 45
0.0
 46
0.18
 95
        0
 93
        3
 40
0.3252487382840663
 41
0.304282624369142
330
0
 94
        1
 10
2.234751261715928
 20
-0.0599999999999987
 30
0.0
 11
2.439999999999997
 21
-0.0599999999999987
 31
0.0
 43
0.2052487382840663
 44
0.184282624369142
 45
0.2052487382840663
 46
0.184282624369142
 95
        0
 93
        3
 40
0.12
 41
0.3
330
0
 94
        1
 10
2.439999999999997
 20
-0.0599999999999987
 30
0.0
 11
2.439999999999997
 21
-0.0599999999999987
 31
0.0
 43
0.0
 44
0.18
 45
0.0
 46
0.18
 95
        0
 93
        3
 40
0.2717808219178082
 41
0.3620331651045422
330
0
 94
        1
 10
2.288219178082186
 20
-0.0599999999999987
 30
0.0
 11
2.439999999999997
 21
-0.0599999999999987
 31
0.0
 43
0.1517808219178082
 44
0.2420331651045422
 45
0.1517808219178082
 46
0.2420331651045422
 95
        0
 93
        3
 40
0.12
 41
0.3
330
0
 94
        1
 10
2.439999999999997
 20
-0.0599999999999987
 30
0.0
 11
2.439999999999997
 21
-0.0599999999999987
 31
0.0
 43
0.0
 44
0.18
 45
0.0
 46
0.18
 95
        0
 93
        3
 40
0.12
 41
0.3
330
0
 94
        1
 10
2.439999999999997
 20
-0.0599999999999987
 30
0.0
 11
2.439999999999997
 21
-0.0599999999999987
 31
0.0
 43
0.0
 44
0.18
 45
0.0
 46
0.18
 95
        0
  0
DICTIONARY
  5
DDC
330
B73
100
AcDbDictionary
280
     1
281
     1
  3
ACAD_XREC_ROUNDTRIP
360
DDD
  0
DICTIONARY
  5
DDA
330
B71
100
AcDbDictionary
280
     1
281
     1
  3
ACAD_XREC_ROUNDTRIP
360
DDB
  0
DICTIONARY
  5
205
330
BE
100
AcDbDictionary
280
     1
281
     1
  3
ACAD_ROUNDTRIP_2008_TABLESTYLE_CELLSTYLEMAP
360
CB8
  0
DICTIONARY
  5
201
330
87
100
AcDbDictionary
280
     1
281
     1
  3
ACAD_ROUNDTRIP_2008_TABLESTYLE_CELLSTYLEMAP
360
CB6
  0
DICTIONARY
  5
203
330
BA
100
AcDbDictionary
280
     1
281
     1
  3
ACAD_ROUNDTRIP_2008_TABLESTYLE_CELLSTYLEMAP
360
CB7
  0
DICTIONARY
  5
DB0
330
9F
100
AcDbDictionary
280
     1
281
     1
  3
ACAD_XREC_ROUNDTRIP
360
DB1
  0
DICTIONARY
  5
DB4
330
A1
100
AcDbDictionary
280
     1
281
     1
  3
ACAD_XREC_ROUNDTRIP
360
DB5
  0
DICTIONARY
  5
DB2
330
A0
100
AcDbDictionary
280
     1
281
     1
  3
ACAD_XREC_ROUNDTRIP
360
DB3
  0
DICTIONARY
  5
DAE
330
9E
100
AcDbDictionary
280
     1
281
     1
  3
ACAD_XREC_ROUNDTRIP
360
DAF
  0
DICTIONARY
  5
DBC
330
A5
100
AcDbDictionary
280
     1
281
     1
  3
ACAD_XREC_ROUNDTRIP
360
DBD
  0
DICTIONARY
  5
DC4
330
A9
100
AcDbDictionary
280
     1
281
     1
  3
ACAD_XREC_ROUNDTRIP
360
DC5
  0
DICTIONARY
  5
DB6
330
A2
100
AcDbDictionary
280
     1
281
     1
  3
ACAD_XREC_ROUNDTRIP
360
DB7
  0
DICTIONARY
  5
DBA
330
A4
100
AcDbDictionary
280
     1
281
     1
  3
ACAD_XREC_ROUNDTRIP
360
DBB
  0
DICTIONARY
  5
DD8
330
B6F
100
AcDbDictionary
280
     1
281
     1
  3
ACAD_XREC_ROUNDTRIP
360
DD9
  0
DICTIONARY
  5
DC2
330
A8
100
AcDbDictionary
280
     1
281
     1
  3
ACAD_XREC_ROUNDTRIP
360
DC3
  0
DICTIONARY
  5
DA6
330
9A
100
AcDbDictionary
280
     1
281
     1
  3
ACAD_XREC_ROUNDTRIP
360
DA7
  0
DICTIONARY
  5
DA8
330
9B
100
AcDbDictionary
280
     1
281
     1
  3
ACAD_XREC_ROUNDTRIP
360
DA9
  0
DICTIONARY
  5
DAA
330
9C
100
AcDbDictionary
280
     1
281
     1
  3
ACAD_XREC_ROUNDTRIP
360
DAB
  0
DICTIONARY
  5
DAC
330
9D
100
AcDbDictionary
280
     1
281
     1
  3
ACAD_XREC_ROUNDTRIP
360
DAD
  0
DICTIONARY
  5
DC8
330
B67
100
AcDbDictionary
280
     1
281
     1
  3
ACAD_XREC_ROUNDTRIP
360
DC9
  0
DICTIONARY
  5
DD4
330
B6D
100
AcDbDictionary
280
     1
281
     1
  3
ACAD_XREC_ROUNDTRIP
360
DD5
  0
DICTIONARY
  5
DC0
330
A7
100
AcDbDictionary
280
     1
281
     1
  3
ACAD_XREC_ROUNDTRIP
360
DC1
  0
DICTIONARY
  5
DD6
330
B6E
100
AcDbDictionary
280
     1
281
     1
  3
ACAD_XREC_ROUNDTRIP
360
DD7
  0
DICTIONARY
  5
DB8
330
A3
100
AcDbDictionary
280
     1
281
     1
  3
ACAD_XREC_ROUNDTRIP
360
DB9
  0
DICTIONARY
  5
DD2
330
B6C
100
AcDbDictionary
280
     1
281
     1
  3
ACAD_XREC_ROUNDTRIP
360
DD3
  0
DICTIONARY
  5
DD0
330
B6B
100
AcDbDictionary
280
     1
281
     1
  3
ACAD_XREC_ROUNDTRIP
360
DD1
  0
DICTIONARY
  5
DCA
330
B68
100
AcDbDictionary
280
     1
281
     1
  3
ACAD_XREC_ROUNDTRIP
360
DCB
  0
DICTIONARY
  5
DCC
330
B69
100
AcDbDictionary
280
     1
281
     1
  3
ACAD_XREC_ROUNDTRIP
360
DCD
  0
DICTIONARY
  5
DBE
330
A6
100
AcDbDictionary
280
     1
281
     1
  3
ACAD_XREC_ROUNDTRIP
360
DBF
  0
DICTIONARY
  5
DC6
330
B66
100
AcDbDictionary
280
     1
281
     1
  3
ACAD_XREC_ROUNDTRIP
360
DC7
  0
DICTIONARY
  5
DCE
330
B6A
100
AcDbDictionary
280
     1
281
     1
  3
ACAD_XREC_ROUNDTRIP
360
DCF
  0
XRECORD
  5
DDD
102
{ACAD_REACTORS
330
DDC
102
}
330
DDC
100
AcDbXrecord
280
     1
102
DISPLAYNAME
  1
Imperial24
102
FLAGS
 90
        0
  0
XRECORD
  5
DDB
102
{ACAD_REACTORS
330
DDA
102
}
330
DDA
100
AcDbXrecord
280
     1
102
DISPLAYNAME
  1
Imperial24
102
FLAGS
 90
        0
  0
CELLSTYLEMAP
  5
CB8
102
{ACAD_REACTORS
330
205
102
}
330
205
100
AcDbCellStyleMap
 90
        3
300
CELLSTYLE
  1
TABLEFORMAT_BEGIN
 90
        5
170
     1
 91
        0
 92
    32768
 62
   257
 93
        1
300
CONTENTFORMAT
  1
CONTENTFORMAT_BEGIN
 90
        0
 91
        0
 92
      512
 93
        0
300

 40
0.0
140
1.0
 94
        5
 62
     0
340
BB
144
40.0
309
CONTENTFORMAT_END
171
     1
301
MARGIN
  1
CELLMARGIN_BEGIN
 40
0.06
 40
0.06
 40
0.06
 40
0.06
 40
0.18
 40
0.18
309
CELLMARGIN_END
 94
        6
 95
        1
302
GRIDFORMAT
  1
GRIDFORMAT_BEGIN
 90
        0
 91
        1
 62
     0
 92
       -2
340
0
 93
        0
 40
0.045
309
GRIDFORMAT_END
 95
        2
302
GRIDFORMAT
  1
GRIDFORMAT_BEGIN
 90
        0
 91
        1
 62
     0
 92
       -2
340
0
 93
        0
 40
0.045
309
GRIDFORMAT_END
 95
        4
302
GRIDFORMAT
  1
GRIDFORMAT_BEGIN
 90
        0
 91
        1
 62
     0
 92
       -2
340
0
 93
        0
 40
0.045
309
GRIDFORMAT_END
 95
        8
302
GRIDFORMAT
  1
GRIDFORMAT_BEGIN
 90
        0
 91
        1
 62
     0
 92
       -2
340
0
 93
        0
 40
0.045
309
GRIDFORMAT_END
 95
       16
302
GRIDFORMAT
  1
GRIDFORMAT_BEGIN
 90
        0
 91
        1
 62
     0
 92
       -2
340
0
 93
        0
 40
0.045
309
GRIDFORMAT_END
 95
       32
302
GRIDFORMAT
  1
GRIDFORMAT_BEGIN
 90
        0
 91
        1
 62
     0
 92
       -2
340
0
 93
        0
 40
0.045
309
GRIDFORMAT_END
309
TABLEFORMAT_END
  1
CELLSTYLE_BEGIN
 90
        1
 91
        1
300
_TITLE
309
CELLSTYLE_END
300
CELLSTYLE
  1
TABLEFORMAT_BEGIN
 90
        5
170
     1
 91
        0
 92
        0
 62
   257
 93
        1
300
CONTENTFORMAT
  1
CONTENTFORMAT_BEGIN
 90
        0
 91
        0
 92
      512
 93
        0
300

 40
0.0
140
1.0
 94
        5
 62
     0
340
BB
144
28.0
309
CONTENTFORMAT_END
171
     1
301
MARGIN
  1
CELLMARGIN_BEGIN
 40
0.06
 40
0.06
 40
0.06
 40
0.06
 40
0.18
 40
0.18
309
CELLMARGIN_END
 94
        6
 95
        1
302
GRIDFORMAT
  1
GRIDFORMAT_BEGIN
 90
        0
 91
        1
 62
     0
 92
       -2
340
0
 93
        0
 40
0.045
309
GRIDFORMAT_END
 95
        2
302
GRIDFORMAT
  1
GRIDFORMAT_BEGIN
 90
        0
 91
        1
 62
     0
 92
       -2
340
0
 93
        0
 40
0.045
309
GRIDFORMAT_END
 95
        4
302
GRIDFORMAT
  1
GRIDFORMAT_BEGIN
 90
        0
 91
        1
 62
     0
 92
       -2
340
0
 93
        0
 40
0.045
309
GRIDFORMAT_END
 95
        8
302
GRIDFORMAT
  1
GRIDFORMAT_BEGIN
 90
        0
 91
        1
 62
     0
 92
       -2
340
0
 93
        0
 40
0.045
309
GRIDFORMAT_END
 95
       16
302
GRIDFORMAT
  1
GRIDFORMAT_BEGIN
 90
        0
 91
        1
 62
     0
 92
       -2
340
0
 93
        0
 40
0.045
309
GRIDFORMAT_END
 95
       32
302
GRIDFORMAT
  1
GRIDFORMAT_BEGIN
 90
        0
 91
        1
 62
     0
 92
       -2
340
0
 93
        0
 40
0.045
309
GRIDFORMAT_END
309
TABLEFORMAT_END
  1
CELLSTYLE_BEGIN
 90
        2
 91
        1
300
_HEADER
309
CELLSTYLE_END
300
CELLSTYLE
  1
TABLEFORMAT_BEGIN
 90
        5
170
     1
 91
        0
 92
        0
 62
   257
 93
        1
300
CONTENTFORMAT
  1
CONTENTFORMAT_BEGIN
 90
        0
 91
        0
 92
      512
 93
        0
300

 40
0.0
140
1.0
 94
        2
 62
     0
340
BB
144
18.0
309
CONTENTFORMAT_END
171
     1
301
MARGIN
  1
CELLMARGIN_BEGIN
 40
0.06
 40
0.06
 40
0.06
 40
0.06
 40
0.18
 40
0.18
309
CELLMARGIN_END
 94
        6
 95
        1
302
GRIDFORMAT
  1
GRIDFORMAT_BEGIN
 90
        0
 91
        1
 62
     0
 92
       -2
340
0
 93
        0
 40
0.045
309
GRIDFORMAT_END
 95
        2
302
GRIDFORMAT
  1
GRIDFORMAT_BEGIN
 90
        0
 91
        1
 62
     0
 92
       -2
340
0
 93
        0
 40
0.045
309
GRIDFORMAT_END
 95
        4
302
GRIDFORMAT
  1
GRIDFORMAT_BEGIN
 90
        0
 91
        1
 62
     0
 92
       -2
340
0
 93
        0
 40
0.045
309
GRIDFORMAT_END
 95
        8
302
GRIDFORMAT
  1
GRIDFORMAT_BEGIN
 90
        0
 91
        1
 62
     0
 92
       -2
340
0
 93
        0
 40
0.045
309
GRIDFORMAT_END
 95
       16
302
GRIDFORMAT
  1
GRIDFORMAT_BEGIN
 90
        0
 91
        1
 62
     0
 92
       -2
340
0
 93
        0
 40
0.045
309
GRIDFORMAT_END
 95
       32
302
GRIDFORMAT
  1
GRIDFORMAT_BEGIN
 90
        0
 91
        1
 62
     0
 92
       -2
340
0
 93
        0
 40
0.045
309
GRIDFORMAT_END
309
TABLEFORMAT_END
  1
CELLSTYLE_BEGIN
 90
        3
 91
        2
300
_DATA
309
CELLSTYLE_END
  0
CELLSTYLEMAP
  5
CB6
102
{ACAD_REACTORS
330
201
102
}
330
201
100
AcDbCellStyleMap
 90
        3
300
CELLSTYLE
  1
TABLEFORMAT_BEGIN
 90
        5
170
     1
 91
        0
 92
    32768
 62
   257
 93
        1
300
CONTENTFORMAT
  1
CONTENTFORMAT_BEGIN
 90
        0
 91
        0
 92
      512
 93
        0
300

 40
0.0
140
1.0
 94
        5
 62
     0
340
BB
144
0.25
309
CONTENTFORMAT_END
171
     1
301
MARGIN
  1
CELLMARGIN_BEGIN
 40
0.06
 40
0.06
 40
0.06
 40
0.06
 40
0.18
 40
0.18
309
CELLMARGIN_END
 94
        6
 95
        1
302
GRIDFORMAT
  1
GRIDFORMAT_BEGIN
 90
        0
 91
        1
 62
     0
 92
       -2
340
0
 93
        0
 40
0.045
309
GRIDFORMAT_END
 95
        2
302
GRIDFORMAT
  1
GRIDFORMAT_BEGIN
 90
        0
 91
        1
 62
     0
 92
       -2
340
0
 93
        0
 40
0.045
309
GRIDFORMAT_END
 95
        4
302
GRIDFORMAT
  1
GRIDFORMAT_BEGIN
 90
        0
 91
        1
 62
     0
 92
       -2
340
0
 93
        0
 40
0.045
309
GRIDFORMAT_END
 95
        8
302
GRIDFORMAT
  1
GRIDFORMAT_BEGIN
 90
        0
 91
        1
 62
     0
 92
       -2
340
0
 93
        0
 40
0.045
309
GRIDFORMAT_END
 95
       16
302
GRIDFORMAT
  1
GRIDFORMAT_BEGIN
 90
        0
 91
        1
 62
     0
 92
       -2
340
0
 93
        0
 40
0.045
309
GRIDFORMAT_END
 95
       32
302
GRIDFORMAT
  1
GRIDFORMAT_BEGIN
 90
        0
 91
        1
 62
     0
 92
       -2
340
0
 93
        0
 40
0.045
309
GRIDFORMAT_END
309
TABLEFORMAT_END
  1
CELLSTYLE_BEGIN
 90
        1
 91
        1
300
_TITLE
309
CELLSTYLE_END
300
CELLSTYLE
  1
TABLEFORMAT_BEGIN
 90
        5
170
     1
 91
        0
 92
        0
 62
   257
 93
        1
300
CONTENTFORMAT
  1
CONTENTFORMAT_BEGIN
 90
        0
 91
        0
 92
      512
 93
        0
300

 40
0.0
140
1.0
 94
        5
 62
     0
340
11
144
0.18
309
CONTENTFORMAT_END
171
     1
301
MARGIN
  1
CELLMARGIN_BEGIN
 40
0.06
 40
0.06
 40
0.06
 40
0.06
 40
0.18
 40
0.18
309
CELLMARGIN_END
 94
        6
 95
        1
302
GRIDFORMAT
  1
GRIDFORMAT_BEGIN
 90
        0
 91
        1
 62
     0
 92
       -2
340
0
 93
        0
 40
0.045
309
GRIDFORMAT_END
 95
        2
302
GRIDFORMAT
  1
GRIDFORMAT_BEGIN
 90
        0
 91
        1
 62
     0
 92
       -2
340
0
 93
        0
 40
0.045
309
GRIDFORMAT_END
 95
        4
302
GRIDFORMAT
  1
GRIDFORMAT_BEGIN
 90
        0
 91
        1
 62
     0
 92
       -2
340
0
 93
        0
 40
0.045
309
GRIDFORMAT_END
 95
        8
302
GRIDFORMAT
  1
GRIDFORMAT_BEGIN
 90
        0
 91
        1
 62
     0
 92
       -2
340
0
 93
        0
 40
0.045
309
GRIDFORMAT_END
 95
       16
302
GRIDFORMAT
  1
GRIDFORMAT_BEGIN
 90
        0
 91
        1
 62
     0
 92
       -2
340
0
 93
        0
 40
0.045
309
GRIDFORMAT_END
 95
       32
302
GRIDFORMAT
  1
GRIDFORMAT_BEGIN
 90
        0
 91
        1
 62
     0
 92
       -2
340
0
 93
        0
 40
0.045
309
GRIDFORMAT_END
309
TABLEFORMAT_END
  1
CELLSTYLE_BEGIN
 90
        2
 91
        1
300
_HEADER
309
CELLSTYLE_END
300
CELLSTYLE
  1
TABLEFORMAT_BEGIN
 90
        5
170
     1
 91
        0
 92
        0
 62
   257
 93
        1
300
CONTENTFORMAT
  1
CONTENTFORMAT_BEGIN
 90
        0
 91
        0
 92
      512
 93
        0
300

 40
0.0
140
1.0
 94
        2
 62
     0
340
BB
144
0.18
309
CONTENTFORMAT_END
171
     1
301
MARGIN
  1
CELLMARGIN_BEGIN
 40
0.06
 40
0.06
 40
0.06
 40
0.06
 40
0.18
 40
0.18
309
CELLMARGIN_END
 94
        6
 95
        1
302
GRIDFORMAT
  1
GRIDFORMAT_BEGIN
 90
        0
 91
        1
 62
     0
 92
       -2
340
0
 93
        0
 40
0.045
309
GRIDFORMAT_END
 95
        2
302
GRIDFORMAT
  1
GRIDFORMAT_BEGIN
 90
        0
 91
        1
 62
     0
 92
       -2
340
0
 93
        0
 40
0.045
309
GRIDFORMAT_END
 95
        4
302
GRIDFORMAT
  1
GRIDFORMAT_BEGIN
 90
        0
 91
        1
 62
     0
 92
       -2
340
0
 93
        0
 40
0.045
309
GRIDFORMAT_END
 95
        8
302
GRIDFORMAT
  1
GRIDFORMAT_BEGIN
 90
        0
 91
        1
 62
     0
 92
       -2
340
0
 93
        0
 40
0.045
309
GRIDFORMAT_END
 95
       16
302
GRIDFORMAT
  1
GRIDFORMAT_BEGIN
 90
        0
 91
        1
 62
     0
 92
       -2
340
0
 93
        0
 40
0.045
309
GRIDFORMAT_END
 95
       32
302
GRIDFORMAT
  1
GRIDFORMAT_BEGIN
 90
        0
 91
        1
 62
     0
 92
       -2
340
0
 93
        0
 40
0.045
309
GRIDFORMAT_END
309
TABLEFORMAT_END
  1
CELLSTYLE_BEGIN
 90
        3
 91
        2
300
_DATA
309
CELLSTYLE_END
  0
CELLSTYLEMAP
  5
CB7
102
{ACAD_REACTORS
330
203
102
}
330
203
100
AcDbCellStyleMap
 90
        3
300
CELLSTYLE
  1
TABLEFORMAT_BEGIN
 90
        5
170
     1
 91
        0
 92
    32768
 62
   257
 93
        1
300
CONTENTFORMAT
  1
CONTENTFORMAT_BEGIN
 90
        0
 91
        0
 92
      512
 93
        0
300

 40
0.0
140
1.0
 94
        5
 62
     0
340
11
144
4.0
309
CONTENTFORMAT_END
171
     1
301
MARGIN
  1
CELLMARGIN_BEGIN
 40
0.06
 40
0.06
 40
0.06
 40
0.06
 40
0.18
 40
0.18
309
CELLMARGIN_END
 94
        6
 95
        1
302
GRIDFORMAT
  1
GRIDFORMAT_BEGIN
 90
        0
 91
        1
 62
     0
 92
       -2
340
0
 93
        0
 40
0.045
309
GRIDFORMAT_END
 95
        2
302
GRIDFORMAT
  1
GRIDFORMAT_BEGIN
 90
        0
 91
        1
 62
     0
 92
       -2
340
0
 93
        0
 40
0.045
309
GRIDFORMAT_END
 95
        4
302
GRIDFORMAT
  1
GRIDFORMAT_BEGIN
 90
        0
 91
        1
 62
     0
 92
       -2
340
0
 93
        0
 40
0.045
309
GRIDFORMAT_END
 95
        8
302
GRIDFORMAT
  1
GRIDFORMAT_BEGIN
 90
        0
 91
        1
 62
     0
 92
       -2
340
0
 93
        0
 40
0.045
309
GRIDFORMAT_END
 95
       16
302
GRIDFORMAT
  1
GRIDFORMAT_BEGIN
 90
        0
 91
        1
 62
     0
 92
       -2
340
0
 93
        0
 40
0.045
309
GRIDFORMAT_END
 95
       32
302
GRIDFORMAT
  1
GRIDFORMAT_BEGIN
 90
        0
 91
        1
 62
     0
 92
       -2
340
0
 93
        0
 40
0.045
309
GRIDFORMAT_END
309
TABLEFORMAT_END
  1
CELLSTYLE_BEGIN
 90
        1
 91
        1
300
_TITLE
309
CELLSTYLE_END
300
CELLSTYLE
  1
TABLEFORMAT_BEGIN
 90
        5
170
     1
 91
        0
 92
        0
 62
   257
 93
        1
300
CONTENTFORMAT
  1
CONTENTFORMAT_BEGIN
 90
        0
 91
        0
 92
      512
 93
        0
300

 40
0.0
140
1.0
 94
        5
 62
     0
340
BB
144
2.799999999999998
309
CONTENTFORMAT_END
171
     1
301
MARGIN
  1
CELLMARGIN_BEGIN
 40
0.06
 40
0.06
 40
0.06
 40
0.06
 40
0.18
 40
0.18
309
CELLMARGIN_END
 94
        6
 95
        1
302
GRIDFORMAT
  1
GRIDFORMAT_BEGIN
 90
        0
 91
        1
 62
     0
 92
       -2
340
0
 93
        0
 40
0.045
309
GRIDFORMAT_END
 95
        2
302
GRIDFORMAT
  1
GRIDFORMAT_BEGIN
 90
        0
 91
        1
 62
     0
 92
       -2
340
0
 93
        0
 40
0.045
309
GRIDFORMAT_END
 95
        4
302
GRIDFORMAT
  1
GRIDFORMAT_BEGIN
 90
        0
 91
        1
 62
     0
 92
       -2
340
0
 93
        0
 40
0.045
309
GRIDFORMAT_END
 95
        8
302
GRIDFORMAT
  1
GRIDFORMAT_BEGIN
 90
        0
 91
        1
 62
     0
 92
       -2
340
0
 93
        0
 40
0.045
309
GRIDFORMAT_END
 95
       16
302
GRIDFORMAT
  1
GRIDFORMAT_BEGIN
 90
        0
 91
        1
 62
     0
 92
       -2
340
0
 93
        0
 40
0.045
309
GRIDFORMAT_END
 95
       32
302
GRIDFORMAT
  1
GRIDFORMAT_BEGIN
 90
        0
 91
        1
 62
     0
 92
       -2
340
0
 93
        0
 40
0.045
309
GRIDFORMAT_END
309
TABLEFORMAT_END
  1
CELLSTYLE_BEGIN
 90
        2
 91
        1
300
_HEADER
309
CELLSTYLE_END
300
CELLSTYLE
  1
TABLEFORMAT_BEGIN
 90
        5
170
     1
 91
        0
 92
        0
 62
   257
 93
        1
300
CONTENTFORMAT
  1
CONTENTFORMAT_BEGIN
 90
        0
 91
        0
 92
      512
 93
        0
300

 40
0.0
140
1.0
 94
        2
 62
     0
340
11
144
1.8
309
CONTENTFORMAT_END
171
     1
301
MARGIN
  1
CELLMARGIN_BEGIN
 40
0.06
 40
0.06
 40
0.06
 40
0.06
 40
0.18
 40
0.18
309
CELLMARGIN_END
 94
        6
 95
        1
302
GRIDFORMAT
  1
GRIDFORMAT_BEGIN
 90
        0
 91
        1
 62
     0
 92
       -2
340
0
 93
        0
 40
0.045
309
GRIDFORMAT_END
 95
        2
302
GRIDFORMAT
  1
GRIDFORMAT_BEGIN
 90
        0
 91
        1
 62
     0
 92
       -2
340
0
 93
        0
 40
0.045
309
GRIDFORMAT_END
 95
        4
302
GRIDFORMAT
  1
GRIDFORMAT_BEGIN
 90
        0
 91
        1
 62
     0
 92
       -2
340
0
 93
        0
 40
0.045
309
GRIDFORMAT_END
 95
        8
302
GRIDFORMAT
  1
GRIDFORMAT_BEGIN
 90
        0
 91
        1
 62
     0
 92
       -2
340
0
 93
        0
 40
0.045
309
GRIDFORMAT_END
 95
       16
302
GRIDFORMAT
  1
GRIDFORMAT_BEGIN
 90
        0
 91
        1
 62
     0
 92
       -2
340
0
 93
        0
 40
0.045
309
GRIDFORMAT_END
 95
       32
302
GRIDFORMAT
  1
GRIDFORMAT_BEGIN
 90
        0
 91
        1
 62
     0
 92
       -2
340
0
 93
        0
 40
0.045
309
GRIDFORMAT_END
309
TABLEFORMAT_END
  1
CELLSTYLE_BEGIN
 90
        3
 91
        2
300
_DATA
309
CELLSTYLE_END
  0
XRECORD
  5
DB1
102
{ACAD_REACTORS
330
DB0
102
}
330
DB0
100
AcDbXrecord
280
     1
102
RTVSPost2010Prop28
280
     1
102
RTVSPost2010PropOp28
 70
     1
102
RTVSPost2010Prop29
280
     1
102
RTVSPost2010PropOp29
 70
     1
102
RTVSPost2010Prop30
280
     0
102
RTVSPost2010PropOp30
 70
     1
102
RTVSPost2010Prop31
280
     0
102
RTVSPost2010PropOp31
 70
     1
102
RTVSPost2010Prop32
280
     0
102
RTVSPost2010PropOp32
 70
     1
102
RTVSPost2010Prop33
280
     0
102
RTVSPost2010PropOp33
 70
     1
102
RTVSPost2010Prop34
280
     0
102
RTVSPost2010PropOp34
 70
     1
102
RTVSPost2010Prop35
280
     0
102
RTVSPost2010PropOp35
 70
     1
102
RTVSPost2010Prop36
280
     0
102
RTVSPost2010PropOp36
 70
     1
102
RTVSPost2010Prop37
 90
       50
102
RTVSPost2010PropOp37
 70
     1
102
RTVSPost2010Prop38
140
0.0
102
RTVSPost2010PropOp38
 70
     1
102
RTVSPost2010Prop39
140
1.0
102
RTVSPost2010PropOp39
 70
     1
102
RTVSPost2010Prop40
 90
        0
102
RTVSPost2010PropOp40
 70
     1
102
RTVSPost2010Prop41ColorIndex
 90
       18
102
RTVSPost2010Prop41ColorRGB
 90
        0
102
RTVSPost2010PropOp41
 70
     1
102
RTVSPost2010Prop42
 90
       50
102
RTVSPost2010PropOp42
 70
     1
102
RTVSPost2010Prop43
 90
        3
102
RTVSPost2010PropOp43
 70
     1
102
RTVSPost2010Prop44ColorIndex
 90
        5
102
RTVSPost2010Prop44ColorRGB
 90
      255
102
RTVSPost2010PropOp44
 70
     1
102
RTVSPost2010Prop45
280
     0
102
RTVSPost2010PropOp45
 70
     1
102
RTVSPost2010Prop46
 90
       50
102
RTVSPost2010PropOp46
 70
     1
102
RTVSPost2010Prop47
 90
       50
102
RTVSPost2010PropOp47
 70
     1
102
RTVSPost2010Prop48
 90
       50
102
RTVSPost2010PropOp48
 70
     1
102
RTVSPost2010Prop49
280
     0
102
RTVSPost2010PropOp49
 70
     1
102
RTVSPost2010Prop50
 90
       50
102
RTVSPost2010PropOp50
 70
     1
102
RTVSPost2010Prop51ColorIndex
 90
      256
102
RTVSPost2010Prop51ColorRGB
 90
-16777216
102
RTVSPost2010PropOp51
 70
     0
102
RTVSPost2010Prop52
140
1.0
102
RTVSPost2010PropOp52
 70
     0
102
RTVSPost2010Prop53
 90
        2
102
RTVSPost2010PropOp53
 70
     1
102
RTVSPost2010Prop54
  1
strokes_ogs.tif
102
RTVSPost2010PropOp54
 70
     1
102
RTVSPost2010Prop55
280
     0
102
RTVSPost2010PropOp55
 70
     1
102
RTVSPost2010Prop56
140
1.0
102
RTVSPost2010PropOp56
 70
     1
102
RTVSPost2010Prop57
140
1.0
102
RTVSPost2010PropOp57
 70
     1
102
RTVSPropertyOp0
 70
     1
102
RTVSPropertyOp1
 70
     1
102
RTVSPropertyOp2
 70
     1
102
RTVSPropertyOp3
 70
     1
102
RTVSPropertyOp4
 70
     1
102
RTVSPropertyOp5
 70
     1
102
RTVSPropertyOp6
 70
     1
102
RTVSPropertyOp7
 70
     1
102
RTVSPropertyOp8
 70
     1
102
RTVSPropertyOp9
 70
     1
102
RTVSPropertyOp10
 70
     1
102
RTVSPropertyOp11
 70
     1
102
RTVSPropertyOp12
 70
     1
102
RTVSPropertyOp13
 70
     1
102
RTVSPropertyOp14
 70
     1
102
RTVSPropertyOp15
 70
     1
102
RTVSPropertyOp16
 70
     1
102
RTVSPropertyOp17
 70
     1
102
RTVSPropertyOp18
 70
     1
102
RTVSPropertyOp19
 70
     1
102
RTVSPropertyOp20
 70
     1
102
RTVSPropertyOp21
 70
     1
102
RTVSPropertyOp22
 70
     1
102
RTVSPropertyOp23
 70
     1
102
RTVSPropertyOp24
 70
     1
102
RTVSPropertyOp25
 70
     1
102
RTVSPropertyOp26
 70
     1
102
RTVSPropertyOp27
 70
     1
102
RTVSPropertyOp28
 70
     1
102
RTVSPropertyOp29
 70
     1
102
RTVSPropertyOp30
 70
     1
102
RTVSPropertyOp31
 70
     1
102
RTVSPropertyOp32
 70
     1
102
RTVSPropertyOp33
 70
     1
102
RTVSPropertyOp34
 70
     1
102
RTVSPropertyOp35
 70
     1
102
RTVSPropertyOp36
 70
     1
102
RTVSPropertyOp37
 70
     1
102
RTVSPropertyOp38
 70
     1
102
RTVSPropertyOp39
 70
     1
102
RTVSPropertyOp40
 70
     1
102
RTVSPropertyOp41
 70
     1
102
RTVSPropertyOp42
 70
     1
102
RTVSPropertyOp43
 70
     1
102
RTVSPropertyOp44
 70
     1
102
RTVSPropertyOp45
 70
     1
102
RTVSPropertyOp46
 70
     1
102
RTVSPropertyOp47
 70
     1
102
RTVSPropertyOp48
 70
     1
102
RTVSPropertyOp49
 70
     1
102
RTVSPropertyOp50
 70
     1
102
RTVSPropertyOp51
 70
     0
102
RTVSPropertyOp52
 70
     0
102
RTVSPropertyOp53
 70
     1
102
RTVSPropertyOp54
 70
     1
102
RTVSPropertyOp55
 70
     1
102
RTVSPropertyOp56
 70
     1
102
RTVSPropertyOp57
 70
     1
102
RTVSPropertyOp58
 70
     1
102
RTVSPropertyOp59
 70
     1
102
RTVSPropertyOp60
 70
     1
102
RTVSPropertyOp61
 70
     1
102
RTVSPropertyOp62
 70
     1
  0
XRECORD
  5
DB5
102
{ACAD_REACTORS
330
DB4
102
}
330
DB4
100
AcDbXrecord
280
     1
102
RTVSPost2010Prop28
280
     0
102
RTVSPost2010PropOp28
 70
     1
102
RTVSPost2010Prop29
280
     1
102
RTVSPost2010PropOp29
 70
     1
102
RTVSPost2010Prop30
280
     1
102
RTVSPost2010PropOp30
 70
     1
102
RTVSPost2010Prop31
280
     0
102
RTVSPost2010PropOp31
 70
     1
102
RTVSPost2010Prop32
280
     0
102
RTVSPost2010PropOp32
 70
     1
102
RTVSPost2010Prop33
280
     0
102
RTVSPost2010PropOp33
 70
     1
102
RTVSPost2010Prop34
280
     0
102
RTVSPost2010PropOp34
 70
     1
102
RTVSPost2010Prop35
280
     0
102
RTVSPost2010PropOp35
 70
     1
102
RTVSPost2010Prop36
280
     0
102
RTVSPost2010PropOp36
 70
     1
102
RTVSPost2010Prop37
 90
       50
102
RTVSPost2010PropOp37
 70
     1
102
RTVSPost2010Prop38
140
0.0
102
RTVSPost2010PropOp38
 70
     1
102
RTVSPost2010Prop39
140
1.0
102
RTVSPost2010PropOp39
 70
     1
102
RTVSPost2010Prop40
 90
        0
102
RTVSPost2010PropOp40
 70
     1
102
RTVSPost2010Prop41ColorIndex
 90
       18
102
RTVSPost2010Prop41ColorRGB
 90
        0
102
RTVSPost2010PropOp41
 70
     1
102
RTVSPost2010Prop42
 90
       50
102
RTVSPost2010PropOp42
 70
     1
102
RTVSPost2010Prop43
 90
        3
102
RTVSPost2010PropOp43
 70
     1
102
RTVSPost2010Prop44ColorIndex
 90
        5
102
RTVSPost2010Prop44ColorRGB
 90
      255
102
RTVSPost2010PropOp44
 70
     1
102
RTVSPost2010Prop45
280
     0
102
RTVSPost2010PropOp45
 70
     1
102
RTVSPost2010Prop46
 90
       50
102
RTVSPost2010PropOp46
 70
     1
102
RTVSPost2010Prop47
 90
       50
102
RTVSPost2010PropOp47
 70
     1
102
RTVSPost2010Prop48
 90
       50
102
RTVSPost2010PropOp48
 70
     1
102
RTVSPost2010Prop49
280
     0
102
RTVSPost2010PropOp49
 70
     1
102
RTVSPost2010Prop50
 90
       50
102
RTVSPost2010PropOp50
 70
     1
102
RTVSPost2010Prop51ColorIndex
 90
      256
102
RTVSPost2010Prop51ColorRGB
 90
-16777216
102
RTVSPost2010PropOp51
 70
     0
102
RTVSPost2010Prop52
140
1.0
102
RTVSPost2010PropOp52
 70
     0
102
RTVSPost2010Prop53
 90
        2
102
RTVSPost2010PropOp53
 70
     1
102
RTVSPost2010Prop54
  1
strokes_ogs.tif
102
RTVSPost2010PropOp54
 70
     1
102
RTVSPost2010Prop55
280
     0
102
RTVSPost2010PropOp55
 70
     1
102
RTVSPost2010Prop56
140
1.0
102
RTVSPost2010PropOp56
 70
     1
102
RTVSPost2010Prop57
140
1.0
102
RTVSPost2010PropOp57
 70
     1
102
RTVSPropertyOp0
 70
     1
102
RTVSPropertyOp1
 70
     1
102
RTVSPropertyOp2
 70
     1
102
RTVSPropertyOp3
 70
     1
102
RTVSPropertyOp4
 70
     1
102
RTVSPropertyOp5
 70
     1
102
RTVSPropertyOp6
 70
     1
102
RTVSPropertyOp7
 70
     1
102
RTVSPropertyOp8
 70
     1
102
RTVSPropertyOp9
 70
     1
102
RTVSPropertyOp10
 70
     1
102
RTVSPropertyOp11
 70
     1
102
RTVSPropertyOp12
 70
     1
102
RTVSPropertyOp13
 70
     1
102
RTVSPropertyOp14
 70
     1
102
RTVSPropertyOp15
 70
     1
102
RTVSPropertyOp16
 70
     1
102
RTVSPropertyOp17
 70
     1
102
RTVSPropertyOp18
 70
     1
102
RTVSPropertyOp19
 70
     1
102
RTVSPropertyOp20
 70
     1
102
RTVSPropertyOp21
 70
     1
102
RTVSPropertyOp22
 70
     1
102
RTVSPropertyOp23
 70
     1
102
RTVSPropertyOp24
 70
     1
102
RTVSPropertyOp25
 70
     1
102
RTVSPropertyOp26
 70
     1
102
RTVSPropertyOp27
 70
     1
102
RTVSPropertyOp28
 70
     1
102
RTVSPropertyOp29
 70
     1
102
RTVSPropertyOp30
 70
     1
102
RTVSPropertyOp31
 70
     1
102
RTVSPropertyOp32
 70
     1
102
RTVSPropertyOp33
 70
     1
102
RTVSPropertyOp34
 70
     1
102
RTVSPropertyOp35
 70
     1
102
RTVSPropertyOp36
 70
     1
102
RTVSPropertyOp37
 70
     1
102
RTVSPropertyOp38
 70
     1
102
RTVSPropertyOp39
 70
     1
102
RTVSPropertyOp40
 70
     1
102
RTVSPropertyOp41
 70
     1
102
RTVSPropertyOp42
 70
     1
102
RTVSPropertyOp43
 70
     1
102
RTVSPropertyOp44
 70
     1
102
RTVSPropertyOp45
 70
     1
102
RTVSPropertyOp46
 70
     1
102
RTVSPropertyOp47
 70
     1
102
RTVSPropertyOp48
 70
     1
102
RTVSPropertyOp49
 70
     1
102
RTVSPropertyOp50
 70
     1
102
RTVSPropertyOp51
 70
     0
102
RTVSPropertyOp52
 70
     0
102
RTVSPropertyOp53
 70
     1
102
RTVSPropertyOp54
 70
     1
102
RTVSPropertyOp55
 70
     1
102
RTVSPropertyOp56
 70
     1
102
RTVSPropertyOp57
 70
     1
102
RTVSPropertyOp58
 70
     1
102
RTVSPropertyOp59
 70
     1
102
RTVSPropertyOp60
 70
     1
102
RTVSPropertyOp61
 70
     1
102
RTVSPropertyOp62
 70
     1
  0
XRECORD
  5
DB3
102
{ACAD_REACTORS
330
DB2
102
}
330
DB2
100
AcDbXrecord
280
     1
102
RTVSPost2010Prop28
280
     0
102
RTVSPost2010PropOp28
 70
     1
102
RTVSPost2010Prop29
280
     1
102
RTVSPost2010PropOp29
 70
     1
102
RTVSPost2010Prop30
280
     1
102
RTVSPost2010PropOp30
 70
     1
102
RTVSPost2010Prop31
280
     0
102
RTVSPost2010PropOp31
 70
     1
102
RTVSPost2010Prop32
280
     0
102
RTVSPost2010PropOp32
 70
     1
102
RTVSPost2010Prop33
280
     0
102
RTVSPost2010PropOp33
 70
     1
102
RTVSPost2010Prop34
280
     0
102
RTVSPost2010PropOp34
 70
     1
102
RTVSPost2010Prop35
280
     0
102
RTVSPost2010PropOp35
 70
     1
102
RTVSPost2010Prop36
280
     0
102
RTVSPost2010PropOp36
 70
     1
102
RTVSPost2010Prop37
 90
       50
102
RTVSPost2010PropOp37
 70
     1
102
RTVSPost2010Prop38
140
0.0
102
RTVSPost2010PropOp38
 70
     1
102
RTVSPost2010Prop39
140
1.0
102
RTVSPost2010PropOp39
 70
     1
102
RTVSPost2010Prop40
 90
        0
102
RTVSPost2010PropOp40
 70
     1
102
RTVSPost2010Prop41ColorIndex
 90
       18
102
RTVSPost2010Prop41ColorRGB
 90
        0
102
RTVSPost2010PropOp41
 70
     1
102
RTVSPost2010Prop42
 90
       50
102
RTVSPost2010PropOp42
 70
     1
102
RTVSPost2010Prop43
 90
        3
102
RTVSPost2010PropOp43
 70
     1
102
RTVSPost2010Prop44ColorIndex
 90
        5
102
RTVSPost2010Prop44ColorRGB
 90
      255
102
RTVSPost2010PropOp44
 70
     1
102
RTVSPost2010Prop45
280
     0
102
RTVSPost2010PropOp45
 70
     1
102
RTVSPost2010Prop46
 90
       50
102
RTVSPost2010PropOp46
 70
     1
102
RTVSPost2010Prop47
 90
       50
102
RTVSPost2010PropOp47
 70
     1
102
RTVSPost2010Prop48
 90
       50
102
RTVSPost2010PropOp48
 70
     1
102
RTVSPost2010Prop49
280
     0
102
RTVSPost2010PropOp49
 70
     1
102
RTVSPost2010Prop50
 90
       50
102
RTVSPost2010PropOp50
 70
     1
102
RTVSPost2010Prop51ColorIndex
 90
      256
102
RTVSPost2010Prop51ColorRGB
 90
-16777216
102
RTVSPost2010PropOp51
 70
     0
102
RTVSPost2010Prop52
140
1.0
102
RTVSPost2010PropOp52
 70
     0
102
RTVSPost2010Prop53
 90
        2
102
RTVSPost2010PropOp53
 70
     1
102
RTVSPost2010Prop54
  1
strokes_ogs.tif
102
RTVSPost2010PropOp54
 70
     1
102
RTVSPost2010Prop55
280
     0
102
RTVSPost2010PropOp55
 70
     1
102
RTVSPost2010Prop56
140
1.0
102
RTVSPost2010PropOp56
 70
     1
102
RTVSPost2010Prop57
140
1.0
102
RTVSPost2010PropOp57
 70
     1
102
RTVSPropertyOp0
 70
     1
102
RTVSPropertyOp1
 70
     1
102
RTVSPropertyOp2
 70
     1
102
RTVSPropertyOp3
 70
     1
102
RTVSPropertyOp4
 70
     1
102
RTVSPropertyOp5
 70
     1
102
RTVSPropertyOp6
 70
     1
102
RTVSPropertyOp7
 70
     1
102
RTVSPropertyOp8
 70
     1
102
RTVSPropertyOp9
 70
     1
102
RTVSPropertyOp10
 70
     1
102
RTVSPropertyOp11
 70
     1
102
RTVSPropertyOp12
 70
     1
102
RTVSPropertyOp13
 70
     1
102
RTVSPropertyOp14
 70
     1
102
RTVSPropertyOp15
 70
     1
102
RTVSPropertyOp16
 70
     1
102
RTVSPropertyOp17
 70
     1
102
RTVSPropertyOp18
 70
     1
102
RTVSPropertyOp19
 70
     1
102
RTVSPropertyOp20
 70
     1
102
RTVSPropertyOp21
 70
     1
102
RTVSPropertyOp22
 70
     1
102
RTVSPropertyOp23
 70
     1
102
RTVSPropertyOp24
 70
     1
102
RTVSPropertyOp25
 70
     1
102
RTVSPropertyOp26
 70
     1
102
RTVSPropertyOp27
 70
     1
102
RTVSPropertyOp28
 70
     1
102
RTVSPropertyOp29
 70
     1
102
RTVSPropertyOp30
 70
     1
102
RTVSPropertyOp31
 70
     1
102
RTVSPropertyOp32
 70
     1
102
RTVSPropertyOp33
 70
     1
102
RTVSPropertyOp34
 70
     1
102
RTVSPropertyOp35
 70
     1
102
RTVSPropertyOp36
 70
     1
102
RTVSPropertyOp37
 70
     1
102
RTVSPropertyOp38
 70
     1
102
RTVSPropertyOp39
 70
     1
102
RTVSPropertyOp40
 70
     1
102
RTVSPropertyOp41
 70
     1
102
RTVSPropertyOp42
 70
     1
102
RTVSPropertyOp43
 70
     1
102
RTVSPropertyOp44
 70
     1
102
RTVSPropertyOp45
 70
     1
102
RTVSPropertyOp46
 70
     1
102
RTVSPropertyOp47
 70
     1
102
RTVSPropertyOp48
 70
     1
102
RTVSPropertyOp49
 70
     1
102
RTVSPropertyOp50
 70
     1
102
RTVSPropertyOp51
 70
     0
102
RTVSPropertyOp52
 70
     0
102
RTVSPropertyOp53
 70
     1
102
RTVSPropertyOp54
 70
     1
102
RTVSPropertyOp55
 70
     1
102
RTVSPropertyOp56
 70
     1
102
RTVSPropertyOp57
 70
     1
102
RTVSPropertyOp58
 70
     1
102
RTVSPropertyOp59
 70
     1
102
RTVSPropertyOp60
 70
     1
102
RTVSPropertyOp61
 70
     1
102
RTVSPropertyOp62
 70
     1
  0
XRECORD
  5
DAF
102
{ACAD_REACTORS
330
DAE
102
}
330
DAE
100
AcDbXrecord
280
     1
102
RTVSPost2010Prop28
280
     0
102
RTVSPost2010PropOp28
 70
     1
102
RTVSPost2010Prop29
280
     1
102
RTVSPost2010PropOp29
 70
     1
102
RTVSPost2010Prop30
280
     1
102
RTVSPost2010PropOp30
 70
     1
102
RTVSPost2010Prop31
280
     0
102
RTVSPost2010PropOp31
 70
     1
102
RTVSPost2010Prop32
280
     0
102
RTVSPost2010PropOp32
 70
     1
102
RTVSPost2010Prop33
280
     0
102
RTVSPost2010PropOp33
 70
     1
102
RTVSPost2010Prop34
280
     0
102
RTVSPost2010PropOp34
 70
     1
102
RTVSPost2010Prop35
280
     0
102
RTVSPost2010PropOp35
 70
     1
102
RTVSPost2010Prop36
280
     0
102
RTVSPost2010PropOp36
 70
     1
102
RTVSPost2010Prop37
 90
       50
102
RTVSPost2010PropOp37
 70
     1
102
RTVSPost2010Prop38
140
0.0
102
RTVSPost2010PropOp38
 70
     1
102
RTVSPost2010Prop39
140
1.0
102
RTVSPost2010PropOp39
 70
     1
102
RTVSPost2010Prop40
 90
        0
102
RTVSPost2010PropOp40
 70
     1
102
RTVSPost2010Prop41ColorIndex
 90
       18
102
RTVSPost2010Prop41ColorRGB
 90
        0
102
RTVSPost2010PropOp41
 70
     1
102
RTVSPost2010Prop42
 90
       50
102
RTVSPost2010PropOp42
 70
     1
102
RTVSPost2010Prop43
 90
        3
102
RTVSPost2010PropOp43
 70
     1
102
RTVSPost2010Prop44ColorIndex
 90
        5
102
RTVSPost2010Prop44ColorRGB
 90
      255
102
RTVSPost2010PropOp44
 70
     1
102
RTVSPost2010Prop45
280
     0
102
RTVSPost2010PropOp45
 70
     1
102
RTVSPost2010Prop46
 90
       50
102
RTVSPost2010PropOp46
 70
     1
102
RTVSPost2010Prop47
 90
       50
102
RTVSPost2010PropOp47
 70
     1
102
RTVSPost2010Prop48
 90
       50
102
RTVSPost2010PropOp48
 70
     1
102
RTVSPost2010Prop49
280
     0
102
RTVSPost2010PropOp49
 70
     1
102
RTVSPost2010Prop50
 90
       50
102
RTVSPost2010PropOp50
 70
     1
102
RTVSPost2010Prop51ColorIndex
 90
      256
102
RTVSPost2010Prop51ColorRGB
 90
-16777216
102
RTVSPost2010PropOp51
 70
     0
102
RTVSPost2010Prop52
140
1.0
102
RTVSPost2010PropOp52
 70
     0
102
RTVSPost2010Prop53
 90
        2
102
RTVSPost2010PropOp53
 70
     1
102
RTVSPost2010Prop54
  1
strokes_ogs.tif
102
RTVSPost2010PropOp54
 70
     1
102
RTVSPost2010Prop55
280
     0
102
RTVSPost2010PropOp55
 70
     1
102
RTVSPost2010Prop56
140
1.0
102
RTVSPost2010PropOp56
 70
     1
102
RTVSPost2010Prop57
140
1.0
102
RTVSPost2010PropOp57
 70
     1
102
RTVSPropertyOp0
 70
     1
102
RTVSPropertyOp1
 70
     1
102
RTVSPropertyOp2
 70
     1
102
RTVSPropertyOp3
 70
     1
102
RTVSPropertyOp4
 70
     1
102
RTVSPropertyOp5
 70
     1
102
RTVSPropertyOp6
 70
     1
102
RTVSPropertyOp7
 70
     1
102
RTVSPropertyOp8
 70
     1
102
RTVSPropertyOp9
 70
     1
102
RTVSPropertyOp10
 70
     1
102
RTVSPropertyOp11
 70
     1
102
RTVSPropertyOp12
 70
     1
102
RTVSPropertyOp13
 70
     1
102
RTVSPropertyOp14
 70
     1
102
RTVSPropertyOp15
 70
     1
102
RTVSPropertyOp16
 70
     1
102
RTVSPropertyOp17
 70
     1
102
RTVSPropertyOp18
 70
     1
102
RTVSPropertyOp19
 70
     1
102
RTVSPropertyOp20
 70
     1
102
RTVSPropertyOp21
 70
     1
102
RTVSPropertyOp22
 70
     1
102
RTVSPropertyOp23
 70
     1
102
RTVSPropertyOp24
 70
     1
102
RTVSPropertyOp25
 70
     1
102
RTVSPropertyOp26
 70
     1
102
RTVSPropertyOp27
 70
     1
102
RTVSPropertyOp28
 70
     1
102
RTVSPropertyOp29
 70
     1
102
RTVSPropertyOp30
 70
     1
102
RTVSPropertyOp31
 70
     1
102
RTVSPropertyOp32
 70
     1
102
RTVSPropertyOp33
 70
     1
102
RTVSPropertyOp34
 70
     1
102
RTVSPropertyOp35
 70
     1
102
RTVSPropertyOp36
 70
     1
102
RTVSPropertyOp37
 70
     1
102
RTVSPropertyOp38
 70
     1
102
RTVSPropertyOp39
 70
     1
102
RTVSPropertyOp40
 70
     1
102
RTVSPropertyOp41
 70
     1
102
RTVSPropertyOp42
 70
     1
102
RTVSPropertyOp43
 70
     1
102
RTVSPropertyOp44
 70
     1
102
RTVSPropertyOp45
 70
     1
102
RTVSPropertyOp46
 70
     1
102
RTVSPropertyOp47
 70
     1
102
RTVSPropertyOp48
 70
     1
102
RTVSPropertyOp49
 70
     1
102
RTVSPropertyOp50
 70
     1
102
RTVSPropertyOp51
 70
     0
102
RTVSPropertyOp52
 70
     0
102
RTVSPropertyOp53
 70
     1
102
RTVSPropertyOp54
 70
     1
102
RTVSPropertyOp55
 70
     1
102
RTVSPropertyOp56
 70
     1
102
RTVSPropertyOp57
 70
     1
102
RTVSPropertyOp58
 70
     1
102
RTVSPropertyOp59
 70
     1
102
RTVSPropertyOp60
 70
     1
102
RTVSPropertyOp61
 70
     1
102
RTVSPropertyOp62
 70
     1
  0
XRECORD
  5
DBD
102
{ACAD_REACTORS
330
DBC
102
}
330
DBC
100
AcDbXrecord
280
     1
102
RTVSPost2010Prop28
280
     0
102
RTVSPost2010PropOp28
 70
     1
102
RTVSPost2010Prop29
280
     1
102
RTVSPost2010PropOp29
 70
     1
102
RTVSPost2010Prop30
280
     1
102
RTVSPost2010PropOp30
 70
     1
102
RTVSPost2010Prop31
280
     0
102
RTVSPost2010PropOp31
 70
     1
102
RTVSPost2010Prop32
280
     0
102
RTVSPost2010PropOp32
 70
     1
102
RTVSPost2010Prop33
280
     0
102
RTVSPost2010PropOp33
 70
     1
102
RTVSPost2010Prop34
280
     0
102
RTVSPost2010PropOp34
 70
     1
102
RTVSPost2010Prop35
280
     0
102
RTVSPost2010PropOp35
 70
     1
102
RTVSPost2010Prop36
280
     0
102
RTVSPost2010PropOp36
 70
     1
102
RTVSPost2010Prop37
 90
       50
102
RTVSPost2010PropOp37
 70
     1
102
RTVSPost2010Prop38
140
0.0
102
RTVSPost2010PropOp38
 70
     1
102
RTVSPost2010Prop39
140
1.0
102
RTVSPost2010PropOp39
 70
     1
102
RTVSPost2010Prop40
 90
        0
102
RTVSPost2010PropOp40
 70
     1
102
RTVSPost2010Prop41ColorIndex
 90
       18
102
RTVSPost2010Prop41ColorRGB
 90
        0
102
RTVSPost2010PropOp41
 70
     1
102
RTVSPost2010Prop42
 90
       50
102
RTVSPost2010PropOp42
 70
     1
102
RTVSPost2010Prop43
 90
        3
102
RTVSPost2010PropOp43
 70
     1
102
RTVSPost2010Prop44ColorIndex
 90
        5
102
RTVSPost2010Prop44ColorRGB
 90
      255
102
RTVSPost2010PropOp44
 70
     1
102
RTVSPost2010Prop45
280
     0
102
RTVSPost2010PropOp45
 70
     1
102
RTVSPost2010Prop46
 90
       50
102
RTVSPost2010PropOp46
 70
     1
102
RTVSPost2010Prop47
 90
       50
102
RTVSPost2010PropOp47
 70
     1
102
RTVSPost2010Prop48
 90
       50
102
RTVSPost2010PropOp48
 70
     1
102
RTVSPost2010Prop49
280
     0
102
RTVSPost2010PropOp49
 70
     1
102
RTVSPost2010Prop50
 90
       50
102
RTVSPost2010PropOp50
 70
     1
102
RTVSPost2010Prop51ColorIndex
 90
      256
102
RTVSPost2010Prop51ColorRGB
 90
-16777216
102
RTVSPost2010PropOp51
 70
     0
102
RTVSPost2010Prop52
140
1.0
102
RTVSPost2010PropOp52
 70
     0
102
RTVSPost2010Prop53
 90
        2
102
RTVSPost2010PropOp53
 70
     1
102
RTVSPost2010Prop54
  1
strokes_ogs.tif
102
RTVSPost2010PropOp54
 70
     1
102
RTVSPost2010Prop55
280
     0
102
RTVSPost2010PropOp55
 70
     1
102
RTVSPost2010Prop56
140
1.0
102
RTVSPost2010PropOp56
 70
     1
102
RTVSPost2010Prop57
140
1.0
102
RTVSPost2010PropOp57
 70
     1
102
RTVSPropertyOp0
 70
     1
102
RTVSPropertyOp1
 70
     1
102
RTVSPropertyOp2
 70
     1
102
RTVSPropertyOp3
 70
     1
102
RTVSPropertyOp4
 70
     1
102
RTVSPropertyOp5
 70
     1
102
RTVSPropertyOp6
 70
     1
102
RTVSPropertyOp7
 70
     1
102
RTVSPropertyOp8
 70
     1
102
RTVSPropertyOp9
 70
     1
102
RTVSPropertyOp10
 70
     1
102
RTVSPropertyOp11
 70
     1
102
RTVSPropertyOp12
 70
     1
102
RTVSPropertyOp13
 70
     1
102
RTVSPropertyOp14
 70
     1
102
RTVSPropertyOp15
 70
     1
102
RTVSPropertyOp16
 70
     1
102
RTVSPropertyOp17
 70
     1
102
RTVSPropertyOp18
 70
     1
102
RTVSPropertyOp19
 70
     1
102
RTVSPropertyOp20
 70
     1
102
RTVSPropertyOp21
 70
     1
102
RTVSPropertyOp22
 70
     1
102
RTVSPropertyOp23
 70
     1
102
RTVSPropertyOp24
 70
     1
102
RTVSPropertyOp25
 70
     1
102
RTVSPropertyOp26
 70
     1
102
RTVSPropertyOp27
 70
     1
102
RTVSPropertyOp28
 70
     1
102
RTVSPropertyOp29
 70
     1
102
RTVSPropertyOp30
 70
     1
102
RTVSPropertyOp31
 70
     1
102
RTVSPropertyOp32
 70
     1
102
RTVSPropertyOp33
 70
     1
102
RTVSPropertyOp34
 70
     1
102
RTVSPropertyOp35
 70
     1
102
RTVSPropertyOp36
 70
     1
102
RTVSPropertyOp37
 70
     1
102
RTVSPropertyOp38
 70
     1
102
RTVSPropertyOp39
 70
     1
102
RTVSPropertyOp40
 70
     1
102
RTVSPropertyOp41
 70
     1
102
RTVSPropertyOp42
 70
     1
102
RTVSPropertyOp43
 70
     1
102
RTVSPropertyOp44
 70
     1
102
RTVSPropertyOp45
 70
     1
102
RTVSPropertyOp46
 70
     1
102
RTVSPropertyOp47
 70
     1
102
RTVSPropertyOp48
 70
     1
102
RTVSPropertyOp49
 70
     1
102
RTVSPropertyOp50
 70
     1
102
RTVSPropertyOp51
 70
     0
102
RTVSPropertyOp52
 70
     0
102
RTVSPropertyOp53
 70
     1
102
RTVSPropertyOp54
 70
     1
102
RTVSPropertyOp55
 70
     1
102
RTVSPropertyOp56
 70
     1
102
RTVSPropertyOp57
 70
     1
102
RTVSPropertyOp58
 70
     1
102
RTVSPropertyOp59
 70
     1
102
RTVSPropertyOp60
 70
     1
102
RTVSPropertyOp61
 70
     1
102
RTVSPropertyOp62
 70
     1
  0
XRECORD
  5
DC5
102
{ACAD_REACTORS
330
DC4
102
}
330
DC4
100
AcDbXrecord
280
     1
102
RTVSPost2010Prop28
280
     0
102
RTVSPost2010PropOp28
 70
     1
102
RTVSPost2010Prop29
280
     1
102
RTVSPost2010PropOp29
 70
     1
102
RTVSPost2010Prop30
280
     1
102
RTVSPost2010PropOp30
 70
     1
102
RTVSPost2010Prop31
280
     0
102
RTVSPost2010PropOp31
 70
     1
102
RTVSPost2010Prop32
280
     0
102
RTVSPost2010PropOp32
 70
     1
102
RTVSPost2010Prop33
280
     0
102
RTVSPost2010PropOp33
 70
     1
102
RTVSPost2010Prop34
280
     0
102
RTVSPost2010PropOp34
 70
     1
102
RTVSPost2010Prop35
280
     0
102
RTVSPost2010PropOp35
 70
     1
102
RTVSPost2010Prop36
280
     0
102
RTVSPost2010PropOp36
 70
     1
102
RTVSPost2010Prop37
 90
       50
102
RTVSPost2010PropOp37
 70
     1
102
RTVSPost2010Prop38
140
0.0
102
RTVSPost2010PropOp38
 70
     1
102
RTVSPost2010Prop39
140
1.0
102
RTVSPost2010PropOp39
 70
     1
102
RTVSPost2010Prop40
 90
        0
102
RTVSPost2010PropOp40
 70
     1
102
RTVSPost2010Prop41ColorIndex
 90
       18
102
RTVSPost2010Prop41ColorRGB
 90
        0
102
RTVSPost2010PropOp41
 70
     1
102
RTVSPost2010Prop42
 90
       50
102
RTVSPost2010PropOp42
 70
     1
102
RTVSPost2010Prop43
 90
        3
102
RTVSPost2010PropOp43
 70
     1
102
RTVSPost2010Prop44ColorIndex
 90
        5
102
RTVSPost2010Prop44ColorRGB
 90
      255
102
RTVSPost2010PropOp44
 70
     1
102
RTVSPost2010Prop45
280
     0
102
RTVSPost2010PropOp45
 70
     1
102
RTVSPost2010Prop46
 90
       50
102
RTVSPost2010PropOp46
 70
     1
102
RTVSPost2010Prop47
 90
       50
102
RTVSPost2010PropOp47
 70
     1
102
RTVSPost2010Prop48
 90
       50
102
RTVSPost2010PropOp48
 70
     1
102
RTVSPost2010Prop49
280
     0
102
RTVSPost2010PropOp49
 70
     1
102
RTVSPost2010Prop50
 90
       50
102
RTVSPost2010PropOp50
 70
     1
102
RTVSPost2010Prop51ColorIndex
 90
      256
102
RTVSPost2010Prop51ColorRGB
 90
-16777216
102
RTVSPost2010PropOp51
 70
     0
102
RTVSPost2010Prop52
140
1.0
102
RTVSPost2010PropOp52
 70
     0
102
RTVSPost2010Prop53
 90
        2
102
RTVSPost2010PropOp53
 70
     1
102
RTVSPost2010Prop54
  1
strokes_ogs.tif
102
RTVSPost2010PropOp54
 70
     1
102
RTVSPost2010Prop55
280
     0
102
RTVSPost2010PropOp55
 70
     1
102
RTVSPost2010Prop56
140
1.0
102
RTVSPost2010PropOp56
 70
     1
102
RTVSPost2010Prop57
140
1.0
102
RTVSPost2010PropOp57
 70
     1
102
RTVSPropertyOp0
 70
     1
102
RTVSPropertyOp1
 70
     1
102
RTVSPropertyOp2
 70
     1
102
RTVSPropertyOp3
 70
     1
102
RTVSPropertyOp4
 70
     1
102
RTVSPropertyOp5
 70
     1
102
RTVSPropertyOp6
 70
     1
102
RTVSPropertyOp7
 70
     1
102
RTVSPropertyOp8
 70
     1
102
RTVSPropertyOp9
 70
     1
102
RTVSPropertyOp10
 70
     1
102
RTVSPropertyOp11
 70
     1
102
RTVSPropertyOp12
 70
     1
102
RTVSPropertyOp13
 70
     1
102
RTVSPropertyOp14
 70
     1
102
RTVSPropertyOp15
 70
     1
102
RTVSPropertyOp16
 70
     1
102
RTVSPropertyOp17
 70
     1
102
RTVSPropertyOp18
 70
     1
102
RTVSPropertyOp19
 70
     1
102
RTVSPropertyOp20
 70
     1
102
RTVSPropertyOp21
 70
     1
102
RTVSPropertyOp22
 70
     1
102
RTVSPropertyOp23
 70
     1
102
RTVSPropertyOp24
 70
     1
102
RTVSPropertyOp25
 70
     1
102
RTVSPropertyOp26
 70
     1
102
RTVSPropertyOp27
 70
     1
102
RTVSPropertyOp28
 70
     1
102
RTVSPropertyOp29
 70
     1
102
RTVSPropertyOp30
 70
     1
102
RTVSPropertyOp31
 70
     1
102
RTVSPropertyOp32
 70
     1
102
RTVSPropertyOp33
 70
     1
102
RTVSPropertyOp34
 70
     1
102
RTVSPropertyOp35
 70
     1
102
RTVSPropertyOp36
 70
     1
102
RTVSPropertyOp37
 70
     1
102
RTVSPropertyOp38
 70
     1
102
RTVSPropertyOp39
 70
     1
102
RTVSPropertyOp40
 70
     1
102
RTVSPropertyOp41
 70
     1
102
RTVSPropertyOp42
 70
     1
102
RTVSPropertyOp43
 70
     1
102
RTVSPropertyOp44
 70
     1
102
RTVSPropertyOp45
 70
     1
102
RTVSPropertyOp46
 70
     1
102
RTVSPropertyOp47
 70
     1
102
RTVSPropertyOp48
 70
     1
102
RTVSPropertyOp49
 70
     1
102
RTVSPropertyOp50
 70
     1
102
RTVSPropertyOp51
 70
     0
102
RTVSPropertyOp52
 70
     0
102
RTVSPropertyOp53
 70
     1
102
RTVSPropertyOp54
 70
     1
102
RTVSPropertyOp55
 70
     1
102
RTVSPropertyOp56
 70
     1
102
RTVSPropertyOp57
 70
     1
102
RTVSPropertyOp58
 70
     1
102
RTVSPropertyOp59
 70
     1
102
RTVSPropertyOp60
 70
     1
102
RTVSPropertyOp61
 70
     1
102
RTVSPropertyOp62
 70
     1
  0
XRECORD
  5
DB7
102
{ACAD_REACTORS
330
DB6
102
}
330
DB6
100
AcDbXrecord
280
     1
102
RTVSPost2010Prop28
280
     0
102
RTVSPost2010PropOp28
 70
     1
102
RTVSPost2010Prop29
280
     1
102
RTVSPost2010PropOp29
 70
     1
102
RTVSPost2010Prop30
280
     1
102
RTVSPost2010PropOp30
 70
     1
102
RTVSPost2010Prop31
280
     0
102
RTVSPost2010PropOp31
 70
     1
102
RTVSPost2010Prop32
280
     0
102
RTVSPost2010PropOp32
 70
     1
102
RTVSPost2010Prop33
280
     0
102
RTVSPost2010PropOp33
 70
     1
102
RTVSPost2010Prop34
280
     0
102
RTVSPost2010PropOp34
 70
     1
102
RTVSPost2010Prop35
280
     0
102
RTVSPost2010PropOp35
 70
     1
102
RTVSPost2010Prop36
280
     0
102
RTVSPost2010PropOp36
 70
     1
102
RTVSPost2010Prop37
 90
       50
102
RTVSPost2010PropOp37
 70
     1
102
RTVSPost2010Prop38
140
0.0
102
RTVSPost2010PropOp38
 70
     1
102
RTVSPost2010Prop39
140
1.0
102
RTVSPost2010PropOp39
 70
     1
102
RTVSPost2010Prop40
 90
        0
102
RTVSPost2010PropOp40
 70
     1
102
RTVSPost2010Prop41ColorIndex
 90
       18
102
RTVSPost2010Prop41ColorRGB
 90
        0
102
RTVSPost2010PropOp41
 70
     1
102
RTVSPost2010Prop42
 90
       50
102
RTVSPost2010PropOp42
 70
     1
102
RTVSPost2010Prop43
 90
        3
102
RTVSPost2010PropOp43
 70
     1
102
RTVSPost2010Prop44ColorIndex
 90
        5
102
RTVSPost2010Prop44ColorRGB
 90
      255
102
RTVSPost2010PropOp44
 70
     1
102
RTVSPost2010Prop45
280
     0
102
RTVSPost2010PropOp45
 70
     1
102
RTVSPost2010Prop46
 90
       50
102
RTVSPost2010PropOp46
 70
     1
102
RTVSPost2010Prop47
 90
       50
102
RTVSPost2010PropOp47
 70
     1
102
RTVSPost2010Prop48
 90
       50
102
RTVSPost2010PropOp48
 70
     1
102
RTVSPost2010Prop49
280
     0
102
RTVSPost2010PropOp49
 70
     1
102
RTVSPost2010Prop50
 90
       50
102
RTVSPost2010PropOp50
 70
     1
102
RTVSPost2010Prop51ColorIndex
 90
      256
102
RTVSPost2010Prop51ColorRGB
 90
-16777216
102
RTVSPost2010PropOp51
 70
     0
102
RTVSPost2010Prop52
140
1.0
102
RTVSPost2010PropOp52
 70
     0
102
RTVSPost2010Prop53
 90
        2
102
RTVSPost2010PropOp53
 70
     1
102
RTVSPost2010Prop54
  1
strokes_ogs.tif
102
RTVSPost2010PropOp54
 70
     1
102
RTVSPost2010Prop55
280
     0
102
RTVSPost2010PropOp55
 70
     1
102
RTVSPost2010Prop56
140
1.0
102
RTVSPost2010PropOp56
 70
     1
102
RTVSPost2010Prop57
140
1.0
102
RTVSPost2010PropOp57
 70
     1
102
RTVSPropertyOp0
 70
     1
102
RTVSPropertyOp1
 70
     1
102
RTVSPropertyOp2
 70
     1
102
RTVSPropertyOp3
 70
     1
102
RTVSPropertyOp4
 70
     1
102
RTVSPropertyOp5
 70
     1
102
RTVSPropertyOp6
 70
     1
102
RTVSPropertyOp7
 70
     1
102
RTVSPropertyOp8
 70
     1
102
RTVSPropertyOp9
 70
     1
102
RTVSPropertyOp10
 70
     1
102
RTVSPropertyOp11
 70
     1
102
RTVSPropertyOp12
 70
     1
102
RTVSPropertyOp13
 70
     1
102
RTVSPropertyOp14
 70
     1
102
RTVSPropertyOp15
 70
     1
102
RTVSPropertyOp16
 70
     1
102
RTVSPropertyOp17
 70
     1
102
RTVSPropertyOp18
 70
     1
102
RTVSPropertyOp19
 70
     1
102
RTVSPropertyOp20
 70
     1
102
RTVSPropertyOp21
 70
     1
102
RTVSPropertyOp22
 70
     1
102
RTVSPropertyOp23
 70
     1
102
RTVSPropertyOp24
 70
     1
102
RTVSPropertyOp25
 70
     1
102
RTVSPropertyOp26
 70
     1
102
RTVSPropertyOp27
 70
     1
102
RTVSPropertyOp28
 70
     1
102
RTVSPropertyOp29
 70
     1
102
RTVSPropertyOp30
 70
     1
102
RTVSPropertyOp31
 70
     1
102
RTVSPropertyOp32
 70
     1
102
RTVSPropertyOp33
 70
     1
102
RTVSPropertyOp34
 70
     1
102
RTVSPropertyOp35
 70
     1
102
RTVSPropertyOp36
 70
     1
102
RTVSPropertyOp37
 70
     1
102
RTVSPropertyOp38
 70
     1
102
RTVSPropertyOp39
 70
     1
102
RTVSPropertyOp40
 70
     1
102
RTVSPropertyOp41
 70
     1
102
RTVSPropertyOp42
 70
     1
102
RTVSPropertyOp43
 70
     1
102
RTVSPropertyOp44
 70
     1
102
RTVSPropertyOp45
 70
     1
102
RTVSPropertyOp46
 70
     1
102
RTVSPropertyOp47
 70
     1
102
RTVSPropertyOp48
 70
     1
102
RTVSPropertyOp49
 70
     1
102
RTVSPropertyOp50
 70
     1
102
RTVSPropertyOp51
 70
     0
102
RTVSPropertyOp52
 70
     0
102
RTVSPropertyOp53
 70
     1
102
RTVSPropertyOp54
 70
     1
102
RTVSPropertyOp55
 70
     1
102
RTVSPropertyOp56
 70
     1
102
RTVSPropertyOp57
 70
     1
102
RTVSPropertyOp58
 70
     1
102
RTVSPropertyOp59
 70
     1
102
RTVSPropertyOp60
 70
     1
102
RTVSPropertyOp61
 70
     1
102
RTVSPropertyOp62
 70
     1
  0
XRECORD
  5
DBB
102
{ACAD_REACTORS
330
DBA
102
}
330
DBA
100
AcDbXrecord
280
     1
102
RTVSPost2010Prop28
280
     0
102
RTVSPost2010PropOp28
 70
     1
102
RTVSPost2010Prop29
280
     1
102
RTVSPost2010PropOp29
 70
     1
102
RTVSPost2010Prop30
280
     1
102
RTVSPost2010PropOp30
 70
     1
102
RTVSPost2010Prop31
280
     0
102
RTVSPost2010PropOp31
 70
     1
102
RTVSPost2010Prop32
280
     0
102
RTVSPost2010PropOp32
 70
     1
102
RTVSPost2010Prop33
280
     0
102
RTVSPost2010PropOp33
 70
     1
102
RTVSPost2010Prop34
280
     0
102
RTVSPost2010PropOp34
 70
     1
102
RTVSPost2010Prop35
280
     0
102
RTVSPost2010PropOp35
 70
     1
102
RTVSPost2010Prop36
280
     0
102
RTVSPost2010PropOp36
 70
     1
102
RTVSPost2010Prop37
 90
       50
102
RTVSPost2010PropOp37
 70
     1
102
RTVSPost2010Prop38
140
0.0
102
RTVSPost2010PropOp38
 70
     1
102
RTVSPost2010Prop39
140
1.0
102
RTVSPost2010PropOp39
 70
     1
102
RTVSPost2010Prop40
 90
        0
102
RTVSPost2010PropOp40
 70
     1
102
RTVSPost2010Prop41ColorIndex
 90
       18
102
RTVSPost2010Prop41ColorRGB
 90
        0
102
RTVSPost2010PropOp41
 70
     1
102
RTVSPost2010Prop42
 90
       50
102
RTVSPost2010PropOp42
 70
     1
102
RTVSPost2010Prop43
 90
        3
102
RTVSPost2010PropOp43
 70
     1
102
RTVSPost2010Prop44ColorIndex
 90
        5
102
RTVSPost2010Prop44ColorRGB
 90
      255
102
RTVSPost2010PropOp44
 70
     1
102
RTVSPost2010Prop45
280
     0
102
RTVSPost2010PropOp45
 70
     1
102
RTVSPost2010Prop46
 90
       50
102
RTVSPost2010PropOp46
 70
     1
102
RTVSPost2010Prop47
 90
       50
102
RTVSPost2010PropOp47
 70
     1
102
RTVSPost2010Prop48
 90
       50
102
RTVSPost2010PropOp48
 70
     1
102
RTVSPost2010Prop49
280
     0
102
RTVSPost2010PropOp49
 70
     1
102
RTVSPost2010Prop50
 90
       50
102
RTVSPost2010PropOp50
 70
     1
102
RTVSPost2010Prop51ColorIndex
 90
      256
102
RTVSPost2010Prop51ColorRGB
 90
-16777216
102
RTVSPost2010PropOp51
 70
     0
102
RTVSPost2010Prop52
140
1.0
102
RTVSPost2010PropOp52
 70
     0
102
RTVSPost2010Prop53
 90
        2
102
RTVSPost2010PropOp53
 70
     1
102
RTVSPost2010Prop54
  1
strokes_ogs.tif
102
RTVSPost2010PropOp54
 70
     1
102
RTVSPost2010Prop55
280
     0
102
RTVSPost2010PropOp55
 70
     1
102
RTVSPost2010Prop56
140
1.0
102
RTVSPost2010PropOp56
 70
     1
102
RTVSPost2010Prop57
140
1.0
102
RTVSPost2010PropOp57
 70
     1
102
RTVSPropertyOp0
 70
     1
102
RTVSPropertyOp1
 70
     1
102
RTVSPropertyOp2
 70
     1
102
RTVSPropertyOp3
 70
     1
102
RTVSPropertyOp4
 70
     1
102
RTVSPropertyOp5
 70
     1
102
RTVSPropertyOp6
 70
     1
102
RTVSPropertyOp7
 70
     1
102
RTVSPropertyOp8
 70
     1
102
RTVSPropertyOp9
 70
     1
102
RTVSPropertyOp10
 70
     1
102
RTVSPropertyOp11
 70
     1
102
RTVSPropertyOp12
 70
     1
102
RTVSPropertyOp13
 70
     1
102
RTVSPropertyOp14
 70
     1
102
RTVSPropertyOp15
 70
     1
102
RTVSPropertyOp16
 70
     1
102
RTVSPropertyOp17
 70
     1
102
RTVSPropertyOp18
 70
     1
102
RTVSPropertyOp19
 70
     1
102
RTVSPropertyOp20
 70
     1
102
RTVSPropertyOp21
 70
     1
102
RTVSPropertyOp22
 70
     1
102
RTVSPropertyOp23
 70
     1
102
RTVSPropertyOp24
 70
     1
102
RTVSPropertyOp25
 70
     1
102
RTVSPropertyOp26
 70
     1
102
RTVSPropertyOp27
 70
     1
102
RTVSPropertyOp28
 70
     1
102
RTVSPropertyOp29
 70
     1
102
RTVSPropertyOp30
 70
     1
102
RTVSPropertyOp31
 70
     1
102
RTVSPropertyOp32
 70
     1
102
RTVSPropertyOp33
 70
     1
102
RTVSPropertyOp34
 70
     1
102
RTVSPropertyOp35
 70
     1
102
RTVSPropertyOp36
 70
     1
102
RTVSPropertyOp37
 70
     1
102
RTVSPropertyOp38
 70
     1
102
RTVSPropertyOp39
 70
     1
102
RTVSPropertyOp40
 70
     1
102
RTVSPropertyOp41
 70
     1
102
RTVSPropertyOp42
 70
     1
102
RTVSPropertyOp43
 70
     1
102
RTVSPropertyOp44
 70
     1
102
RTVSPropertyOp45
 70
     1
102
RTVSPropertyOp46
 70
     1
102
RTVSPropertyOp47
 70
     1
102
RTVSPropertyOp48
 70
     1
102
RTVSPropertyOp49
 70
     1
102
RTVSPropertyOp50
 70
     1
102
RTVSPropertyOp51
 70
     0
102
RTVSPropertyOp52
 70
     0
102
RTVSPropertyOp53
 70
     1
102
RTVSPropertyOp54
 70
     1
102
RTVSPropertyOp55
 70
     1
102
RTVSPropertyOp56
 70
     1
102
RTVSPropertyOp57
 70
     1
102
RTVSPropertyOp58
 70
     1
102
RTVSPropertyOp59
 70
     1
102
RTVSPropertyOp60
 70
     1
102
RTVSPropertyOp61
 70
     1
102
RTVSPropertyOp62
 70
     1
  0
XRECORD
  5
DD9
102
{ACAD_REACTORS
330
DD8
102
}
330
DD8
100
AcDbXrecord
280
     1
102
RTVSPost2010Prop28
280
     0
102
RTVSPost2010PropOp28
 70
     1
102
RTVSPost2010Prop29
280
     1
102
RTVSPost2010PropOp29
 70
     1
102
RTVSPost2010Prop30
280
     1
102
RTVSPost2010PropOp30
 70
     1
102
RTVSPost2010Prop31
280
     0
102
RTVSPost2010PropOp31
 70
     1
102
RTVSPost2010Prop32
280
     0
102
RTVSPost2010PropOp32
 70
     1
102
RTVSPost2010Prop33
280
     0
102
RTVSPost2010PropOp33
 70
     1
102
RTVSPost2010Prop34
280
     0
102
RTVSPost2010PropOp34
 70
     1
102
RTVSPost2010Prop35
280
     0
102
RTVSPost2010PropOp35
 70
     1
102
RTVSPost2010Prop36
280
     0
102
RTVSPost2010PropOp36
 70
     1
102
RTVSPost2010Prop37
 90
       50
102
RTVSPost2010PropOp37
 70
     0
102
RTVSPost2010Prop38
140
0.0
102
RTVSPost2010PropOp38
 70
     0
102
RTVSPost2010Prop39
140
1.0
102
RTVSPost2010PropOp39
 70
     0
102
RTVSPost2010Prop40
 90
        0
102
RTVSPost2010PropOp40
 70
     0
102
RTVSPost2010Prop41ColorIndex
 90
       18
102
RTVSPost2010Prop41ColorRGB
 90
        0
102
RTVSPost2010PropOp41
 70
     0
102
RTVSPost2010Prop42
 90
       50
102
RTVSPost2010PropOp42
 70
     0
102
RTVSPost2010Prop43
 90
        3
102
RTVSPost2010PropOp43
 70
     0
102
RTVSPost2010Prop44ColorIndex
 90
        5
102
RTVSPost2010Prop44ColorRGB
 90
      255
102
RTVSPost2010PropOp44
 70
     0
102
RTVSPost2010Prop45
280
     0
102
RTVSPost2010PropOp45
 70
     1
102
RTVSPost2010Prop46
 90
       50
102
RTVSPost2010PropOp46
 70
     0
102
RTVSPost2010Prop47
 90
       50
102
RTVSPost2010PropOp47
 70
     0
102
RTVSPost2010Prop48
 90
       50
102
RTVSPost2010PropOp48
 70
     0
102
RTVSPost2010Prop49
280
     0
102
RTVSPost2010PropOp49
 70
     1
102
RTVSPost2010Prop50
 90
       50
102
RTVSPost2010PropOp50
 70
     0
102
RTVSPost2010Prop51ColorIndex
 90
      256
102
RTVSPost2010Prop51ColorRGB
 90
-16777216
102
RTVSPost2010PropOp51
 70
     0
102
RTVSPost2010Prop52
140
1.0
102
RTVSPost2010PropOp52
 70
     0
102
RTVSPost2010Prop53
 90
        2
102
RTVSPost2010PropOp53
 70
     0
102
RTVSPost2010Prop54
  1
strokes_ogs.tif
102
RTVSPost2010PropOp54
 70
     0
102
RTVSPost2010Prop55
280
     0
102
RTVSPost2010PropOp55
 70
     1
102
RTVSPost2010Prop56
140
1.0
102
RTVSPost2010PropOp56
 70
     0
102
RTVSPost2010Prop57
140
1.0
102
RTVSPost2010PropOp57
 70
     0
102
RTVSPropertyOp0
 70
     0
102
RTVSPropertyOp1
 70
     0
102
RTVSPropertyOp2
 70
     0
102
RTVSPropertyOp3
 70
     0
102
RTVSPropertyOp4
 70
     0
102
RTVSPropertyOp5
 70
     0
102
RTVSPropertyOp6
 70
     0
102
RTVSPropertyOp7
 70
     0
102
RTVSPropertyOp8
 70
     0
102
RTVSPropertyOp9
 70
     0
102
RTVSPropertyOp10
 70
     0
102
RTVSPropertyOp11
 70
     0
102
RTVSPropertyOp12
 70
     0
102
RTVSPropertyOp13
 70
     0
102
RTVSPropertyOp14
 70
     2
102
RTVSPropertyOp15
 70
     0
102
RTVSPropertyOp16
 70
     0
102
RTVSPropertyOp17
 70
     0
102
RTVSPropertyOp18
 70
     0
102
RTVSPropertyOp19
 70
     0
102
RTVSPropertyOp20
 70
     0
102
RTVSPropertyOp21
 70
     0
102
RTVSPropertyOp22
 70
     0
102
RTVSPropertyOp23
 70
     0
102
RTVSPropertyOp24
 70
     0
102
RTVSPropertyOp25
 70
     0
102
RTVSPropertyOp26
 70
     0
102
RTVSPropertyOp27
 70
     0
102
RTVSPropertyOp28
 70
     1
102
RTVSPropertyOp29
 70
     1
102
RTVSPropertyOp30
 70
     1
102
RTVSPropertyOp31
 70
     1
102
RTVSPropertyOp32
 70
     1
102
RTVSPropertyOp33
 70
     1
102
RTVSPropertyOp34
 70
     1
102
RTVSPropertyOp35
 70
     1
102
RTVSPropertyOp36
 70
     1
102
RTVSPropertyOp37
 70
     0
102
RTVSPropertyOp38
 70
     0
102
RTVSPropertyOp39
 70
     0
102
RTVSPropertyOp40
 70
     0
102
RTVSPropertyOp41
 70
     0
102
RTVSPropertyOp42
 70
     0
102
RTVSPropertyOp43
 70
     0
102
RTVSPropertyOp44
 70
     0
102
RTVSPropertyOp45
 70
     1
102
RTVSPropertyOp46
 70
     0
102
RTVSPropertyOp47
 70
     0
102
RTVSPropertyOp48
 70
     0
102
RTVSPropertyOp49
 70
     1
102
RTVSPropertyOp50
 70
     0
102
RTVSPropertyOp51
 70
     0
102
RTVSPropertyOp52
 70
     0
102
RTVSPropertyOp53
 70
     0
102
RTVSPropertyOp54
 70
     0
102
RTVSPropertyOp55
 70
     1
102
RTVSPropertyOp56
 70
     0
102
RTVSPropertyOp57
 70
     0
102
RTVSPropertyOp58
 70
     0
102
RTVSPropertyOp59
 70
     0
102
RTVSPropertyOp60
 70
     0
102
RTVSPropertyOp61
 70
     0
102
RTVSPropertyOp62
 70
     0
  0
XRECORD
  5
DC3
102
{ACAD_REACTORS
330
DC2
102
}
330
DC2
100
AcDbXrecord
280
     1
102
RTVSPost2010Prop28
280
     0
102
RTVSPost2010PropOp28
 70
     1
102
RTVSPost2010Prop29
280
     1
102
RTVSPost2010PropOp29
 70
     1
102
RTVSPost2010Prop30
280
     1
102
RTVSPost2010PropOp30
 70
     1
102
RTVSPost2010Prop31
280
     0
102
RTVSPost2010PropOp31
 70
     1
102
RTVSPost2010Prop32
280
     0
102
RTVSPost2010PropOp32
 70
     1
102
RTVSPost2010Prop33
280
     0
102
RTVSPost2010PropOp33
 70
     1
102
RTVSPost2010Prop34
280
     0
102
RTVSPost2010PropOp34
 70
     1
102
RTVSPost2010Prop35
280
     0
102
RTVSPost2010PropOp35
 70
     1
102
RTVSPost2010Prop36
280
     0
102
RTVSPost2010PropOp36
 70
     1
102
RTVSPost2010Prop37
 90
       50
102
RTVSPost2010PropOp37
 70
     1
102
RTVSPost2010Prop38
140
0.0
102
RTVSPost2010PropOp38
 70
     1
102
RTVSPost2010Prop39
140
1.0
102
RTVSPost2010PropOp39
 70
     1
102
RTVSPost2010Prop40
 90
        0
102
RTVSPost2010PropOp40
 70
     1
102
RTVSPost2010Prop41ColorIndex
 90
       18
102
RTVSPost2010Prop41ColorRGB
 90
        0
102
RTVSPost2010PropOp41
 70
     1
102
RTVSPost2010Prop42
 90
       50
102
RTVSPost2010PropOp42
 70
     1
102
RTVSPost2010Prop43
 90
        3
102
RTVSPost2010PropOp43
 70
     1
102
RTVSPost2010Prop44ColorIndex
 90
        5
102
RTVSPost2010Prop44ColorRGB
 90
      255
102
RTVSPost2010PropOp44
 70
     1
102
RTVSPost2010Prop45
280
     0
102
RTVSPost2010PropOp45
 70
     1
102
RTVSPost2010Prop46
 90
       50
102
RTVSPost2010PropOp46
 70
     1
102
RTVSPost2010Prop47
 90
       50
102
RTVSPost2010PropOp47
 70
     1
102
RTVSPost2010Prop48
 90
       50
102
RTVSPost2010PropOp48
 70
     1
102
RTVSPost2010Prop49
280
     0
102
RTVSPost2010PropOp49
 70
     1
102
RTVSPost2010Prop50
 90
       50
102
RTVSPost2010PropOp50
 70
     1
102
RTVSPost2010Prop51ColorIndex
 90
      256
102
RTVSPost2010Prop51ColorRGB
 90
-16777216
102
RTVSPost2010PropOp51
 70
     0
102
RTVSPost2010Prop52
140
1.0
102
RTVSPost2010PropOp52
 70
     0
102
RTVSPost2010Prop53
 90
        2
102
RTVSPost2010PropOp53
 70
     1
102
RTVSPost2010Prop54
  1
strokes_ogs.tif
102
RTVSPost2010PropOp54
 70
     1
102
RTVSPost2010Prop55
280
     0
102
RTVSPost2010PropOp55
 70
     1
102
RTVSPost2010Prop56
140
1.0
102
RTVSPost2010PropOp56
 70
     1
102
RTVSPost2010Prop57
140
1.0
102
RTVSPost2010PropOp57
 70
     1
102
RTVSPropertyOp0
 70
     1
102
RTVSPropertyOp1
 70
     1
102
RTVSPropertyOp2
 70
     1
102
RTVSPropertyOp3
 70
     1
102
RTVSPropertyOp4
 70
     1
102
RTVSPropertyOp5
 70
     1
102
RTVSPropertyOp6
 70
     1
102
RTVSPropertyOp7
 70
     1
102
RTVSPropertyOp8
 70
     1
102
RTVSPropertyOp9
 70
     1
102
RTVSPropertyOp10
 70
     1
102
RTVSPropertyOp11
 70
     1
102
RTVSPropertyOp12
 70
     1
102
RTVSPropertyOp13
 70
     1
102
RTVSPropertyOp14
 70
     1
102
RTVSPropertyOp15
 70
     1
102
RTVSPropertyOp16
 70
     1
102
RTVSPropertyOp17
 70
     1
102
RTVSPropertyOp18
 70
     1
102
RTVSPropertyOp19
 70
     1
102
RTVSPropertyOp20
 70
     1
102
RTVSPropertyOp21
 70
     1
102
RTVSPropertyOp22
 70
     1
102
RTVSPropertyOp23
 70
     1
102
RTVSPropertyOp24
 70
     1
102
RTVSPropertyOp25
 70
     1
102
RTVSPropertyOp26
 70
     1
102
RTVSPropertyOp27
 70
     1
102
RTVSPropertyOp28
 70
     1
102
RTVSPropertyOp29
 70
     1
102
RTVSPropertyOp30
 70
     1
102
RTVSPropertyOp31
 70
     1
102
RTVSPropertyOp32
 70
     1
102
RTVSPropertyOp33
 70
     1
102
RTVSPropertyOp34
 70
     1
102
RTVSPropertyOp35
 70
     1
102
RTVSPropertyOp36
 70
     1
102
RTVSPropertyOp37
 70
     1
102
RTVSPropertyOp38
 70
     1
102
RTVSPropertyOp39
 70
     1
102
RTVSPropertyOp40
 70
     1
102
RTVSPropertyOp41
 70
     1
102
RTVSPropertyOp42
 70
     1
102
RTVSPropertyOp43
 70
     1
102
RTVSPropertyOp44
 70
     1
102
RTVSPropertyOp45
 70
     1
102
RTVSPropertyOp46
 70
     1
102
RTVSPropertyOp47
 70
     1
102
RTVSPropertyOp48
 70
     1
102
RTVSPropertyOp49
 70
     1
102
RTVSPropertyOp50
 70
     1
102
RTVSPropertyOp51
 70
     0
102
RTVSPropertyOp52
 70
     0
102
RTVSPropertyOp53
 70
     1
102
RTVSPropertyOp54
 70
     1
102
RTVSPropertyOp55
 70
     1
102
RTVSPropertyOp56
 70
     1
102
RTVSPropertyOp57
 70
     1
102
RTVSPropertyOp58
 70
     1
102
RTVSPropertyOp59
 70
     1
102
RTVSPropertyOp60
 70
     1
102
RTVSPropertyOp61
 70
     1
102
RTVSPropertyOp62
 70
     1
  0
XRECORD
  5
DA7
102
{ACAD_REACTORS
330
DA6
102
}
330
DA6
100
AcDbXrecord
280
     1
102
RTVSPost2010Prop28
280
     0
102
RTVSPost2010PropOp28
 70
     1
102
RTVSPost2010Prop29
280
     1
102
RTVSPost2010PropOp29
 70
     1
102
RTVSPost2010Prop30
280
     1
102
RTVSPost2010PropOp30
 70
     1
102
RTVSPost2010Prop31
280
     0
102
RTVSPost2010PropOp31
 70
     1
102
RTVSPost2010Prop32
280
     0
102
RTVSPost2010PropOp32
 70
     1
102
RTVSPost2010Prop33
280
     0
102
RTVSPost2010PropOp33
 70
     1
102
RTVSPost2010Prop34
280
     0
102
RTVSPost2010PropOp34
 70
     1
102
RTVSPost2010Prop35
280
     0
102
RTVSPost2010PropOp35
 70
     1
102
RTVSPost2010Prop36
280
     0
102
RTVSPost2010PropOp36
 70
     1
102
RTVSPost2010Prop37
 90
       50
102
RTVSPost2010PropOp37
 70
     1
102
RTVSPost2010Prop38
140
0.0
102
RTVSPost2010PropOp38
 70
     1
102
RTVSPost2010Prop39
140
1.0
102
RTVSPost2010PropOp39
 70
     1
102
RTVSPost2010Prop40
 90
        0
102
RTVSPost2010PropOp40
 70
     1
102
RTVSPost2010Prop41ColorIndex
 90
       18
102
RTVSPost2010Prop41ColorRGB
 90
        0
102
RTVSPost2010PropOp41
 70
     1
102
RTVSPost2010Prop42
 90
       50
102
RTVSPost2010PropOp42
 70
     1
102
RTVSPost2010Prop43
 90
        3
102
RTVSPost2010PropOp43
 70
     1
102
RTVSPost2010Prop44ColorIndex
 90
        5
102
RTVSPost2010Prop44ColorRGB
 90
      255
102
RTVSPost2010PropOp44
 70
     1
102
RTVSPost2010Prop45
280
     0
102
RTVSPost2010PropOp45
 70
     1
102
RTVSPost2010Prop46
 90
       50
102
RTVSPost2010PropOp46
 70
     1
102
RTVSPost2010Prop47
 90
       50
102
RTVSPost2010PropOp47
 70
     1
102
RTVSPost2010Prop48
 90
       50
102
RTVSPost2010PropOp48
 70
     1
102
RTVSPost2010Prop49
280
     0
102
RTVSPost2010PropOp49
 70
     1
102
RTVSPost2010Prop50
 90
       50
102
RTVSPost2010PropOp50
 70
     1
102
RTVSPost2010Prop51ColorIndex
 90
      256
102
RTVSPost2010Prop51ColorRGB
 90
-16777216
102
RTVSPost2010PropOp51
 70
     0
102
RTVSPost2010Prop52
140
1.0
102
RTVSPost2010PropOp52
 70
     0
102
RTVSPost2010Prop53
 90
        2
102
RTVSPost2010PropOp53
 70
     1
102
RTVSPost2010Prop54
  1
strokes_ogs.tif
102
RTVSPost2010PropOp54
 70
     1
102
RTVSPost2010Prop55
280
     0
102
RTVSPost2010PropOp55
 70
     1
102
RTVSPost2010Prop56
140
1.0
102
RTVSPost2010PropOp56
 70
     1
102
RTVSPost2010Prop57
140
1.0
102
RTVSPost2010PropOp57
 70
     1
102
RTVSPropertyOp0
 70
     1
102
RTVSPropertyOp1
 70
     1
102
RTVSPropertyOp2
 70
     1
102
RTVSPropertyOp3
 70
     1
102
RTVSPropertyOp4
 70
     1
102
RTVSPropertyOp5
 70
     1
102
RTVSPropertyOp6
 70
     1
102
RTVSPropertyOp7
 70
     1
102
RTVSPropertyOp8
 70
     1
102
RTVSPropertyOp9
 70
     1
102
RTVSPropertyOp10
 70
     1
102
RTVSPropertyOp11
 70
     1
102
RTVSPropertyOp12
 70
     1
102
RTVSPropertyOp13
 70
     1
102
RTVSPropertyOp14
 70
     1
102
RTVSPropertyOp15
 70
     1
102
RTVSPropertyOp16
 70
     1
102
RTVSPropertyOp17
 70
     1
102
RTVSPropertyOp18
 70
     1
102
RTVSPropertyOp19
 70
     1
102
RTVSPropertyOp20
 70
     1
102
RTVSPropertyOp21
 70
     1
102
RTVSPropertyOp22
 70
     1
102
RTVSPropertyOp23
 70
     1
102
RTVSPropertyOp24
 70
     1
102
RTVSPropertyOp25
 70
     1
102
RTVSPropertyOp26
 70
     1
102
RTVSPropertyOp27
 70
     1
102
RTVSPropertyOp28
 70
     1
102
RTVSPropertyOp29
 70
     1
102
RTVSPropertyOp30
 70
     1
102
RTVSPropertyOp31
 70
     1
102
RTVSPropertyOp32
 70
     1
102
RTVSPropertyOp33
 70
     1
102
RTVSPropertyOp34
 70
     1
102
RTVSPropertyOp35
 70
     1
102
RTVSPropertyOp36
 70
     1
102
RTVSPropertyOp37
 70
     1
102
RTVSPropertyOp38
 70
     1
102
RTVSPropertyOp39
 70
     1
102
RTVSPropertyOp40
 70
     1
102
RTVSPropertyOp41
 70
     1
102
RTVSPropertyOp42
 70
     1
102
RTVSPropertyOp43
 70
     1
102
RTVSPropertyOp44
 70
     1
102
RTVSPropertyOp45
 70
     1
102
RTVSPropertyOp46
 70
     1
102
RTVSPropertyOp47
 70
     1
102
RTVSPropertyOp48
 70
     1
102
RTVSPropertyOp49
 70
     1
102
RTVSPropertyOp50
 70
     1
102
RTVSPropertyOp51
 70
     0
102
RTVSPropertyOp52
 70
     0
102
RTVSPropertyOp53
 70
     1
102
RTVSPropertyOp54
 70
     1
102
RTVSPropertyOp55
 70
     1
102
RTVSPropertyOp56
 70
     1
102
RTVSPropertyOp57
 70
     1
102
RTVSPropertyOp58
 70
     1
102
RTVSPropertyOp59
 70
     1
102
RTVSPropertyOp60
 70
     1
102
RTVSPropertyOp61
 70
     1
102
RTVSPropertyOp62
 70
     1
  0
XRECORD
  5
DA9
102
{ACAD_REACTORS
330
DA8
102
}
330
DA8
100
AcDbXrecord
280
     1
102
RTVSPost2010Prop28
280
     0
102
RTVSPost2010PropOp28
 70
     1
102
RTVSPost2010Prop29
280
     1
102
RTVSPost2010PropOp29
 70
     1
102
RTVSPost2010Prop30
280
     1
102
RTVSPost2010PropOp30
 70
     1
102
RTVSPost2010Prop31
280
     0
102
RTVSPost2010PropOp31
 70
     1
102
RTVSPost2010Prop32
280
     0
102
RTVSPost2010PropOp32
 70
     1
102
RTVSPost2010Prop33
280
     0
102
RTVSPost2010PropOp33
 70
     1
102
RTVSPost2010Prop34
280
     0
102
RTVSPost2010PropOp34
 70
     1
102
RTVSPost2010Prop35
280
     0
102
RTVSPost2010PropOp35
 70
     1
102
RTVSPost2010Prop36
280
     0
102
RTVSPost2010PropOp36
 70
     1
102
RTVSPost2010Prop37
 90
       50
102
RTVSPost2010PropOp37
 70
     1
102
RTVSPost2010Prop38
140
0.0
102
RTVSPost2010PropOp38
 70
     1
102
RTVSPost2010Prop39
140
1.0
102
RTVSPost2010PropOp39
 70
     1
102
RTVSPost2010Prop40
 90
        0
102
RTVSPost2010PropOp40
 70
     1
102
RTVSPost2010Prop41ColorIndex
 90
       18
102
RTVSPost2010Prop41ColorRGB
 90
        0
102
RTVSPost2010PropOp41
 70
     1
102
RTVSPost2010Prop42
 90
       50
102
RTVSPost2010PropOp42
 70
     1
102
RTVSPost2010Prop43
 90
        3
102
RTVSPost2010PropOp43
 70
     1
102
RTVSPost2010Prop44ColorIndex
 90
        5
102
RTVSPost2010Prop44ColorRGB
 90
      255
102
RTVSPost2010PropOp44
 70
     1
102
RTVSPost2010Prop45
280
     0
102
RTVSPost2010PropOp45
 70
     1
102
RTVSPost2010Prop46
 90
       50
102
RTVSPost2010PropOp46
 70
     1
102
RTVSPost2010Prop47
 90
       50
102
RTVSPost2010PropOp47
 70
     1
102
RTVSPost2010Prop48
 90
       50
102
RTVSPost2010PropOp48
 70
     1
102
RTVSPost2010Prop49
280
     0
102
RTVSPost2010PropOp49
 70
     1
102
RTVSPost2010Prop50
 90
       50
102
RTVSPost2010PropOp50
 70
     1
102
RTVSPost2010Prop51ColorIndex
 90
      256
102
RTVSPost2010Prop51ColorRGB
 90
-16777216
102
RTVSPost2010PropOp51
 70
     0
102
RTVSPost2010Prop52
140
1.0
102
RTVSPost2010PropOp52
 70
     0
102
RTVSPost2010Prop53
 90
        2
102
RTVSPost2010PropOp53
 70
     1
102
RTVSPost2010Prop54
  1
strokes_ogs.tif
102
RTVSPost2010PropOp54
 70
     1
102
RTVSPost2010Prop55
280
     0
102
RTVSPost2010PropOp55
 70
     1
102
RTVSPost2010Prop56
140
1.0
102
RTVSPost2010PropOp56
 70
     1
102
RTVSPost2010Prop57
140
1.0
102
RTVSPost2010PropOp57
 70
     1
102
RTVSPropertyOp0
 70
     1
102
RTVSPropertyOp1
 70
     1
102
RTVSPropertyOp2
 70
     1
102
RTVSPropertyOp3
 70
     1
102
RTVSPropertyOp4
 70
     1
102
RTVSPropertyOp5
 70
     1
102
RTVSPropertyOp6
 70
     1
102
RTVSPropertyOp7
 70
     1
102
RTVSPropertyOp8
 70
     1
102
RTVSPropertyOp9
 70
     1
102
RTVSPropertyOp10
 70
     1
102
RTVSPropertyOp11
 70
     1
102
RTVSPropertyOp12
 70
     1
102
RTVSPropertyOp13
 70
     1
102
RTVSPropertyOp14
 70
     1
102
RTVSPropertyOp15
 70
     1
102
RTVSPropertyOp16
 70
     1
102
RTVSPropertyOp17
 70
     1
102
RTVSPropertyOp18
 70
     1
102
RTVSPropertyOp19
 70
     1
102
RTVSPropertyOp20
 70
     1
102
RTVSPropertyOp21
 70
     1
102
RTVSPropertyOp22
 70
     1
102
RTVSPropertyOp23
 70
     1
102
RTVSPropertyOp24
 70
     1
102
RTVSPropertyOp25
 70
     1
102
RTVSPropertyOp26
 70
     1
102
RTVSPropertyOp27
 70
     1
102
RTVSPropertyOp28
 70
     1
102
RTVSPropertyOp29
 70
     1
102
RTVSPropertyOp30
 70
     1
102
RTVSPropertyOp31
 70
     1
102
RTVSPropertyOp32
 70
     1
102
RTVSPropertyOp33
 70
     1
102
RTVSPropertyOp34
 70
     1
102
RTVSPropertyOp35
 70
     1
102
RTVSPropertyOp36
 70
     1
102
RTVSPropertyOp37
 70
     1
102
RTVSPropertyOp38
 70
     1
102
RTVSPropertyOp39
 70
     1
102
RTVSPropertyOp40
 70
     1
102
RTVSPropertyOp41
 70
     1
102
RTVSPropertyOp42
 70
     1
102
RTVSPropertyOp43
 70
     1
102
RTVSPropertyOp44
 70
     1
102
RTVSPropertyOp45
 70
     1
102
RTVSPropertyOp46
 70
     1
102
RTVSPropertyOp47
 70
     1
102
RTVSPropertyOp48
 70
     1
102
RTVSPropertyOp49
 70
     1
102
RTVSPropertyOp50
 70
     1
102
RTVSPropertyOp51
 70
     0
102
RTVSPropertyOp52
 70
     0
102
RTVSPropertyOp53
 70
     1
102
RTVSPropertyOp54
 70
     1
102
RTVSPropertyOp55
 70
     1
102
RTVSPropertyOp56
 70
     1
102
RTVSPropertyOp57
 70
     1
102
RTVSPropertyOp58
 70
     1
102
RTVSPropertyOp59
 70
     1
102
RTVSPropertyOp60
 70
     1
102
RTVSPropertyOp61
 70
     1
102
RTVSPropertyOp62
 70
     1
  0
XRECORD
  5
DAB
102
{ACAD_REACTORS
330
DAA
102
}
330
DAA
100
AcDbXrecord
280
     1
102
RTVSPost2010Prop28
280
     0
102
RTVSPost2010PropOp28
 70
     1
102
RTVSPost2010Prop29
280
     1
102
RTVSPost2010PropOp29
 70
     1
102
RTVSPost2010Prop30
280
     1
102
RTVSPost2010PropOp30
 70
     1
102
RTVSPost2010Prop31
280
     0
102
RTVSPost2010PropOp31
 70
     1
102
RTVSPost2010Prop32
280
     0
102
RTVSPost2010PropOp32
 70
     1
102
RTVSPost2010Prop33
280
     0
102
RTVSPost2010PropOp33
 70
     1
102
RTVSPost2010Prop34
280
     0
102
RTVSPost2010PropOp34
 70
     1
102
RTVSPost2010Prop35
280
     0
102
RTVSPost2010PropOp35
 70
     1
102
RTVSPost2010Prop36
280
     0
102
RTVSPost2010PropOp36
 70
     1
102
RTVSPost2010Prop37
 90
       50
102
RTVSPost2010PropOp37
 70
     1
102
RTVSPost2010Prop38
140
0.0
102
RTVSPost2010PropOp38
 70
     1
102
RTVSPost2010Prop39
140
1.0
102
RTVSPost2010PropOp39
 70
     1
102
RTVSPost2010Prop40
 90
        0
102
RTVSPost2010PropOp40
 70
     1
102
RTVSPost2010Prop41ColorIndex
 90
       18
102
RTVSPost2010Prop41ColorRGB
 90
        0
102
RTVSPost2010PropOp41
 70
     1
102
RTVSPost2010Prop42
 90
       50
102
RTVSPost2010PropOp42
 70
     1
102
RTVSPost2010Prop43
 90
        3
102
RTVSPost2010PropOp43
 70
     1
102
RTVSPost2010Prop44ColorIndex
 90
        5
102
RTVSPost2010Prop44ColorRGB
 90
      255
102
RTVSPost2010PropOp44
 70
     1
102
RTVSPost2010Prop45
280
     0
102
RTVSPost2010PropOp45
 70
     1
102
RTVSPost2010Prop46
 90
       50
102
RTVSPost2010PropOp46
 70
     1
102
RTVSPost2010Prop47
 90
       50
102
RTVSPost2010PropOp47
 70
     1
102
RTVSPost2010Prop48
 90
       50
102
RTVSPost2010PropOp48
 70
     1
102
RTVSPost2010Prop49
280
     0
102
RTVSPost2010PropOp49
 70
     1
102
RTVSPost2010Prop50
 90
       50
102
RTVSPost2010PropOp50
 70
     1
102
RTVSPost2010Prop51ColorIndex
 90
      256
102
RTVSPost2010Prop51ColorRGB
 90
-16777216
102
RTVSPost2010PropOp51
 70
     0
102
RTVSPost2010Prop52
140
1.0
102
RTVSPost2010PropOp52
 70
     0
102
RTVSPost2010Prop53
 90
        2
102
RTVSPost2010PropOp53
 70
     1
102
RTVSPost2010Prop54
  1
strokes_ogs.tif
102
RTVSPost2010PropOp54
 70
     1
102
RTVSPost2010Prop55
280
     0
102
RTVSPost2010PropOp55
 70
     1
102
RTVSPost2010Prop56
140
1.0
102
RTVSPost2010PropOp56
 70
     1
102
RTVSPost2010Prop57
140
1.0
102
RTVSPost2010PropOp57
 70
     1
102
RTVSPropertyOp0
 70
     1
102
RTVSPropertyOp1
 70
     1
102
RTVSPropertyOp2
 70
     1
102
RTVSPropertyOp3
 70
     1
102
RTVSPropertyOp4
 70
     1
102
RTVSPropertyOp5
 70
     1
102
RTVSPropertyOp6
 70
     1
102
RTVSPropertyOp7
 70
     1
102
RTVSPropertyOp8
 70
     1
102
RTVSPropertyOp9
 70
     1
102
RTVSPropertyOp10
 70
     1
102
RTVSPropertyOp11
 70
     1
102
RTVSPropertyOp12
 70
     1
102
RTVSPropertyOp13
 70
     1
102
RTVSPropertyOp14
 70
     1
102
RTVSPropertyOp15
 70
     1
102
RTVSPropertyOp16
 70
     1
102
RTVSPropertyOp17
 70
     1
102
RTVSPropertyOp18
 70
     1
102
RTVSPropertyOp19
 70
     1
102
RTVSPropertyOp20
 70
     1
102
RTVSPropertyOp21
 70
     1
102
RTVSPropertyOp22
 70
     1
102
RTVSPropertyOp23
 70
     1
102
RTVSPropertyOp24
 70
     1
102
RTVSPropertyOp25
 70
     1
102
RTVSPropertyOp26
 70
     1
102
RTVSPropertyOp27
 70
     1
102
RTVSPropertyOp28
 70
     1
102
RTVSPropertyOp29
 70
     1
102
RTVSPropertyOp30
 70
     1
102
RTVSPropertyOp31
 70
     1
102
RTVSPropertyOp32
 70
     1
102
RTVSPropertyOp33
 70
     1
102
RTVSPropertyOp34
 70
     1
102
RTVSPropertyOp35
 70
     1
102
RTVSPropertyOp36
 70
     1
102
RTVSPropertyOp37
 70
     1
102
RTVSPropertyOp38
 70
     1
102
RTVSPropertyOp39
 70
     1
102
RTVSPropertyOp40
 70
     1
102
RTVSPropertyOp41
 70
     1
102
RTVSPropertyOp42
 70
     1
102
RTVSPropertyOp43
 70
     1
102
RTVSPropertyOp44
 70
     1
102
RTVSPropertyOp45
 70
     1
102
RTVSPropertyOp46
 70
     1
102
RTVSPropertyOp47
 70
     1
102
RTVSPropertyOp48
 70
     1
102
RTVSPropertyOp49
 70
     1
102
RTVSPropertyOp50
 70
     1
102
RTVSPropertyOp51
 70
     0
102
RTVSPropertyOp52
 70
     0
102
RTVSPropertyOp53
 70
     1
102
RTVSPropertyOp54
 70
     1
102
RTVSPropertyOp55
 70
     1
102
RTVSPropertyOp56
 70
     1
102
RTVSPropertyOp57
 70
     1
102
RTVSPropertyOp58
 70
     1
102
RTVSPropertyOp59
 70
     1
102
RTVSPropertyOp60
 70
     1
102
RTVSPropertyOp61
 70
     1
102
RTVSPropertyOp62
 70
     1
  0
XRECORD
  5
DAD
102
{ACAD_REACTORS
330
DAC
102
}
330
DAC
100
AcDbXrecord
280
     1
102
RTVSPost2010Prop28
280
     0
102
RTVSPost2010PropOp28
 70
     1
102
RTVSPost2010Prop29
280
     1
102
RTVSPost2010PropOp29
 70
     1
102
RTVSPost2010Prop30
280
     1
102
RTVSPost2010PropOp30
 70
     1
102
RTVSPost2010Prop31
280
     0
102
RTVSPost2010PropOp31
 70
     1
102
RTVSPost2010Prop32
280
     0
102
RTVSPost2010PropOp32
 70
     1
102
RTVSPost2010Prop33
280
     0
102
RTVSPost2010PropOp33
 70
     1
102
RTVSPost2010Prop34
280
     0
102
RTVSPost2010PropOp34
 70
     1
102
RTVSPost2010Prop35
280
     0
102
RTVSPost2010PropOp35
 70
     1
102
RTVSPost2010Prop36
280
     0
102
RTVSPost2010PropOp36
 70
     1
102
RTVSPost2010Prop37
 90
       50
102
RTVSPost2010PropOp37
 70
     1
102
RTVSPost2010Prop38
140
0.0
102
RTVSPost2010PropOp38
 70
     1
102
RTVSPost2010Prop39
140
1.0
102
RTVSPost2010PropOp39
 70
     1
102
RTVSPost2010Prop40
 90
        0
102
RTVSPost2010PropOp40
 70
     1
102
RTVSPost2010Prop41ColorIndex
 90
       18
102
RTVSPost2010Prop41ColorRGB
 90
        0
102
RTVSPost2010PropOp41
 70
     1
102
RTVSPost2010Prop42
 90
       50
102
RTVSPost2010PropOp42
 70
     1
102
RTVSPost2010Prop43
 90
        3
102
RTVSPost2010PropOp43
 70
     1
102
RTVSPost2010Prop44ColorIndex
 90
        5
102
RTVSPost2010Prop44ColorRGB
 90
      255
102
RTVSPost2010PropOp44
 70
     1
102
RTVSPost2010Prop45
280
     0
102
RTVSPost2010PropOp45
 70
     1
102
RTVSPost2010Prop46
 90
       50
102
RTVSPost2010PropOp46
 70
     1
102
RTVSPost2010Prop47
 90
       50
102
RTVSPost2010PropOp47
 70
     1
102
RTVSPost2010Prop48
 90
       50
102
RTVSPost2010PropOp48
 70
     1
102
RTVSPost2010Prop49
280
     0
102
RTVSPost2010PropOp49
 70
     1
102
RTVSPost2010Prop50
 90
       50
102
RTVSPost2010PropOp50
 70
     1
102
RTVSPost2010Prop51ColorIndex
 90
      256
102
RTVSPost2010Prop51ColorRGB
 90
-16777216
102
RTVSPost2010PropOp51
 70
     0
102
RTVSPost2010Prop52
140
1.0
102
RTVSPost2010PropOp52
 70
     0
102
RTVSPost2010Prop53
 90
        2
102
RTVSPost2010PropOp53
 70
     1
102
RTVSPost2010Prop54
  1
strokes_ogs.tif
102
RTVSPost2010PropOp54
 70
     1
102
RTVSPost2010Prop55
280
     0
102
RTVSPost2010PropOp55
 70
     1
102
RTVSPost2010Prop56
140
1.0
102
RTVSPost2010PropOp56
 70
     1
102
RTVSPost2010Prop57
140
1.0
102
RTVSPost2010PropOp57
 70
     1
102
RTVSPropertyOp0
 70
     1
102
RTVSPropertyOp1
 70
     1
102
RTVSPropertyOp2
 70
     1
102
RTVSPropertyOp3
 70
     1
102
RTVSPropertyOp4
 70
     1
102
RTVSPropertyOp5
 70
     1
102
RTVSPropertyOp6
 70
     1
102
RTVSPropertyOp7
 70
     1
102
RTVSPropertyOp8
 70
     1
102
RTVSPropertyOp9
 70
     1
102
RTVSPropertyOp10
 70
     1
102
RTVSPropertyOp11
 70
     1
102
RTVSPropertyOp12
 70
     1
102
RTVSPropertyOp13
 70
     1
102
RTVSPropertyOp14
 70
     1
102
RTVSPropertyOp15
 70
     1
102
RTVSPropertyOp16
 70
     1
102
RTVSPropertyOp17
 70
     1
102
RTVSPropertyOp18
 70
     1
102
RTVSPropertyOp19
 70
     1
102
RTVSPropertyOp20
 70
     1
102
RTVSPropertyOp21
 70
     1
102
RTVSPropertyOp22
 70
     1
102
RTVSPropertyOp23
 70
     1
102
RTVSPropertyOp24
 70
     1
102
RTVSPropertyOp25
 70
     1
102
RTVSPropertyOp26
 70
     1
102
RTVSPropertyOp27
 70
     1
102
RTVSPropertyOp28
 70
     1
102
RTVSPropertyOp29
 70
     1
102
RTVSPropertyOp30
 70
     1
102
RTVSPropertyOp31
 70
     1
102
RTVSPropertyOp32
 70
     1
102
RTVSPropertyOp33
 70
     1
102
RTVSPropertyOp34
 70
     1
102
RTVSPropertyOp35
 70
     1
102
RTVSPropertyOp36
 70
     1
102
RTVSPropertyOp37
 70
     1
102
RTVSPropertyOp38
 70
     1
102
RTVSPropertyOp39
 70
     1
102
RTVSPropertyOp40
 70
     1
102
RTVSPropertyOp41
 70
     1
102
RTVSPropertyOp42
 70
     1
102
RTVSPropertyOp43
 70
     1
102
RTVSPropertyOp44
 70
     1
102
RTVSPropertyOp45
 70
     1
102
RTVSPropertyOp46
 70
     1
102
RTVSPropertyOp47
 70
     1
102
RTVSPropertyOp48
 70
     1
102
RTVSPropertyOp49
 70
     1
102
RTVSPropertyOp50
 70
     1
102
RTVSPropertyOp51
 70
     0
102
RTVSPropertyOp52
 70
     0
102
RTVSPropertyOp53
 70
     1
102
RTVSPropertyOp54
 70
     1
102
RTVSPropertyOp55
 70
     1
102
RTVSPropertyOp56
 70
     1
102
RTVSPropertyOp57
 70
     1
102
RTVSPropertyOp58
 70
     1
102
RTVSPropertyOp59
 70
     1
102
RTVSPropertyOp60
 70
     1
102
RTVSPropertyOp61
 70
     1
102
RTVSPropertyOp62
 70
     1
  0
XRECORD
  5
DC9
102
{ACAD_REACTORS
330
DC8
102
}
330
DC8
100
AcDbXrecord
280
     1
102
RTVSPost2010Prop28
280
     0
102
RTVSPost2010PropOp28
 70
     1
102
RTVSPost2010Prop29
280
     1
102
RTVSPost2010PropOp29
 70
     1
102
RTVSPost2010Prop30
280
     1
102
RTVSPost2010PropOp30
 70
     1
102
RTVSPost2010Prop31
280
     0
102
RTVSPost2010PropOp31
 70
     1
102
RTVSPost2010Prop32
280
     0
102
RTVSPost2010PropOp32
 70
     1
102
RTVSPost2010Prop33
280
     0
102
RTVSPost2010PropOp33
 70
     1
102
RTVSPost2010Prop34
280
     0
102
RTVSPost2010PropOp34
 70
     1
102
RTVSPost2010Prop35
280
     0
102
RTVSPost2010PropOp35
 70
     1
102
RTVSPost2010Prop36
280
     0
102
RTVSPost2010PropOp36
 70
     1
102
RTVSPost2010Prop37
 90
       50
102
RTVSPost2010PropOp37
 70
     1
102
RTVSPost2010Prop38
140
0.0
102
RTVSPost2010PropOp38
 70
     1
102
RTVSPost2010Prop39
140
1.0
102
RTVSPost2010PropOp39
 70
     1
102
RTVSPost2010Prop40
 90
        0
102
RTVSPost2010PropOp40
 70
     1
102
RTVSPost2010Prop41ColorIndex
 90
       18
102
RTVSPost2010Prop41ColorRGB
 90
        0
102
RTVSPost2010PropOp41
 70
     1
102
RTVSPost2010Prop42
 90
       50
102
RTVSPost2010PropOp42
 70
     1
102
RTVSPost2010Prop43
 90
        3
102
RTVSPost2010PropOp43
 70
     1
102
RTVSPost2010Prop44ColorIndex
 90
        5
102
RTVSPost2010Prop44ColorRGB
 90
      255
102
RTVSPost2010PropOp44
 70
     1
102
RTVSPost2010Prop45
280
     0
102
RTVSPost2010PropOp45
 70
     1
102
RTVSPost2010Prop46
 90
       50
102
RTVSPost2010PropOp46
 70
     1
102
RTVSPost2010Prop47
 90
       50
102
RTVSPost2010PropOp47
 70
     1
102
RTVSPost2010Prop48
 90
       50
102
RTVSPost2010PropOp48
 70
     1
102
RTVSPost2010Prop49
280
     0
102
RTVSPost2010PropOp49
 70
     1
102
RTVSPost2010Prop50
 90
       50
102
RTVSPost2010PropOp50
 70
     1
102
RTVSPost2010Prop51ColorIndex
 90
      256
102
RTVSPost2010Prop51ColorRGB
 90
-16777216
102
RTVSPost2010PropOp51
 70
     0
102
RTVSPost2010Prop52
140
1.0
102
RTVSPost2010PropOp52
 70
     0
102
RTVSPost2010Prop53
 90
        2
102
RTVSPost2010PropOp53
 70
     1
102
RTVSPost2010Prop54
  1
strokes_ogs.tif
102
RTVSPost2010PropOp54
 70
     1
102
RTVSPost2010Prop55
280
     0
102
RTVSPost2010PropOp55
 70
     1
102
RTVSPost2010Prop56
140
1.0
102
RTVSPost2010PropOp56
 70
     1
102
RTVSPost2010Prop57
140
1.0
102
RTVSPost2010PropOp57
 70
     1
102
RTVSPropertyOp0
 70
     1
102
RTVSPropertyOp1
 70
     1
102
RTVSPropertyOp2
 70
     1
102
RTVSPropertyOp3
 70
     1
102
RTVSPropertyOp4
 70
     1
102
RTVSPropertyOp5
 70
     1
102
RTVSPropertyOp6
 70
     1
102
RTVSPropertyOp7
 70
     1
102
RTVSPropertyOp8
 70
     1
102
RTVSPropertyOp9
 70
     1
102
RTVSPropertyOp10
 70
     1
102
RTVSPropertyOp11
 70
     1
102
RTVSPropertyOp12
 70
     1
102
RTVSPropertyOp13
 70
     1
102
RTVSPropertyOp14
 70
     1
102
RTVSPropertyOp15
 70
     1
102
RTVSPropertyOp16
 70
     1
102
RTVSPropertyOp17
 70
     1
102
RTVSPropertyOp18
 70
     1
102
RTVSPropertyOp19
 70
     1
102
RTVSPropertyOp20
 70
     1
102
RTVSPropertyOp21
 70
     1
102
RTVSPropertyOp22
 70
     1
102
RTVSPropertyOp23
 70
     1
102
RTVSPropertyOp24
 70
     1
102
RTVSPropertyOp25
 70
     1
102
RTVSPropertyOp26
 70
     1
102
RTVSPropertyOp27
 70
     1
102
RTVSPropertyOp28
 70
     1
102
RTVSPropertyOp29
 70
     1
102
RTVSPropertyOp30
 70
     1
102
RTVSPropertyOp31
 70
     1
102
RTVSPropertyOp32
 70
     1
102
RTVSPropertyOp33
 70
     1
102
RTVSPropertyOp34
 70
     1
102
RTVSPropertyOp35
 70
     1
102
RTVSPropertyOp36
 70
     1
102
RTVSPropertyOp37
 70
     1
102
RTVSPropertyOp38
 70
     1
102
RTVSPropertyOp39
 70
     1
102
RTVSPropertyOp40
 70
     1
102
RTVSPropertyOp41
 70
     1
102
RTVSPropertyOp42
 70
     1
102
RTVSPropertyOp43
 70
     1
102
RTVSPropertyOp44
 70
     1
102
RTVSPropertyOp45
 70
     1
102
RTVSPropertyOp46
 70
     1
102
RTVSPropertyOp47
 70
     1
102
RTVSPropertyOp48
 70
     1
102
RTVSPropertyOp49
 70
     1
102
RTVSPropertyOp50
 70
     1
102
RTVSPropertyOp51
 70
     0
102
RTVSPropertyOp52
 70
     0
102
RTVSPropertyOp53
 70
     1
102
RTVSPropertyOp54
 70
     1
102
RTVSPropertyOp55
 70
     1
102
RTVSPropertyOp56
 70
     1
102
RTVSPropertyOp57
 70
     1
102
RTVSPropertyOp58
 70
     1
102
RTVSPropertyOp59
 70
     1
102
RTVSPropertyOp60
 70
     1
102
RTVSPropertyOp61
 70
     1
102
RTVSPropertyOp62
 70
     1
  0
XRECORD
  5
DD5
102
{ACAD_REACTORS
330
DD4
102
}
330
DD4
100
AcDbXrecord
280
     1
102
RTVSPost2010Prop28
280
     0
102
RTVSPost2010PropOp28
 70
     1
102
RTVSPost2010Prop29
280
     1
102
RTVSPost2010PropOp29
 70
     1
102
RTVSPost2010Prop30
280
     1
102
RTVSPost2010PropOp30
 70
     1
102
RTVSPost2010Prop31
280
     0
102
RTVSPost2010PropOp31
 70
     1
102
RTVSPost2010Prop32
280
     0
102
RTVSPost2010PropOp32
 70
     1
102
RTVSPost2010Prop33
280
     0
102
RTVSPost2010PropOp33
 70
     1
102
RTVSPost2010Prop34
280
     0
102
RTVSPost2010PropOp34
 70
     1
102
RTVSPost2010Prop35
280
     0
102
RTVSPost2010PropOp35
 70
     1
102
RTVSPost2010Prop36
280
     0
102
RTVSPost2010PropOp36
 70
     1
102
RTVSPost2010Prop37
 90
       50
102
RTVSPost2010PropOp37
 70
     0
102
RTVSPost2010Prop38
140
0.0
102
RTVSPost2010PropOp38
 70
     0
102
RTVSPost2010Prop39
140
1.0
102
RTVSPost2010PropOp39
 70
     0
102
RTVSPost2010Prop40
 90
        0
102
RTVSPost2010PropOp40
 70
     0
102
RTVSPost2010Prop41ColorIndex
 90
       18
102
RTVSPost2010Prop41ColorRGB
 90
        0
102
RTVSPost2010PropOp41
 70
     0
102
RTVSPost2010Prop42
 90
       50
102
RTVSPost2010PropOp42
 70
     0
102
RTVSPost2010Prop43
 90
        3
102
RTVSPost2010PropOp43
 70
     0
102
RTVSPost2010Prop44ColorIndex
 90
        5
102
RTVSPost2010Prop44ColorRGB
 90
      255
102
RTVSPost2010PropOp44
 70
     0
102
RTVSPost2010Prop45
280
     0
102
RTVSPost2010PropOp45
 70
     1
102
RTVSPost2010Prop46
 90
       50
102
RTVSPost2010PropOp46
 70
     0
102
RTVSPost2010Prop47
 90
       50
102
RTVSPost2010PropOp47
 70
     0
102
RTVSPost2010Prop48
 90
       50
102
RTVSPost2010PropOp48
 70
     0
102
RTVSPost2010Prop49
280
     0
102
RTVSPost2010PropOp49
 70
     1
102
RTVSPost2010Prop50
 90
       50
102
RTVSPost2010PropOp50
 70
     0
102
RTVSPost2010Prop51ColorIndex
 90
      256
102
RTVSPost2010Prop51ColorRGB
 90
-16777216
102
RTVSPost2010PropOp51
 70
     0
102
RTVSPost2010Prop52
140
1.0
102
RTVSPost2010PropOp52
 70
     0
102
RTVSPost2010Prop53
 90
        2
102
RTVSPost2010PropOp53
 70
     0
102
RTVSPost2010Prop54
  1
strokes_ogs.tif
102
RTVSPost2010PropOp54
 70
     0
102
RTVSPost2010Prop55
280
     0
102
RTVSPost2010PropOp55
 70
     1
102
RTVSPost2010Prop56
140
1.0
102
RTVSPost2010PropOp56
 70
     0
102
RTVSPost2010Prop57
140
1.0
102
RTVSPost2010PropOp57
 70
     0
102
RTVSPropertyOp0
 70
     0
102
RTVSPropertyOp1
 70
     0
102
RTVSPropertyOp2
 70
     0
102
RTVSPropertyOp3
 70
     0
102
RTVSPropertyOp4
 70
     0
102
RTVSPropertyOp5
 70
     0
102
RTVSPropertyOp6
 70
     0
102
RTVSPropertyOp7
 70
     0
102
RTVSPropertyOp8
 70
     0
102
RTVSPropertyOp9
 70
     0
102
RTVSPropertyOp10
 70
     0
102
RTVSPropertyOp11
 70
     0
102
RTVSPropertyOp12
 70
     0
102
RTVSPropertyOp13
 70
     0
102
RTVSPropertyOp14
 70
     2
102
RTVSPropertyOp15
 70
     0
102
RTVSPropertyOp16
 70
     0
102
RTVSPropertyOp17
 70
     0
102
RTVSPropertyOp18
 70
     0
102
RTVSPropertyOp19
 70
     0
102
RTVSPropertyOp20
 70
     0
102
RTVSPropertyOp21
 70
     0
102
RTVSPropertyOp22
 70
     0
102
RTVSPropertyOp23
 70
     0
102
RTVSPropertyOp24
 70
     0
102
RTVSPropertyOp25
 70
     0
102
RTVSPropertyOp26
 70
     0
102
RTVSPropertyOp27
 70
     0
102
RTVSPropertyOp28
 70
     1
102
RTVSPropertyOp29
 70
     1
102
RTVSPropertyOp30
 70
     1
102
RTVSPropertyOp31
 70
     1
102
RTVSPropertyOp32
 70
     1
102
RTVSPropertyOp33
 70
     1
102
RTVSPropertyOp34
 70
     1
102
RTVSPropertyOp35
 70
     1
102
RTVSPropertyOp36
 70
     1
102
RTVSPropertyOp37
 70
     0
102
RTVSPropertyOp38
 70
     0
102
RTVSPropertyOp39
 70
     0
102
RTVSPropertyOp40
 70
     0
102
RTVSPropertyOp41
 70
     0
102
RTVSPropertyOp42
 70
     0
102
RTVSPropertyOp43
 70
     0
102
RTVSPropertyOp44
 70
     0
102
RTVSPropertyOp45
 70
     1
102
RTVSPropertyOp46
 70
     0
102
RTVSPropertyOp47
 70
     0
102
RTVSPropertyOp48
 70
     0
102
RTVSPropertyOp49
 70
     1
102
RTVSPropertyOp50
 70
     0
102
RTVSPropertyOp51
 70
     0
102
RTVSPropertyOp52
 70
     0
102
RTVSPropertyOp53
 70
     0
102
RTVSPropertyOp54
 70
     0
102
RTVSPropertyOp55
 70
     1
102
RTVSPropertyOp56
 70
     0
102
RTVSPropertyOp57
 70
     0
102
RTVSPropertyOp58
 70
     0
102
RTVSPropertyOp59
 70
     0
102
RTVSPropertyOp60
 70
     0
102
RTVSPropertyOp61
 70
     0
102
RTVSPropertyOp62
 70
     0
  0
XRECORD
  5
DC1
102
{ACAD_REACTORS
330
DC0
102
}
330
DC0
100
AcDbXrecord
280
     1
102
RTVSPost2010Prop28
280
     0
102
RTVSPost2010PropOp28
 70
     1
102
RTVSPost2010Prop29
280
     1
102
RTVSPost2010PropOp29
 70
     1
102
RTVSPost2010Prop30
280
     1
102
RTVSPost2010PropOp30
 70
     1
102
RTVSPost2010Prop31
280
     0
102
RTVSPost2010PropOp31
 70
     1
102
RTVSPost2010Prop32
280
     0
102
RTVSPost2010PropOp32
 70
     1
102
RTVSPost2010Prop33
280
     0
102
RTVSPost2010PropOp33
 70
     1
102
RTVSPost2010Prop34
280
     0
102
RTVSPost2010PropOp34
 70
     1
102
RTVSPost2010Prop35
280
     0
102
RTVSPost2010PropOp35
 70
     1
102
RTVSPost2010Prop36
280
     0
102
RTVSPost2010PropOp36
 70
     1
102
RTVSPost2010Prop37
 90
       50
102
RTVSPost2010PropOp37
 70
     1
102
RTVSPost2010Prop38
140
0.0
102
RTVSPost2010PropOp38
 70
     1
102
RTVSPost2010Prop39
140
1.0
102
RTVSPost2010PropOp39
 70
     1
102
RTVSPost2010Prop40
 90
        0
102
RTVSPost2010PropOp40
 70
     1
102
RTVSPost2010Prop41ColorIndex
 90
       18
102
RTVSPost2010Prop41ColorRGB
 90
        0
102
RTVSPost2010PropOp41
 70
     1
102
RTVSPost2010Prop42
 90
       50
102
RTVSPost2010PropOp42
 70
     1
102
RTVSPost2010Prop43
 90
        3
102
RTVSPost2010PropOp43
 70
     1
102
RTVSPost2010Prop44ColorIndex
 90
        5
102
RTVSPost2010Prop44ColorRGB
 90
      255
102
RTVSPost2010PropOp44
 70
     1
102
RTVSPost2010Prop45
280
     0
102
RTVSPost2010PropOp45
 70
     1
102
RTVSPost2010Prop46
 90
       50
102
RTVSPost2010PropOp46
 70
     1
102
RTVSPost2010Prop47
 90
       50
102
RTVSPost2010PropOp47
 70
     1
102
RTVSPost2010Prop48
 90
       50
102
RTVSPost2010PropOp48
 70
     1
102
RTVSPost2010Prop49
280
     0
102
RTVSPost2010PropOp49
 70
     1
102
RTVSPost2010Prop50
 90
       50
102
RTVSPost2010PropOp50
 70
     1
102
RTVSPost2010Prop51ColorIndex
 90
      256
102
RTVSPost2010Prop51ColorRGB
 90
-16777216
102
RTVSPost2010PropOp51
 70
     0
102
RTVSPost2010Prop52
140
1.0
102
RTVSPost2010PropOp52
 70
     0
102
RTVSPost2010Prop53
 90
        2
102
RTVSPost2010PropOp53
 70
     1
102
RTVSPost2010Prop54
  1
strokes_ogs.tif
102
RTVSPost2010PropOp54
 70
     1
102
RTVSPost2010Prop55
280
     0
102
RTVSPost2010PropOp55
 70
     1
102
RTVSPost2010Prop56
140
1.0
102
RTVSPost2010PropOp56
 70
     1
102
RTVSPost2010Prop57
140
1.0
102
RTVSPost2010PropOp57
 70
     1
102
RTVSPropertyOp0
 70
     1
102
RTVSPropertyOp1
 70
     1
102
RTVSPropertyOp2
 70
     1
102
RTVSPropertyOp3
 70
     1
102
RTVSPropertyOp4
 70
     1
102
RTVSPropertyOp5
 70
     1
102
RTVSPropertyOp6
 70
     1
102
RTVSPropertyOp7
 70
     1
102
RTVSPropertyOp8
 70
     1
102
RTVSPropertyOp9
 70
     1
102
RTVSPropertyOp10
 70
     1
102
RTVSPropertyOp11
 70
     1
102
RTVSPropertyOp12
 70
     1
102
RTVSPropertyOp13
 70
     1
102
RTVSPropertyOp14
 70
     1
102
RTVSPropertyOp15
 70
     1
102
RTVSPropertyOp16
 70
     1
102
RTVSPropertyOp17
 70
     1
102
RTVSPropertyOp18
 70
     1
102
RTVSPropertyOp19
 70
     1
102
RTVSPropertyOp20
 70
     1
102
RTVSPropertyOp21
 70
     1
102
RTVSPropertyOp22
 70
     1
102
RTVSPropertyOp23
 70
     1
102
RTVSPropertyOp24
 70
     1
102
RTVSPropertyOp25
 70
     1
102
RTVSPropertyOp26
 70
     1
102
RTVSPropertyOp27
 70
     1
102
RTVSPropertyOp28
 70
     1
102
RTVSPropertyOp29
 70
     1
102
RTVSPropertyOp30
 70
     1
102
RTVSPropertyOp31
 70
     1
102
RTVSPropertyOp32
 70
     1
102
RTVSPropertyOp33
 70
     1
102
RTVSPropertyOp34
 70
     1
102
RTVSPropertyOp35
 70
     1
102
RTVSPropertyOp36
 70
     1
102
RTVSPropertyOp37
 70
     1
102
RTVSPropertyOp38
 70
     1
102
RTVSPropertyOp39
 70
     1
102
RTVSPropertyOp40
 70
     1
102
RTVSPropertyOp41
 70
     1
102
RTVSPropertyOp42
 70
     1
102
RTVSPropertyOp43
 70
     1
102
RTVSPropertyOp44
 70
     1
102
RTVSPropertyOp45
 70
     1
102
RTVSPropertyOp46
 70
     1
102
RTVSPropertyOp47
 70
     1
102
RTVSPropertyOp48
 70
     1
102
RTVSPropertyOp49
 70
     1
102
RTVSPropertyOp50
 70
     1
102
RTVSPropertyOp51
 70
     0
102
RTVSPropertyOp52
 70
     0
102
RTVSPropertyOp53
 70
     1
102
RTVSPropertyOp54
 70
     1
102
RTVSPropertyOp55
 70
     1
102
RTVSPropertyOp56
 70
     1
102
RTVSPropertyOp57
 70
     1
102
RTVSPropertyOp58
 70
     1
102
RTVSPropertyOp59
 70
     1
102
RTVSPropertyOp60
 70
     1
102
RTVSPropertyOp61
 70
     1
102
RTVSPropertyOp62
 70
     1
  0
XRECORD
  5
DD7
102
{ACAD_REACTORS
330
DD6
102
}
330
DD6
100
AcDbXrecord
280
     1
102
RTVSPost2010Prop28
280
     0
102
RTVSPost2010PropOp28
 70
     1
102
RTVSPost2010Prop29
280
     1
102
RTVSPost2010PropOp29
 70
     1
102
RTVSPost2010Prop30
280
     1
102
RTVSPost2010PropOp30
 70
     1
102
RTVSPost2010Prop31
280
     0
102
RTVSPost2010PropOp31
 70
     1
102
RTVSPost2010Prop32
280
     0
102
RTVSPost2010PropOp32
 70
     1
102
RTVSPost2010Prop33
280
     0
102
RTVSPost2010PropOp33
 70
     1
102
RTVSPost2010Prop34
280
     0
102
RTVSPost2010PropOp34
 70
     1
102
RTVSPost2010Prop35
280
     0
102
RTVSPost2010PropOp35
 70
     1
102
RTVSPost2010Prop36
280
     0
102
RTVSPost2010PropOp36
 70
     1
102
RTVSPost2010Prop37
 90
       50
102
RTVSPost2010PropOp37
 70
     0
102
RTVSPost2010Prop38
140
0.0
102
RTVSPost2010PropOp38
 70
     0
102
RTVSPost2010Prop39
140
1.0
102
RTVSPost2010PropOp39
 70
     0
102
RTVSPost2010Prop40
 90
        0
102
RTVSPost2010PropOp40
 70
     0
102
RTVSPost2010Prop41ColorIndex
 90
       18
102
RTVSPost2010Prop41ColorRGB
 90
        0
102
RTVSPost2010PropOp41
 70
     0
102
RTVSPost2010Prop42
 90
       50
102
RTVSPost2010PropOp42
 70
     0
102
RTVSPost2010Prop43
 90
        3
102
RTVSPost2010PropOp43
 70
     0
102
RTVSPost2010Prop44ColorIndex
 90
        5
102
RTVSPost2010Prop44ColorRGB
 90
      255
102
RTVSPost2010PropOp44
 70
     0
102
RTVSPost2010Prop45
280
     0
102
RTVSPost2010PropOp45
 70
     1
102
RTVSPost2010Prop46
 90
       50
102
RTVSPost2010PropOp46
 70
     0
102
RTVSPost2010Prop47
 90
       50
102
RTVSPost2010PropOp47
 70
     0
102
RTVSPost2010Prop48
 90
       50
102
RTVSPost2010PropOp48
 70
     0
102
RTVSPost2010Prop49
280
     0
102
RTVSPost2010PropOp49
 70
     1
102
RTVSPost2010Prop50
 90
       50
102
RTVSPost2010PropOp50
 70
     0
102
RTVSPost2010Prop51ColorIndex
 90
      256
102
RTVSPost2010Prop51ColorRGB
 90
-16777216
102
RTVSPost2010PropOp51
 70
     0
102
RTVSPost2010Prop52
140
1.0
102
RTVSPost2010PropOp52
 70
     0
102
RTVSPost2010Prop53
 90
        2
102
RTVSPost2010PropOp53
 70
     0
102
RTVSPost2010Prop54
  1
strokes_ogs.tif
102
RTVSPost2010PropOp54
 70
     0
102
RTVSPost2010Prop55
280
     0
102
RTVSPost2010PropOp55
 70
     1
102
RTVSPost2010Prop56
140
1.0
102
RTVSPost2010PropOp56
 70
     0
102
RTVSPost2010Prop57
140
1.0
102
RTVSPost2010PropOp57
 70
     0
102
RTVSPropertyOp0
 70
     0
102
RTVSPropertyOp1
 70
     0
102
RTVSPropertyOp2
 70
     0
102
RTVSPropertyOp3
 70
     0
102
RTVSPropertyOp4
 70
     0
102
RTVSPropertyOp5
 70
     0
102
RTVSPropertyOp6
 70
     0
102
RTVSPropertyOp7
 70
     0
102
RTVSPropertyOp8
 70
     0
102
RTVSPropertyOp9
 70
     0
102
RTVSPropertyOp10
 70
     0
102
RTVSPropertyOp11
 70
     0
102
RTVSPropertyOp12
 70
     0
102
RTVSPropertyOp13
 70
     0
102
RTVSPropertyOp14
 70
     2
102
RTVSPropertyOp15
 70
     0
102
RTVSPropertyOp16
 70
     0
102
RTVSPropertyOp17
 70
     0
102
RTVSPropertyOp18
 70
     0
102
RTVSPropertyOp19
 70
     0
102
RTVSPropertyOp20
 70
     0
102
RTVSPropertyOp21
 70
     0
102
RTVSPropertyOp22
 70
     0
102
RTVSPropertyOp23
 70
     0
102
RTVSPropertyOp24
 70
     0
102
RTVSPropertyOp25
 70
     0
102
RTVSPropertyOp26
 70
     0
102
RTVSPropertyOp27
 70
     0
102
RTVSPropertyOp28
 70
     1
102
RTVSPropertyOp29
 70
     1
102
RTVSPropertyOp30
 70
     1
102
RTVSPropertyOp31
 70
     1
102
RTVSPropertyOp32
 70
     1
102
RTVSPropertyOp33
 70
     1
102
RTVSPropertyOp34
 70
     1
102
RTVSPropertyOp35
 70
     1
102
RTVSPropertyOp36
 70
     1
102
RTVSPropertyOp37
 70
     0
102
RTVSPropertyOp38
 70
     0
102
RTVSPropertyOp39
 70
     0
102
RTVSPropertyOp40
 70
     0
102
RTVSPropertyOp41
 70
     0
102
RTVSPropertyOp42
 70
     0
102
RTVSPropertyOp43
 70
     0
102
RTVSPropertyOp44
 70
     0
102
RTVSPropertyOp45
 70
     1
102
RTVSPropertyOp46
 70
     0
102
RTVSPropertyOp47
 70
     0
102
RTVSPropertyOp48
 70
     0
102
RTVSPropertyOp49
 70
     1
102
RTVSPropertyOp50
 70
     0
102
RTVSPropertyOp51
 70
     0
102
RTVSPropertyOp52
 70
     0
102
RTVSPropertyOp53
 70
     0
102
RTVSPropertyOp54
 70
     0
102
RTVSPropertyOp55
 70
     1
102
RTVSPropertyOp56
 70
     0
102
RTVSPropertyOp57
 70
     0
102
RTVSPropertyOp58
 70
     0
102
RTVSPropertyOp59
 70
     0
102
RTVSPropertyOp60
 70
     0
102
RTVSPropertyOp61
 70
     0
102
RTVSPropertyOp62
 70
     0
  0
XRECORD
  5
DB9
102
{ACAD_REACTORS
330
DB8
102
}
330
DB8
100
AcDbXrecord
280
     1
102
RTVSPost2010Prop28
280
     0
102
RTVSPost2010PropOp28
 70
     1
102
RTVSPost2010Prop29
280
     1
102
RTVSPost2010PropOp29
 70
     1
102
RTVSPost2010Prop30
280
     1
102
RTVSPost2010PropOp30
 70
     1
102
RTVSPost2010Prop31
280
     0
102
RTVSPost2010PropOp31
 70
     1
102
RTVSPost2010Prop32
280
     0
102
RTVSPost2010PropOp32
 70
     1
102
RTVSPost2010Prop33
280
     0
102
RTVSPost2010PropOp33
 70
     1
102
RTVSPost2010Prop34
280
     0
102
RTVSPost2010PropOp34
 70
     1
102
RTVSPost2010Prop35
280
     0
102
RTVSPost2010PropOp35
 70
     1
102
RTVSPost2010Prop36
280
     0
102
RTVSPost2010PropOp36
 70
     1
102
RTVSPost2010Prop37
 90
       50
102
RTVSPost2010PropOp37
 70
     1
102
RTVSPost2010Prop38
140
0.0
102
RTVSPost2010PropOp38
 70
     1
102
RTVSPost2010Prop39
140
1.0
102
RTVSPost2010PropOp39
 70
     1
102
RTVSPost2010Prop40
 90
        0
102
RTVSPost2010PropOp40
 70
     1
102
RTVSPost2010Prop41ColorIndex
 90
       18
102
RTVSPost2010Prop41ColorRGB
 90
        0
102
RTVSPost2010PropOp41
 70
     1
102
RTVSPost2010Prop42
 90
       50
102
RTVSPost2010PropOp42
 70
     1
102
RTVSPost2010Prop43
 90
        3
102
RTVSPost2010PropOp43
 70
     1
102
RTVSPost2010Prop44ColorIndex
 90
        5
102
RTVSPost2010Prop44ColorRGB
 90
      255
102
RTVSPost2010PropOp44
 70
     1
102
RTVSPost2010Prop45
280
     0
102
RTVSPost2010PropOp45
 70
     1
102
RTVSPost2010Prop46
 90
       50
102
RTVSPost2010PropOp46
 70
     1
102
RTVSPost2010Prop47
 90
       50
102
RTVSPost2010PropOp47
 70
     1
102
RTVSPost2010Prop48
 90
       50
102
RTVSPost2010PropOp48
 70
     1
102
RTVSPost2010Prop49
280
     0
102
RTVSPost2010PropOp49
 70
     1
102
RTVSPost2010Prop50
 90
       50
102
RTVSPost2010PropOp50
 70
     1
102
RTVSPost2010Prop51ColorIndex
 90
      256
102
RTVSPost2010Prop51ColorRGB
 90
-16777216
102
RTVSPost2010PropOp51
 70
     0
102
RTVSPost2010Prop52
140
1.0
102
RTVSPost2010PropOp52
 70
     0
102
RTVSPost2010Prop53
 90
        2
102
RTVSPost2010PropOp53
 70
     1
102
RTVSPost2010Prop54
  1
strokes_ogs.tif
102
RTVSPost2010PropOp54
 70
     1
102
RTVSPost2010Prop55
280
     0
102
RTVSPost2010PropOp55
 70
     1
102
RTVSPost2010Prop56
140
1.0
102
RTVSPost2010PropOp56
 70
     1
102
RTVSPost2010Prop57
140
1.0
102
RTVSPost2010PropOp57
 70
     1
102
RTVSPropertyOp0
 70
     1
102
RTVSPropertyOp1
 70
     1
102
RTVSPropertyOp2
 70
     1
102
RTVSPropertyOp3
 70
     1
102
RTVSPropertyOp4
 70
     1
102
RTVSPropertyOp5
 70
     1
102
RTVSPropertyOp6
 70
     1
102
RTVSPropertyOp7
 70
     1
102
RTVSPropertyOp8
 70
     1
102
RTVSPropertyOp9
 70
     1
102
RTVSPropertyOp10
 70
     1
102
RTVSPropertyOp11
 70
     1
102
RTVSPropertyOp12
 70
     1
102
RTVSPropertyOp13
 70
     1
102
RTVSPropertyOp14
 70
     1
102
RTVSPropertyOp15
 70
     1
102
RTVSPropertyOp16
 70
     1
102
RTVSPropertyOp17
 70
     1
102
RTVSPropertyOp18
 70
     1
102
RTVSPropertyOp19
 70
     1
102
RTVSPropertyOp20
 70
     1
102
RTVSPropertyOp21
 70
     1
102
RTVSPropertyOp22
 70
     1
102
RTVSPropertyOp23
 70
     1
102
RTVSPropertyOp24
 70
     1
102
RTVSPropertyOp25
 70
     1
102
RTVSPropertyOp26
 70
     1
102
RTVSPropertyOp27
 70
     1
102
RTVSPropertyOp28
 70
     1
102
RTVSPropertyOp29
 70
     1
102
RTVSPropertyOp30
 70
     1
102
RTVSPropertyOp31
 70
     1
102
RTVSPropertyOp32
 70
     1
102
RTVSPropertyOp33
 70
     1
102
RTVSPropertyOp34
 70
     1
102
RTVSPropertyOp35
 70
     1
102
RTVSPropertyOp36
 70
     1
102
RTVSPropertyOp37
 70
     1
102
RTVSPropertyOp38
 70
     1
102
RTVSPropertyOp39
 70
     1
102
RTVSPropertyOp40
 70
     1
102
RTVSPropertyOp41
 70
     1
102
RTVSPropertyOp42
 70
     1
102
RTVSPropertyOp43
 70
     1
102
RTVSPropertyOp44
 70
     1
102
RTVSPropertyOp45
 70
     1
102
RTVSPropertyOp46
 70
     1
102
RTVSPropertyOp47
 70
     1
102
RTVSPropertyOp48
 70
     1
102
RTVSPropertyOp49
 70
     1
102
RTVSPropertyOp50
 70
     1
102
RTVSPropertyOp51
 70
     0
102
RTVSPropertyOp52
 70
     0
102
RTVSPropertyOp53
 70
     1
102
RTVSPropertyOp54
 70
     1
102
RTVSPropertyOp55
 70
     1
102
RTVSPropertyOp56
 70
     1
102
RTVSPropertyOp57
 70
     1
102
RTVSPropertyOp58
 70
     1
102
RTVSPropertyOp59
 70
     1
102
RTVSPropertyOp60
 70
     1
102
RTVSPropertyOp61
 70
     1
102
RTVSPropertyOp62
 70
     1
  0
XRECORD
  5
DD3
102
{ACAD_REACTORS
330
DD2
102
}
330
DD2
100
AcDbXrecord
280
     1
102
RTVSPost2010Prop28
280
     0
102
RTVSPost2010PropOp28
 70
     1
102
RTVSPost2010Prop29
280
     1
102
RTVSPost2010PropOp29
 70
     1
102
RTVSPost2010Prop30
280
     1
102
RTVSPost2010PropOp30
 70
     1
102
RTVSPost2010Prop31
280
     0
102
RTVSPost2010PropOp31
 70
     1
102
RTVSPost2010Prop32
280
     0
102
RTVSPost2010PropOp32
 70
     1
102
RTVSPost2010Prop33
280
     0
102
RTVSPost2010PropOp33
 70
     1
102
RTVSPost2010Prop34
280
     0
102
RTVSPost2010PropOp34
 70
     1
102
RTVSPost2010Prop35
280
     0
102
RTVSPost2010PropOp35
 70
     1
102
RTVSPost2010Prop36
280
     0
102
RTVSPost2010PropOp36
 70
     1
102
RTVSPost2010Prop37
 90
       50
102
RTVSPost2010PropOp37
 70
     1
102
RTVSPost2010Prop38
140
0.0
102
RTVSPost2010PropOp38
 70
     1
102
RTVSPost2010Prop39
140
1.0
102
RTVSPost2010PropOp39
 70
     1
102
RTVSPost2010Prop40
 90
        0
102
RTVSPost2010PropOp40
 70
     1
102
RTVSPost2010Prop41ColorIndex
 90
       18
102
RTVSPost2010Prop41ColorRGB
 90
        0
102
RTVSPost2010PropOp41
 70
     1
102
RTVSPost2010Prop42
 90
       50
102
RTVSPost2010PropOp42
 70
     1
102
RTVSPost2010Prop43
 90
        3
102
RTVSPost2010PropOp43
 70
     1
102
RTVSPost2010Prop44ColorIndex
 90
        5
102
RTVSPost2010Prop44ColorRGB
 90
      255
102
RTVSPost2010PropOp44
 70
     1
102
RTVSPost2010Prop45
280
     0
102
RTVSPost2010PropOp45
 70
     1
102
RTVSPost2010Prop46
 90
       50
102
RTVSPost2010PropOp46
 70
     1
102
RTVSPost2010Prop47
 90
       50
102
RTVSPost2010PropOp47
 70
     1
102
RTVSPost2010Prop48
 90
       50
102
RTVSPost2010PropOp48
 70
     1
102
RTVSPost2010Prop49
280
     0
102
RTVSPost2010PropOp49
 70
     1
102
RTVSPost2010Prop50
 90
       50
102
RTVSPost2010PropOp50
 70
     1
102
RTVSPost2010Prop51ColorIndex
 90
      256
102
RTVSPost2010Prop51ColorRGB
 90
-16777216
102
RTVSPost2010PropOp51
 70
     0
102
RTVSPost2010Prop52
140
1.0
102
RTVSPost2010PropOp52
 70
     0
102
RTVSPost2010Prop53
 90
        2
102
RTVSPost2010PropOp53
 70
     1
102
RTVSPost2010Prop54
  1
strokes_ogs.tif
102
RTVSPost2010PropOp54
 70
     1
102
RTVSPost2010Prop55
280
     0
102
RTVSPost2010PropOp55
 70
     1
102
RTVSPost2010Prop56
140
1.0
102
RTVSPost2010PropOp56
 70
     1
102
RTVSPost2010Prop57
140
1.0
102
RTVSPost2010PropOp57
 70
     1
102
RTVSPropertyOp0
 70
     1
102
RTVSPropertyOp1
 70
     1
102
RTVSPropertyOp2
 70
     1
102
RTVSPropertyOp3
 70
     1
102
RTVSPropertyOp4
 70
     1
102
RTVSPropertyOp5
 70
     1
102
RTVSPropertyOp6
 70
     1
102
RTVSPropertyOp7
 70
     1
102
RTVSPropertyOp8
 70
     1
102
RTVSPropertyOp9
 70
     1
102
RTVSPropertyOp10
 70
     1
102
RTVSPropertyOp11
 70
     1
102
RTVSPropertyOp12
 70
     1
102
RTVSPropertyOp13
 70
     1
102
RTVSPropertyOp14
 70
     1
102
RTVSPropertyOp15
 70
     1
102
RTVSPropertyOp16
 70
     1
102
RTVSPropertyOp17
 70
     1
102
RTVSPropertyOp18
 70
     1
102
RTVSPropertyOp19
 70
     1
102
RTVSPropertyOp20
 70
     1
102
RTVSPropertyOp21
 70
     1
102
RTVSPropertyOp22
 70
     1
102
RTVSPropertyOp23
 70
     1
102
RTVSPropertyOp24
 70
     1
102
RTVSPropertyOp25
 70
     1
102
RTVSPropertyOp26
 70
     1
102
RTVSPropertyOp27
 70
     1
102
RTVSPropertyOp28
 70
     1
102
RTVSPropertyOp29
 70
     1
102
RTVSPropertyOp30
 70
     1
102
RTVSPropertyOp31
 70
     1
102
RTVSPropertyOp32
 70
     1
102
RTVSPropertyOp33
 70
     1
102
RTVSPropertyOp34
 70
     1
102
RTVSPropertyOp35
 70
     1
102
RTVSPropertyOp36
 70
     1
102
RTVSPropertyOp37
 70
     1
102
RTVSPropertyOp38
 70
     1
102
RTVSPropertyOp39
 70
     1
102
RTVSPropertyOp40
 70
     1
102
RTVSPropertyOp41
 70
     1
102
RTVSPropertyOp42
 70
     1
102
RTVSPropertyOp43
 70
     1
102
RTVSPropertyOp44
 70
     1
102
RTVSPropertyOp45
 70
     1
102
RTVSPropertyOp46
 70
     1
102
RTVSPropertyOp47
 70
     1
102
RTVSPropertyOp48
 70
     1
102
RTVSPropertyOp49
 70
     1
102
RTVSPropertyOp50
 70
     1
102
RTVSPropertyOp51
 70
     0
102
RTVSPropertyOp52
 70
     0
102
RTVSPropertyOp53
 70
     1
102
RTVSPropertyOp54
 70
     1
102
RTVSPropertyOp55
 70
     1
102
RTVSPropertyOp56
 70
     1
102
RTVSPropertyOp57
 70
     1
102
RTVSPropertyOp58
 70
     1
102
RTVSPropertyOp59
 70
     1
102
RTVSPropertyOp60
 70
     1
102
RTVSPropertyOp61
 70
     1
102
RTVSPropertyOp62
 70
     1
  0
XRECORD
  5
DD1
102
{ACAD_REACTORS
330
DD0
102
}
330
DD0
100
AcDbXrecord
280
     1
102
RTVSPost2010Prop28
280
     0
102
RTVSPost2010PropOp28
 70
     1
102
RTVSPost2010Prop29
280
     1
102
RTVSPost2010PropOp29
 70
     1
102
RTVSPost2010Prop30
280
     1
102
RTVSPost2010PropOp30
 70
     1
102
RTVSPost2010Prop31
280
     0
102
RTVSPost2010PropOp31
 70
     1
102
RTVSPost2010Prop32
280
     0
102
RTVSPost2010PropOp32
 70
     1
102
RTVSPost2010Prop33
280
     0
102
RTVSPost2010PropOp33
 70
     1
102
RTVSPost2010Prop34
280
     0
102
RTVSPost2010PropOp34
 70
     1
102
RTVSPost2010Prop35
280
     0
102
RTVSPost2010PropOp35
 70
     1
102
RTVSPost2010Prop36
280
     0
102
RTVSPost2010PropOp36
 70
     1
102
RTVSPost2010Prop37
 90
       50
102
RTVSPost2010PropOp37
 70
     1
102
RTVSPost2010Prop38
140
0.0
102
RTVSPost2010PropOp38
 70
     1
102
RTVSPost2010Prop39
140
1.0
102
RTVSPost2010PropOp39
 70
     1
102
RTVSPost2010Prop40
 90
        0
102
RTVSPost2010PropOp40
 70
     1
102
RTVSPost2010Prop41ColorIndex
 90
       18
102
RTVSPost2010Prop41ColorRGB
 90
        0
102
RTVSPost2010PropOp41
 70
     1
102
RTVSPost2010Prop42
 90
       50
102
RTVSPost2010PropOp42
 70
     1
102
RTVSPost2010Prop43
 90
        3
102
RTVSPost2010PropOp43
 70
     1
102
RTVSPost2010Prop44ColorIndex
 90
        5
102
RTVSPost2010Prop44ColorRGB
 90
      255
102
RTVSPost2010PropOp44
 70
     1
102
RTVSPost2010Prop45
280
     0
102
RTVSPost2010PropOp45
 70
     1
102
RTVSPost2010Prop46
 90
       50
102
RTVSPost2010PropOp46
 70
     1
102
RTVSPost2010Prop47
 90
       50
102
RTVSPost2010PropOp47
 70
     1
102
RTVSPost2010Prop48
 90
       50
102
RTVSPost2010PropOp48
 70
     1
102
RTVSPost2010Prop49
280
     0
102
RTVSPost2010PropOp49
 70
     1
102
RTVSPost2010Prop50
 90
       50
102
RTVSPost2010PropOp50
 70
     1
102
RTVSPost2010Prop51ColorIndex
 90
      256
102
RTVSPost2010Prop51ColorRGB
 90
-16777216
102
RTVSPost2010PropOp51
 70
     0
102
RTVSPost2010Prop52
140
1.0
102
RTVSPost2010PropOp52
 70
     0
102
RTVSPost2010Prop53
 90
        2
102
RTVSPost2010PropOp53
 70
     1
102
RTVSPost2010Prop54
  1
strokes_ogs.tif
102
RTVSPost2010PropOp54
 70
     1
102
RTVSPost2010Prop55
280
     0
102
RTVSPost2010PropOp55
 70
     1
102
RTVSPost2010Prop56
140
1.0
102
RTVSPost2010PropOp56
 70
     1
102
RTVSPost2010Prop57
140
1.0
102
RTVSPost2010PropOp57
 70
     1
102
RTVSPropertyOp0
 70
     1
102
RTVSPropertyOp1
 70
     1
102
RTVSPropertyOp2
 70
     1
102
RTVSPropertyOp3
 70
     1
102
RTVSPropertyOp4
 70
     1
102
RTVSPropertyOp5
 70
     1
102
RTVSPropertyOp6
 70
     1
102
RTVSPropertyOp7
 70
     1
102
RTVSPropertyOp8
 70
     1
102
RTVSPropertyOp9
 70
     1
102
RTVSPropertyOp10
 70
     1
102
RTVSPropertyOp11
 70
     1
102
RTVSPropertyOp12
 70
     1
102
RTVSPropertyOp13
 70
     1
102
RTVSPropertyOp14
 70
     1
102
RTVSPropertyOp15
 70
     1
102
RTVSPropertyOp16
 70
     1
102
RTVSPropertyOp17
 70
     1
102
RTVSPropertyOp18
 70
     1
102
RTVSPropertyOp19
 70
     1
102
RTVSPropertyOp20
 70
     1
102
RTVSPropertyOp21
 70
     1
102
RTVSPropertyOp22
 70
     1
102
RTVSPropertyOp23
 70
     1
102
RTVSPropertyOp24
 70
     1
102
RTVSPropertyOp25
 70
     1
102
RTVSPropertyOp26
 70
     1
102
RTVSPropertyOp27
 70
     1
102
RTVSPropertyOp28
 70
     1
102
RTVSPropertyOp29
 70
     1
102
RTVSPropertyOp30
 70
     1
102
RTVSPropertyOp31
 70
     1
102
RTVSPropertyOp32
 70
     1
102
RTVSPropertyOp33
 70
     1
102
RTVSPropertyOp34
 70
     1
102
RTVSPropertyOp35
 70
     1
102
RTVSPropertyOp36
 70
     1
102
RTVSPropertyOp37
 70
     1
102
RTVSPropertyOp38
 70
     1
102
RTVSPropertyOp39
 70
     1
102
RTVSPropertyOp40
 70
     1
102
RTVSPropertyOp41
 70
     1
102
RTVSPropertyOp42
 70
     1
102
RTVSPropertyOp43
 70
     1
102
RTVSPropertyOp44
 70
     1
102
RTVSPropertyOp45
 70
     1
102
RTVSPropertyOp46
 70
     1
102
RTVSPropertyOp47
 70
     1
102
RTVSPropertyOp48
 70
     1
102
RTVSPropertyOp49
 70
     1
102
RTVSPropertyOp50
 70
     1
102
RTVSPropertyOp51
 70
     0
102
RTVSPropertyOp52
 70
     0
102
RTVSPropertyOp53
 70
     1
102
RTVSPropertyOp54
 70
     1
102
RTVSPropertyOp55
 70
     1
102
RTVSPropertyOp56
 70
     1
102
RTVSPropertyOp57
 70
     1
102
RTVSPropertyOp58
 70
     1
102
RTVSPropertyOp59
 70
     1
102
RTVSPropertyOp60
 70
     1
102
RTVSPropertyOp61
 70
     1
102
RTVSPropertyOp62
 70
     1
  0
XRECORD
  5
DCB
102
{ACAD_REACTORS
330
DCA
102
}
330
DCA
100
AcDbXrecord
280
     1
102
RTVSPost2010Prop28
280
     0
102
RTVSPost2010PropOp28
 70
     1
102
RTVSPost2010Prop29
280
     1
102
RTVSPost2010PropOp29
 70
     1
102
RTVSPost2010Prop30
280
     1
102
RTVSPost2010PropOp30
 70
     1
102
RTVSPost2010Prop31
280
     0
102
RTVSPost2010PropOp31
 70
     1
102
RTVSPost2010Prop32
280
     0
102
RTVSPost2010PropOp32
 70
     1
102
RTVSPost2010Prop33
280
     0
102
RTVSPost2010PropOp33
 70
     1
102
RTVSPost2010Prop34
280
     0
102
RTVSPost2010PropOp34
 70
     1
102
RTVSPost2010Prop35
280
     0
102
RTVSPost2010PropOp35
 70
     1
102
RTVSPost2010Prop36
280
     0
102
RTVSPost2010PropOp36
 70
     1
102
RTVSPost2010Prop37
 90
       50
102
RTVSPost2010PropOp37
 70
     1
102
RTVSPost2010Prop38
140
0.0
102
RTVSPost2010PropOp38
 70
     1
102
RTVSPost2010Prop39
140
1.0
102
RTVSPost2010PropOp39
 70
     1
102
RTVSPost2010Prop40
 90
        0
102
RTVSPost2010PropOp40
 70
     1
102
RTVSPost2010Prop41ColorIndex
 90
       18
102
RTVSPost2010Prop41ColorRGB
 90
        0
102
RTVSPost2010PropOp41
 70
     1
102
RTVSPost2010Prop42
 90
       50
102
RTVSPost2010PropOp42
 70
     1
102
RTVSPost2010Prop43
 90
        3
102
RTVSPost2010PropOp43
 70
     1
102
RTVSPost2010Prop44ColorIndex
 90
        5
102
RTVSPost2010Prop44ColorRGB
 90
      255
102
RTVSPost2010PropOp44
 70
     1
102
RTVSPost2010Prop45
280
     0
102
RTVSPost2010PropOp45
 70
     1
102
RTVSPost2010Prop46
 90
       50
102
RTVSPost2010PropOp46
 70
     1
102
RTVSPost2010Prop47
 90
       50
102
RTVSPost2010PropOp47
 70
     1
102
RTVSPost2010Prop48
 90
       50
102
RTVSPost2010PropOp48
 70
     1
102
RTVSPost2010Prop49
280
     0
102
RTVSPost2010PropOp49
 70
     1
102
RTVSPost2010Prop50
 90
       50
102
RTVSPost2010PropOp50
 70
     1
102
RTVSPost2010Prop51ColorIndex
 90
      256
102
RTVSPost2010Prop51ColorRGB
 90
-16777216
102
RTVSPost2010PropOp51
 70
     0
102
RTVSPost2010Prop52
140
1.0
102
RTVSPost2010PropOp52
 70
     0
102
RTVSPost2010Prop53
 90
        2
102
RTVSPost2010PropOp53
 70
     1
102
RTVSPost2010Prop54
  1
strokes_ogs.tif
102
RTVSPost2010PropOp54
 70
     1
102
RTVSPost2010Prop55
280
     0
102
RTVSPost2010PropOp55
 70
     1
102
RTVSPost2010Prop56
140
1.0
102
RTVSPost2010PropOp56
 70
     1
102
RTVSPost2010Prop57
140
1.0
102
RTVSPost2010PropOp57
 70
     1
102
RTVSPropertyOp0
 70
     1
102
RTVSPropertyOp1
 70
     1
102
RTVSPropertyOp2
 70
     1
102
RTVSPropertyOp3
 70
     1
102
RTVSPropertyOp4
 70
     1
102
RTVSPropertyOp5
 70
     1
102
RTVSPropertyOp6
 70
     1
102
RTVSPropertyOp7
 70
     1
102
RTVSPropertyOp8
 70
     1
102
RTVSPropertyOp9
 70
     1
102
RTVSPropertyOp10
 70
     1
102
RTVSPropertyOp11
 70
     1
102
RTVSPropertyOp12
 70
     1
102
RTVSPropertyOp13
 70
     1
102
RTVSPropertyOp14
 70
     1
102
RTVSPropertyOp15
 70
     1
102
RTVSPropertyOp16
 70
     1
102
RTVSPropertyOp17
 70
     1
102
RTVSPropertyOp18
 70
     1
102
RTVSPropertyOp19
 70
     1
102
RTVSPropertyOp20
 70
     1
102
RTVSPropertyOp21
 70
     1
102
RTVSPropertyOp22
 70
     1
102
RTVSPropertyOp23
 70
     1
102
RTVSPropertyOp24
 70
     1
102
RTVSPropertyOp25
 70
     1
102
RTVSPropertyOp26
 70
     1
102
RTVSPropertyOp27
 70
     1
102
RTVSPropertyOp28
 70
     1
102
RTVSPropertyOp29
 70
     1
102
RTVSPropertyOp30
 70
     1
102
RTVSPropertyOp31
 70
     1
102
RTVSPropertyOp32
 70
     1
102
RTVSPropertyOp33
 70
     1
102
RTVSPropertyOp34
 70
     1
102
RTVSPropertyOp35
 70
     1
102
RTVSPropertyOp36
 70
     1
102
RTVSPropertyOp37
 70
     1
102
RTVSPropertyOp38
 70
     1
102
RTVSPropertyOp39
 70
     1
102
RTVSPropertyOp40
 70
     1
102
RTVSPropertyOp41
 70
     1
102
RTVSPropertyOp42
 70
     1
102
RTVSPropertyOp43
 70
     1
102
RTVSPropertyOp44
 70
     1
102
RTVSPropertyOp45
 70
     1
102
RTVSPropertyOp46
 70
     1
102
RTVSPropertyOp47
 70
     1
102
RTVSPropertyOp48
 70
     1
102
RTVSPropertyOp49
 70
     1
102
RTVSPropertyOp50
 70
     1
102
RTVSPropertyOp51
 70
     0
102
RTVSPropertyOp52
 70
     0
102
RTVSPropertyOp53
 70
     1
102
RTVSPropertyOp54
 70
     1
102
RTVSPropertyOp55
 70
     1
102
RTVSPropertyOp56
 70
     1
102
RTVSPropertyOp57
 70
     1
102
RTVSPropertyOp58
 70
     1
102
RTVSPropertyOp59
 70
     1
102
RTVSPropertyOp60
 70
     1
102
RTVSPropertyOp61
 70
     1
102
RTVSPropertyOp62
 70
     1
  0
XRECORD
  5
DCD
102
{ACAD_REACTORS
330
DCC
102
}
330
DCC
100
AcDbXrecord
280
     1
102
RTVSPost2010Prop28
280
     0
102
RTVSPost2010PropOp28
 70
     1
102
RTVSPost2010Prop29
280
     1
102
RTVSPost2010PropOp29
 70
     1
102
RTVSPost2010Prop30
280
     1
102
RTVSPost2010PropOp30
 70
     1
102
RTVSPost2010Prop31
280
     0
102
RTVSPost2010PropOp31
 70
     1
102
RTVSPost2010Prop32
280
     0
102
RTVSPost2010PropOp32
 70
     1
102
RTVSPost2010Prop33
280
     0
102
RTVSPost2010PropOp33
 70
     1
102
RTVSPost2010Prop34
280
     0
102
RTVSPost2010PropOp34
 70
     1
102
RTVSPost2010Prop35
280
     0
102
RTVSPost2010PropOp35
 70
     1
102
RTVSPost2010Prop36
280
     0
102
RTVSPost2010PropOp36
 70
     1
102
RTVSPost2010Prop37
 90
       50
102
RTVSPost2010PropOp37
 70
     1
102
RTVSPost2010Prop38
140
0.0
102
RTVSPost2010PropOp38
 70
     1
102
RTVSPost2010Prop39
140
1.0
102
RTVSPost2010PropOp39
 70
     1
102
RTVSPost2010Prop40
 90
        0
102
RTVSPost2010PropOp40
 70
     1
102
RTVSPost2010Prop41ColorIndex
 90
       18
102
RTVSPost2010Prop41ColorRGB
 90
        0
102
RTVSPost2010PropOp41
 70
     1
102
RTVSPost2010Prop42
 90
       50
102
RTVSPost2010PropOp42
 70
     1
102
RTVSPost2010Prop43
 90
        3
102
RTVSPost2010PropOp43
 70
     1
102
RTVSPost2010Prop44ColorIndex
 90
        5
102
RTVSPost2010Prop44ColorRGB
 90
      255
102
RTVSPost2010PropOp44
 70
     1
102
RTVSPost2010Prop45
280
     0
102
RTVSPost2010PropOp45
 70
     1
102
RTVSPost2010Prop46
 90
       50
102
RTVSPost2010PropOp46
 70
     1
102
RTVSPost2010Prop47
 90
       50
102
RTVSPost2010PropOp47
 70
     1
102
RTVSPost2010Prop48
 90
       50
102
RTVSPost2010PropOp48
 70
     1
102
RTVSPost2010Prop49
280
     0
102
RTVSPost2010PropOp49
 70
     1
102
RTVSPost2010Prop50
 90
       50
102
RTVSPost2010PropOp50
 70
     1
102
RTVSPost2010Prop51ColorIndex
 90
      256
102
RTVSPost2010Prop51ColorRGB
 90
-16777216
102
RTVSPost2010PropOp51
 70
     0
102
RTVSPost2010Prop52
140
1.0
102
RTVSPost2010PropOp52
 70
     0
102
RTVSPost2010Prop53
 90
        2
102
RTVSPost2010PropOp53
 70
     1
102
RTVSPost2010Prop54
  1
strokes_ogs.tif
102
RTVSPost2010PropOp54
 70
     1
102
RTVSPost2010Prop55
280
     0
102
RTVSPost2010PropOp55
 70
     1
102
RTVSPost2010Prop56
140
1.0
102
RTVSPost2010PropOp56
 70
     1
102
RTVSPost2010Prop57
140
1.0
102
RTVSPost2010PropOp57
 70
     1
102
RTVSPropertyOp0
 70
     1
102
RTVSPropertyOp1
 70
     1
102
RTVSPropertyOp2
 70
     1
102
RTVSPropertyOp3
 70
     1
102
RTVSPropertyOp4
 70
     1
102
RTVSPropertyOp5
 70
     1
102
RTVSPropertyOp6
 70
     1
102
RTVSPropertyOp7
 70
     1
102
RTVSPropertyOp8
 70
     1
102
RTVSPropertyOp9
 70
     1
102
RTVSPropertyOp10
 70
     1
102
RTVSPropertyOp11
 70
     1
102
RTVSPropertyOp12
 70
     1
102
RTVSPropertyOp13
 70
     1
102
RTVSPropertyOp14
 70
     1
102
RTVSPropertyOp15
 70
     1
102
RTVSPropertyOp16
 70
     1
102
RTVSPropertyOp17
 70
     1
102
RTVSPropertyOp18
 70
     1
102
RTVSPropertyOp19
 70
     1
102
RTVSPropertyOp20
 70
     1
102
RTVSPropertyOp21
 70
     1
102
RTVSPropertyOp22
 70
     1
102
RTVSPropertyOp23
 70
     1
102
RTVSPropertyOp24
 70
     1
102
RTVSPropertyOp25
 70
     1
102
RTVSPropertyOp26
 70
     1
102
RTVSPropertyOp27
 70
     1
102
RTVSPropertyOp28
 70
     1
102
RTVSPropertyOp29
 70
     1
102
RTVSPropertyOp30
 70
     1
102
RTVSPropertyOp31
 70
     1
102
RTVSPropertyOp32
 70
     1
102
RTVSPropertyOp33
 70
     1
102
RTVSPropertyOp34
 70
     1
102
RTVSPropertyOp35
 70
     1
102
RTVSPropertyOp36
 70
     1
102
RTVSPropertyOp37
 70
     1
102
RTVSPropertyOp38
 70
     1
102
RTVSPropertyOp39
 70
     1
102
RTVSPropertyOp40
 70
     1
102
RTVSPropertyOp41
 70
     1
102
RTVSPropertyOp42
 70
     1
102
RTVSPropertyOp43
 70
     1
102
RTVSPropertyOp44
 70
     1
102
RTVSPropertyOp45
 70
     1
102
RTVSPropertyOp46
 70
     1
102
RTVSPropertyOp47
 70
     1
102
RTVSPropertyOp48
 70
     1
102
RTVSPropertyOp49
 70
     1
102
RTVSPropertyOp50
 70
     1
102
RTVSPropertyOp51
 70
     0
102
RTVSPropertyOp52
 70
     0
102
RTVSPropertyOp53
 70
     1
102
RTVSPropertyOp54
 70
     1
102
RTVSPropertyOp55
 70
     1
102
RTVSPropertyOp56
 70
     1
102
RTVSPropertyOp57
 70
     1
102
RTVSPropertyOp58
 70
     1
102
RTVSPropertyOp59
 70
     1
102
RTVSPropertyOp60
 70
     1
102
RTVSPropertyOp61
 70
     1
102
RTVSPropertyOp62
 70
     1
  0
XRECORD
  5
DBF
102
{ACAD_REACTORS
330
DBE
102
}
330
DBE
100
AcDbXrecord
280
     1
102
RTVSPost2010Prop28
280
     0
102
RTVSPost2010PropOp28
 70
     1
102
RTVSPost2010Prop29
280
     1
102
RTVSPost2010PropOp29
 70
     1
102
RTVSPost2010Prop30
280
     1
102
RTVSPost2010PropOp30
 70
     1
102
RTVSPost2010Prop31
280
     0
102
RTVSPost2010PropOp31
 70
     1
102
RTVSPost2010Prop32
280
     0
102
RTVSPost2010PropOp32
 70
     1
102
RTVSPost2010Prop33
280
     0
102
RTVSPost2010PropOp33
 70
     1
102
RTVSPost2010Prop34
280
     0
102
RTVSPost2010PropOp34
 70
     1
102
RTVSPost2010Prop35
280
     0
102
RTVSPost2010PropOp35
 70
     1
102
RTVSPost2010Prop36
280
     0
102
RTVSPost2010PropOp36
 70
     1
102
RTVSPost2010Prop37
 90
       50
102
RTVSPost2010PropOp37
 70
     1
102
RTVSPost2010Prop38
140
0.0
102
RTVSPost2010PropOp38
 70
     1
102
RTVSPost2010Prop39
140
1.0
102
RTVSPost2010PropOp39
 70
     1
102
RTVSPost2010Prop40
 90
        0
102
RTVSPost2010PropOp40
 70
     1
102
RTVSPost2010Prop41ColorIndex
 90
       18
102
RTVSPost2010Prop41ColorRGB
 90
        0
102
RTVSPost2010PropOp41
 70
     1
102
RTVSPost2010Prop42
 90
       50
102
RTVSPost2010PropOp42
 70
     1
102
RTVSPost2010Prop43
 90
        3
102
RTVSPost2010PropOp43
 70
     1
102
RTVSPost2010Prop44ColorIndex
 90
        5
102
RTVSPost2010Prop44ColorRGB
 90
      255
102
RTVSPost2010PropOp44
 70
     1
102
RTVSPost2010Prop45
280
     0
102
RTVSPost2010PropOp45
 70
     1
102
RTVSPost2010Prop46
 90
       50
102
RTVSPost2010PropOp46
 70
     1
102
RTVSPost2010Prop47
 90
       50
102
RTVSPost2010PropOp47
 70
     1
102
RTVSPost2010Prop48
 90
       50
102
RTVSPost2010PropOp48
 70
     1
102
RTVSPost2010Prop49
280
     0
102
RTVSPost2010PropOp49
 70
     1
102
RTVSPost2010Prop50
 90
       50
102
RTVSPost2010PropOp50
 70
     1
102
RTVSPost2010Prop51ColorIndex
 90
      256
102
RTVSPost2010Prop51ColorRGB
 90
-16777216
102
RTVSPost2010PropOp51
 70
     0
102
RTVSPost2010Prop52
140
1.0
102
RTVSPost2010PropOp52
 70
     0
102
RTVSPost2010Prop53
 90
        2
102
RTVSPost2010PropOp53
 70
     1
102
RTVSPost2010Prop54
  1
strokes_ogs.tif
102
RTVSPost2010PropOp54
 70
     1
102
RTVSPost2010Prop55
280
     0
102
RTVSPost2010PropOp55
 70
     1
102
RTVSPost2010Prop56
140
1.0
102
RTVSPost2010PropOp56
 70
     1
102
RTVSPost2010Prop57
140
1.0
102
RTVSPost2010PropOp57
 70
     1
102
RTVSPropertyOp0
 70
     1
102
RTVSPropertyOp1
 70
     1
102
RTVSPropertyOp2
 70
     1
102
RTVSPropertyOp3
 70
     1
102
RTVSPropertyOp4
 70
     1
102
RTVSPropertyOp5
 70
     1
102
RTVSPropertyOp6
 70
     1
102
RTVSPropertyOp7
 70
     1
102
RTVSPropertyOp8
 70
     1
102
RTVSPropertyOp9
 70
     1
102
RTVSPropertyOp10
 70
     1
102
RTVSPropertyOp11
 70
     1
102
RTVSPropertyOp12
 70
     1
102
RTVSPropertyOp13
 70
     1
102
RTVSPropertyOp14
 70
     1
102
RTVSPropertyOp15
 70
     1
102
RTVSPropertyOp16
 70
     1
102
RTVSPropertyOp17
 70
     1
102
RTVSPropertyOp18
 70
     1
102
RTVSPropertyOp19
 70
     1
102
RTVSPropertyOp20
 70
     1
102
RTVSPropertyOp21
 70
     1
102
RTVSPropertyOp22
 70
     1
102
RTVSPropertyOp23
 70
     1
102
RTVSPropertyOp24
 70
     1
102
RTVSPropertyOp25
 70
     1
102
RTVSPropertyOp26
 70
     1
102
RTVSPropertyOp27
 70
     1
102
RTVSPropertyOp28
 70
     1
102
RTVSPropertyOp29
 70
     1
102
RTVSPropertyOp30
 70
     1
102
RTVSPropertyOp31
 70
     1
102
RTVSPropertyOp32
 70
     1
102
RTVSPropertyOp33
 70
     1
102
RTVSPropertyOp34
 70
     1
102
RTVSPropertyOp35
 70
     1
102
RTVSPropertyOp36
 70
     1
102
RTVSPropertyOp37
 70
     1
102
RTVSPropertyOp38
 70
     1
102
RTVSPropertyOp39
 70
     1
102
RTVSPropertyOp40
 70
     1
102
RTVSPropertyOp41
 70
     1
102
RTVSPropertyOp42
 70
     1
102
RTVSPropertyOp43
 70
     1
102
RTVSPropertyOp44
 70
     1
102
RTVSPropertyOp45
 70
     1
102
RTVSPropertyOp46
 70
     1
102
RTVSPropertyOp47
 70
     1
102
RTVSPropertyOp48
 70
     1
102
RTVSPropertyOp49
 70
     1
102
RTVSPropertyOp50
 70
     1
102
RTVSPropertyOp51
 70
     0
102
RTVSPropertyOp52
 70
     0
102
RTVSPropertyOp53
 70
     1
102
RTVSPropertyOp54
 70
     1
102
RTVSPropertyOp55
 70
     1
102
RTVSPropertyOp56
 70
     1
102
RTVSPropertyOp57
 70
     1
102
RTVSPropertyOp58
 70
     1
102
RTVSPropertyOp59
 70
     1
102
RTVSPropertyOp60
 70
     1
102
RTVSPropertyOp61
 70
     1
102
RTVSPropertyOp62
 70
     1
  0
XRECORD
  5
DC7
102
{ACAD_REACTORS
330
DC6
102
}
330
DC6
100
AcDbXrecord
280
     1
102
RTVSPost2010Prop28
280
     0
102
RTVSPost2010PropOp28
 70
     1
102
RTVSPost2010Prop29
280
     1
102
RTVSPost2010PropOp29
 70
     1
102
RTVSPost2010Prop30
280
     1
102
RTVSPost2010PropOp30
 70
     1
102
RTVSPost2010Prop31
280
     0
102
RTVSPost2010PropOp31
 70
     1
102
RTVSPost2010Prop32
280
     0
102
RTVSPost2010PropOp32
 70
     1
102
RTVSPost2010Prop33
280
     0
102
RTVSPost2010PropOp33
 70
     1
102
RTVSPost2010Prop34
280
     0
102
RTVSPost2010PropOp34
 70
     1
102
RTVSPost2010Prop35
280
     0
102
RTVSPost2010PropOp35
 70
     1
102
RTVSPost2010Prop36
280
     0
102
RTVSPost2010PropOp36
 70
     1
102
RTVSPost2010Prop37
 90
       50
102
RTVSPost2010PropOp37
 70
     1
102
RTVSPost2010Prop38
140
0.0
102
RTVSPost2010PropOp38
 70
     1
102
RTVSPost2010Prop39
140
1.0
102
RTVSPost2010PropOp39
 70
     1
102
RTVSPost2010Prop40
 90
        0
102
RTVSPost2010PropOp40
 70
     1
102
RTVSPost2010Prop41ColorIndex
 90
       18
102
RTVSPost2010Prop41ColorRGB
 90
        0
102
RTVSPost2010PropOp41
 70
     1
102
RTVSPost2010Prop42
 90
       50
102
RTVSPost2010PropOp42
 70
     1
102
RTVSPost2010Prop43
 90
        3
102
RTVSPost2010PropOp43
 70
     1
102
RTVSPost2010Prop44ColorIndex
 90
        5
102
RTVSPost2010Prop44ColorRGB
 90
      255
102
RTVSPost2010PropOp44
 70
     1
102
RTVSPost2010Prop45
280
     0
102
RTVSPost2010PropOp45
 70
     1
102
RTVSPost2010Prop46
 90
       50
102
RTVSPost2010PropOp46
 70
     1
102
RTVSPost2010Prop47
 90
       50
102
RTVSPost2010PropOp47
 70
     1
102
RTVSPost2010Prop48
 90
       50
102
RTVSPost2010PropOp48
 70
     1
102
RTVSPost2010Prop49
280
     0
102
RTVSPost2010PropOp49
 70
     1
102
RTVSPost2010Prop50
 90
       50
102
RTVSPost2010PropOp50
 70
     1
102
RTVSPost2010Prop51ColorIndex
 90
      256
102
RTVSPost2010Prop51ColorRGB
 90
-16777216
102
RTVSPost2010PropOp51
 70
     0
102
RTVSPost2010Prop52
140
1.0
102
RTVSPost2010PropOp52
 70
     0
102
RTVSPost2010Prop53
 90
        2
102
RTVSPost2010PropOp53
 70
     1
102
RTVSPost2010Prop54
  1
strokes_ogs.tif
102
RTVSPost2010PropOp54
 70
     1
102
RTVSPost2010Prop55
280
     0
102
RTVSPost2010PropOp55
 70
     1
102
RTVSPost2010Prop56
140
1.0
102
RTVSPost2010PropOp56
 70
     1
102
RTVSPost2010Prop57
140
1.0
102
RTVSPost2010PropOp57
 70
     1
102
RTVSPropertyOp0
 70
     1
102
RTVSPropertyOp1
 70
     1
102
RTVSPropertyOp2
 70
     1
102
RTVSPropertyOp3
 70
     1
102
RTVSPropertyOp4
 70
     1
102
RTVSPropertyOp5
 70
     1
102
RTVSPropertyOp6
 70
     1
102
RTVSPropertyOp7
 70
     1
102
RTVSPropertyOp8
 70
     1
102
RTVSPropertyOp9
 70
     1
102
RTVSPropertyOp10
 70
     1
102
RTVSPropertyOp11
 70
     1
102
RTVSPropertyOp12
 70
     1
102
RTVSPropertyOp13
 70
     1
102
RTVSPropertyOp14
 70
     1
102
RTVSPropertyOp15
 70
     1
102
RTVSPropertyOp16
 70
     1
102
RTVSPropertyOp17
 70
     1
102
RTVSPropertyOp18
 70
     1
102
RTVSPropertyOp19
 70
     1
102
RTVSPropertyOp20
 70
     1
102
RTVSPropertyOp21
 70
     1
102
RTVSPropertyOp22
 70
     1
102
RTVSPropertyOp23
 70
     1
102
RTVSPropertyOp24
 70
     1
102
RTVSPropertyOp25
 70
     1
102
RTVSPropertyOp26
 70
     1
102
RTVSPropertyOp27
 70
     1
102
RTVSPropertyOp28
 70
     1
102
RTVSPropertyOp29
 70
     1
102
RTVSPropertyOp30
 70
     1
102
RTVSPropertyOp31
 70
     1
102
RTVSPropertyOp32
 70
     1
102
RTVSPropertyOp33
 70
     1
102
RTVSPropertyOp34
 70
     1
102
RTVSPropertyOp35
 70
     1
102
RTVSPropertyOp36
 70
     1
102
RTVSPropertyOp37
 70
     1
102
RTVSPropertyOp38
 70
     1
102
RTVSPropertyOp39
 70
     1
102
RTVSPropertyOp40
 70
     1
102
RTVSPropertyOp41
 70
     1
102
RTVSPropertyOp42
 70
     1
102
RTVSPropertyOp43
 70
     1
102
RTVSPropertyOp44
 70
     1
102
RTVSPropertyOp45
 70
     1
102
RTVSPropertyOp46
 70
     1
102
RTVSPropertyOp47
 70
     1
102
RTVSPropertyOp48
 70
     1
102
RTVSPropertyOp49
 70
     1
102
RTVSPropertyOp50
 70
     1
102
RTVSPropertyOp51
 70
     0
102
RTVSPropertyOp52
 70
     0
102
RTVSPropertyOp53
 70
     1
102
RTVSPropertyOp54
 70
     1
102
RTVSPropertyOp55
 70
     1
102
RTVSPropertyOp56
 70
     1
102
RTVSPropertyOp57
 70
     1
102
RTVSPropertyOp58
 70
     1
102
RTVSPropertyOp59
 70
     1
102
RTVSPropertyOp60
 70
     1
102
RTVSPropertyOp61
 70
     1
102
RTVSPropertyOp62
 70
     1
  0
XRECORD
  5
DCF
102
{ACAD_REACTORS
330
DCE
102
}
330
DCE
100
AcDbXrecord
280
     1
102
RTVSPost2010Prop28
280
     0
102
RTVSPost2010PropOp28
 70
     1
102
RTVSPost2010Prop29
280
     1
102
RTVSPost2010PropOp29
 70
     1
102
RTVSPost2010Prop30
280
     1
102
RTVSPost2010PropOp30
 70
     1
102
RTVSPost2010Prop31
280
     0
102
RTVSPost2010PropOp31
 70
     1
102
RTVSPost2010Prop32
280
     0
102
RTVSPost2010PropOp32
 70
     1
102
RTVSPost2010Prop33
280
     0
102
RTVSPost2010PropOp33
 70
     1
102
RTVSPost2010Prop34
280
     0
102
RTVSPost2010PropOp34
 70
     1
102
RTVSPost2010Prop35
280
     0
102
RTVSPost2010PropOp35
 70
     1
102
RTVSPost2010Prop36
280
     0
102
RTVSPost2010PropOp36
 70
     1
102
RTVSPost2010Prop37
 90
       50
102
RTVSPost2010PropOp37
 70
     1
102
RTVSPost2010Prop38
140
0.0
102
RTVSPost2010PropOp38
 70
     1
102
RTVSPost2010Prop39
140
1.0
102
RTVSPost2010PropOp39
 70
     1
102
RTVSPost2010Prop40
 90
        0
102
RTVSPost2010PropOp40
 70
     1
102
RTVSPost2010Prop41ColorIndex
 90
       18
102
RTVSPost2010Prop41ColorRGB
 90
        0
102
RTVSPost2010PropOp41
 70
     1
102
RTVSPost2010Prop42
 90
       50
102
RTVSPost2010PropOp42
 70
     1
102
RTVSPost2010Prop43
 90
        3
102
RTVSPost2010PropOp43
 70
     1
102
RTVSPost2010Prop44ColorIndex
 90
        5
102
RTVSPost2010Prop44ColorRGB
 90
      255
102
RTVSPost2010PropOp44
 70
     1
102
RTVSPost2010Prop45
280
     0
102
RTVSPost2010PropOp45
 70
     1
102
RTVSPost2010Prop46
 90
       50
102
RTVSPost2010PropOp46
 70
     1
102
RTVSPost2010Prop47
 90
       50
102
RTVSPost2010PropOp47
 70
     1
102
RTVSPost2010Prop48
 90
       50
102
RTVSPost2010PropOp48
 70
     1
102
RTVSPost2010Prop49
280
     0
102
RTVSPost2010PropOp49
 70
     1
102
RTVSPost2010Prop50
 90
       50
102
RTVSPost2010PropOp50
 70
     1
102
RTVSPost2010Prop51ColorIndex
 90
      256
102
RTVSPost2010Prop51ColorRGB
 90
-16777216
102
RTVSPost2010PropOp51
 70
     0
102
RTVSPost2010Prop52
140
1.0
102
RTVSPost2010PropOp52
 70
     0
102
RTVSPost2010Prop53
 90
        2
102
RTVSPost2010PropOp53
 70
     1
102
RTVSPost2010Prop54
  1
strokes_ogs.tif
102
RTVSPost2010PropOp54
 70
     1
102
RTVSPost2010Prop55
280
     0
102
RTVSPost2010PropOp55
 70
     1
102
RTVSPost2010Prop56
140
1.0
102
RTVSPost2010PropOp56
 70
     1
102
RTVSPost2010Prop57
140
1.0
102
RTVSPost2010PropOp57
 70
     1
102
RTVSPropertyOp0
 70
     1
102
RTVSPropertyOp1
 70
     1
102
RTVSPropertyOp2
 70
     1
102
RTVSPropertyOp3
 70
     1
102
RTVSPropertyOp4
 70
     1
102
RTVSPropertyOp5
 70
     1
102
RTVSPropertyOp6
 70
     1
102
RTVSPropertyOp7
 70
     1
102
RTVSPropertyOp8
 70
     1
102
RTVSPropertyOp9
 70
     1
102
RTVSPropertyOp10
 70
     1
102
RTVSPropertyOp11
 70
     1
102
RTVSPropertyOp12
 70
     1
102
RTVSPropertyOp13
 70
     1
102
RTVSPropertyOp14
 70
     1
102
RTVSPropertyOp15
 70
     1
102
RTVSPropertyOp16
 70
     1
102
RTVSPropertyOp17
 70
     1
102
RTVSPropertyOp18
 70
     1
102
RTVSPropertyOp19
 70
     1
102
RTVSPropertyOp20
 70
     1
102
RTVSPropertyOp21
 70
     1
102
RTVSPropertyOp22
 70
     1
102
RTVSPropertyOp23
 70
     1
102
RTVSPropertyOp24
 70
     1
102
RTVSPropertyOp25
 70
     1
102
RTVSPropertyOp26
 70
     1
102
RTVSPropertyOp27
 70
     1
102
RTVSPropertyOp28
 70
     1
102
RTVSPropertyOp29
 70
     1
102
RTVSPropertyOp30
 70
     1
102
RTVSPropertyOp31
 70
     1
102
RTVSPropertyOp32
 70
     1
102
RTVSPropertyOp33
 70
     1
102
RTVSPropertyOp34
 70
     1
102
RTVSPropertyOp35
 70
     1
102
RTVSPropertyOp36
 70
     1
102
RTVSPropertyOp37
 70
     1
102
RTVSPropertyOp38
 70
     1
102
RTVSPropertyOp39
 70
     1
102
RTVSPropertyOp40
 70
     1
102
RTVSPropertyOp41
 70
     1
102
RTVSPropertyOp42
 70
     1
102
RTVSPropertyOp43
 70
     1
102
RTVSPropertyOp44
 70
     1
102
RTVSPropertyOp45
 70
     1
102
RTVSPropertyOp46
 70
     1
102
RTVSPropertyOp47
 70
     1
102
RTVSPropertyOp48
 70
     1
102
RTVSPropertyOp49
 70
     1
102
RTVSPropertyOp50
 70
     1
102
RTVSPropertyOp51
 70
     0
102
RTVSPropertyOp52
 70
     0
102
RTVSPropertyOp53
 70
     1
102
RTVSPropertyOp54
 70
     1
102
RTVSPropertyOp55
 70
     1
102
RTVSPropertyOp56
 70
     1
102
RTVSPropertyOp57
 70
     1
102
RTVSPropertyOp58
 70
     1
102
RTVSPropertyOp59
 70
     1
102
RTVSPropertyOp60
 70
     1
102
RTVSPropertyOp61
 70
     1
102
RTVSPropertyOp62
 70
     1
  0
ENDSEC
  0
EOF
