0
SECTION
2
HEADER
9
$ACADVER
1
AC1021
9
$ACADMAINTVER
70
1
9
$DWGCODEPAGE
3
ANSI_1252
9
$LASTSAVEDBY
1
Administrator
9
$INSBASE
10
0.0
20
0.0
30
0.0
9
$EXTMIN
10
1.000000000000000E+20
20
1.000000000000000E+20
30
1.000000000000000E+20
9
$EXTMAX
10
-1.000000000000000E+20
20
-1.000000000000000E+20
30
-1.000000000000000E+20
9
$LIMMIN
10
0.0
20
0.0
9
$LIMMAX
10
12.0
20
9.0
9
$ORTHOMODE
70
0
9
$REGENMODE
70
1
9
$FILLMODE
70
1
9
$QTEXTMODE
70
0
9
$MIRRTEXT
70
0
9
$LTSCALE
40
1
9
$ATTMODE
70
1
9
$TEXTSIZE
40
0.2
9
$TRACEWID
40
0.05
9
$TEXTSTYLE
7
newtext
9
$CLAYER
8
0
9
$CELTYPE
6
ByLayer
9
$CECOLOR
62
256
9
$CELTSCALE
40
1
9
$DISPSILH
70
0
9
$DIMSCALE
40
1.0
9
$DIMASZ
40
0.18
9
$DIMEXO
40
0.0625
9
$DIMDLI
40
0.38
9
$DIMRND
40
0.0
9
$DIMDLE
40
0.0
9
$DIMEXE
40
0.18
9
$DIMTP
40
0.0
9
$DIMTM
40
0.0
9
$DIMTXT
40
0.18
9
$DIMCEN
40
0.09
9
$DIMTSZ
40
0.0
9
$DIMTOL
70
0
9
$DIMLIM
70
0
9
$DIMTIH
70
1
9
$DIMTOH
70
1
9
$DIMSE1
70
0
9
$DIMSE2
70
0
9
$DIMTAD
70
0
9
$DIMZIN
70
0
9
$DIMBLK
1

9
$DIMASO
70
1
9
$DIMSHO
70
1
9
$DIMPOST
1

9
$DIMAPOST
1

9
$DIMALT
70
0
9
$DIMALTD
70
2
9
$DIMALTF
40
25.4
9
$DIMLFAC
40
1.0
9
$DIMTOFL
70
0
9
$DIMTVP
40
0.0
9
$DIMTIX
70
0
9
$DIMSOXD
70
0
9
$DIMSAH
70
0
9
$DIMBLK1
1

9
$DIMBLK2
1

9
$DIMSTYLE
2
Standard
9
$DIMCLRD
70
0
9
$DIMCLRE
70
0
9
$DIMCLRT
70
0
9
$DIMTFAC
40
1.0
9
$DIMGAP
40
0.09
9
$DIMJUST
70
0
9
$DIMSD1
70
0
9
$DIMSD2
70
0
9
$DIMTOLJ
70
1
9
$DIMTZIN
70
0
9
$DIMALTZ
70
0
9
$DIMALTTZ
70
0
9
$DIMUPT
70
0
9
$DIMDEC
70
4
9
$DIMTDEC
70
4
9
$DIMALTU
70
2
9
$DIMALTTD
70
2
9
$DIMTXSTY
7
Standard
9
$DIMAUNIT
70
0
9
$DIMADEC
70
0
9
$DIMALTRND
40
0.0
9
$DIMAZIN
70
0
9
$DIMDSEP
70
46
9
$DIMATFIT
70
3
9
$DIMFRAC
70
0
9
$DIMLDRBLK
1

9
$DIMLUNIT
70
2
9
$DIMLWD
70
-2
9
$DIMLWE
70
-2
9
$DIMTMOVE
70
0
9
$DIMFXL
40
1.0
9
$DIMFXLON
70
0
9
$DIMJOGANG
40
0.7853981633974483
9
$DIMTFILL
70
0
9
$DIMTFILLCLR
70
0
9
$DIMARCSYM
70
0
9
$DIMLTYPE
6

9
$DIMLTEX1
6

9
$DIMLTEX2
6

9
$LUNITS
70
2
9
$LUPREC
70
4
9
$SKETCHINC
40
0.1
9
$FILLETRAD
40
0.0
9
$AUNITS
70
0
9
$AUPREC
70
0
9
$MENU
1
.
9
$ELEVATION
40
0.0
9
$PELEVATION
40
0.0
9
$THICKNESS
40
0.0
9
$LIMCHECK
70
0
9
$CHAMFERA
40
0.0
9
$CHAMFERB
40
0.0
9
$CHAMFERC
40
0.0
9
$CHAMFERD
40
0.0
9
$SKPOLY
70
0
9
$TDCREATE
40
2461134.735790231
9
$TDUCREATE
40
2461134.985790232
9
$TDUPDATE
40
2461134.736115266
9
$TDUUPDATE
40
2461134.986115266
9
$TDINDWG
40
0.0003263310
9
$TDUSRTIMER
40
0.0003261690
9
$USRTIMER
70
1
9
$ANGBASE
50
0
9
$ANGDIR
70
0
9
$PDMODE
70
0
9
$PDSIZE
40
0.0
9
$PLINEWID
40
0.0
9
$SPLFRAME
70
0
9
$SPLINETYPE
70
6
9
$SPLINESEGS
70
8
9
$HANDSEED
5
100000144
9
$SURFTAB1
70
6
9
$SURFTAB2
70
6
9
$SURFTYPE
70
6
9
$SURFU
70
6
9
$SURFV
70
6
9
$UCSBASE
2

9
$UCSNAME
2

9
$UCSORG
10
0.0
20
0.0
30
0.0
9
$UCSXDIR
10
1.0
20
0.0
30
0.0
9
$UCSYDIR
10
0.0
20
1.0
30
0.0
9
$UCSORTHOREF
2

9
$UCSORTHOVIEW
70
0
9
$UCSORGTOP
10
0.0
20
0.0
30
0.0
9
$UCSORGBOTTOM
10
0.0
20
0.0
30
0.0
9
$UCSORGLEFT
10
0.0
20
0.0
30
0.0
9
$UCSORGRIGHT
10
0.0
20
0.0
30
0.0
9
$UCSORGFRONT
10
0.0
20
0.0
30
0.0
9
$UCSORGBACK
10
0.0
20
0.0
30
0.0
9
$PUCSBASE
2

9
$PUCSNAME
2

9
$PUCSORG
10
0.0
20
0.0
30
0.0
9
$PUCSXDIR
10
1.0
20
0.0
30
0.0
9
$PUCSYDIR
10
0.0
20
1.0
30
0.0
9
$PUCSORTHOREF
2

9
$PUCSORTHOVIEW
70
0
9
$PUCSORGTOP
10
0.0
20
0.0
30
0.0
9
$PUCSORGBOTTOM
10
0.0
20
0.0
30
0.0
9
$PUCSORGLEFT
10
0.0
20
0.0
30
0.0
9
$PUCSORGRIGHT
10
0.0
20
0.0
30
0.0
9
$PUCSORGFRONT
10
0.0
20
0.0
30
0.0
9
$PUCSORGBACK
10
0.0
20
0.0
30
0.0
9
$USERI1
70
0
9
$USERI2
70
0
9
$USERI3
70
0
9
$USERI4
70
0
9
$USERI5
70
0
9
$USERR1
40
0.0
9
$USERR2
40
0.0
9
$USERR3
40
0.0
9
$USERR4
40
0.0
9
$USERR5
40
0.0
9
$WORLDVIEW
70
1
9
$SHADEDGE
70
3
9
$SHADEDIF
70
70
9
$TILEMODE
70
1
9
$MAXACTVP
70
64
9
$PINSBASE
10
0.0
20
0.0
30
0.0
9
$PLIMCHECK
70
0
9
$PEXTMIN
10
0.0
20
0.0
30
0.0
9
$PEXTMAX
10
0.0
20
0.0
30
0.0
9
$PLIMMIN
10
0.0
20
0.0
9
$PLIMMAX
10
12.0
20
9.0
9
$UNITMODE
70
0
9
$VISRETAIN
70
1
9
$PLINEGEN
70
0
9
$PSLTSCALE
70
1
9
$TREEDEPTH
70
3020
9
$CMLSTYLE
2
Standard
9
$CMLJUST
70
0
9
$CMLSCALE
40
1.0
9
$PROXYGRAPHICS
70
1
9
$MEASUREMENT
70
0
9
$CELWEIGHT
370
-1
9
$ENDCAPS
280
0
9
$JOINSTYLE
280
0
9
$LWDISPLAY
290
0
9
$INSUNITS
70
1
9
$HYPERLINKBASE
1

9
$STYLESHEET
1

9
$XEDIT
290
1
9
$CEPSNTYPE
380
0
9
$PSTYLEMODE
290
1
9
$FINGERPRINTGUID
2
{F6527B4C-C152-47DC-8E14-96D8FEF1295F}
9
$VERSIONGUID
2
{FBC2AE19-5C5C-49EC-81BC-71B1A3362A02}
9
$EXTNAMES
290
1
9
$PSVPSCALE
40
0.0
9
$OLESTARTUP
290
0
9
$SORTENTS
280
127
9
$INDEXCTL
280
0
9
$HIDETEXT
280
1
9
$XCLIPFRAME
290
0
9
$HALOGAP
280
0
9
$OBSCOLOR
70
257
9
$OBSLTYPE
280
0
9
$INTERSECTIONDISPLAY
280
0
9
$INTERSECTIONCOLOR
70
257
9
$DIMASSOC
280
2
9
$PROJECTNAME
1

9
$CAMERADISPLAY
290
0
9
$LENSLENGTH
40
50.0
9
$CAMERAHEIGHT
40
0.0
9
$STEPSPERSEC
40
2.0
9
$STEPSIZE
40
6.0
9
$3DDWFPREC
40
2.0
9
$PSOLWIDTH
40
0.25
9
$PSOLHEIGHT
40
4.0
9
$LOFTANG1
40
1.570796326794896
9
$LOFTANG2
40
1.570796326794896
9
$LOFTMAG1
40
0.0
9
$LOFTMAG2
40
0.0
9
$LOFTPARAM
70
7
9
$LOFTNORMALS
280
1
9
$LATITUDE
40
37.795
9
$LONGITUDE
40
-122.394
9
$NORTHDIRECTION
40
0.0
9
$TIMEZONE
70
-8000
9
$LIGHTGLYPHDISPLAY
280
1
9
$TILEMODELIGHTSYNCH
280
1
9
$CMATERIAL
347
96
9
$SOLIDHIST
280
1
9
$SHOWHIST
280
1
9
$DWFFRAME
280
2
9
$DGNFRAME
280
0
9
$REALWORLDSCALE
290
1
9
$INTERFERECOLOR
62
1
9
$INTERFEREOBJVS
345
A3
9
$INTERFEREVPVS
346
A0
9
$CSHADOW
280
0
9
$SHADOWPLANELOCATION
40
0.0
0
ENDSEC
0
SECTION
2
CLASSES
0
CLASS
1
ACDBDICTIONARYWDFLT
2
AcDbDictionaryWithDefault
3
ObjectDBX Classes
90
0
91
1
280
0
281
0
0
CLASS
1
DICTIONARYVAR
2
AcDbDictionaryVar
3
ObjectDBX Classes
90
0
91
3
280
0
281
0
0
CLASS
1
TABLESTYLE
2
AcDbTableStyle
3
ObjectDBX Classes
90
4095
91
1
280
0
281
0
0
CLASS
1
MATERIAL
2
AcDbMaterial
3
ObjectDBX Classes
90
1024
91
3
280
0
281
0
0
CLASS
1
VISUALSTYLE
2
AcDbVisualStyle
3
ObjectDBX Classes
90
4095
91
16
280
0
281
0
0
CLASS
1
CELLSTYLEMAP
2
AcDbCellStyleMap
3
ObjectDBX Classes
90
1152
91
3
280
0
281
0
0
CLASS
1
MLEADERSTYLE
2
AcDbMLeaderStyle
3
ACDB_MLEADERSTYLE_CLASS
90
4095
91
1
280
0
281
0
0
CLASS
1
SCALE
2
AcDbScale
3
ObjectDBX Classes
90
1153
91
33
280
0
281
0
0
CLASS
1
ACAD_TABLE
2
AcDbTable
3
ObjectDBX Classes
90
1025
91
1
280
0
281
1
0
CLASS
1
TABLECONTENT
2
AcDbTableContent
3
ObjectDBX Classes
90
1152
91
2
280
0
281
0
0
CLASS
1
TABLEGEOMETRY
2
AcDbTableGeometry
3
ObjectDBX Classes
90
1152
91
1
280
0
281
0
0
ENDSEC
0
SECTION
2
TABLES
0
TABLE
2
VPORT
5
4
330
0
100
AcDbSymbolTable
70
1
0
VPORT
5
5
330
4
100
AcDbSymbolTableRecord
100
AcDbViewportTableRecord
2
*Active
70
0
10
0.0
20
0.0
11
1.0
21
1.0
12
0
22
0
13
0
23
0
14
0.5
24
0.5
15
0.5
25
0.5
16
0
26
0
36
1
17
0
27
0
37
0
40
500
41
1
42
50.0
43
0.0
44
0.0
50
0.0
51
0.0
71
0
72
1000
73
1
74
3
75
0
76
0
77
0
78
0
281
0
65
1
110
0.0
120
0.0
130
0.0
111
1.0
121
0.0
131
0.0
112
0.0
122
1.0
132
0.0
79
0
146
0.0
0
ENDTAB
0
TABLE
2
LTYPE
5
6
330
0
100
AcDbSymbolTable
70
1
0
LTYPE
5
A
330
A
100
AcDbSymbolTableRecord
100
AcDbLinetypeTableRecord
2
Continuous
70
0
3
Solid line
72
65
73
0
40
0
0
LTYPE
5
B
330
B
100
AcDbSymbolTableRecord
100
AcDbLinetypeTableRecord
2
ByLayer
70
0
3

72
65
73
0
40
0
0
LTYPE
5
C
330
C
100
AcDbSymbolTableRecord
100
AcDbLinetypeTableRecord
2
ByBlock
70
0
3

72
65
73
0
40
0
0
ENDTAB
0
TABLE
2
LAYER
5
D
330
0
100
AcDbSymbolTable
70
1
0
LAYER
5
10
100
AcDbSymbolTableRecord
100
AcDbLayerTableRecord
2
0
70
0
62
7
6
Continuous
290
1
370
-3
390
F
0
LAYER
5
11
100
AcDbSymbolTableRecord
100
AcDbLayerTableRecord
2
SYS_METRIC
70
0
62
-7
6
Continuous
290
0
370
-3
390
F
0
LAYER
5
12
100
AcDbSymbolTableRecord
100
AcDbLayerTableRecord
2
Defpoints
70
0
62
7
6
Continuous
290
0
370
-3
390
F
0
ENDTAB
0
TABLE
2
STYLE
5
13
330
0
100
AcDbSymbolTable
70
1
0
STYLE
5
15
330
13
100
AcDbSymbolTableRecord
100
AcDbTextStyleTableRecord
2
Standard
70
0
40
0
41
1
50
0
71
0
42
2.5
3
txt
4

0
STYLE
5
16
330
13
100
AcDbSymbolTableRecord
100
AcDbTextStyleTableRecord
2
newtext
70
0
40
0
41
1
50
0
71
0
42
2.5
3
times.ttf
4

1001
ACAD
1000
Times New Roman
0
ENDTAB
0
TABLE
2
VIEW
5
17
330
0
100
AcDbSymbolTable
70
0
0
ENDTAB
0
TABLE
2
UCS
5
18
330
0
100
AcDbSymbolTable
70
0
0
ENDTAB
0
TABLE
2
APPID
5
19
330
0
100
AcDbSymbolTable
70
1
0
APPID
5
1B
100
AcDbSymbolTableRecord
100
AcDbRegAppTableRecord
2
ACAD
70
0
0
APPID
5
1C
100
AcDbSymbolTableRecord
100
AcDbRegAppTableRecord
2
ACAD_PSEXT
70
0
0
APPID
5
1D
100
AcDbSymbolTableRecord
100
AcDbRegAppTableRecord
2
AcAecLayerStandard
70
0
0
APPID
5
1E
100
AcDbSymbolTableRecord
100
AcDbRegAppTableRecord
2
DSTP_XDATA
70
0
0
APPID
5
1F
100
AcDbSymbolTableRecord
100
AcDbRegAppTableRecord
2
ACAD_DSTYLE_DIM_LINETYPE
70
0
0
APPID
5
20
100
AcDbSymbolTableRecord
100
AcDbRegAppTableRecord
2
ACAD_DSTYLE_DIM_EXT1_LINETYPE
70
0
0
APPID
5
21
100
AcDbSymbolTableRecord
100
AcDbRegAppTableRecord
2
ACAD_DSTYLE_DIM_EXT2_LINETYPE
70
0
0
APPID
5
22
100
AcDbSymbolTableRecord
100
AcDbRegAppTableRecord
2
ACAD_MLEADERVER
70
0
0
ENDTAB
0
TABLE
2
DIMSTYLE
5
23
330
0
100
AcDbSymbolTable
70
1
100
AcDbDimStyleTable
71
0
0
DIMSTYLE
105
25
330
23
100
AcDbSymbolTableRecord
100
AcDbDimStyleTableRecord
2
Standard
3

70
0
40
0
44
0.18
42
0.0625
46
0
41
0.18
173
0
140
0.18
141
0.09
73
1
74
1
147
0.625
77
0
144
1
271
4
45
0
277
2
278
46
279
0
340
15
0
ENDTAB
0
TABLE
2
BLOCK_RECORD
5
26
330
0
100
AcDbSymbolTable
70
1
0
BLOCK_RECORD
5
27
330
26
100
AcDbSymbolTableRecord
100
AcDbBlockTableRecord
2
*Model_Space
340
28
70
0
280
1
281
0
0
BLOCK_RECORD
5
29
330
26
100
AcDbSymbolTableRecord
100
AcDbBlockTableRecord
2
*Paper_Space
340
2A
70
0
280
1
281
0
0
BLOCK_RECORD
5
2B
330
26
100
AcDbSymbolTableRecord
100
AcDbBlockTableRecord
2
*Paper_Space0
340
2C
70
0
280
1
281
0
0
BLOCK_RECORD
5
2D
100
AcDbSymbolTableRecord
100
AcDbBlockTableRecord
2
*T1
0
BLOCK_RECORD
5
2E
100
AcDbSymbolTableRecord
100
AcDbBlockTableRecord
2
*T8
0
BLOCK_RECORD
5
2F
100
AcDbSymbolTableRecord
100
AcDbBlockTableRecord
2
*T9
0
BLOCK_RECORD
5
30
100
AcDbSymbolTableRecord
100
AcDbBlockTableRecord
2
*T11
0
BLOCK_RECORD
5
31
100
AcDbSymbolTableRecord
100
AcDbBlockTableRecord
2
*T12
0
ENDTAB
0
ENDSEC
0
SECTION
2
BLOCKS
0
BLOCK
5
32
330
27
100
AcDbEntity
8
0
100
AcDbBlockBegin
2
*Model_Space
70
0
10
0.0
20
0.0
30
0.0
3
*Model_Space
1

0
ENDBLK
5
33
330
27
100
AcDbEntity
8
0
100
AcDbBlockEnd
0
BLOCK
5
34
330
29
100
AcDbEntity
67
1
8
0
100
AcDbBlockBegin
2
*Paper_Space
70
0
10
0.0
20
0.0
30
0.0
3
*Paper_Space
1

0
ENDBLK
5
35
330
29
100
AcDbEntity
67
1
8
0
100
AcDbBlockEnd
0
BLOCK
5
36
330
2B
100
AcDbEntity
67
1
8
0
100
AcDbBlockBegin
2
*Paper_Space0
70
0
10
0.0
20
0.0
30
0.0
3
*Paper_Space0
1

0
ENDBLK
5
37
330
2B
100
AcDbEntity
67
1
8
0
100
AcDbBlockEnd
0
BLOCK
5
38
100
AcDbEntity
8
0
100
AcDbBlockBegin
2
*T1
70
2
10
0
20
0
30
0
3
*T1
1

0
MTEXT
5
39
100
AcDbEntity
8
0
62
0
100
AcDbMText
6
ByLayer
10
6.2500000000
20
-0.2279884643
30
0.0000000000
40
0.2500000000
41
12.3800000000
71
5
1
Title-1
7
newtext
11
1.0000000000
21
0.0000000000
31
0.0000000000
73
2
44
1.0000000000
1001
DSTP_XDATA
1002
{
1002
}
0
MTEXT
5
3A
100
AcDbEntity
8
0
62
0
100
AcDbMText
6
ByLayer
10
1.2500000000
20
-0.6359769286
30
0.0000000000
40
0.1800000000
41
2.3800000000
71
5
1
Header-A
7
Standard
11
1.0000000000
21
0.0000000000
31
0.0000000000
73
2
44
1.0000000000
1001
DSTP_XDATA
1002
{
1002
}
0
MTEXT
5
3B
100
AcDbEntity
8
0
62
0
100
AcDbMText
6
ByLayer
10
3.7500000000
20
-0.6359769286
30
0.0000000000
40
0.1800000000
41
2.3800000000
71
5
1
Header-B
7
Standard
11
1.0000000000
21
0.0000000000
31
0.0000000000
73
2
44
1.0000000000
1001
DSTP_XDATA
1002
{
1002
}
0
MTEXT
5
3C
100
AcDbEntity
8
0
62
0
100
AcDbMText
6
ByLayer
10
6.2500000000
20
-0.6359769286
30
0.0000000000
40
0.1800000000
41
2.3800000000
71
5
1
Header-C
7
Standard
11
1.0000000000
21
0.0000000000
31
0.0000000000
73
2
44
1.0000000000
1001
DSTP_XDATA
1002
{
1002
}
0
MTEXT
5
3D
100
AcDbEntity
8
0
62
0
100
AcDbMText
6
ByLayer
10
8.7500000000
20
-0.6359769286
30
0.0000000000
40
0.1800000000
41
2.3800000000
71
5
1
Header-D
7
Standard
11
1.0000000000
21
0.0000000000
31
0.0000000000
73
2
44
1.0000000000
1001
DSTP_XDATA
1002
{
1002
}
0
MTEXT
5
3E
100
AcDbEntity
8
0
62
0
100
AcDbMText
6
ByLayer
10
11.2500000000
20
-0.6359769286
30
0.0000000000
40
0.1800000000
41
2.3800000000
71
5
1
Header-E
7
Standard
11
1.0000000000
21
0.0000000000
31
0.0000000000
73
2
44
1.0000000000
1001
DSTP_XDATA
1002
{
1002
}
0
MTEXT
5
3F
100
AcDbEntity
8
0
62
0
100
AcDbMText
6
ByLayer
10
1.2500000000
20
-0.9959769286
30
0.0000000000
40
0.1800000000
41
2.3800000000
71
5
1
Header-1
7
Standard
11
1.0000000000
21
0.0000000000
31
0.0000000000
73
2
44
1.0000000000
1001
DSTP_XDATA
1002
{
1002
}
0
MTEXT
5
40
100
AcDbEntity
8
0
62
0
100
AcDbMText
6
ByLayer
10
3.7500000000
20
-0.9959769286
30
0.0000000000
40
0.1800000000
41
2.3800000000
71
5
1
Header-2
7
Standard
11
1.0000000000
21
0.0000000000
31
0.0000000000
73
2
44
1.0000000000
1001
DSTP_XDATA
1002
{
1002
}
0
MTEXT
5
41
100
AcDbEntity
8
0
62
0
100
AcDbMText
6
ByLayer
10
6.2500000000
20
-0.9959769286
30
0.0000000000
40
0.1800000000
41
2.3800000000
71
5
1
Header-3
7
Standard
11
1.0000000000
21
0.0000000000
31
0.0000000000
73
2
44
1.0000000000
1001
DSTP_XDATA
1002
{
1002
}
0
MTEXT
5
42
100
AcDbEntity
8
0
62
0
100
AcDbMText
6
ByLayer
10
8.7500000000
20
-0.9959769286
30
0.0000000000
40
0.1800000000
41
2.3800000000
71
5
1
Header-4
7
Standard
11
1.0000000000
21
0.0000000000
31
0.0000000000
73
2
44
1.0000000000
1001
DSTP_XDATA
1002
{
1002
}
0
MTEXT
5
43
100
AcDbEntity
8
0
62
0
100
AcDbMText
6
ByLayer
10
11.2500000000
20
-0.9959769286
30
0.0000000000
40
0.1800000000
41
2.3800000000
71
5
1
Header-5
7
Standard
11
1.0000000000
21
0.0000000000
31
0.0000000000
73
2
44
1.0000000000
1001
DSTP_XDATA
1002
{
1002
}
0
MTEXT
5
44
100
AcDbEntity
8
0
62
0
100
AcDbMText
6
ByLayer
10
2.4400000000
20
-1.2359769286
30
0.0000000000
40
0.1800000000
41
2.3800000000
71
3
1
6
7
newtext
11
1.0000000000
21
0.0000000000
31
0.0000000000
73
2
44
1.0000000000
1001
DSTP_XDATA
1002
{
1002
}
0
MTEXT
5
45
100
AcDbEntity
8
0
62
0
100
AcDbMText
6
ByLayer
10
4.9400000000
20
-1.2359769286
30
0.0000000000
40
0.1800000000
41
2.3800000000
71
3
1
7
7
newtext
11
1.0000000000
21
0.0000000000
31
0.0000000000
73
2
44
1.0000000000
1001
DSTP_XDATA
1002
{
1002
}
0
MTEXT
5
46
100
AcDbEntity
8
0
62
0
100
AcDbMText
6
ByLayer
10
7.4400000000
20
-1.2359769286
30
0.0000000000
40
0.1800000000
41
2.3800000000
71
3
1
8
7
newtext
11
1.0000000000
21
0.0000000000
31
0.0000000000
73
2
44
1.0000000000
1001
DSTP_XDATA
1002
{
1002
}
0
MTEXT
5
47
100
AcDbEntity
8
0
62
0
100
AcDbMText
6
ByLayer
10
9.9400000000
20
-1.2359769286
30
0.0000000000
40
0.1800000000
41
2.3800000000
71
3
1
9
7
newtext
11
1.0000000000
21
0.0000000000
31
0.0000000000
73
2
44
1.0000000000
1001
DSTP_XDATA
1002
{
1002
}
0
MTEXT
5
48
100
AcDbEntity
8
0
62
0
100
AcDbMText
6
ByLayer
10
12.4400000000
20
-1.2359769286
30
0.0000000000
40
0.1800000000
41
2.3800000000
71
3
1
0
7
newtext
11
1.0000000000
21
0.0000000000
31
0.0000000000
73
2
44
1.0000000000
1001
DSTP_XDATA
1002
{
1002
}
0
MTEXT
5
49
100
AcDbEntity
8
0
62
0
100
AcDbMText
6
ByLayer
10
1.2500000000
20
-1.5959769286
30
0.0000000000
40
0.1800000000
41
2.3800000000
71
2
1
F
7
newtext
11
1.0000000000
21
0.0000000000
31
0.0000000000
73
2
44
1.0000000000
1001
DSTP_XDATA
1002
{
1002
}
0
MTEXT
5
4A
100
AcDbEntity
8
0
62
0
100
AcDbMText
6
ByLayer
10
3.7500000000
20
-1.5959769286
30
0.0000000000
40
0.1800000000
41
2.3800000000
71
2
1
G
7
newtext
11
1.0000000000
21
0.0000000000
31
0.0000000000
73
2
44
1.0000000000
1001
DSTP_XDATA
1002
{
1002
}
0
MTEXT
5
4B
100
AcDbEntity
8
0
62
0
100
AcDbMText
6
ByLayer
10
6.2500000000
20
-1.5959769286
30
0.0000000000
40
0.1800000000
41
2.3800000000
71
2
1
H
7
newtext
11
1.0000000000
21
0.0000000000
31
0.0000000000
73
2
44
1.0000000000
1001
DSTP_XDATA
1002
{
1002
}
0
MTEXT
5
4C
100
AcDbEntity
8
0
62
0
100
AcDbMText
6
ByLayer
10
8.7500000000
20
-1.5959769286
30
0.0000000000
40
0.1800000000
41
2.3800000000
71
2
1
SS
7
newtext
11
1.0000000000
21
0.0000000000
31
0.0000000000
73
2
44
1.0000000000
1001
DSTP_XDATA
1002
{
1002
}
0
MTEXT
5
4D
100
AcDbEntity
8
0
62
0
100
AcDbMText
6
ByLayer
10
11.2500000000
20
-1.5959769286
30
0.0000000000
40
0.1800000000
41
2.3800000000
71
2
1
FF
7
newtext
11
1.0000000000
21
0.0000000000
31
0.0000000000
73
2
44
1.0000000000
1001
DSTP_XDATA
1002
{
1002
}
0
MTEXT
5
4E
100
AcDbEntity
8
0
62
0
100
AcDbMText
6
ByLayer
10
2.4400000000
20
-1.9559769286
30
0.0000000000
40
0.1800000000
41
2.3800000000
71
3
1
11
7
newtext
11
1.0000000000
21
0.0000000000
31
0.0000000000
73
2
44
1.0000000000
1001
DSTP_XDATA
1002
{
1002
}
0
MTEXT
5
4F
100
AcDbEntity
8
0
62
0
100
AcDbMText
6
ByLayer
10
4.9400000000
20
-1.9559769286
30
0.0000000000
40
0.1800000000
41
2.3800000000
71
3
1
12
7
newtext
11
1.0000000000
21
0.0000000000
31
0.0000000000
73
2
44
1.0000000000
1001
DSTP_XDATA
1002
{
1002
}
0
MTEXT
5
50
100
AcDbEntity
8
0
62
0
100
AcDbMText
6
ByLayer
10
7.4400000000
20
-1.9559769286
30
0.0000000000
40
0.1800000000
41
2.3800000000
71
3
1
13
7
newtext
11
1.0000000000
21
0.0000000000
31
0.0000000000
73
2
44
1.0000000000
1001
DSTP_XDATA
1002
{
1002
}
0
MTEXT
5
51
100
AcDbEntity
8
0
62
0
100
AcDbMText
6
ByLayer
10
9.9400000000
20
-1.9559769286
30
0.0000000000
40
0.1800000000
41
2.3800000000
71
3
1
14
7
newtext
11
1.0000000000
21
0.0000000000
31
0.0000000000
73
2
44
1.0000000000
1001
DSTP_XDATA
1002
{
1002
}
0
MTEXT
5
52
100
AcDbEntity
8
0
62
0
100
AcDbMText
6
ByLayer
10
12.4400000000
20
-1.9559769286
30
0.0000000000
40
0.1800000000
41
2.3800000000
71
3
1
15
7
newtext
11
1.0000000000
21
0.0000000000
31
0.0000000000
73
2
44
1.0000000000
1001
DSTP_XDATA
1002
{
1002
}
0
MTEXT
5
53
100
AcDbEntity
8
0
62
0
100
AcDbMText
6
ByLayer
10
6.2500000000
20
-2.4826435953
30
0.0000000000
40
0.2500000000
41
12.3800000000
71
5
1
Title-2
7
newtext
11
1.0000000000
21
0.0000000000
31
0.0000000000
73
2
44
1.0000000000
1001
DSTP_XDATA
1002
{
1002
}
0
MTEXT
5
54
100
AcDbEntity
8
0
62
0
100
AcDbMText
6
ByLayer
10
1.2500000000
20
-2.8893102620
30
0.0000000000
40
0.1800000000
41
2.3800000000
71
5
1
H1
7
Standard
11
1.0000000000
21
0.0000000000
31
0.0000000000
73
2
44
1.0000000000
1001
DSTP_XDATA
1002
{
1002
}
0
MTEXT
5
55
100
AcDbEntity
8
0
62
0
100
AcDbMText
6
ByLayer
10
3.7500000000
20
-2.8893102620
30
0.0000000000
40
0.1800000000
41
2.3800000000
71
5
1
H2
7
Standard
11
1.0000000000
21
0.0000000000
31
0.0000000000
73
2
44
1.0000000000
1001
DSTP_XDATA
1002
{
1002
}
0
MTEXT
5
56
100
AcDbEntity
8
0
62
0
100
AcDbMText
6
ByLayer
10
6.2500000000
20
-2.8893102620
30
0.0000000000
40
0.1800000000
41
2.3800000000
71
5
1
H3
7
Standard
11
1.0000000000
21
0.0000000000
31
0.0000000000
73
2
44
1.0000000000
1001
DSTP_XDATA
1002
{
1002
}
0
MTEXT
5
57
100
AcDbEntity
8
0
62
0
100
AcDbMText
6
ByLayer
10
8.7500000000
20
-2.8893102620
30
0.0000000000
40
0.1800000000
41
2.3800000000
71
5
1
H4
7
Standard
11
1.0000000000
21
0.0000000000
31
0.0000000000
73
2
44
1.0000000000
1001
DSTP_XDATA
1002
{
1002
}
0
MTEXT
5
58
100
AcDbEntity
8
0
62
0
100
AcDbMText
6
ByLayer
10
11.2500000000
20
-2.8893102620
30
0.0000000000
40
0.1800000000
41
2.3800000000
71
5
1
H5
7
Standard
11
1.0000000000
21
0.0000000000
31
0.0000000000
73
2
44
1.0000000000
1001
DSTP_XDATA
1002
{
1002
}
0
MTEXT
5
59
100
AcDbEntity
8
0
62
0
100
AcDbMText
6
ByLayer
10
2.4400000000
20
-3.1293102620
30
0.0000000000
40
0.1800000000
41
2.3800000000
71
3
1
q
7
newtext
11
1.0000000000
21
0.0000000000
31
0.0000000000
73
2
44
1.0000000000
1001
DSTP_XDATA
1002
{
1002
}
0
MTEXT
5
5A
100
AcDbEntity
8
0
62
0
100
AcDbMText
6
ByLayer
10
4.9400000000
20
-3.1293102620
30
0.0000000000
40
0.1800000000
41
2.3800000000
71
3
1
w
7
newtext
11
1.0000000000
21
0.0000000000
31
0.0000000000
73
2
44
1.0000000000
1001
DSTP_XDATA
1002
{
1002
}
0
MTEXT
5
5B
100
AcDbEntity
8
0
62
0
100
AcDbMText
6
ByLayer
10
2.4400000000
20
-3.4893102620
30
0.0000000000
40
0.1800000000
41
2.3800000000
71
3
1
r
7
newtext
11
1.0000000000
21
0.0000000000
31
0.0000000000
73
2
44
1.0000000000
1001
DSTP_XDATA
1002
{
1002
}
0
MTEXT
5
5C
100
AcDbEntity
8
0
62
0
100
AcDbMText
6
ByLayer
10
16.2789960608
20
-5.6763758254
30
0.0000000000
40
0.2500000000
41
12.3800000000
71
5
1
Title-1
7
newtext
11
1.0000000000
21
0.0000000000
31
0.0000000000
73
2
44
1.0000000000
1001
DSTP_XDATA
1002
{
1002
}
0
MTEXT
5
5D
100
AcDbEntity
8
0
62
0
100
AcDbMText
6
ByLayer
10
11.2789960608
20
-6.0843642897
30
0.0000000000
40
0.1800000000
41
2.3800000000
71
5
1
Header-A
7
Standard
11
1.0000000000
21
0.0000000000
31
0.0000000000
73
2
44
1.0000000000
1001
DSTP_XDATA
1002
{
1002
}
0
MTEXT
5
5E
100
AcDbEntity
8
0
62
0
100
AcDbMText
6
ByLayer
10
13.7789960608
20
-6.0843642897
30
0.0000000000
40
0.1800000000
41
2.3800000000
71
5
1
Header-B
7
Standard
11
1.0000000000
21
0.0000000000
31
0.0000000000
73
2
44
1.0000000000
1001
DSTP_XDATA
1002
{
1002
}
0
MTEXT
5
5F
100
AcDbEntity
8
0
62
0
100
AcDbMText
6
ByLayer
10
16.2789960608
20
-6.0843642897
30
0.0000000000
40
0.1800000000
41
2.3800000000
71
5
1
Header-C
7
Standard
11
1.0000000000
21
0.0000000000
31
0.0000000000
73
2
44
1.0000000000
1001
DSTP_XDATA
1002
{
1002
}
0
MTEXT
5
60
100
AcDbEntity
8
0
62
0
100
AcDbMText
6
ByLayer
10
18.7789960608
20
-6.0843642897
30
0.0000000000
40
0.1800000000
41
2.3800000000
71
5
1
Header-D
7
Standard
11
1.0000000000
21
0.0000000000
31
0.0000000000
73
2
44
1.0000000000
1001
DSTP_XDATA
1002
{
1002
}
0
MTEXT
5
61
100
AcDbEntity
8
0
62
0
100
AcDbMText
6
ByLayer
10
21.2789960608
20
-6.0843642897
30
0.0000000000
40
0.1800000000
41
2.3800000000
71
5
1
Header-E
7
Standard
11
1.0000000000
21
0.0000000000
31
0.0000000000
73
2
44
1.0000000000
1001
DSTP_XDATA
1002
{
1002
}
0
MTEXT
5
62
100
AcDbEntity
8
0
62
0
100
AcDbMText
6
ByLayer
10
11.2789960608
20
-6.4443642897
30
0.0000000000
40
0.1800000000
41
2.3800000000
71
5
1
Header-1
7
Standard
11
1.0000000000
21
0.0000000000
31
0.0000000000
73
2
44
1.0000000000
1001
DSTP_XDATA
1002
{
1002
}
0
MTEXT
5
63
100
AcDbEntity
8
0
62
0
100
AcDbMText
6
ByLayer
10
13.7789960608
20
-6.4443642897
30
0.0000000000
40
0.1800000000
41
2.3800000000
71
5
1
Header-2
7
Standard
11
1.0000000000
21
0.0000000000
31
0.0000000000
73
2
44
1.0000000000
1001
DSTP_XDATA
1002
{
1002
}
0
MTEXT
5
64
100
AcDbEntity
8
0
62
0
100
AcDbMText
6
ByLayer
10
16.2789960608
20
-6.4443642897
30
0.0000000000
40
0.1800000000
41
2.3800000000
71
5
1
Header-3
7
Standard
11
1.0000000000
21
0.0000000000
31
0.0000000000
73
2
44
1.0000000000
1001
DSTP_XDATA
1002
{
1002
}
0
MTEXT
5
65
100
AcDbEntity
8
0
62
0
100
AcDbMText
6
ByLayer
10
18.7789960608
20
-6.4443642897
30
0.0000000000
40
0.1800000000
41
2.3800000000
71
5
1
Header-4
7
Standard
11
1.0000000000
21
0.0000000000
31
0.0000000000
73
2
44
1.0000000000
1001
DSTP_XDATA
1002
{
1002
}
0
MTEXT
5
66
100
AcDbEntity
8
0
62
0
100
AcDbMText
6
ByLayer
10
21.2789960608
20
-6.4443642897
30
0.0000000000
40
0.1800000000
41
2.3800000000
71
5
1
Header-5
7
Standard
11
1.0000000000
21
0.0000000000
31
0.0000000000
73
2
44
1.0000000000
1001
DSTP_XDATA
1002
{
1002
}
0
MTEXT
5
67
100
AcDbEntity
8
0
62
0
100
AcDbMText
6
ByLayer
10
12.4689960608
20
-6.6843642897
30
0.0000000000
40
0.1800000000
41
2.3800000000
71
3
1
d
7
newtext
11
1.0000000000
21
0.0000000000
31
0.0000000000
73
2
44
1.0000000000
1001
DSTP_XDATA
1002
{
1002
}
0
MTEXT
5
68
100
AcDbEntity
8
0
62
0
100
AcDbMText
6
ByLayer
10
12.4689960608
20
-7.0463974548
30
0.0000000000
40
0.1800000000
41
2.3800000000
71
3
1
f
7
newtext
11
1.0000000000
21
0.0000000000
31
0.0000000000
73
2
44
1.0000000000
1001
DSTP_XDATA
1002
{
1002
}
0
MTEXT
5
69
100
AcDbEntity
8
0
62
0
100
AcDbMText
6
ByLayer
10
12.4689960608
20
-7.4084306199
30
0.0000000000
40
0.1800000000
41
2.3800000000
71
3
1
g
7
newtext
11
1.0000000000
21
0.0000000000
31
0.0000000000
73
2
44
1.0000000000
1001
DSTP_XDATA
1002
{
1002
}
0
MTEXT
5
6A
100
AcDbEntity
8
0
62
0
100
AcDbMText
6
ByLayer
10
29.0548788348
20
-9.6172988969
30
0.0000000000
40
0.2500000000
41
12.3800000000
71
5
1
Title-1
7
newtext
11
1.0000000000
21
0.0000000000
31
0.0000000000
73
2
44
1.0000000000
1001
DSTP_XDATA
1002
{
1002
}
0
MTEXT
5
6B
100
AcDbEntity
8
0
62
0
100
AcDbMText
6
ByLayer
10
24.0548788348
20
-10.0252873612
30
0.0000000000
40
0.1800000000
41
2.3800000000
71
5
1
Header-A
7
Standard
11
1.0000000000
21
0.0000000000
31
0.0000000000
73
2
44
1.0000000000
1001
DSTP_XDATA
1002
{
1002
}
0
MTEXT
5
6C
100
AcDbEntity
8
0
62
0
100
AcDbMText
6
ByLayer
10
26.5548788348
20
-10.0252873612
30
0.0000000000
40
0.1800000000
41
2.3800000000
71
5
1
Header-B
7
Standard
11
1.0000000000
21
0.0000000000
31
0.0000000000
73
2
44
1.0000000000
1001
DSTP_XDATA
1002
{
1002
}
0
MTEXT
5
6D
100
AcDbEntity
8
0
62
0
100
AcDbMText
6
ByLayer
10
29.0548788348
20
-10.0252873612
30
0.0000000000
40
0.1800000000
41
2.3800000000
71
5
1
Header-C
7
Standard
11
1.0000000000
21
0.0000000000
31
0.0000000000
73
2
44
1.0000000000
1001
DSTP_XDATA
1002
{
1002
}
0
MTEXT
5
6E
100
AcDbEntity
8
0
62
0
100
AcDbMText
6
ByLayer
10
31.5548788348
20
-10.0252873612
30
0.0000000000
40
0.1800000000
41
2.3800000000
71
5
1
Header-D
7
Standard
11
1.0000000000
21
0.0000000000
31
0.0000000000
73
2
44
1.0000000000
1001
DSTP_XDATA
1002
{
1002
}
0
MTEXT
5
6F
100
AcDbEntity
8
0
62
0
100
AcDbMText
6
ByLayer
10
34.0548788348
20
-10.0252873612
30
0.0000000000
40
0.1800000000
41
2.3800000000
71
5
1
Header-E
7
Standard
11
1.0000000000
21
0.0000000000
31
0.0000000000
73
2
44
1.0000000000
1001
DSTP_XDATA
1002
{
1002
}
0
MTEXT
5
70
100
AcDbEntity
8
0
62
0
100
AcDbMText
6
ByLayer
10
24.0548788348
20
-10.3852873612
30
0.0000000000
40
0.1800000000
41
2.3800000000
71
5
1
Header-1
7
Standard
11
1.0000000000
21
0.0000000000
31
0.0000000000
73
2
44
1.0000000000
1001
DSTP_XDATA
1002
{
1002
}
0
MTEXT
5
71
100
AcDbEntity
8
0
62
0
100
AcDbMText
6
ByLayer
10
26.5548788348
20
-10.3852873612
30
0.0000000000
40
0.1800000000
41
2.3800000000
71
5
1
Header-2
7
Standard
11
1.0000000000
21
0.0000000000
31
0.0000000000
73
2
44
1.0000000000
1001
DSTP_XDATA
1002
{
1002
}
0
MTEXT
5
72
100
AcDbEntity
8
0
62
0
100
AcDbMText
6
ByLayer
10
29.0548788348
20
-10.3852873612
30
0.0000000000
40
0.1800000000
41
2.3800000000
71
5
1
Header-3
7
Standard
11
1.0000000000
21
0.0000000000
31
0.0000000000
73
2
44
1.0000000000
1001
DSTP_XDATA
1002
{
1002
}
0
MTEXT
5
73
100
AcDbEntity
8
0
62
0
100
AcDbMText
6
ByLayer
10
31.5548788348
20
-10.3852873612
30
0.0000000000
40
0.1800000000
41
2.3800000000
71
5
1
Header-4
7
Standard
11
1.0000000000
21
0.0000000000
31
0.0000000000
73
2
44
1.0000000000
1001
DSTP_XDATA
1002
{
1002
}
0
MTEXT
5
74
100
AcDbEntity
8
0
62
0
100
AcDbMText
6
ByLayer
10
34.0548788348
20
-10.3852873612
30
0.0000000000
40
0.1800000000
41
2.3800000000
71
5
1
Header-5
7
Standard
11
1.0000000000
21
0.0000000000
31
0.0000000000
73
2
44
1.0000000000
1001
DSTP_XDATA
1002
{
1002
}
0
MTEXT
5
75
100
AcDbEntity
8
0
62
0
100
AcDbMText
6
ByLayer
10
25.2448788348
20
-10.6252873612
30
0.0000000000
40
0.1800000000
41
2.3800000000
71
3
1
h
7
newtext
11
1.0000000000
21
0.0000000000
31
0.0000000000
73
2
44
1.0000000000
1001
DSTP_XDATA
1002
{
1002
}
0
MTEXT
5
76
100
AcDbEntity
8
0
62
0
100
AcDbMText
6
ByLayer
10
25.2448788348
20
-10.9873205263
30
0.0000000000
40
0.1800000000
41
2.3800000000
71
3
1
f
7
newtext
11
1.0000000000
21
0.0000000000
31
0.0000000000
73
2
44
1.0000000000
1001
DSTP_XDATA
1002
{
1002
}
0
MTEXT
5
77
100
AcDbEntity
8
0
62
0
100
AcDbMText
6
ByLayer
10
30.2448788348
20
-10.9873205263
30
0.0000000000
40
0.1800000000
41
2.3800000000
71
3
1
j
7
newtext
11
1.0000000000
21
0.0000000000
31
0.0000000000
73
2
44
1.0000000000
1001
DSTP_XDATA
1002
{
1002
}
0
LINE
5
78
100
AcDbEntity
8
0
62
0
370
-2
100
AcDbLine
6
ByBlock
10
0.0000000000
20
0.0000000000
30
0.0000000000
11
12.5000000000
21
0.0000000000
31
0.0000000000
1001
DSTP_XDATA
1002
{
1002
}
0
LINE
5
79
100
AcDbEntity
8
0
62
0
370
-2
100
AcDbLine
6
ByBlock
10
0.0000000000
20
-0.4559769286
30
0.0000000000
11
12.5000000000
21
-0.4559769286
31
0.0000000000
1001
DSTP_XDATA
1002
{
1002
}
0
LINE
5
7A
100
AcDbEntity
8
0
62
0
370
-2
100
AcDbLine
6
ByBlock
10
0.0000000000
20
-0.8159769286
30
0.0000000000
11
12.5000000000
21
-0.8159769286
31
0.0000000000
1001
DSTP_XDATA
1002
{
1002
}
0
LINE
5
7B
100
AcDbEntity
8
0
62
0
370
-2
100
AcDbLine
6
ByBlock
10
0.0000000000
20
-1.1759769286
30
0.0000000000
11
12.5000000000
21
-1.1759769286
31
0.0000000000
1001
DSTP_XDATA
1002
{
1002
}
0
LINE
5
7C
100
AcDbEntity
8
0
62
0
370
-2
100
AcDbLine
6
ByBlock
10
0.0000000000
20
-1.5359769286
30
0.0000000000
11
12.5000000000
21
-1.5359769286
31
0.0000000000
1001
DSTP_XDATA
1002
{
1002
}
0
LINE
5
7D
100
AcDbEntity
8
0
62
0
370
-2
100
AcDbLine
6
ByBlock
10
0.0000000000
20
-1.8959769286
30
0.0000000000
11
12.5000000000
21
-1.8959769286
31
0.0000000000
1001
DSTP_XDATA
1002
{
1002
}
0
LINE
5
7E
100
AcDbEntity
8
0
62
0
370
-2
100
AcDbLine
6
ByBlock
10
0.0000000000
20
-2.2559769286
30
0.0000000000
11
12.5000000000
21
-2.2559769286
31
0.0000000000
1001
DSTP_XDATA
1002
{
1002
}
0
LINE
5
7F
100
AcDbEntity
8
0
62
0
370
-2
100
AcDbLine
6
ByBlock
10
0.0000000000
20
-2.7093102620
30
0.0000000000
11
12.5000000000
21
-2.7093102620
31
0.0000000000
1001
DSTP_XDATA
1002
{
1002
}
0
LINE
5
80
100
AcDbEntity
8
0
62
0
370
-2
100
AcDbLine
6
ByBlock
10
0.0000000000
20
-3.0693102620
30
0.0000000000
11
12.5000000000
21
-3.0693102620
31
0.0000000000
1001
DSTP_XDATA
1002
{
1002
}
0
LINE
5
81
100
AcDbEntity
8
0
62
0
370
-2
100
AcDbLine
6
ByBlock
10
0.0000000000
20
-3.4293102620
30
0.0000000000
11
12.5000000000
21
-3.4293102620
31
0.0000000000
1001
DSTP_XDATA
1002
{
1002
}
0
LINE
5
82
100
AcDbEntity
8
0
62
0
370
-2
100
AcDbLine
6
ByBlock
10
0.0000000000
20
-3.7913434271
30
0.0000000000
11
12.5000000000
21
-3.7913434271
31
0.0000000000
1001
DSTP_XDATA
1002
{
1002
}
0
LINE
5
83
100
AcDbEntity
8
0
62
0
370
-2
100
AcDbLine
6
ByBlock
10
0.0000000000
20
0.0000000000
30
0.0000000000
11
0.0000000000
21
-3.7913434271
31
0.0000000000
1001
DSTP_XDATA
1002
{
1002
}
0
LINE
5
84
100
AcDbEntity
8
0
62
0
370
-2
100
AcDbLine
6
ByBlock
10
2.5000000000
20
-0.4559769286
30
0.0000000000
11
2.5000000000
21
-2.2559769286
31
0.0000000000
1001
DSTP_XDATA
1002
{
1002
}
0
LINE
5
85
100
AcDbEntity
8
0
62
0
370
-2
100
AcDbLine
6
ByBlock
10
2.5000000000
20
-2.7093102620
30
0.0000000000
11
2.5000000000
21
-3.7913434271
31
0.0000000000
1001
DSTP_XDATA
1002
{
1002
}
0
LINE
5
86
100
AcDbEntity
8
0
62
0
370
-2
100
AcDbLine
6
ByBlock
10
5.0000000000
20
-0.4559769286
30
0.0000000000
11
5.0000000000
21
-2.2559769286
31
0.0000000000
1001
DSTP_XDATA
1002
{
1002
}
0
LINE
5
87
100
AcDbEntity
8
0
62
0
370
-2
100
AcDbLine
6
ByBlock
10
5.0000000000
20
-2.7093102620
30
0.0000000000
11
5.0000000000
21
-3.7913434271
31
0.0000000000
1001
DSTP_XDATA
1002
{
1002
}
0
LINE
5
88
100
AcDbEntity
8
0
62
0
370
-2
100
AcDbLine
6
ByBlock
10
7.5000000000
20
-0.4559769286
30
0.0000000000
11
7.5000000000
21
-2.2559769286
31
0.0000000000
1001
DSTP_XDATA
1002
{
1002
}
0
LINE
5
89
100
AcDbEntity
8
0
62
0
370
-2
100
AcDbLine
6
ByBlock
10
7.5000000000
20
-2.7093102620
30
0.0000000000
11
7.5000000000
21
-3.7913434271
31
0.0000000000
1001
DSTP_XDATA
1002
{
1002
}
0
LINE
5
8A
100
AcDbEntity
8
0
62
0
370
-2
100
AcDbLine
6
ByBlock
10
10.0000000000
20
-0.4559769286
30
0.0000000000
11
10.0000000000
21
-2.2559769286
31
0.0000000000
1001
DSTP_XDATA
1002
{
1002
}
0
LINE
5
8B
100
AcDbEntity
8
0
62
0
370
-2
100
AcDbLine
6
ByBlock
10
10.0000000000
20
-2.7093102620
30
0.0000000000
11
10.0000000000
21
-3.7913434271
31
0.0000000000
1001
DSTP_XDATA
1002
{
1002
}
0
LINE
5
8C
100
AcDbEntity
8
0
62
0
370
-2
100
AcDbLine
6
ByBlock
10
12.5000000000
20
0.0000000000
30
0.0000000000
11
12.5000000000
21
-3.7913434271
31
0.0000000000
1001
DSTP_XDATA
1002
{
1002
}
0
LINE
5
8D
100
AcDbEntity
8
Defpoints
62
8
370
0
100
AcDbLine
6
ByLayer
10
0.0000000000
20
0.0000000000
30
0.0000000000
11
0.0000000000
21
0.0000000000
31
0.0000000000
1001
DSTP_XDATA
1002
{
1002
}
0
LINE
5
8E
100
AcDbEntity
8
0
62
0
370
-2
100
AcDbLine
6
ByBlock
10
10.0289960608
20
-5.4483873611
30
0.0000000000
11
22.5289960608
21
-5.4483873611
31
0.0000000000
1001
DSTP_XDATA
1002
{
1002
}
0
LINE
5
8F
100
AcDbEntity
8
0
62
0
370
-2
100
AcDbLine
6
ByBlock
10
10.0289960608
20
-5.9043642897
30
0.0000000000
11
22.5289960608
21
-5.9043642897
31
0.0000000000
1001
DSTP_XDATA
1002
{
1002
}
0
LINE
5
90
100
AcDbEntity
8
0
62
0
370
-2
100
AcDbLine
6
ByBlock
10
10.0289960608
20
-6.2643642897
30
0.0000000000
11
22.5289960608
21
-6.2643642897
31
0.0000000000
1001
DSTP_XDATA
1002
{
1002
}
0
LINE
5
91
100
AcDbEntity
8
0
62
0
370
-2
100
AcDbLine
6
ByBlock
10
10.0289960608
20
-6.6243642897
30
0.0000000000
11
22.5289960608
21
-6.6243642897
31
0.0000000000
1001
DSTP_XDATA
1002
{
1002
}
0
LINE
5
92
100
AcDbEntity
8
0
62
0
370
-2
100
AcDbLine
6
ByBlock
10
10.0289960608
20
-6.9863974548
30
0.0000000000
11
22.5289960608
21
-6.9863974548
31
0.0000000000
1001
DSTP_XDATA
1002
{
1002
}
0
LINE
5
93
100
AcDbEntity
8
0
62
0
370
-2
100
AcDbLine
6
ByBlock
10
10.0289960608
20
-7.3484306199
30
0.0000000000
11
22.5289960608
21
-7.3484306199
31
0.0000000000
1001
DSTP_XDATA
1002
{
1002
}
0
LINE
5
94
100
AcDbEntity
8
0
62
0
370
-2
100
AcDbLine
6
ByBlock
10
10.0289960608
20
-7.7104637850
30
0.0000000000
11
22.5289960608
21
-7.7104637850
31
0.0000000000
1001
DSTP_XDATA
1002
{
1002
}
0
LINE
5
95
100
AcDbEntity
8
0
62
0
370
-2
100
AcDbLine
6
ByBlock
10
10.0289960608
20
-5.4483873611
30
0.0000000000
11
10.0289960608
21
-7.7104637850
31
0.0000000000
1001
DSTP_XDATA
1002
{
1002
}
0
LINE
5
96
100
AcDbEntity
8
0
62
0
370
-2
100
AcDbLine
6
ByBlock
10
12.5289960608
20
-5.9043642897
30
0.0000000000
11
12.5289960608
21
-7.7104637850
31
0.0000000000
1001
DSTP_XDATA
1002
{
1002
}
0
LINE
5
97
100
AcDbEntity
8
0
62
0
370
-2
100
AcDbLine
6
ByBlock
10
15.0289960608
20
-5.9043642897
30
0.0000000000
11
15.0289960608
21
-7.7104637850
31
0.0000000000
1001
DSTP_XDATA
1002
{
1002
}
0
LINE
5
98
100
AcDbEntity
8
0
62
0
370
-2
100
AcDbLine
6
ByBlock
10
17.5289960608
20
-5.9043642897
30
0.0000000000
11
17.5289960608
21
-7.7104637850
31
0.0000000000
1001
DSTP_XDATA
1002
{
1002
}
0
LINE
5
99
100
AcDbEntity
8
0
62
0
370
-2
100
AcDbLine
6
ByBlock
10
20.0289960608
20
-5.9043642897
30
0.0000000000
11
20.0289960608
21
-7.7104637850
31
0.0000000000
1001
DSTP_XDATA
1002
{
1002
}
0
LINE
5
9A
100
AcDbEntity
8
0
62
0
370
-2
100
AcDbLine
6
ByBlock
10
22.5289960608
20
-5.4483873611
30
0.0000000000
11
22.5289960608
21
-7.7104637850
31
0.0000000000
1001
DSTP_XDATA
1002
{
1002
}
0
LINE
5
9B
100
AcDbEntity
8
Defpoints
62
8
370
0
100
AcDbLine
6
ByLayer
10
0.0000000000
20
0.0000000000
30
0.0000000000
11
0.0000000000
21
0.0000000000
31
0.0000000000
1001
DSTP_XDATA
1002
{
1002
}
0
LINE
5
9C
100
AcDbEntity
8
0
62
0
370
-2
100
AcDbLine
6
ByBlock
10
22.8048788348
20
-9.3893104326
30
0.0000000000
11
35.3048788348
21
-9.3893104326
31
0.0000000000
1001
DSTP_XDATA
1002
{
1002
}
0
LINE
5
9D
100
AcDbEntity
8
0
62
0
370
-2
100
AcDbLine
6
ByBlock
10
22.8048788348
20
-9.8452873612
30
0.0000000000
11
35.3048788348
21
-9.8452873612
31
0.0000000000
1001
DSTP_XDATA
1002
{
1002
}
0
LINE
5
9E
100
AcDbEntity
8
0
62
0
370
-2
100
AcDbLine
6
ByBlock
10
22.8048788348
20
-10.2052873612
30
0.0000000000
11
35.3048788348
21
-10.2052873612
31
0.0000000000
1001
DSTP_XDATA
1002
{
1002
}
0
LINE
5
9F
100
AcDbEntity
8
0
62
0
370
-2
100
AcDbLine
6
ByBlock
10
22.8048788348
20
-10.5652873612
30
0.0000000000
11
35.3048788348
21
-10.5652873612
31
0.0000000000
1001
DSTP_XDATA
1002
{
1002
}
0
LINE
5
A0
100
AcDbEntity
8
0
62
0
370
-2
100
AcDbLine
6
ByBlock
10
22.8048788348
20
-10.9273205263
30
0.0000000000
11
35.3048788348
21
-10.9273205263
31
0.0000000000
1001
DSTP_XDATA
1002
{
1002
}
0
LINE
5
A1
100
AcDbEntity
8
0
62
0
370
-2
100
AcDbLine
6
ByBlock
10
22.8048788348
20
-11.2893536914
30
0.0000000000
11
35.3048788348
21
-11.2893536914
31
0.0000000000
1001
DSTP_XDATA
1002
{
1002
}
0
LINE
5
A2
100
AcDbEntity
8
0
62
0
370
-2
100
AcDbLine
6
ByBlock
10
22.8048788348
20
-9.3893104326
30
0.0000000000
11
22.8048788348
21
-11.2893536914
31
0.0000000000
1001
DSTP_XDATA
1002
{
1002
}
0
LINE
5
A3
100
AcDbEntity
8
0
62
0
370
-2
100
AcDbLine
6
ByBlock
10
25.3048788348
20
-9.8452873612
30
0.0000000000
11
25.3048788348
21
-11.2893536914
31
0.0000000000
1001
DSTP_XDATA
1002
{
1002
}
0
LINE
5
A4
100
AcDbEntity
8
0
62
0
370
-2
100
AcDbLine
6
ByBlock
10
27.8048788348
20
-9.8452873612
30
0.0000000000
11
27.8048788348
21
-11.2893536914
31
0.0000000000
1001
DSTP_XDATA
1002
{
1002
}
0
LINE
5
A5
100
AcDbEntity
8
0
62
0
370
-2
100
AcDbLine
6
ByBlock
10
30.3048788348
20
-9.8452873612
30
0.0000000000
11
30.3048788348
21
-11.2893536914
31
0.0000000000
1001
DSTP_XDATA
1002
{
1002
}
0
LINE
5
A6
100
AcDbEntity
8
0
62
0
370
-2
100
AcDbLine
6
ByBlock
10
32.8048788348
20
-9.8452873612
30
0.0000000000
11
32.8048788348
21
-11.2893536914
31
0.0000000000
1001
DSTP_XDATA
1002
{
1002
}
0
LINE
5
A7
100
AcDbEntity
8
0
62
0
370
-2
100
AcDbLine
6
ByBlock
10
35.3048788348
20
-9.3893104326
30
0.0000000000
11
35.3048788348
21
-11.2893536914
31
0.0000000000
1001
DSTP_XDATA
1002
{
1002
}
0
LINE
5
A8
100
AcDbEntity
8
Defpoints
62
8
370
0
100
AcDbLine
6
ByLayer
10
0.0000000000
20
0.0000000000
30
0.0000000000
11
0.0000000000
21
0.0000000000
31
0.0000000000
1001
DSTP_XDATA
1002
{
1002
}
0
ENDBLK
5
A9
100
AcDbEntity
8
0
100
AcDbBlockEnd
1001
DSTP_XDATA
1002
{
1002
}
0
BLOCK
5
AA
100
AcDbEntity
8
0
100
AcDbBlockBegin
2
*T8
70
2
10
0
20
0
30
0
3
*T8
1

0
ENDBLK
5
AB
100
AcDbEntity
8
0
100
AcDbBlockEnd
1001
DSTP_XDATA
1002
{
1002
}
0
BLOCK
5
AC
100
AcDbEntity
8
0
100
AcDbBlockBegin
2
*T9
70
2
10
0
20
0
30
0
3
*T9
1

0
ENDBLK
5
AD
100
AcDbEntity
8
0
100
AcDbBlockEnd
1001
DSTP_XDATA
1002
{
1002
}
0
BLOCK
5
AE
100
AcDbEntity
8
0
100
AcDbBlockBegin
2
*T11
70
2
10
0
20
0
30
0
3
*T11
1

0
MTEXT
5
AF
100
AcDbEntity
8
0
62
0
100
AcDbMText
6
ByLayer
10
6.2500000000
20
-0.2279884643
30
0.0000000000
40
0.2500000000
41
12.3800000000
71
5
1
Title-1
7
newtext
11
1.0000000000
21
0.0000000000
31
0.0000000000
73
2
44
1.0000000000
1001
DSTP_XDATA
1002
{
1002
}
0
MTEXT
5
B0
100
AcDbEntity
8
0
62
0
100
AcDbMText
6
ByLayer
10
1.2500000000
20
-0.6359769286
30
0.0000000000
40
0.1800000000
41
2.3800000000
71
5
1
Header-A
7
Standard
11
1.0000000000
21
0.0000000000
31
0.0000000000
73
2
44
1.0000000000
1001
DSTP_XDATA
1002
{
1002
}
0
MTEXT
5
B1
100
AcDbEntity
8
0
62
0
100
AcDbMText
6
ByLayer
10
3.7500000000
20
-0.6359769286
30
0.0000000000
40
0.1800000000
41
2.3800000000
71
5
1
Header-B
7
Standard
11
1.0000000000
21
0.0000000000
31
0.0000000000
73
2
44
1.0000000000
1001
DSTP_XDATA
1002
{
1002
}
0
MTEXT
5
B2
100
AcDbEntity
8
0
62
0
100
AcDbMText
6
ByLayer
10
6.2500000000
20
-0.6359769286
30
0.0000000000
40
0.1800000000
41
2.3800000000
71
5
1
Header-C
7
Standard
11
1.0000000000
21
0.0000000000
31
0.0000000000
73
2
44
1.0000000000
1001
DSTP_XDATA
1002
{
1002
}
0
MTEXT
5
B3
100
AcDbEntity
8
0
62
0
100
AcDbMText
6
ByLayer
10
8.7500000000
20
-0.6359769286
30
0.0000000000
40
0.1800000000
41
2.3800000000
71
5
1
Header-D
7
Standard
11
1.0000000000
21
0.0000000000
31
0.0000000000
73
2
44
1.0000000000
1001
DSTP_XDATA
1002
{
1002
}
0
MTEXT
5
B4
100
AcDbEntity
8
0
62
0
100
AcDbMText
6
ByLayer
10
11.2500000000
20
-0.6359769286
30
0.0000000000
40
0.1800000000
41
2.3800000000
71
5
1
Header-E
7
Standard
11
1.0000000000
21
0.0000000000
31
0.0000000000
73
2
44
1.0000000000
1001
DSTP_XDATA
1002
{
1002
}
0
MTEXT
5
B5
100
AcDbEntity
8
0
62
0
100
AcDbMText
6
ByLayer
10
1.2500000000
20
-0.9959769286
30
0.0000000000
40
0.1800000000
41
2.3800000000
71
5
1
Header-1
7
Standard
11
1.0000000000
21
0.0000000000
31
0.0000000000
73
2
44
1.0000000000
1001
DSTP_XDATA
1002
{
1002
}
0
MTEXT
5
B6
100
AcDbEntity
8
0
62
0
100
AcDbMText
6
ByLayer
10
3.7500000000
20
-0.9959769286
30
0.0000000000
40
0.1800000000
41
2.3800000000
71
5
1
Header-2
7
Standard
11
1.0000000000
21
0.0000000000
31
0.0000000000
73
2
44
1.0000000000
1001
DSTP_XDATA
1002
{
1002
}
0
MTEXT
5
B7
100
AcDbEntity
8
0
62
0
100
AcDbMText
6
ByLayer
10
6.2500000000
20
-0.9959769286
30
0.0000000000
40
0.1800000000
41
2.3800000000
71
5
1
Header-3
7
Standard
11
1.0000000000
21
0.0000000000
31
0.0000000000
73
2
44
1.0000000000
1001
DSTP_XDATA
1002
{
1002
}
0
MTEXT
5
B8
100
AcDbEntity
8
0
62
0
100
AcDbMText
6
ByLayer
10
8.7500000000
20
-0.9959769286
30
0.0000000000
40
0.1800000000
41
2.3800000000
71
5
1
Header-4
7
Standard
11
1.0000000000
21
0.0000000000
31
0.0000000000
73
2
44
1.0000000000
1001
DSTP_XDATA
1002
{
1002
}
0
MTEXT
5
B9
100
AcDbEntity
8
0
62
0
100
AcDbMText
6
ByLayer
10
11.2500000000
20
-0.9959769286
30
0.0000000000
40
0.1800000000
41
2.3800000000
71
5
1
Header-5
7
Standard
11
1.0000000000
21
0.0000000000
31
0.0000000000
73
2
44
1.0000000000
1001
DSTP_XDATA
1002
{
1002
}
0
MTEXT
5
BA
100
AcDbEntity
8
0
62
0
100
AcDbMText
6
ByLayer
10
2.4400000000
20
-1.2359769286
30
0.0000000000
40
0.1800000000
41
2.3800000000
71
3
1
d
7
newtext
11
1.0000000000
21
0.0000000000
31
0.0000000000
73
2
44
1.0000000000
1001
DSTP_XDATA
1002
{
1002
}
0
MTEXT
5
BB
100
AcDbEntity
8
0
62
0
100
AcDbMText
6
ByLayer
10
2.4400000000
20
-1.5980100937
30
0.0000000000
40
0.1800000000
41
2.3800000000
71
3
1
f
7
newtext
11
1.0000000000
21
0.0000000000
31
0.0000000000
73
2
44
1.0000000000
1001
DSTP_XDATA
1002
{
1002
}
0
MTEXT
5
BC
100
AcDbEntity
8
0
62
0
100
AcDbMText
6
ByLayer
10
2.4400000000
20
-1.9600432588
30
0.0000000000
40
0.1800000000
41
2.3800000000
71
3
1
g
7
newtext
11
1.0000000000
21
0.0000000000
31
0.0000000000
73
2
44
1.0000000000
1001
DSTP_XDATA
1002
{
1002
}
0
LINE
5
BD
100
AcDbEntity
8
0
62
0
370
-2
100
AcDbLine
6
ByBlock
10
0.0000000000
20
0.0000000000
30
0.0000000000
11
12.5000000000
21
0.0000000000
31
0.0000000000
1001
DSTP_XDATA
1002
{
1002
}
0
LINE
5
BE
100
AcDbEntity
8
0
62
0
370
-2
100
AcDbLine
6
ByBlock
10
0.0000000000
20
-0.4559769286
30
0.0000000000
11
12.5000000000
21
-0.4559769286
31
0.0000000000
1001
DSTP_XDATA
1002
{
1002
}
0
LINE
5
BF
100
AcDbEntity
8
0
62
0
370
-2
100
AcDbLine
6
ByBlock
10
0.0000000000
20
-0.8159769286
30
0.0000000000
11
12.5000000000
21
-0.8159769286
31
0.0000000000
1001
DSTP_XDATA
1002
{
1002
}
0
LINE
5
C0
100
AcDbEntity
8
0
62
0
370
-2
100
AcDbLine
6
ByBlock
10
0.0000000000
20
-1.1759769286
30
0.0000000000
11
12.5000000000
21
-1.1759769286
31
0.0000000000
1001
DSTP_XDATA
1002
{
1002
}
0
LINE
5
C1
100
AcDbEntity
8
0
62
0
370
-2
100
AcDbLine
6
ByBlock
10
0.0000000000
20
-1.5380100937
30
0.0000000000
11
12.5000000000
21
-1.5380100937
31
0.0000000000
1001
DSTP_XDATA
1002
{
1002
}
0
LINE
5
C2
100
AcDbEntity
8
0
62
0
370
-2
100
AcDbLine
6
ByBlock
10
0.0000000000
20
-1.9000432588
30
0.0000000000
11
12.5000000000
21
-1.9000432588
31
0.0000000000
1001
DSTP_XDATA
1002
{
1002
}
0
LINE
5
C3
100
AcDbEntity
8
0
62
0
370
-2
100
AcDbLine
6
ByBlock
10
0.0000000000
20
-2.2620764239
30
0.0000000000
11
12.5000000000
21
-2.2620764239
31
0.0000000000
1001
DSTP_XDATA
1002
{
1002
}
0
LINE
5
C4
100
AcDbEntity
8
0
62
0
370
-2
100
AcDbLine
6
ByBlock
10
0.0000000000
20
0.0000000000
30
0.0000000000
11
0.0000000000
21
-2.2620764239
31
0.0000000000
1001
DSTP_XDATA
1002
{
1002
}
0
LINE
5
C5
100
AcDbEntity
8
0
62
0
370
-2
100
AcDbLine
6
ByBlock
10
2.5000000000
20
-0.4559769286
30
0.0000000000
11
2.5000000000
21
-2.2620764239
31
0.0000000000
1001
DSTP_XDATA
1002
{
1002
}
0
LINE
5
C6
100
AcDbEntity
8
0
62
0
370
-2
100
AcDbLine
6
ByBlock
10
5.0000000000
20
-0.4559769286
30
0.0000000000
11
5.0000000000
21
-2.2620764239
31
0.0000000000
1001
DSTP_XDATA
1002
{
1002
}
0
LINE
5
C7
100
AcDbEntity
8
0
62
0
370
-2
100
AcDbLine
6
ByBlock
10
7.5000000000
20
-0.4559769286
30
0.0000000000
11
7.5000000000
21
-2.2620764239
31
0.0000000000
1001
DSTP_XDATA
1002
{
1002
}
0
LINE
5
C8
100
AcDbEntity
8
0
62
0
370
-2
100
AcDbLine
6
ByBlock
10
10.0000000000
20
-0.4559769286
30
0.0000000000
11
10.0000000000
21
-2.2620764239
31
0.0000000000
1001
DSTP_XDATA
1002
{
1002
}
0
LINE
5
C9
100
AcDbEntity
8
0
62
0
370
-2
100
AcDbLine
6
ByBlock
10
12.5000000000
20
0.0000000000
30
0.0000000000
11
12.5000000000
21
-2.2620764239
31
0.0000000000
1001
DSTP_XDATA
1002
{
1002
}
0
LINE
5
CA
100
AcDbEntity
8
Defpoints
62
8
370
0
100
AcDbLine
6
ByLayer
10
0.0000000000
20
0.0000000000
30
0.0000000000
11
0.0000000000
21
0.0000000000
31
0.0000000000
1001
DSTP_XDATA
1002
{
1002
}
0
ENDBLK
5
CB
100
AcDbEntity
8
0
100
AcDbBlockEnd
1001
DSTP_XDATA
1002
{
1002
}
0
BLOCK
5
CC
100
AcDbEntity
8
0
100
AcDbBlockBegin
2
*T12
70
2
10
0
20
0
30
0
3
*T12
1

0
MTEXT
5
CD
100
AcDbEntity
8
0
62
0
100
AcDbMText
6
ByLayer
10
6.2500000000
20
-0.2279884643
30
0.0000000000
40
0.2500000000
41
12.3800000000
71
5
1
Title-1
7
newtext
11
1.0000000000
21
0.0000000000
31
0.0000000000
73
2
44
1.0000000000
1001
DSTP_XDATA
1002
{
1002
}
0
MTEXT
5
CE
100
AcDbEntity
8
0
62
0
100
AcDbMText
6
ByLayer
10
1.2500000000
20
-0.6359769286
30
0.0000000000
40
0.1800000000
41
2.3800000000
71
5
1
Header-A
7
Standard
11
1.0000000000
21
0.0000000000
31
0.0000000000
73
2
44
1.0000000000
1001
DSTP_XDATA
1002
{
1002
}
0
MTEXT
5
CF
100
AcDbEntity
8
0
62
0
100
AcDbMText
6
ByLayer
10
3.7500000000
20
-0.6359769286
30
0.0000000000
40
0.1800000000
41
2.3800000000
71
5
1
Header-B
7
Standard
11
1.0000000000
21
0.0000000000
31
0.0000000000
73
2
44
1.0000000000
1001
DSTP_XDATA
1002
{
1002
}
0
MTEXT
5
D0
100
AcDbEntity
8
0
62
0
100
AcDbMText
6
ByLayer
10
6.2500000000
20
-0.6359769286
30
0.0000000000
40
0.1800000000
41
2.3800000000
71
5
1
Header-C
7
Standard
11
1.0000000000
21
0.0000000000
31
0.0000000000
73
2
44
1.0000000000
1001
DSTP_XDATA
1002
{
1002
}
0
MTEXT
5
D1
100
AcDbEntity
8
0
62
0
100
AcDbMText
6
ByLayer
10
8.7500000000
20
-0.6359769286
30
0.0000000000
40
0.1800000000
41
2.3800000000
71
5
1
Header-D
7
Standard
11
1.0000000000
21
0.0000000000
31
0.0000000000
73
2
44
1.0000000000
1001
DSTP_XDATA
1002
{
1002
}
0
MTEXT
5
D2
100
AcDbEntity
8
0
62
0
100
AcDbMText
6
ByLayer
10
11.2500000000
20
-0.6359769286
30
0.0000000000
40
0.1800000000
41
2.3800000000
71
5
1
Header-E
7
Standard
11
1.0000000000
21
0.0000000000
31
0.0000000000
73
2
44
1.0000000000
1001
DSTP_XDATA
1002
{
1002
}
0
MTEXT
5
D3
100
AcDbEntity
8
0
62
0
100
AcDbMText
6
ByLayer
10
1.2500000000
20
-0.9959769286
30
0.0000000000
40
0.1800000000
41
2.3800000000
71
5
1
Header-1
7
Standard
11
1.0000000000
21
0.0000000000
31
0.0000000000
73
2
44
1.0000000000
1001
DSTP_XDATA
1002
{
1002
}
0
MTEXT
5
D4
100
AcDbEntity
8
0
62
0
100
AcDbMText
6
ByLayer
10
3.7500000000
20
-0.9959769286
30
0.0000000000
40
0.1800000000
41
2.3800000000
71
5
1
Header-2
7
Standard
11
1.0000000000
21
0.0000000000
31
0.0000000000
73
2
44
1.0000000000
1001
DSTP_XDATA
1002
{
1002
}
0
MTEXT
5
D5
100
AcDbEntity
8
0
62
0
100
AcDbMText
6
ByLayer
10
6.2500000000
20
-0.9959769286
30
0.0000000000
40
0.1800000000
41
2.3800000000
71
5
1
Header-3
7
Standard
11
1.0000000000
21
0.0000000000
31
0.0000000000
73
2
44
1.0000000000
1001
DSTP_XDATA
1002
{
1002
}
0
MTEXT
5
D6
100
AcDbEntity
8
0
62
0
100
AcDbMText
6
ByLayer
10
8.7500000000
20
-0.9959769286
30
0.0000000000
40
0.1800000000
41
2.3800000000
71
5
1
Header-4
7
Standard
11
1.0000000000
21
0.0000000000
31
0.0000000000
73
2
44
1.0000000000
1001
DSTP_XDATA
1002
{
1002
}
0
MTEXT
5
D7
100
AcDbEntity
8
0
62
0
100
AcDbMText
6
ByLayer
10
11.2500000000
20
-0.9959769286
30
0.0000000000
40
0.1800000000
41
2.3800000000
71
5
1
Header-5
7
Standard
11
1.0000000000
21
0.0000000000
31
0.0000000000
73
2
44
1.0000000000
1001
DSTP_XDATA
1002
{
1002
}
0
MTEXT
5
D8
100
AcDbEntity
8
0
62
0
100
AcDbMText
6
ByLayer
10
2.4400000000
20
-1.2359769286
30
0.0000000000
40
0.1800000000
41
2.3800000000
71
3
1
h
7
newtext
11
1.0000000000
21
0.0000000000
31
0.0000000000
73
2
44
1.0000000000
1001
DSTP_XDATA
1002
{
1002
}
0
MTEXT
5
D9
100
AcDbEntity
8
0
62
0
100
AcDbMText
6
ByLayer
10
2.4400000000
20
-1.5980100937
30
0.0000000000
40
0.1800000000
41
2.3800000000
71
3
1
f
7
newtext
11
1.0000000000
21
0.0000000000
31
0.0000000000
73
2
44
1.0000000000
1001
DSTP_XDATA
1002
{
1002
}
0
MTEXT
5
DA
100
AcDbEntity
8
0
62
0
100
AcDbMText
6
ByLayer
10
7.4400000000
20
-1.5980100937
30
0.0000000000
40
0.1800000000
41
2.3800000000
71
3
1
j
7
newtext
11
1.0000000000
21
0.0000000000
31
0.0000000000
73
2
44
1.0000000000
1001
DSTP_XDATA
1002
{
1002
}
0
LINE
5
DB
100
AcDbEntity
8
0
62
0
370
-2
100
AcDbLine
6
ByBlock
10
0.0000000000
20
0.0000000000
30
0.0000000000
11
12.5000000000
21
0.0000000000
31
0.0000000000
1001
DSTP_XDATA
1002
{
1002
}
0
LINE
5
DC
100
AcDbEntity
8
0
62
0
370
-2
100
AcDbLine
6
ByBlock
10
0.0000000000
20
-0.4559769286
30
0.0000000000
11
12.5000000000
21
-0.4559769286
31
0.0000000000
1001
DSTP_XDATA
1002
{
1002
}
0
LINE
5
DD
100
AcDbEntity
8
0
62
0
370
-2
100
AcDbLine
6
ByBlock
10
0.0000000000
20
-0.8159769286
30
0.0000000000
11
12.5000000000
21
-0.8159769286
31
0.0000000000
1001
DSTP_XDATA
1002
{
1002
}
0
LINE
5
DE
100
AcDbEntity
8
0
62
0
370
-2
100
AcDbLine
6
ByBlock
10
0.0000000000
20
-1.1759769286
30
0.0000000000
11
12.5000000000
21
-1.1759769286
31
0.0000000000
1001
DSTP_XDATA
1002
{
1002
}
0
LINE
5
DF
100
AcDbEntity
8
0
62
0
370
-2
100
AcDbLine
6
ByBlock
10
0.0000000000
20
-1.5380100937
30
0.0000000000
11
12.5000000000
21
-1.5380100937
31
0.0000000000
1001
DSTP_XDATA
1002
{
1002
}
0
LINE
5
E0
100
AcDbEntity
8
0
62
0
370
-2
100
AcDbLine
6
ByBlock
10
0.0000000000
20
-1.9000432588
30
0.0000000000
11
12.5000000000
21
-1.9000432588
31
0.0000000000
1001
DSTP_XDATA
1002
{
1002
}
0
LINE
5
E1
100
AcDbEntity
8
0
62
0
370
-2
100
AcDbLine
6
ByBlock
10
0.0000000000
20
0.0000000000
30
0.0000000000
11
0.0000000000
21
-1.9000432588
31
0.0000000000
1001
DSTP_XDATA
1002
{
1002
}
0
LINE
5
E2
100
AcDbEntity
8
0
62
0
370
-2
100
AcDbLine
6
ByBlock
10
2.5000000000
20
-0.4559769286
30
0.0000000000
11
2.5000000000
21
-1.9000432588
31
0.0000000000
1001
DSTP_XDATA
1002
{
1002
}
0
LINE
5
E3
100
AcDbEntity
8
0
62
0
370
-2
100
AcDbLine
6
ByBlock
10
5.0000000000
20
-0.4559769286
30
0.0000000000
11
5.0000000000
21
-1.9000432588
31
0.0000000000
1001
DSTP_XDATA
1002
{
1002
}
0
LINE
5
E4
100
AcDbEntity
8
0
62
0
370
-2
100
AcDbLine
6
ByBlock
10
7.5000000000
20
-0.4559769286
30
0.0000000000
11
7.5000000000
21
-1.9000432588
31
0.0000000000
1001
DSTP_XDATA
1002
{
1002
}
0
LINE
5
E5
100
AcDbEntity
8
0
62
0
370
-2
100
AcDbLine
6
ByBlock
10
10.0000000000
20
-0.4559769286
30
0.0000000000
11
10.0000000000
21
-1.9000432588
31
0.0000000000
1001
DSTP_XDATA
1002
{
1002
}
0
LINE
5
E6
100
AcDbEntity
8
0
62
0
370
-2
100
AcDbLine
6
ByBlock
10
12.5000000000
20
0.0000000000
30
0.0000000000
11
12.5000000000
21
-1.9000432588
31
0.0000000000
1001
DSTP_XDATA
1002
{
1002
}
0
LINE
5
E7
100
AcDbEntity
8
Defpoints
62
8
370
0
100
AcDbLine
6
ByLayer
10
0.0000000000
20
0.0000000000
30
0.0000000000
11
0.0000000000
21
0.0000000000
31
0.0000000000
1001
DSTP_XDATA
1002
{
1002
}
0
ENDBLK
5
E8
100
AcDbEntity
8
0
100
AcDbBlockEnd
1001
DSTP_XDATA
1002
{
1002
}
0
ENDSEC
0
SECTION
2
ENTITIES
  0
ACAD_TABLE
  5
118
102
{ACAD_XDICTIONARY
360
119
102
}
330
27
100
AcDbEntity
  8
0
 92
    20916
310
B4510000C2010000880000001D000000000000000000F03F00000000000000000000000000000000640945F7902A55400000000000000000000000000000F03F0000000000000000E93CDD0FAB80344000000000000000000000000000000000000000000000F03F0000000000000000000000000000000000000000000000
310
000000000000000000000000000000F03F0C00000016000000070000C30C00000017000000FDFFFFFF0C0000001200000000000000D400000026000000F1B8C2E30A0F174066D01AF0B2A1D6BF000000000000000000000000000000000000000000000000000000000000F03F000000000000F03F00000000000000000000
310
0000000000005400690074006C0065002D00310000000700000001000000000000000000D03F000000000000F03F0000000000000000000000000000F03F000000000000000000000000000000000000000000000000000000000100000012000000540069006D006500730020004E0065007700200052006F006D0061006E
310
00000000000000000000000C00000016000000070000C30C00000017000000FDFFFFFF0C0000001200000000000000C800000026000000EA51B81E85EBE13F82C0C2F7333BE7BF000000000000000000000000000000000000000000000000000000000000F03F000000000000F03F00000000000000000000000000000000
310
4800650061006400650072002D00410000002E7808000000010000000AD7A3703D0AC73F000000000000F03F0000000000000000000000000000F03F000000000000000000000000000000000000000000000000000000000100000000000000000000007400780074002E007300680078000000000000000C000000160000
310
00070000C30C00000017000000FDFFFFFF0C0000001200000000000000C8000000260000007A14AE47E17A084082C0C2F7333BE7BF000000000000000000000000000000000000000000000000000000000000F03F000000000000F03F000000000000000000000000000000004800650061006400650072002D0042000000
310
360008000000010000000AD7A3703D0AC73F000000000000F03F0000000000000000000000000000F03F000000000000000000000000000000000000000000000000000000000100000000000000000000007400780074002E007300680078000000000000000C00000016000000070000C30C00000017000000FDFFFFFF0C
310
0000001200000000000000C8000000260000003E0AD7A3703D164082C0C2F7333BE7BF000000000000000000000000000000000000000000000000000000000000F03F000000000000F03F000000000000000000000000000000004800650061006400650072002D0043000000360008000000010000000AD7A3703D0AC73F
310
000000000000F03F0000000000000000000000000000F03F000000000000000000000000000000000000000000000000000000000100000000000000000000007400780074002E007300680078000000000000000C00000016000000070000C30C00000017000000FDFFFFFF0C0000001200000000000000C8000000260000
310
001F85EB51B81E204082C0C2F7333BE7BF000000000000000000000000000000000000000000000000000000000000F03F000000000000F03F000000000000000000000000000000004800650061006400650072002D0044000000640008000000010000000AD7A3703D0AC73F000000000000F03F00000000000000000000
310
00000000F03F000000000000000000000000000000000000000000000000000000000100000000000000000000007400780074002E007300680078000000000000000C00000016000000070000C30C00000017000000FDFFFFFF0C0000001200000000000000C8000000260000001F85EB51B81E254082C0C2F7333BE7BF00
310
0000000000000000000000000000000000000000000000000000000000F03F000000000000F03F000000000000000000000000000000004800650061006400650072002D0045000000640008000000010000000AD7A3703D0AC73F000000000000F03F0000000000000000000000000000F03F000000000000000000000000
310
000000000000000000000000000000000100000000000000000000007400780074002E007300680078000000000000000C00000016000000070000C30C00000017000000FDFFFFFF0C0000001200000000000000C800000026000000E07A14AE47E1E23F01560A582960F1BF00000000000000000000000000000000000000
310
0000000000000000000000F03F000000000000F03F000000000000000000000000000000004800650061006400650072002D0031000000C73F08000000010000000AD7A3703D0AC73F000000000000F03F0000000000000000000000000000F03F000000000000000000000000000000000000000000000000000000000100
310
000000000000000000007400780074002E007300680078000000000000000C00000016000000070000C30C00000017000000FDFFFFFF0C0000001200000000000000C8000000260000007A14AE47E17A084001560A582960F1BF000000000000000000000000000000000000000000000000000000000000F03F0000000000
310
00F03F000000000000000000000000000000004800650061006400650072002D0032000000C73F08000000010000000AD7A3703D0AC73F000000000000F03F0000000000000000000000000000F03F000000000000000000000000000000000000000000000000000000000100000000000000000000007400780074002E00
310
7300680078000000000000000C00000016000000070000C30C00000017000000FDFFFFFF0C0000001200000000000000C8000000260000003E0AD7A3703D164001560A582960F1BF000000000000000000000000000000000000000000000000000000000000F03F000000000000F03F000000000000000000000000000000
310
004800650061006400650072002D0033000000C73F08000000010000000AD7A3703D0AC73F000000000000F03F0000000000000000000000000000F03F000000000000000000000000000000000000000000000000000000000100000000000000000000007400780074002E007300680078000000000000000C0000001600
310
0000070000C30C00000017000000FDFFFFFF0C0000001200000000000000C8000000260000001F85EB51B81E204001560A582960F1BF000000000000000000000000000000000000000000000000000000000000F03F000000000000F03F000000000000000000000000000000004800650061006400650072002D00340000
310
00000008000000010000000AD7A3703D0AC73F000000000000F03F0000000000000000000000000000F03F000000000000000000000000000000000000000000000000000000000100000000000000000000007400780074002E007300680078000000000000000C00000016000000070000C30C00000017000000FDFFFFFF
310
0C0000001200000000000000C8000000260000001F85EB51B81E254001560A582960F1BF000000000000000000000000000000000000000000000000000000000000F03F000000000000F03F000000000000000000000000000000004800650061006400650072002D0035000000000008000000010000000AD7A3703D0AC7
310
3F000000000000F03F0000000000000000000000000000F03F000000000000000000000000000000000000000000000000000000000100000000000000000000007400780074002E007300680078000000000000000C00000016000000070000C30C00000017000000FDFFFFFF0C0000001200000000000000C80000002600
310
0000CD9BBAACF48902404137856CD7A7F6BF000000000000000000000000000000000000000000000000000000000000F03F000000000000F03F000000000000000000000000000000003600000001000000010000000AD7A3703D0AC73F000000000000F03F0000000000000000000000000000F03F000000000000000000
310
000000000000000000000000000000000000000100000012000000540069006D006500730020004E0065007700200052006F006D0061006E00000000000000000000000C00000016000000070000C30C00000017000000FDFFFFFF0C0000001200000000000000C80000002600000033013494924613404137856CD7A7F6BF
310
000000000000000000000000000000000000000000000000000000000000F03F000000000000F03F000000000000000000000000000000003700000001000000010000000AD7A3703D0AC73F000000000000F03F0000000000000000000000000000F03F000000000000000000000000000000000000000000000000000000
310
000100000012000000540069006D006500730020004E0065007700200052006F006D0061006E00000000000000000000000C00000016000000070000C30C00000017000000FDFFFFFF0C0000001200000000000000C800000026000000A014571F294A1D404137856CD7A7F6BF000000000000000000000000000000000000
310
000000000000000000000000F03F000000000000F03F000000000000000000000000000000003800000001000000010000000AD7A3703D0AC73F000000000000F03F0000000000000000000000000000F03F000000000000000000000000000000000000000000000000000000000100000012000000540069006D00650073
310
0020004E0065007700200052006F006D0061006E00000000000000000000000C00000016000000070000C30C00000017000000FDFFFFFF0C0000001200000000000000C800000026000000302A5F4216A323404137856CD7A7F6BF000000000000000000000000000000000000000000000000000000000000F03F00000000
310
0000F03F000000000000000000000000000000003900000001000000010000000AD7A3703D0AC73F000000000000F03F0000000000000000000000000000F03F000000000000000000000000000000000000000000000000000000000100000012000000540069006D006500730020004E0065007700200052006F006D0061
310
006E00000000000000000000000C00000016000000070000C30C00000017000000FDFFFFFF0C0000001200000000000000C80000002600000020FAB81B17A228404137856CD7A7F6BF000000000000000000000000000000000000000000000000000000000000F03F000000000000F03F0000000000000000000000000000
310
00003000000001000000010000000AD7A3703D0AC73F000000000000F03F0000000000000000000000000000F03F000000000000000000000000000000000000000000000000000000000100000012000000540069006D006500730020004E0065007700200052006F006D0061006E00000000000000000000000C00000016
310
000000070000C30C00000017000000FDFFFFFF0C0000001200000000000000C80000002600000054549632D4DEF23F012DAEC8666AFCBF000000000000000000000000000000000000000000000000000000000000F03F000000000000F03F000000000000000000000000000000004600000001000000010000000AD7A370
310
3D0AC73F000000000000F03F0000000000000000000000000000F03F000000000000000000000000000000000000000000000000000000000100000012000000540069006D006500730020004E0065007700200052006F006D0061006E00000000000000000000000C00000016000000070000C30C00000017000000FDFFFF
310
FF0C0000001200000000000000C8000000260000002880CB5CBD350D40012DAEC8666AFCBF000000000000000000000000000000000000000000000000000000000000F03F000000000000F03F000000000000000000000000000000004700000001000000010000000AD7A3703D0AC73F000000000000F03F000000000000
310
0000000000000000F03F000000000000000000000000000000000000000000000000000000000100000012000000540069006D006500730020004E0065007700200052006F006D0061006E00000000000000000000000C00000016000000070000C30C00000017000000FDFFFFFF0C0000001200000000000000C800000026
310
0000004A603A2F319E1840012DAEC8666AFCBF000000000000000000000000000000000000000000000000000000000000F03F000000000000F03F000000000000000000000000000000004800000001000000010000000AD7A3703D0AC73F000000000000F03F0000000000000000000000000000F03F0000000000000000
310
00000000000000000000000000000000000000000100000012000000540069006D006500730020004E0065007700200052006F006D0061006E00000000000000000000000C00000016000000070000C30C00000017000000FDFFFFFF0C0000001200000000000000CC00000026000000D6D40C72B8332140012DAEC8666AFC
310
BF000000000000000000000000000000000000000000000000000000000000F03F000000000000F03F000000000000000000000000000000005300530000006E0002000000010000000AD7A3703D0AC73F000000000000F03F0000000000000000000000000000F03F00000000000000000000000000000000000000000000
310
0000000000000100000012000000540069006D006500730020004E0065007700200052006F006D0061006E00000000000000000072000C00000016000000070000C30C00000017000000FDFFFFFF0C0000001200000000000000CC000000260000009476F14A03362640012DAEC8666AFCBF00000000000000000000000000
310
0000000000000000000000000000000000F03F000000000000F03F000000000000000000000000000000004600460000006E0002000000010000000AD7A3703D0AC73F000000000000F03F0000000000000000000000000000F03F000000000000000000000000000000000000000000000000000000000100000012000000
310
540069006D006500730020004E0065007700200052006F006D0061006E00000000000000000000000C00000016000000070000C30C00000017000000FDFFFFFF0C0000001200000000000000CC0000002600000008B454553EA7014061916B127B1601C0000000000000000000000000000000000000000000000000000000
310
000000F03F000000000000F03F00000000000000000000000000000000310031000000000002000000010000000AD7A3703D0AC73F000000000000F03F0000000000000000000000000000F03F000000000000000000000000000000000000000000000000000000000100000012000000540069006D006500730020004E00
310
65007700200052006F006D0061006E00000000000000000000000C00000016000000070000C30C00000017000000FDFFFFFF0C0000001200000000000000CC00000026000000A63862D8B1BD124061916B127B1601C0000000000000000000000000000000000000000000000000000000000000F03F000000000000F03F00
310
000000000000000000000000000000310032000000670002000000010000000AD7A3703D0AC73F000000000000F03F0000000000000000000000000000F03F000000000000000000000000000000000000000000000000000000000100000012000000540069006D006500730020004E0065007700200052006F006D006100
310
6E00000000000000000000000C00000016000000070000C30C00000017000000FDFFFFFF0C0000001200000000000000CC000000260000005A59688EFDC81C4061916B127B1601C0000000000000000000000000000000000000000000000000000000000000F03F000000000000F03F000000000000000000000000000000
310
00310033000000670002000000010000000AD7A3703D0AC73F000000000000F03F0000000000000000000000000000F03F000000000000000000000000000000000000000000000000000000000100000012000000540069006D006500730020004E0065007700200052006F006D0061006E00000000000000000062000C00
310
000016000000070000C30C00000017000000FDFFFFFF0C0000001200000000000000CC0000002600000011891EC8EA5D234061916B127B1601C0000000000000000000000000000000000000000000000000000000000000F03F000000000000F03F000000000000000000000000000000003100340000006C000200000001
310
0000000AD7A3703D0AC73F000000000000F03F0000000000000000000000000000F03F000000000000000000000000000000000000000000000000000000000100000012000000540069006D006500730020004E0065007700200052006F006D0061006E00000000000000000000000C00000016000000070000C30C000000
310
17000000FDFFFFFF0C0000001200000000000000CC0000002600000089BC056D2B62284061916B127B1601C0000000000000000000000000000000000000000000000000000000000000F03F000000000000F03F00000000000000000000000000000000310035000000000002000000010000000AD7A3703D0AC73F000000
310
000000F03F0000000000000000000000000000F03F000000000000000000000000000000000000000000000000000000000100000012000000540069006D006500730020004E0065007700200052006F006D0061006E0000000000000000003E200C00000016000000070000C30C00000017000000FDFFFFFF0C0000001200
310
000000000000D400000026000000FD2FF4BFD0FF164035D41DFFBEDD04C0000000000000000000000000000000000000000000000000000000000000F03F000000000000F03F000000000000000000000000000000005400690074006C0065002D00320000000700000001000000000000000000D03F000000000000F03F00
310
00000000000000000000000000F03F000000000000000000000000000000000000000000000000000000000100000012000000540069006D006500730020004E0065007700200052006F006D0061006E000000000000000000B4220C00000016000000070000C30C00000017000000FDFFFFFF0C0000001200000000000000
310
BC0000002600000014AE47E17A14F23F19EA5D9EA0D507C0000000000000000000000000000000000000000000000000000000000000F03F000000000000F03F00000000000000000000000000000000480031000000000002000000010000000AD7A3703D0AC73F000000000000F03F0000000000000000000000000000F0
310
3F000000000000000000000000000000000000000000000000000000000100000000000000000000007400780074002E0073006800780000000000BE730C00000016000000070000C30C00000017000000FDFFFFFF0C0000001200000000000000BC00000026000000CDCCCCCCCCCC0C4019EA5D9EA0D507C0000000000000
310
000000000000000000000000000000000000000000000000F03F000000000000F03F00000000000000000000000000000000480032000000000002000000010000000AD7A3703D0AC73F000000000000F03F0000000000000000000000000000F03F0000000000000000000000000000000000000000000000000000000001
310
00000000000000000000007400780074002E007300680078000000000000C30C00000016000000070000C30C00000017000000FDFFFFFF0C0000001200000000000000BC00000026000000676666666666184019EA5D9EA0D507C0000000000000000000000000000000000000000000000000000000000000F03F00000000
310
0000F03F00000000000000000000000000000000480033000000000002000000010000000AD7A3703D0AC73F000000000000F03F0000000000000000000000000000F03F000000000000000000000000000000000000000000000000000000000100000000000000000000007400780074002E0073006800780000000000BE
310
730C00000016000000070000C30C00000017000000FDFFFFFF0C0000001200000000000000BC00000026000000343333333333214019EA5D9EA0D507C0000000000000000000000000000000000000000000000000000000000000F03F000000000000F03F0000000000000000000000000000000048003400000000000200
310
0000010000000AD7A3703D0AC73F000000000000F03F0000000000000000000000000000F03F000000000000000000000000000000000000000000000000000000000100000000000000000000007400780074002E0073006800780000000000FFFF0C00000016000000070000C30C00000017000000FDFFFFFF0C00000012
310
00000000000000BC00000026000000343333333333264019EA5D9EA0D507C0000000000000000000000000000000000000000000000000000000000000F03F000000000000F03F00000000000000000000000000000000480035000000000002000000010000000AD7A3703D0AC73F000000000000F03F0000000000000000
310
000000000000F03F000000000000000000000000000000000000000000000000000000000100000000000000000000007400780074002E0073006800780000000000BE730C00000016000000070000C30C00000017000000FDFFFFFF0C0000001200000000000000C800000026000000B00D857EF5740240C15A9BA877790A
310
C0000000000000000000000000000000000000000000000000000000000000F03F000000000000F03F000000000000000000000000000000007100000001000000010000000AD7A3703D0AC73F000000000000F03F0000000000000000000000000000F03F0000000000000000000000000000000000000000000000000000
310
00000100000012000000540069006D006500730020004E0065007700200052006F006D0061006E00000000000000000000000C00000016000000070000C30C00000017000000FDFFFFFF0C0000001200000000000000C800000026000000A06974F889001340C15A9BA877790AC00000000000000000000000000000000000
310
00000000000000000000000000F03F000000000000F03F000000000000000000000000000000007700000001000000010000000AD7A3703D0AC73F000000000000F03F0000000000000000000000000000F03F000000000000000000000000000000000000000000000000000000000100000012000000540069006D006500
310
730020004E0065007700200052006F006D0061006E00000000000000000000000C00000016000000070000C30C00000017000000FDFFFFFF0C0000001200000000000000C800000026000000F41F57BD66CC0240A1D5AF56BF5A0DC0000000000000000000000000000000000000000000000000000000000000F03F000000
310
000000F03F000000000000000000000000000000007200000001000000010000000AD7A3703D0AC73F000000000000F03F0000000000000000000000000000F03F000000000000000000000000000000000000000000000000000000000100000012000000540069006D006500730020004E0065007700200052006F006D00
310
61006E00000000000000000000000C00000016000000070000C30C00000017000000FDFFFFFF0C0000001200000000000000D400000026000000587C3B045E962F402A99703D413517C0000000000000000000000000000000000000000000000000000000000000F03F000000000000F03F00000000000000000000000000
310
0000005400690074006C0065002D00310000000700000001000000000000000000D03F000000000000F03F0000000000000000000000000000F03F000000000000000000000000000000000000000000000000000000000100000012000000540069006D006500730020004E0065007700200052006F006D0061006E000000
310
00000000000000000C00000016000000070000C30C00000017000000FDFFFFFF0C0000001200000000000000C800000026000000FFA445E4902D25403444678D8CB218C0000000000000000000000000000000000000000000000000000000000000F03F000000000000F03F00000000000000000000000000000000480065
310
0061006400650072002D0041000000000008000000010000000AD7A3703D0AC73F000000000000F03F0000000000000000000000000000F03F000000000000000000000000000000000000000000000000000000000100000000000000000000007400780074002E007300680078000000000000000C000000160000000700
310
00C30C00000017000000FDFFFFFF0C0000001200000000000000C800000026000000FFA445E4902D2A403444678D8CB218C0000000000000000000000000000000000000000000000000000000000000F03F000000000000F03F000000000000000000000000000000004800650061006400650072002D0042000000000008
310
000000010000000AD7A3703D0AC73F000000000000F03F0000000000000000000000000000F03F000000000000000000000000000000000000000000000000000000000100000000000000000000007400780074002E007300680078000000000000000C00000016000000070000C30C00000017000000FDFFFFFF0C000000
310
1200000000000000C800000026000000FFA445E4902D2F403444678D8CB218C0000000000000000000000000000000000000000000000000000000000000F03F000000000000F03F000000000000000000000000000000004800650061006400650072002D0043000000000008000000010000000AD7A3703D0AC73F000000
310
000000F03F0000000000000000000000000000F03F000000000000000000000000000000000000000000000000000000000100000000000000000000007400780074002E007300680078000000000000000C00000016000000070000C30C00000017000000FDFFFFFF0C0000001200000000000000C8000000260000007FD2
310
2272C81632403444678D8CB218C0000000000000000000000000000000000000000000000000000000000000F03F000000000000F03F000000000000000000000000000000004800650061006400650072002D0044000000000008000000010000000AD7A3703D0AC73F000000000000F03F00000000000000000000000000
310
00F03F000000000000000000000000000000000000000000000000000000000100000000000000000000007400780074002E007300680078000000000000000C00000016000000070000C30C00000017000000FDFFFFFF0C0000001200000000000000C8000000260000007FD22272C89634403444678D8CB218C000000000
310
0000000000000000000000000000000000000000000000000000F03F000000000000F03F000000000000000000000000000000004800650061006400650072002D0045000000000008000000010000000AD7A3703D0AC73F000000000000F03F0000000000000000000000000000F03F000000000000000000000000000000
310
000000000000000000000000000100000000000000000000007400780074002E007300680078000000000000000C00000016000000070000C30C00000017000000FDFFFFFF0C0000001200000000000000C8000000260000008E673B0DED3C2540A481716430231AC000000000000000000000000000000000000000000000
310
0000000000000000F03F000000000000F03F000000000000000000000000000000004800650061006400650072002D0031000000000008000000010000000AD7A3703D0AC73F000000000000F03F0000000000000000000000000000F03F000000000000000000000000000000000000000000000000000000000100000000
310
000000000000007400780074002E007300680078000000000000000C00000016000000070000C30C00000017000000FDFFFFFF0C0000001200000000000000C800000026000000FFA445E4902D2A40A481716430231AC0000000000000000000000000000000000000000000000000000000000000F03F000000000000F03F
310
000000000000000000000000000000004800650061006400650072002D0032000000000008000000010000000AD7A3703D0AC73F000000000000F03F0000000000000000000000000000F03F000000000000000000000000000000000000000000000000000000000100000000000000000000007400780074002E00730068
310
0078000000000000000C00000016000000070000C30C00000017000000FDFFFFFF0C0000001200000000000000C800000026000000FFA445E4902D2F40A481716430231AC0000000000000000000000000000000000000000000000000000000000000F03F000000000000F03F000000000000000000000000000000004800
310
650061006400650072002D0033000000000008000000010000000AD7A3703D0AC73F000000000000F03F0000000000000000000000000000F03F000000000000000000000000000000000000000000000000000000000100000000000000000000007400780074002E007300680078000000000000000C0000001600000007
310
0000C30C00000017000000FDFFFFFF0C0000001200000000000000C8000000260000007FD22272C8163240A481716430231AC0000000000000000000000000000000000000000000000000000000000000F03F000000000000F03F000000000000000000000000000000004800650061006400650072002D00340000000000
310
08000000010000000AD7A3703D0AC73F000000000000F03F0000000000000000000000000000F03F000000000000000000000000000000000000000000000000000000000100000000000000000000007400780074002E007300680078000000000000000C00000016000000070000C30C00000017000000FDFFFFFF0C0000
310
001200000000000000C8000000260000007FD22272C8963440A481716430231AC0000000000000000000000000000000000000000000000000000000000000F03F000000000000F03F000000000000000000000000000000004800650061006400650072002D0035000000000008000000010000000AD7A3703D0AC73F0000
310
00000000F03F0000000000000000000000000000F03F000000000000000000000000000000000000000000000000000000000100000000000000000000007400780074002E007300680078000000000000000C00000016000000070000C30C00000017000000FDFFFFFF0C0000001200000000000000C80000002600000047
310
5319E5C0AB2840411AED9DC2791BC0000000000000000000000000000000000000000000000000000000000000F03F000000000000F03F000000000000000000000000000000006400000001000000010000000AD7A3703D0AC73F000000000000F03F0000000000000000000000000000F03F000000000000000000000000
310
000000000000000000000000000000000100000012000000540069006D006500730020004E0065007700200052006F006D0061006E00000000000000000000000C00000016000000070000C30C00000017000000FDFFFFFF0C0000001200000000000000C8000000260000000F773F4BFDB42840016B0F6637EC1CC0000000
310
000000000000000000000000000000000000000000000000000000F03F000000000000F03F000000000000000000000000000000006600000001000000010000000AD7A3703D0AC73F000000000000F03F0000000000000000000000000000F03F000000000000000000000000000000000000000000000000000000000100
310
000012000000540069006D006500730020004E0065007700200052006F006D0061006E00000000000000000000000C00000016000000070000C30C00000017000000FDFFFFFF0C0000001200000000000000C8000000260000000D0D51518BAE2840E6C1718E8D5A1EC0000000000000000000000000000000000000000000
310
000000000000000000F03F000000000000F03F000000000000000000000000000000006700000001000000010000000AD7A3703D0AC73F000000000000F03F0000000000000000000000000000F03F000000000000000000000000000000000000000000000000000000000100000012000000540069006D00650073002000
310
4E0065007700200052006F006D0061006E00000000000000000000000C00000016000000070000C30C00000017000000FDFFFFFF0C0000001200000000000000D4000000260000000C7F0143CF913C407587F049617C23C0000000000000000000000000000000000000000000000000000000000000F03F000000000000F0
310
3F000000000000000000000000000000005400690074006C0065002D00310000000700000001000000000000000000D03F000000000000F03F0000000000000000000000000000F03F000000000000000000000000000000000000000000000000000000000100000012000000540069006D006500730020004E0065007700
310
200052006F006D0061006E00000000000000000000000C00000016000000070000C30C00000017000000FDFFFFFF0C0000001200000000000000C8000000260000005F9306B3685D3740FADCEBF1063B24C0000000000000000000000000000000000000000000000000000000000000F03F000000000000F03F0000000000
310
00000000000000000000004800650061006400650072002D0041000000000008000000010000000AD7A3703D0AC73F000000000000F03F0000000000000000000000000000F03F000000000000000000000000000000000000000000000000000000000100000000000000000000007400780074002E007300680078000000
310
000000000C00000016000000070000C30C00000017000000FDFFFFFF0C0000001200000000000000C8000000260000005F9306B368DD3940FADCEBF1063B24C0000000000000000000000000000000000000000000000000000000000000F03F000000000000F03F0000000000000000000000000000000048006500610064
310
00650072002D0042000000000008000000010000000AD7A3703D0AC73F000000000000F03F0000000000000000000000000000F03F000000000000000000000000000000000000000000000000000000000100000000000000000000007400780074002E007300680078000000000000000C00000016000000070000C30C00
310
000017000000FDFFFFFF0C0000001200000000000000C8000000260000005F9306B3685D3C40FADCEBF1063B24C0000000000000000000000000000000000000000000000000000000000000F03F000000000000F03F000000000000000000000000000000004800650061006400650072002D004300000000000800000001
310
0000000AD7A3703D0AC73F000000000000F03F0000000000000000000000000000F03F000000000000000000000000000000000000000000000000000000000100000000000000000000007400780074002E007300680078000000000000000C00000016000000070000C30C00000017000000FDFFFFFF0C00000012000000
310
00000000C8000000260000005F9306B368DD3E40FADCEBF1063B24C0000000000000000000000000000000000000000000000000000000000000F03F000000000000F03F000000000000000000000000000000004800650061006400650072002D0044000000000008000000010000000AD7A3703D0AC73F000000000000F0
310
3F0000000000000000000000000000F03F000000000000000000000000000000000000000000000000000000000100000000000000000000007400780074002E007300680078000000000000000C00000016000000070000C30C00000017000000FDFFFFFF0C0000001200000000000000C800000026000000B0498359B4AE
310
4040FADCEBF1063B24C0000000000000000000000000000000000000000000000000000000000000F03F000000000000F03F000000000000000000000000000000004800650061006400650072002D0045000000000008000000010000000AD7A3703D0AC73F000000000000F03F0000000000000000000000000000F03F00
310
0000000000000000000000000000000000000000000000000000000100000000000000000000007400780074002E007300680078000000000000000C00000016000000070000C30C00000017000000FDFFFFFF0C0000001200000000000000C800000026000000A77481C716653740B2FB70DD58F324C00000000000000000
310
00000000000000000000000000000000000000000000F03F000000000000F03F000000000000000000000000000000004800650061006400650072002D0031000000000008000000010000000AD7A3703D0AC73F000000000000F03F0000000000000000000000000000F03F00000000000000000000000000000000000000
310
0000000000000000000100000000000000000000007400780074002E007300680078000000000000000C00000016000000070000C30C00000017000000FDFFFFFF0C0000001200000000000000C8000000260000005F9306B368DD3940B2FB70DD58F324C00000000000000000000000000000000000000000000000000000
310
00000000F03F000000000000F03F000000000000000000000000000000004800650061006400650072002D0032000000000008000000010000000AD7A3703D0AC73F000000000000F03F0000000000000000000000000000F03F00000000000000000000000000000000000000000000000000000000010000000000000000
310
0000007400780074002E007300680078000000000000000C00000016000000070000C30C00000017000000FDFFFFFF0C0000001200000000000000C8000000260000005F9306B3685D3C40B2FB70DD58F324C0000000000000000000000000000000000000000000000000000000000000F03F000000000000F03F00000000
310
0000000000000000000000004800650061006400650072002D0033000000000008000000010000000AD7A3703D0AC73F000000000000F03F0000000000000000000000000000F03F000000000000000000000000000000000000000000000000000000000100000000000000000000007400780074002E0073006800780000
310
00000000000C00000016000000070000C30C00000017000000FDFFFFFF0C0000001200000000000000C8000000260000005F9306B368DD3E40B2FB70DD58F324C0000000000000000000000000000000000000000000000000000000000000F03F000000000000F03F00000000000000000000000000000000480065006100
310
6400650072002D0034000000000008000000010000000AD7A3703D0AC73F000000000000F03F0000000000000000000000000000F03F000000000000000000000000000000000000000000000000000000000100000000000000000000007400780074002E007300680078000000000000000C00000016000000070000C30C
310
00000017000000FDFFFFFF0C0000001200000000000000C800000026000000B0498359B4AE4040B2FB70DD58F324C0000000000000000000000000000000000000000000000000000000000000F03F000000000000F03F000000000000000000000000000000004800650061006400650072002D0035000000000008000000
310
010000000AD7A3703D0AC73F000000000000F03F0000000000000000000000000000F03F000000000000000000000000000000000000000000000000000000000100000000000000000000007400780074002E007300680078000000000000000C00000016000000070000C30C00000017000000FDFFFFFF0C000000120000
310
0000000000C800000026000000C0EDA0CA191D394000C82EFAA19E25C0000000000000000000000000000000000000000000000000000000000000F03F000000000000F03F000000000000000000000000000000006800000001000000010000000AD7A3703D0AC73F000000000000F03F0000000000000000000000000000
310
F03F000000000000000000000000000000000000000000000000000000000100000012000000540069006D006500730020004E0065007700200052006F006D0061006E00000000000000000000000C00000016000000070000C30C00000017000000FDFFFFFF0C0000001200000000000000C800000026000000677C83E61E
310
21394061F03F5EDC5726C0000000000000000000000000000000000000000000000000000000000000F03F000000000000F03F000000000000000000000000000000006600000001000000010000000AD7A3703D0AC73F000000000000F03F0000000000000000000000000000F03F00000000000000000000000000000000
310
0000000000000000000000000100000012000000540069006D006500730020004E0065007700200052006F006D0061006E00000000000000000000000C00000016000000070000C30C00000017000000FDFFFFFF0C0000001200000000000000C800000026000000D25B12DF6E313E40CAC6FA650F5826C000000000000000
310
0000000000000000000000000000000000000000000000F03F000000000000F03F000000000000000000000000000000006A00000001000000010000000AD7A3703D0AC73F000000000000F03F0000000000000000000000000000F03F00000000000000000000000000000000000000000000000000000000010000001200
310
0000540069006D006500730020004E0065007700200052006F006D0061006E00000000000000000000000C00000016000000070000C30C00000017000000FDFFFFFF0C000000120000000000000054000000200000000200000000000000000000000000000000000000000000000000000000000000000029400000000000
310
000000000000000000000000000000000000000000000000000000000000000000F03F0C00000016000000070000C30C00000017000000FDFFFFFF0C00000012000000000000005400000020000000020000000000000000000000C09F0ADBB92EDDBF00000000000000000000000000002940C09F0ADBB92EDDBF00000000
310
0000000000000000000000000000000000000000000000000000F03F0C00000016000000070000C30C00000017000000FDFFFFFF0C00000012000000000000005400000020000000020000000000000000000000603BD7A57B1CEABF00000000000000000000000000002940603BD7A57B1CEABF0000000000000000000000
310
00000000000000000000000000000000000000F03F0C00000016000000070000C30C00000017000000FDFFFFFF0C000000120000000000000054000000200000000200000000000000000000007093142FCDD0F2BF000000000000000000000000000029407093142FCDD0F2BF000000000000000000000000000000000000
310
000000000000000000000000F03F0C00000016000000070000C30C00000017000000FDFFFFFF0C0000001200000000000000540000002000000002000000000000000000000030893D8B5C93F8BF0000000000000000000000000000294030893D8B5C93F8BF00000000000000000000000000000000000000000000000000
310
0000000000F03F0C00000016000000070000C30C00000017000000FDFFFFFF0C00000012000000000000005400000020000000020000000000000000000000F07E66E7EB55FEBF00000000000000000000000000002940F07E66E7EB55FEBF000000000000000000000000000000000000000000000000000000000000F03F
310
0C00000016000000070000C30C00000017000000FDFFFFFF0C0000001200000000000000540000002000000002000000000000000000000058BAC7A13D0C02C00000000000000000000000000000294058BAC7A13D0C02C0000000000000000000000000000000000000000000000000000000000000F03F0C000000160000
310
00070000C30C00000017000000FDFFFFFF0C00000012000000000000005400000020000000020000000000000000000000F88DCEDBAAAC05C000000000000000000000000000002940F88DCEDBAAAC05C0000000000000000000000000000000000000000000000000000000000000F03F0C00000016000000070000C30C00
310
000017000000FDFFFFFF0C00000012000000000000005400000020000000020000000000000000000000D808E389F28D08C000000000000000000000000000002940D808E389F28D08C0000000000000000000000000000000000000000000000000000000000000F03F0C00000016000000070000C30C00000017000000FD
310
FFFFFF0C00000012000000000000005400000020000000020000000000000000000000B883F7373A6F0BC000000000000000000000000000002940B883F7373A6F0BC0000000000000000000000000000000000000000000000000000000000000F03F0C00000016000000070000C30C00000017000000FDFFFFFF0C000000
310
12000000000000005400000020000000020000000000000000000000A80BD9DCAB540EC000000000000000000000000000002940A80BD9DCAB540EC0000000000000000000000000000000000000000000000000000000000000F03F0C00000016000000070000C30C00000017000000FDFFFFFF0C00000012000000000000
310
005400000020000000020000000000000000000000000000000000000000000000000000000000000000000000A80BD9DCAB540EC0000000000000000000000000000000000000000000000000000000000000F03F0C00000016000000070000C30C00000017000000FDFFFFFF0C0000001200000000000000540000002000
310
0000020000000000000000000440C09F0ADBB92EDDBF0000000000000000000000000000044058BAC7A13D0C02C0000000000000000000000000000000000000000000000000000000000000F03F0C00000016000000070000C30C00000017000000FDFFFFFF0C000000120000000000000054000000200000000200000000
310
00000000000440F88DCEDBAAAC05C000000000000000000000000000000440A80BD9DCAB540EC0000000000000000000000000000000000000000000000000000000000000F03F0C00000016000000070000C30C00000017000000FDFFFFFF0C00000012000000000000005400000020000000020000000000000000001440
310
C09F0ADBB92EDDBF0000000000000000000000000000144058BAC7A13D0C02C0000000000000000000000000000000000000000000000000000000000000F03F0C00000016000000070000C30C00000017000000FDFFFFFF0C00000012000000000000005400000020000000020000000000000000001440F88DCEDBAAAC05
310
C000000000000000000000000000001440A80BD9DCAB540EC0000000000000000000000000000000000000000000000000000000000000F03F0C00000016000000070000C30C00000017000000FDFFFFFF0C00000012000000000000005400000020000000020000000000000000001E40C09F0ADBB92EDDBF000000000000
310
00000000000000001E4058BAC7A13D0C02C0000000000000000000000000000000000000000000000000000000000000F03F0C00000016000000070000C30C00000017000000FDFFFFFF0C00000012000000000000005400000020000000020000000000000000001E40F88DCEDBAAAC05C000000000000000000000000000
310
001E40A80BD9DCAB540EC0000000000000000000000000000000000000000000000000000000000000F03F0C00000016000000070000C30C00000017000000FDFFFFFF0C00000012000000000000005400000020000000020000000000000000002440C09F0ADBB92EDDBF0000000000000000000000000000244058BAC7A1
310
3D0C02C0000000000000000000000000000000000000000000000000000000000000F03F0C00000016000000070000C30C00000017000000FDFFFFFF0C00000012000000000000005400000020000000020000000000000000002440F88DCEDBAAAC05C000000000000000000000000000002440A80BD9DCAB540EC0000000
310
000000000000000000000000000000000000000000000000000000F03F0C00000016000000070000C30C00000017000000FDFFFFFF0C00000012000000000000005400000020000000020000000000000000002940000000000000000000000000000000000000000000002940A80BD9DCAB540EC000000000000000000000
310
0000000000000000000000000000000000000000F03F0C00000016000000080000C30C00000017000000000000000C0000001200000000000000540000002000000002000000000000000000000000000000000000000000000000000000000000000000000000000000000000000000000000000000000000000000000000
310
00000000000000000000000000F03F0C00000016000000070000C30C00000017000000FDFFFFFF0C0000001200000000000000540000002000000002000000E01F5A92D80E244024EC6E0E26CB15C00000000000000000F00F2D496C87364024EC6E0E26CB15C0000000000000000000000000000000000000000000000000
310
000000000000F03F0C00000016000000070000C30C00000017000000FDFFFFFF0C0000001200000000000000540000002000000002000000E01F5A92D80E244020961FAC119E17C00000000000000000F00F2D496C87364020961FAC119E17C0000000000000000000000000000000000000000000000000000000000000F0
310
3F0C00000016000000070000C30C00000017000000FDFFFFFF0C0000001200000000000000540000002000000002000000E01F5A92D80E244090D32983B50E19C00000000000000000F00F2D496C87364090D32983B50E19C0000000000000000000000000000000000000000000000000000000000000F03F0C0000001600
310
0000070000C30C00000017000000FDFFFFFF0C0000001200000000000000540000002000000002000000E01F5A92D80E24400011345A597F1AC00000000000000000F00F2D496C8736400011345A597F1AC0000000000000000000000000000000000000000000000000000000000000F03F0C00000016000000070000C30C
310
00000017000000FDFFFFFF0C0000001200000000000000540000002000000002000000E01F5A92D80E2440F8D4A42C12F21BC00000000000000000F00F2D496C873640F8D4A42C12F21BC0000000000000000000000000000000000000000000000000000000000000F03F0C00000016000000070000C30C00000017000000
310
FDFFFFFF0C0000001200000000000000540000002000000002000000E01F5A92D80E2440F09815FFCA641DC00000000000000000F00F2D496C873640F09815FFCA641DC0000000000000000000000000000000000000000000000000000000000000F03F0C00000016000000070000C30C00000017000000FDFFFFFF0C0000
310
001200000000000000540000002000000002000000E01F5A92D80E2440E85C86D183D71EC00000000000000000F00F2D496C873640E85C86D183D71EC0000000000000000000000000000000000000000000000000000000000000F03F0C00000016000000070000C30C00000017000000FDFFFFFF0C000000120000000000
310
0000540000002000000002000000E01F5A92D80E244024EC6E0E26CB15C00000000000000000E01F5A92D80E2440E85C86D183D71EC0000000000000000000000000000000000000000000000000000000000000F03F0C00000016000000070000C30C00000017000000FDFFFFFF0C00000012000000000000005400000020
310
00000002000000E01F5A92D80E294020961FAC119E17C00000000000000000E01F5A92D80E2940E85C86D183D71EC0000000000000000000000000000000000000000000000000000000000000F03F0C00000016000000070000C30C00000017000000FDFFFFFF0C0000001200000000000000540000002000000002000000
310
E01F5A92D80E2E4020961FAC119E17C00000000000000000E01F5A92D80E2E40E85C86D183D71EC0000000000000000000000000000000000000000000000000000000000000F03F0C00000016000000070000C30C00000017000000FDFFFFFF0C0000001200000000000000540000002000000002000000F00F2D496C8731
310
4020961FAC119E17C00000000000000000F00F2D496C873140E85C86D183D71EC0000000000000000000000000000000000000000000000000000000000000F03F0C00000016000000070000C30C00000017000000FDFFFFFF0C0000001200000000000000540000002000000002000000F00F2D496C07344020961FAC119E
310
17C00000000000000000F00F2D496C073440E85C86D183D71EC0000000000000000000000000000000000000000000000000000000000000F03F0C00000016000000070000C30C00000017000000FDFFFFFF0C0000001200000000000000540000002000000002000000F00F2D496C87364024EC6E0E26CB15C00000000000
310
000000F00F2D496C873640E85C86D183D71EC0000000000000000000000000000000000000000000000000000000000000F03F0C00000016000000080000C30C00000017000000000000000C000000120000000000000054000000200000000200000000000000000000000000000000000000000000000000000000000000
310
000000000000000000000000000000000000000000000000000000000000000000000000000000000000F03F0C00000016000000070000C30C00000017000000FDFFFFFF0C0000001200000000000000540000002000000002000000D0D0108A0CCE3640F2B06FB253C722C000000000000000006868084506A74140F2B06F
310
B253C722C0000000000000000000000000000000000000000000000000000000000000F03F0C00000016000000070000C30C00000017000000FDFFFFFF0C0000001200000000000000540000002000000002000000D0D0108A0CCE3640F0054881C9B023C000000000000000006868084506A74140F0054881C9B023C00000
310
00000000000000000000000000000000000000000000000000000000F03F0C00000016000000070000C30C00000017000000FDFFFFFF0C0000001200000000000000540000002000000002000000D0D0108A0CCE3640A824CD6C1B6924C000000000000000006868084506A74140A824CD6C1B6924C0000000000000000000
310
000000000000000000000000000000000000000000F03F0C00000016000000070000C30C00000017000000FDFFFFFF0C0000001200000000000000540000002000000002000000D0D0108A0CCE3640604352586D2125C000000000000000006868084506A74140604352586D2125C000000000000000000000000000000000
310
0000000000000000000000000000F03F0C00000016000000070000C30C00000017000000FDFFFFFF0C0000001200000000000000540000002000000002000000D0D0108A0CCE36405CA58AC1C9DA25C000000000000000006868084506A741405CA58AC1C9DA25C00000000000000000000000000000000000000000000000
310
00000000000000F03F0C00000016000000070000C30C00000017000000FDFFFFFF0C0000001200000000000000540000002000000002000000D0D0108A0CCE36405807C32A269426C000000000000000006868084506A741405807C32A269426C0000000000000000000000000000000000000000000000000000000000000
310
F03F0C00000016000000070000C30C00000017000000FDFFFFFF0C0000001200000000000000540000002000000002000000D0D0108A0CCE3640F2B06FB253C722C00000000000000000D0D0108A0CCE36405807C32A269426C0000000000000000000000000000000000000000000000000000000000000F03F0C00000016
310
000000070000C30C00000017000000FDFFFFFF0C0000001200000000000000540000002000000002000000D0D0108A0C4E3940F0054881C9B023C00000000000000000D0D0108A0C4E39405807C32A269426C0000000000000000000000000000000000000000000000000000000000000F03F0C00000016000000070000C3
310
0C00000017000000FDFFFFFF0C0000001200000000000000540000002000000002000000D0D0108A0CCE3B40F0054881C9B023C00000000000000000D0D0108A0CCE3B405807C32A269426C0000000000000000000000000000000000000000000000000000000000000F03F0C00000016000000070000C30C000000170000
310
00FDFFFFFF0C0000001200000000000000540000002000000002000000D0D0108A0C4E3E40F0054881C9B023C00000000000000000D0D0108A0C4E3E405807C32A269426C0000000000000000000000000000000000000000000000000000000000000F03F0C00000016000000070000C30C00000017000000FDFFFFFF0C00
310
000012000000000000005400000020000000020000006868084506674040F0054881C9B023C0000000000000000068680845066740405807C32A269426C0000000000000000000000000000000000000000000000000000000000000F03F0C00000016000000070000C30C00000017000000FDFFFFFF0C0000001200000000
310
0000005400000020000000020000006868084506A74140F2B06FB253C722C000000000000000006868084506A741405807C32A269426C0000000000000000000000000000000000000000000000000000000000000F03F0C00000016000000080000C30C00000017000000000000000C000000120000000000000054000000
310
200000000200000000000000000000000000000000000000000000000000000000000000000000000000000000000000000000000000000000000000000000000000000000000000000000000000F03F080000001F000000
100
AcDbBlockReference
  2
*T1
 10
84.66509801618446
 20
20.50261019851033
 30
0.0
100
AcDbTable
342
ED
343
2D
 11
1.0
 21
0.0
 31
0.0
 90
       22
 91
       10
 92
        5
 93
        0
 94
        0
 95
        0
 96
        0
141
0.4559769286229274
141
0.36
141
0.36
141
0.36
141
0.36
141
0.36
141
0.4533333333333334
141
0.36
141
0.36
141
0.3620331651045422
142
2.5
142
2.5
142
2.5
142
2.5
142
2.5
171
     1
172
     0
173
     0
174
     0
175
     5
176
     1
 91
   262144
178
     0
145
0.0
 92
        0
301
CELL_VALUE
 93
        6
 90
        4
  1
Title-1
 94
        0
300

302
Title-1
304
ACVALUE_END
171
     1
172
     0
173
     1
174
     0
175
     1
176
     1
 91
        0
178
     0
145
0.0
 92
        0
301
CELL_VALUE
 93
        7
 90
        0
 94
        0
300

302

304
ACVALUE_END
171
     1
172
     0
173
     1
174
     0
175
     1
176
     1
 91
        0
178
     0
145
0.0
 92
        0
301
CELL_VALUE
 93
        7
 90
        0
 94
        0
300

302

304
ACVALUE_END
171
     1
172
     0
173
     1
174
     0
175
     1
176
     1
 91
        0
178
     0
145
0.0
 92
        0
301
CELL_VALUE
 93
        7
 90
        0
 94
        0
300

302

304
ACVALUE_END
171
     1
172
     0
173
     1
174
     0
175
     1
176
     1
 91
        0
178
     0
145
0.0
 92
        0
301
CELL_VALUE
 93
        7
 90
        0
 94
        0
300

302

304
ACVALUE_END
171
     1
172
     0
173
     0
174
     0
175
     1
176
     1
 91
   262144
178
     0
145
0.0
 92
        0
301
CELL_VALUE
 93
        6
 90
        4
  1
Header-A
 94
        0
300

302
Header-A
304
ACVALUE_END
171
     1
172
     0
173
     0
174
     0
175
     1
176
     1
 91
   262144
178
     0
145
0.0
 92
        0
301
CELL_VALUE
 93
        6
 90
        4
  1
Header-B
 94
        0
300

302
Header-B
304
ACVALUE_END
171
     1
172
     0
173
     0
174
     0
175
     1
176
     1
 91
   262144
178
     0
145
0.0
 92
        0
301
CELL_VALUE
 93
        6
 90
        4
  1
Header-C
 94
        0
300

302
Header-C
304
ACVALUE_END
171
     1
172
     0
173
     0
174
     0
175
     1
176
     1
 91
   262144
178
     0
145
0.0
 92
        0
301
CELL_VALUE
 93
        6
 90
        4
  1
Header-D
 94
        0
300

302
Header-D
304
ACVALUE_END
171
     1
172
     0
173
     0
174
     0
175
     1
176
     1
 91
   262144
178
     0
145
0.0
 92
        0
301
CELL_VALUE
 93
        6
 90
        4
  1
Header-E
 94
        0
300

302
Header-E
304
ACVALUE_END
171
     1
172
     0
173
     0
174
     0
175
     1
176
     1
 91
   262161
178
     0
145
0.0
170
     5
  7
Standard
 92
        0
301
CELL_VALUE
 93
        6
 90
        4
  1
Header-1
 94
        0
300

302
Header-1
304
ACVALUE_END
171
     1
172
     0
173
     0
174
     0
175
     1
176
     1
 91
   262161
178
     0
145
0.0
170
     5
  7
Standard
 92
        0
301
CELL_VALUE
 93
        6
 90
        4
  1
Header-2
 94
        0
300

302
Header-2
304
ACVALUE_END
171
     1
172
     0
173
     0
174
     0
175
     1
176
     1
 91
   262161
178
     0
145
0.0
170
     5
  7
Standard
 92
        0
301
CELL_VALUE
 93
        6
 90
        4
  1
Header-3
 94
        0
300

302
Header-3
304
ACVALUE_END
171
     1
172
     0
173
     0
174
     0
175
     1
176
     1
 91
   262161
178
     0
145
0.0
170
     5
  7
Standard
 92
        0
301
CELL_VALUE
 93
        6
 90
        4
  1
Header-4
 94
        0
300

302
Header-4
304
ACVALUE_END
171
     1
172
     0
173
     0
174
     0
175
     1
176
     1
 91
   262161
178
     0
145
0.0
170
     5
  7
Standard
 92
        0
301
CELL_VALUE
 93
        6
 90
        4
  1
Header-5
 94
        0
300

302
Header-5
304
ACVALUE_END
171
     1
172
     0
173
     0
174
     0
175
     1
176
     1
 91
   262145
178
     0
145
0.0
170
     3
 92
        0
301
CELL_VALUE
 93
        6
 90
        1
 91
        6
 94
        0
300

302
6
304
ACVALUE_END
171
     1
172
     0
173
     0
174
     0
175
     1
176
     1
 91
   262145
178
     0
145
0.0
170
     3
 92
        0
301
CELL_VALUE
 93
        6
 90
        1
 91
        7
 94
        0
300

302
7
304
ACVALUE_END
171
     1
172
     0
173
     0
174
     0
175
     1
176
     1
 91
   262145
178
     0
145
0.0
170
     3
 92
        0
301
CELL_VALUE
 93
        6
 90
        1
 91
        8
 94
        0
300

302
8
304
ACVALUE_END
171
     1
172
     0
173
     0
174
     0
175
     1
176
     1
 91
   262145
178
     0
145
0.0
170
     3
 92
        0
301
CELL_VALUE
 93
        6
 90
        1
 91
        9
 94
        0
300

302
9
304
ACVALUE_END
171
     1
172
     0
173
     0
174
     0
175
     1
176
     1
 91
   262145
178
     0
145
0.0
170
     3
 92
        0
301
CELL_VALUE
 93
        6
 90
        1
 91
        0
 94
        0
300

302
0
304
ACVALUE_END
171
     1
172
     0
173
     0
174
     0
175
     1
176
     1
 91
   262144
178
     0
145
0.0
 92
        0
301
CELL_VALUE
 93
        6
 90
        4
  1
F
 94
        0
300

302
F
304
ACVALUE_END
171
     1
172
     0
173
     0
174
     0
175
     1
176
     1
 91
   262144
178
     0
145
0.0
 92
        0
301
CELL_VALUE
 93
        6
 90
        4
  1
G
 94
        0
300

302
G
304
ACVALUE_END
171
     1
172
     0
173
     0
174
     0
175
     1
176
     1
 91
   262144
178
     0
145
0.0
 92
        0
301
CELL_VALUE
 93
        6
 90
        4
  1
H
 94
        0
300

302
H
304
ACVALUE_END
171
     1
172
     0
173
     0
174
     0
175
     1
176
     1
 91
   262144
178
     0
145
0.0
 92
        0
301
CELL_VALUE
 93
        6
 90
        4
  1
SS
 94
        0
300

302
SS
304
ACVALUE_END
171
     1
172
     0
173
     0
174
     0
175
     1
176
     1
 91
   262144
178
     0
145
0.0
 92
        0
301
CELL_VALUE
 93
        6
 90
        4
  1
FF
 94
        0
300

302
FF
304
ACVALUE_END
171
     1
172
     0
173
     0
174
     0
175
     1
176
     1
 91
   262145
178
     0
145
0.0
170
     3
 92
        0
301
CELL_VALUE
 93
        6
 90
        1
 91
       11
 94
        0
300

302
11
304
ACVALUE_END
171
     1
172
     0
173
     0
174
     0
175
     1
176
     1
 91
   262145
178
     0
145
0.0
170
     3
 92
        0
301
CELL_VALUE
 93
        6
 90
        1
 91
       12
 94
        0
300

302
12
304
ACVALUE_END
171
     1
172
     0
173
     0
174
     0
175
     1
176
     1
 91
   262145
178
     0
145
0.0
170
     3
 92
        0
301
CELL_VALUE
 93
        6
 90
        1
 91
       13
 94
        0
300

302
13
304
ACVALUE_END
171
     1
172
     0
173
     0
174
     0
175
     1
176
     1
 91
   262145
178
     0
145
0.0
170
     3
 92
        0
301
CELL_VALUE
 93
        6
 90
        1
 91
       14
 94
        0
300

302
14
304
ACVALUE_END
171
     1
172
     0
173
     0
174
     0
175
     1
176
     1
 91
   262145
178
     0
145
0.0
170
     3
 92
        0
301
CELL_VALUE
 93
        6
 90
        1
 91
       15
 94
        0
300

302
15
304
ACVALUE_END
171
     1
172
     0
173
     0
174
     0
175
     5
176
     1
 91
   262177
178
     0
145
0.0
170
     5
140
0.25
 92
        0
301
CELL_VALUE
 93
        6
 90
        4
  1
Title-2
 94
        0
300

302
Title-2
304
ACVALUE_END
171
     1
172
     0
173
     1
174
     0
175
     1
176
     1
 91
       33
178
     0
145
0.0
170
     5
140
0.25
 92
        0
301
CELL_VALUE
 93
        7
 90
        0
 94
        0
300

302

304
ACVALUE_END
171
     1
172
     0
173
     1
174
     0
175
     1
176
     1
 91
       33
178
     0
145
0.0
170
     5
140
0.25
 92
        0
301
CELL_VALUE
 93
        7
 90
        0
 94
        0
300

302

304
ACVALUE_END
171
     1
172
     0
173
     1
174
     0
175
     1
176
     1
 91
       33
178
     0
145
0.0
170
     5
140
0.25
 92
        0
301
CELL_VALUE
 93
        7
 90
        0
 94
        0
300

302

304
ACVALUE_END
171
     1
172
     0
173
     1
174
     0
175
     1
176
     1
 91
       33
178
     0
145
0.0
170
     5
140
0.25
 92
        0
301
CELL_VALUE
 93
        7
 90
        0
 94
        0
300

302

304
ACVALUE_END
171
     1
172
     0
173
     0
174
     0
175
     1
176
     1
 91
   262161
178
     0
145
0.0
170
     5
  7
Standard
 92
        0
301
CELL_VALUE
 93
        6
 90
        4
  1
H1
 94
        0
300

302
H1
304
ACVALUE_END
171
     1
172
     0
173
     0
174
     0
175
     1
176
     1
 91
   262161
178
     0
145
0.0
170
     5
  7
Standard
 92
        0
301
CELL_VALUE
 93
        6
 90
        4
  1
H2
 94
        0
300

302
H2
304
ACVALUE_END
171
     1
172
     0
173
     0
174
     0
175
     1
176
     1
 91
   262161
178
     0
145
0.0
170
     5
  7
Standard
 92
        0
301
CELL_VALUE
 93
        6
 90
        4
  1
H3
 94
        0
300

302
H3
304
ACVALUE_END
171
     1
172
     0
173
     0
174
     0
175
     1
176
     1
 91
   262161
178
     0
145
0.0
170
     5
  7
Standard
 92
        0
301
CELL_VALUE
 93
        6
 90
        4
  1
H4
 94
        0
300

302
H4
304
ACVALUE_END
171
     1
172
     0
173
     0
174
     0
175
     1
176
     1
 91
   262161
178
     0
145
0.0
170
     5
  7
Standard
 92
        0
301
CELL_VALUE
 93
        6
 90
        4
  1
H5
 94
        0
300

302
H5
304
ACVALUE_END
171
     1
172
     0
173
     0
174
     0
175
     1
176
     1
 91
   262145
178
     0
145
0.0
170
     3
 92
        0
301
CELL_VALUE
 93
        6
 90
        4
  1
q
 94
        0
300

302
q
304
ACVALUE_END
171
     1
172
     0
173
     0
174
     0
175
     1
176
     1
 91
   262145
178
     0
145
0.0
170
     3
 92
        0
301
CELL_VALUE
 93
        6
 90
        4
  1
w
 94
        0
300

302
w
304
ACVALUE_END
171
     1
172
     0
173
     0
174
     0
175
     1
176
     1
 91
   262145
178
     0
145
0.0
170
     3
 92
        0
301
CELL_VALUE
 93
        5
 90
        1
 94
        0
300

302

304
ACVALUE_END
171
     1
172
     0
173
     0
174
     0
175
     1
176
     1
 91
   262145
178
     0
145
0.0
170
     3
 92
        0
301
CELL_VALUE
 93
        5
 90
        1
 94
        0
300

302

304
ACVALUE_END
171
     1
172
     0
173
     0
174
     0
175
     1
176
     1
 91
   262145
178
     0
145
0.0
170
     3
 92
        0
301
CELL_VALUE
 93
        5
 90
        1
 94
        0
300

302

304
ACVALUE_END
171
     1
172
     0
173
     0
174
     0
175
     1
176
     1
 91
   262145
178
     0
145
0.0
170
     3
 92
        0
301
CELL_VALUE
 93
        6
 90
        4
  1
r
 94
        0
300

302
r
304
ACVALUE_END
171
     1
172
     0
173
     0
174
     0
175
     1
176
     1
 91
   262145
178
     0
145
0.0
170
     3
 92
        0
301
CELL_VALUE
 93
        5
 90
        1
 94
        0
300

302

304
ACVALUE_END
171
     1
172
     0
173
     0
174
     0
175
     1
176
     1
 91
   262145
178
     0
145
0.0
170
     3
 92
        0
301
CELL_VALUE
 93
        5
 90
        4
 94
        0
300

302

304
ACVALUE_END
171
     1
172
     0
173
     0
174
     0
175
     1
176
     1
 91
   262145
178
     0
145
0.0
170
     3
 92
        0
301
CELL_VALUE
 93
        5
 90
        1
 94
        0
300

302

304
ACVALUE_END
171
     1
172
     0
173
     0
174
     0
175
     1
176
     1
 91
   262145
178
     0
145
0.0
170
     3
 92
        0
301
CELL_VALUE
 93
        5
 90
        1
 94
        0
300

302

304
ACVALUE_END
  0
ACAD_TABLE
  5
11D
330
27
100
AcDbEntity
  8
0
 92
     5148
310
1C14000072000000880000001D000000000000000000F03F00000000000000000000000000000000604D90096CAC57400000000000000000000000000000F03F0000000000000000C0038318C31B2E4000000000000000000000000000000000000000000000F03F0000000000000000000000000000000000000000000000
310
000000000000000000000000000000F03F0C00000016000000070000C30C00000017000000FDFFFFFF0C0000001200000000000000D400000026000000F1B8C2E30A0F174086D01AF0B2A1D6BF000000000000000000000000000000000000000000000000000000000000F03F000000000000F03F00000000000000000000
310
0000000000005400690074006C0065002D00310000000700000001000000000000000000D03F000000000000F03F0000000000000000000000000000F03F000000000000000000000000000000000000000000000000000000000100000012000000540069006D006500730020004E0065007700200052006F006D0061006E
310
00000000000000000078000C00000016000000070000C30C00000017000000FDFFFFFF0C0000001200000000000000C800000026000000EA51B81E85EBE13F82C0C2F7333BE7BF000000000000000000000000000000000000000000000000000000000000F03F000000000000F03F00000000000000000000000000000000
310
4800650061006400650072002D0041000000C73F08000000010000000AD7A3703D0AC73F000000000000F03F0000000000000000000000000000F03F000000000000000000000000000000000000000000000000000000000100000000000000000000007400780074002E007300680078000000000000000C000000160000
310
00070000C30C00000017000000FDFFFFFF0C0000001200000000000000C8000000260000007A14AE47E17A084082C0C2F7333BE7BF000000000000000000000000000000000000000000000000000000000000F03F000000000000F03F000000000000000000000000000000004800650061006400650072002D0042000000
310
C73F08000000010000000AD7A3703D0AC73F000000000000F03F0000000000000000000000000000F03F000000000000000000000000000000000000000000000000000000000100000000000000000000007400780074002E007300680078000000000000000C00000016000000070000C30C00000017000000FDFFFFFF0C
310
0000001200000000000000C8000000260000003E0AD7A3703D164082C0C2F7333BE7BF000000000000000000000000000000000000000000000000000000000000F03F000000000000F03F000000000000000000000000000000004800650061006400650072002D0043000000C73F08000000010000000AD7A3703D0AC73F
310
000000000000F03F0000000000000000000000000000F03F000000000000000000000000000000000000000000000000000000000100000000000000000000007400780074002E007300680078000000000000000C00000016000000070000C30C00000017000000FDFFFFFF0C0000001200000000000000C8000000260000
310
001F85EB51B81E204082C0C2F7333BE7BF000000000000000000000000000000000000000000000000000000000000F03F000000000000F03F000000000000000000000000000000004800650061006400650072002D0044000000C73F08000000010000000AD7A3703D0AC73F000000000000F03F00000000000000000000
310
00000000F03F000000000000000000000000000000000000000000000000000000000100000000000000000000007400780074002E007300680078000000000000000C00000016000000070000C30C00000017000000FDFFFFFF0C0000001200000000000000C8000000260000001F85EB51B81E254082C0C2F7333BE7BF00
310
0000000000000000000000000000000000000000000000000000000000F03F000000000000F03F000000000000000000000000000000004800650061006400650072002D0045000000C73F08000000010000000AD7A3703D0AC73F000000000000F03F0000000000000000000000000000F03F000000000000000000000000
310
000000000000000000000000000000000100000000000000000000007400780074002E007300680078000000000000000C00000016000000070000C30C00000017000000FDFFFFFF0C0000001200000000000000C800000026000000E07A14AE47E1E23F01560A582960F1BF00000000000000000000000000000000000000
310
0000000000000000000000F03F000000000000F03F000000000000000000000000000000004800650061006400650072002D0031000000C73F08000000010000000AD7A3703D0AC73F000000000000F03F0000000000000000000000000000F03F000000000000000000000000000000000000000000000000000000000100
310
000000000000000000007400780074002E007300680078000000000000000C00000016000000070000C30C00000017000000FDFFFFFF0C0000001200000000000000C8000000260000007A14AE47E17A084001560A582960F1BF000000000000000000000000000000000000000000000000000000000000F03F0000000000
310
00F03F000000000000000000000000000000004800650061006400650072002D0032000000C73F08000000010000000AD7A3703D0AC73F000000000000F03F0000000000000000000000000000F03F000000000000000000000000000000000000000000000000000000000100000000000000000000007400780074002E00
310
7300680078000000000000000C00000016000000070000C30C00000017000000FDFFFFFF0C0000001200000000000000C8000000260000003E0AD7A3703D164001560A582960F1BF000000000000000000000000000000000000000000000000000000000000F03F000000000000F03F000000000000000000000000000000
310
004800650061006400650072002D0033000000C73F08000000010000000AD7A3703D0AC73F000000000000F03F0000000000000000000000000000F03F000000000000000000000000000000000000000000000000000000000100000000000000000000007400780074002E007300680078000000000000000C0000001600
310
0000070000C30C00000017000000FDFFFFFF0C0000001200000000000000C8000000260000001F85EB51B81E204001560A582960F1BF000000000000000000000000000000000000000000000000000000000000F03F000000000000F03F000000000000000000000000000000004800650061006400650072002D00340000
310
00000008000000010000000AD7A3703D0AC73F000000000000F03F0000000000000000000000000000F03F000000000000000000000000000000000000000000000000000000000100000000000000000000007400780074002E007300680078000000000000000C00000016000000070000C30C00000017000000FDFFFFFF
310
0C0000001200000000000000C8000000260000001F85EB51B81E254001560A582960F1BF000000000000000000000000000000000000000000000000000000000000F03F000000000000F03F000000000000000000000000000000004800650061006400650072002D0035000000000008000000010000000AD7A3703D0AC7
310
3F000000000000F03F0000000000000000000000000000F03F000000000000000000000000000000000000000000000000000000000100000000000000000000007400780074002E007300680078000000000000000C00000016000000070000C30C00000017000000FDFFFFFF0C0000001200000000000000C80000002600
310
00009BCDFC4AA173024073B8F83D72BAF6BF000000000000000000000000000000000000000000000000000000000000F03F000000000000F03F000000000000000000000000000000006400000001000000010000000AD7A3703D0AC73F000000000000F03F0000000000000000000000000000F03F000000000000000000
310
000000000000000000000000000000000000000100000012000000540069006D006500730020004E0065007700200052006F006D0061006E00000000000000000000000C00000016000000070000C30C00000017000000FDFFFFFF0C0000001200000000000000C800000026000000B75C95E39298024075FB815E4584FCBF
310
000000000000000000000000000000000000000000000000000000000000F03F000000000000F03F000000000000000000000000000000006600000001000000010000000AD7A3703D0AC73F000000000000F03F0000000000000000000000000000F03F000000000000000000000000000000000000000000000000000000
310
000100000012000000540069006D006500730020004E0065007700200052006F006D0061006E00000000000000000000000C00000016000000070000C30C00000017000000FDFFFFFF0C0000001200000000000000C800000026000000B4B4DBFBCA7E024085AB0500CF1E01C0000000000000000000000000000000000000
310
000000000000000000000000F03F000000000000F03F000000000000000000000000000000006700000001000000010000000AD7A3703D0AC73F000000000000F03F0000000000000000000000000000F03F000000000000000000000000000000000000000000000000000000000100000012000000540069006D00650073
310
0020004E0065007700200052006F006D0061006E00000000000000000000000C00000016000000070000C30C00000017000000FDFFFFFF0C0000001200000000000000540000002000000002000000000000000000000000000000000000000000000000000000000000000000294000000000000000000000000000000000
310
00000000000000000000000000000000000000000000F03F0C00000016000000070000C30C00000017000000FDFFFFFF0C00000012000000000000005400000020000000020000000000000000000000C09F0ADBB92EDDBF00000000000000000000000000002940C09F0ADBB92EDDBF000000000000000000000000000000
310
000000000000000000000000000000F03F0C00000016000000070000C30C00000017000000FDFFFFFF0C00000012000000000000005400000020000000020000000000000000000000603BD7A57B1CEABF00000000000000000000000000002940603BD7A57B1CEABF00000000000000000000000000000000000000000000
310
0000000000000000F03F0C00000016000000070000C30C00000017000000FDFFFFFF0C000000120000000000000054000000200000000200000000000000000000007093142FCDD0F2BF000000000000000000000000000029407093142FCDD0F2BF0000000000000000000000000000000000000000000000000000000000
310
00F03F0C00000016000000070000C30C00000017000000FDFFFFFF0C0000001200000000000000540000002000000002000000000000000000000050A3D778B09BF8BF0000000000000000000000000000294050A3D778B09BF8BF000000000000000000000000000000000000000000000000000000000000F03F0C000000
310
16000000070000C30C00000017000000FDFFFFFF0C0000001200000000000000540000002000000002000000000000000000000030B39AC29366FEBF0000000000000000000000000000294030B39AC29366FEBF000000000000000000000000000000000000000000000000000000000000F03F0C00000016000000070000
310
C30C00000017000000FDFFFFFF0C0000001200000000000000540000002000000002000000000000000000000088E12E86BB1802C00000000000000000000000000000294088E12E86BB1802C0000000000000000000000000000000000000000000000000000000000000F03F0C00000016000000070000C30C0000001700
310
0000FDFFFFFF0C0000001200000000000000540000002000000002000000000000000000000000000000000000000000000000000000000000000000000088E12E86BB1802C0000000000000000000000000000000000000000000000000000000000000F03F0C00000016000000070000C30C00000017000000FDFFFFFF0C
310
00000012000000000000005400000020000000020000000000000000000440C09F0ADBB92EDDBF0000000000000000000000000000044088E12E86BB1802C0000000000000000000000000000000000000000000000000000000000000F03F0C00000016000000070000C30C00000017000000FDFFFFFF0C00000012000000
310
000000005400000020000000020000000000000000001440C09F0ADBB92EDDBF0000000000000000000000000000144088E12E86BB1802C0000000000000000000000000000000000000000000000000000000000000F03F0C00000016000000070000C30C00000017000000FDFFFFFF0C0000001200000000000000540000
310
0020000000020000000000000000001E40C09F0ADBB92EDDBF00000000000000000000000000001E4088E12E86BB1802C0000000000000000000000000000000000000000000000000000000000000F03F0C00000016000000070000C30C00000017000000FDFFFFFF0C000000120000000000000054000000200000000200
310
00000000000000002440C09F0ADBB92EDDBF0000000000000000000000000000244088E12E86BB1802C0000000000000000000000000000000000000000000000000000000000000F03F0C00000016000000070000C30C00000017000000FDFFFFFF0C00000012000000000000005400000020000000020000000000000000
310
00294000000000000000000000000000000000000000000000294088E12E86BB1802C0000000000000000000000000000000000000000000000000000000000000F03F0C00000016000000080000C30C00000017000000000000000C0000001200000000000000540000002000000002000000000000000000000000000000
310
00000000000000000000000000000000000000000000000000000000000000000000000000000000000000000000000000000000000000000000F03F080000001F000000
100
AcDbBlockReference
  2
*T11
 10
94.69409407703414
 20
15.05422283744144
 30
0.0
100
AcDbTable
342
ED
343
30
 11
1.0
 21
0.0
 31
0.0
 90
       22
 91
        6
 92
        5
 93
        0
 94
        0
 95
        0
 96
        0
141
0.4559769286229274
141
0.36
141
0.36
141
0.3620331651045422
141
0.3620331651045422
141
0.3620331651045422
142
2.5
142
2.5
142
2.5
142
2.5
142
2.5
171
     1
172
     0
173
     0
174
     0
175
     5
176
     1
 91
   262144
178
     0
145
0.0
 92
        0
301
CELL_VALUE
 93
        6
 90
        4
  1
Title-1
 94
        0
300

302
Title-1
304
ACVALUE_END
171
     1
172
     0
173
     1
174
     0
175
     1
176
     1
 91
        0
178
     0
145
0.0
 92
        0
301
CELL_VALUE
 93
        7
 90
        0
 94
        0
300

302

304
ACVALUE_END
171
     1
172
     0
173
     1
174
     0
175
     1
176
     1
 91
        0
178
     0
145
0.0
 92
        0
301
CELL_VALUE
 93
        7
 90
        0
 94
        0
300

302

304
ACVALUE_END
171
     1
172
     0
173
     1
174
     0
175
     1
176
     1
 91
        0
178
     0
145
0.0
 92
        0
301
CELL_VALUE
 93
        7
 90
        0
 94
        0
300

302

304
ACVALUE_END
171
     1
172
     0
173
     1
174
     0
175
     1
176
     1
 91
        0
178
     0
145
0.0
 92
        0
301
CELL_VALUE
 93
        7
 90
        0
 94
        0
300

302

304
ACVALUE_END
171
     1
172
     0
173
     0
174
     0
175
     1
176
     1
 91
   262144
178
     0
145
0.0
 92
        0
301
CELL_VALUE
 93
        6
 90
        4
  1
Header-A
 94
        0
300

302
Header-A
304
ACVALUE_END
171
     1
172
     0
173
     0
174
     0
175
     1
176
     1
 91
   262144
178
     0
145
0.0
 92
        0
301
CELL_VALUE
 93
        6
 90
        4
  1
Header-B
 94
        0
300

302
Header-B
304
ACVALUE_END
171
     1
172
     0
173
     0
174
     0
175
     1
176
     1
 91
   262144
178
     0
145
0.0
 92
        0
301
CELL_VALUE
 93
        6
 90
        4
  1
Header-C
 94
        0
300

302
Header-C
304
ACVALUE_END
171
     1
172
     0
173
     0
174
     0
175
     1
176
     1
 91
   262144
178
     0
145
0.0
 92
        0
301
CELL_VALUE
 93
        6
 90
        4
  1
Header-D
 94
        0
300

302
Header-D
304
ACVALUE_END
171
     1
172
     0
173
     0
174
     0
175
     1
176
     1
 91
   262144
178
     0
145
0.0
 92
        0
301
CELL_VALUE
 93
        6
 90
        4
  1
Header-E
 94
        0
300

302
Header-E
304
ACVALUE_END
171
     1
172
     0
173
     0
174
     0
175
     1
176
     1
 91
   262161
178
     0
145
0.0
170
     5
  7
Standard
 92
        0
301
CELL_VALUE
 93
        6
 90
        4
  1
Header-1
 94
        0
300

302
Header-1
304
ACVALUE_END
171
     1
172
     0
173
     0
174
     0
175
     1
176
     1
 91
   262161
178
     0
145
0.0
170
     5
  7
Standard
 92
        0
301
CELL_VALUE
 93
        6
 90
        4
  1
Header-2
 94
        0
300

302
Header-2
304
ACVALUE_END
171
     1
172
     0
173
     0
174
     0
175
     1
176
     1
 91
   262161
178
     0
145
0.0
170
     5
  7
Standard
 92
        0
301
CELL_VALUE
 93
        6
 90
        4
  1
Header-3
 94
        0
300

302
Header-3
304
ACVALUE_END
171
     1
172
     0
173
     0
174
     0
175
     1
176
     1
 91
   262161
178
     0
145
0.0
170
     5
  7
Standard
 92
        0
301
CELL_VALUE
 93
        6
 90
        4
  1
Header-4
 94
        0
300

302
Header-4
304
ACVALUE_END
171
     1
172
     0
173
     0
174
     0
175
     1
176
     1
 91
   262161
178
     0
145
0.0
170
     5
  7
Standard
 92
        0
301
CELL_VALUE
 93
        6
 90
        4
  1
Header-5
 94
        0
300

302
Header-5
304
ACVALUE_END
171
     1
172
     0
173
     0
174
     0
175
     1
176
     1
 91
   262145
178
     0
145
0.0
170
     3
 92
        0
301
CELL_VALUE
 93
        6
 90
        4
  1
d
 94
        0
300

302
d
304
ACVALUE_END
171
     1
172
     0
173
     0
174
     0
175
     1
176
     1
 91
   262145
178
     0
145
0.0
170
     3
 92
        0
301
CELL_VALUE
 93
        5
 90
        1
 94
        0
300

302

304
ACVALUE_END
171
     1
172
     0
173
     0
174
     0
175
     1
176
     1
 91
   262145
178
     0
145
0.0
170
     3
 92
        0
301
CELL_VALUE
 93
        5
 90
        4
 94
        0
300

302

304
ACVALUE_END
171
     1
172
     0
173
     0
174
     0
175
     1
176
     1
 91
   262145
178
     0
145
0.0
170
     3
 92
        0
301
CELL_VALUE
 93
        5
 90
        1
 94
        0
300

302

304
ACVALUE_END
171
     1
172
     0
173
     0
174
     0
175
     1
176
     1
 91
   262145
178
     0
145
0.0
170
     3
 92
        0
301
CELL_VALUE
 93
        5
 90
        1
 94
        0
300

302

304
ACVALUE_END
171
     1
172
     0
173
     0
174
     0
175
     1
176
     1
 91
   262145
178
     0
145
0.0
170
     3
 92
        0
301
CELL_VALUE
 93
        6
 90
        4
  1
f
 94
        0
300

302
f
304
ACVALUE_END
171
     1
172
     0
173
     0
174
     0
175
     1
176
     1
 91
   262145
178
     0
145
0.0
170
     3
 92
        0
301
CELL_VALUE
 93
        5
 90
        1
 94
        0
300

302

304
ACVALUE_END
171
     1
172
     0
173
     0
174
     0
175
     1
176
     1
 91
   262145
178
     0
145
0.0
170
     3
 92
        0
301
CELL_VALUE
 93
        5
 90
        4
 94
        0
300

302

304
ACVALUE_END
171
     1
172
     0
173
     0
174
     0
175
     1
176
     1
 91
   262145
178
     0
145
0.0
170
     3
 92
        0
301
CELL_VALUE
 93
        5
 90
        1
 94
        0
300

302

304
ACVALUE_END
171
     1
172
     0
173
     0
174
     0
175
     1
176
     1
 91
   262145
178
     0
145
0.0
170
     3
 92
        0
301
CELL_VALUE
 93
        5
 90
        1
 94
        0
300

302

304
ACVALUE_END
171
     1
172
     0
173
     0
174
     0
175
     1
176
     1
 91
   262145
178
     0
145
0.0
170
     3
 92
        0
301
CELL_VALUE
 93
        6
 90
        4
  1
g
 94
        0
300

302
g
304
ACVALUE_END
171
     1
172
     0
173
     0
174
     0
175
     1
176
     1
 91
   262145
178
     0
145
0.0
170
     3
 92
        0
301
CELL_VALUE
 93
        5
 90
        1
 94
        0
300

302

304
ACVALUE_END
171
     1
172
     0
173
     0
174
     0
175
     1
176
     1
 91
   262145
178
     0
145
0.0
170
     3
 92
        0
301
CELL_VALUE
 93
        5
 90
        4
 94
        0
300

302

304
ACVALUE_END
171
     1
172
     0
173
     0
174
     0
175
     1
176
     1
 91
   262145
178
     0
145
0.0
170
     3
 92
        0
301
CELL_VALUE
 93
        5
 90
        1
 94
        0
300

302

304
ACVALUE_END
171
     1
172
     0
173
     0
174
     0
175
     1
176
     1
 91
   262145
178
     0
145
0.0
170
     3
 92
        0
301
CELL_VALUE
 93
        5
 90
        1
 94
        0
300

302

304
ACVALUE_END
  0
ACAD_TABLE
  5
11E
330
27
100
AcDbEntity
  8
0
 92
     5028
310
A41300006E000000880000001D000000000000000000F03F00000000000000000000000000000000983DC91914DE5A400000000000000000000000000000F03F0000000000000000E0C84A6D023A264000000000000000000000000000000000000000000000F03F0000000000000000000000000000000000000000000000
310
000000000000000000000000000000F03F0C00000016000000070000C30C00000017000000FDFFFFFF0C0000001200000000000000D400000026000000F1B8C2E30A0F174086D01AF0B2A1D6BF000000000000000000000000000000000000000000000000000000000000F03F000000000000F03F00000000000000000000
310
0000000000005400690074006C0065002D00310000000700000001000000000000000000D03F000000000000F03F0000000000000000000000000000F03F000000000000000000000000000000000000000000000000000000000100000012000000540069006D006500730020004E0065007700200052006F006D0061006E
310
00000000000000000078000C00000016000000070000C30C00000017000000FDFFFFFF0C0000001200000000000000C800000026000000EA51B81E85EBE13F82C0C2F7333BE7BF000000000000000000000000000000000000000000000000000000000000F03F000000000000F03F00000000000000000000000000000000
310
4800650061006400650072002D0041000000C73F08000000010000000AD7A3703D0AC73F000000000000F03F0000000000000000000000000000F03F000000000000000000000000000000000000000000000000000000000100000000000000000000007400780074002E007300680078000000000000000C000000160000
310
00070000C30C00000017000000FDFFFFFF0C0000001200000000000000C8000000260000007A14AE47E17A084082C0C2F7333BE7BF000000000000000000000000000000000000000000000000000000000000F03F000000000000F03F000000000000000000000000000000004800650061006400650072002D0042000000
310
C73F08000000010000000AD7A3703D0AC73F000000000000F03F0000000000000000000000000000F03F000000000000000000000000000000000000000000000000000000000100000000000000000000007400780074002E007300680078000000000000000C00000016000000070000C30C00000017000000FDFFFFFF0C
310
0000001200000000000000C8000000260000003E0AD7A3703D164082C0C2F7333BE7BF000000000000000000000000000000000000000000000000000000000000F03F000000000000F03F000000000000000000000000000000004800650061006400650072002D0043000000C73F08000000010000000AD7A3703D0AC73F
310
000000000000F03F0000000000000000000000000000F03F000000000000000000000000000000000000000000000000000000000100000000000000000000007400780074002E007300680078000000000000000C00000016000000070000C30C00000017000000FDFFFFFF0C0000001200000000000000C8000000260000
310
001F85EB51B81E204082C0C2F7333BE7BF000000000000000000000000000000000000000000000000000000000000F03F000000000000F03F000000000000000000000000000000004800650061006400650072002D0044000000000008000000010000000AD7A3703D0AC73F000000000000F03F00000000000000000000
310
00000000F03F000000000000000000000000000000000000000000000000000000000100000000000000000000007400780074002E007300680078000000000000000C00000016000000070000C30C00000017000000FDFFFFFF0C0000001200000000000000C8000000260000001F85EB51B81E254082C0C2F7333BE7BF00
310
0000000000000000000000000000000000000000000000000000000000F03F000000000000F03F000000000000000000000000000000004800650061006400650072002D0045000000000008000000010000000AD7A3703D0AC73F000000000000F03F0000000000000000000000000000F03F000000000000000000000000
310
000000000000000000000000000000000100000000000000000000007400780074002E007300680078000000000000000C00000016000000070000C30C00000017000000FDFFFFFF0C0000001200000000000000C800000026000000E07A14AE47E1E23F01560A582960F1BF00000000000000000000000000000000000000
310
0000000000000000000000F03F000000000000F03F000000000000000000000000000000004800650061006400650072002D0031000000C73F08000000010000000AD7A3703D0AC73F000000000000F03F0000000000000000000000000000F03F000000000000000000000000000000000000000000000000000000000100
310
000000000000000000007400780074002E007300680078000000000000000C00000016000000070000C30C00000017000000FDFFFFFF0C0000001200000000000000C8000000260000007A14AE47E17A084001560A582960F1BF000000000000000000000000000000000000000000000000000000000000F03F0000000000
310
00F03F000000000000000000000000000000004800650061006400650072002D0032000000C73F08000000010000000AD7A3703D0AC73F000000000000F03F0000000000000000000000000000F03F000000000000000000000000000000000000000000000000000000000100000000000000000000007400780074002E00
310
7300680078000000000000000C00000016000000070000C30C00000017000000FDFFFFFF0C0000001200000000000000C8000000260000003E0AD7A3703D164001560A582960F1BF000000000000000000000000000000000000000000000000000000000000F03F000000000000F03F000000000000000000000000000000
310
004800650061006400650072002D0033000000C73F08000000010000000AD7A3703D0AC73F000000000000F03F0000000000000000000000000000F03F000000000000000000000000000000000000000000000000000000000100000000000000000000007400780074002E007300680078000000000000000C0000001600
310
0000070000C30C00000017000000FDFFFFFF0C0000001200000000000000C8000000260000001F85EB51B81E204001560A582960F1BF000000000000000000000000000000000000000000000000000000000000F03F000000000000F03F000000000000000000000000000000004800650061006400650072002D00340000
310
00C73F08000000010000000AD7A3703D0AC73F000000000000F03F0000000000000000000000000000F03F000000000000000000000000000000000000000000000000000000000100000000000000000000007400780074002E007300680078000000000000000C00000016000000070000C30C00000017000000FDFFFFFF
310
0C0000001200000000000000C8000000260000001F85EB51B81E254001560A582960F1BF000000000000000000000000000000000000000000000000000000000000F03F000000000000F03F000000000000000000000000000000004800650061006400650072002D0035000000C73F08000000010000000AD7A3703D0AC7
310
3F000000000000F03F0000000000000000000000000000F03F000000000000000000000000000000000000000000000000000000000100000000000000000000007400780074002E007300680078000000000000000C00000016000000070000C30C00000017000000FDFFFFFF0C0000001200000000000000C80000002600
310
000081E780046A78024073B8F83D72BAF6BF000000000000000000000000000000000000000000000000000000000000F03F000000000000F03F000000000000000000000000000000006800000001000000010000000AD7A3703D0AC73F000000000000F03F0000000000000000000000000000F03F000000000000000000
310
000000000000000000000000000000000000000100000012000000540069006D006500730020004E0065007700200052006F006D0061006E00000000000000000000000C00000016000000070000C30C00000017000000FDFFFFFF0C0000001200000000000000C800000026000000B75C95E39298024075FB815E4584FCBF
310
000000000000000000000000000000000000000000000000000000000000F03F000000000000F03F000000000000000000000000000000006600000001000000010000000AD7A3703D0AC73F000000000000F03F0000000000000000000000000000F03F000000000000000000000000000000000000000000000000000000
310
000100000012000000540069006D006500730020004E0065007700200052006F006D0061006E00000000000000000000000C00000016000000070000C30C00000017000000FDFFFFFF0C0000001200000000000000C800000026000000092C0654898D1D40C2AE589CDD85FCBF000000000000000000000000000000000000
310
000000000000000000000000F03F000000000000F03F000000000000000000000000000000006A00000001000000010000000AD7A3703D0AC73F000000000000F03F0000000000000000000000000000F03F000000000000000000000000000000000000000000000000000000000100000012000000540069006D00650073
310
0020004E0065007700200052006F006D0061006E00000000000000000000000C00000016000000070000C30C00000017000000FDFFFFFF0C0000001200000000000000540000002000000002000000000000000000000000000000000000000000000000000000000000000000294000000000000000000000000000000000
310
00000000000000000000000000000000000000000000F03F0C00000016000000070000C30C00000017000000FDFFFFFF0C00000012000000000000005400000020000000020000000000000000000000C09F0ADBB92EDDBF00000000000000000000000000002940C09F0ADBB92EDDBF000000000000000000000000000000
310
000000000000000000000000000000F03F0C00000016000000070000C30C00000017000000FDFFFFFF0C00000012000000000000005400000020000000020000000000000000000000603BD7A57B1CEABF00000000000000000000000000002940603BD7A57B1CEABF00000000000000000000000000000000000000000000
310
0000000000000000F03F0C00000016000000070000C30C00000017000000FDFFFFFF0C000000120000000000000054000000200000000200000000000000000000007093142FCDD0F2BF000000000000000000000000000029407093142FCDD0F2BF0000000000000000000000000000000000000000000000000000000000
310
00F03F0C00000016000000070000C30C00000017000000FDFFFFFF0C0000001200000000000000540000002000000002000000000000000000000050A3D778B09BF8BF0000000000000000000000000000294050A3D778B09BF8BF000000000000000000000000000000000000000000000000000000000000F03F0C000000
310
16000000070000C30C00000017000000FDFFFFFF0C0000001200000000000000540000002000000002000000000000000000000030B39AC29366FEBF0000000000000000000000000000294030B39AC29366FEBF000000000000000000000000000000000000000000000000000000000000F03F0C00000016000000070000
310
C30C00000017000000FDFFFFFF0C0000001200000000000000540000002000000002000000000000000000000000000000000000000000000000000000000000000000000030B39AC29366FEBF000000000000000000000000000000000000000000000000000000000000F03F0C00000016000000070000C30C0000001700
310
0000FDFFFFFF0C00000012000000000000005400000020000000020000000000000000000440C09F0ADBB92EDDBF0000000000000000000000000000044030B39AC29366FEBF000000000000000000000000000000000000000000000000000000000000F03F0C00000016000000070000C30C00000017000000FDFFFFFF0C
310
00000012000000000000005400000020000000020000000000000000001440C09F0ADBB92EDDBF0000000000000000000000000000144030B39AC29366FEBF000000000000000000000000000000000000000000000000000000000000F03F0C00000016000000070000C30C00000017000000FDFFFFFF0C00000012000000
310
000000005400000020000000020000000000000000001E40C09F0ADBB92EDDBF00000000000000000000000000001E4030B39AC29366FEBF000000000000000000000000000000000000000000000000000000000000F03F0C00000016000000070000C30C00000017000000FDFFFFFF0C0000001200000000000000540000
310
0020000000020000000000000000002440C09F0ADBB92EDDBF0000000000000000000000000000244030B39AC29366FEBF000000000000000000000000000000000000000000000000000000000000F03F0C00000016000000070000C30C00000017000000FDFFFFFF0C000000120000000000000054000000200000000200
310
0000000000000000294000000000000000000000000000000000000000000000294030B39AC29366FEBF000000000000000000000000000000000000000000000000000000000000F03F0C00000016000000080000C30C00000017000000000000000C00000012000000000000005400000020000000020000000000000000
310
0000000000000000000000000000000000000000000000000000000000000000000000000000000000000000000000000000000000000000000000000000000000F03F080000001F000000
100
AcDbBlockReference
  2
*T12
 10
107.4699768510094
 20
11.11329976594828
 30
0.0
100
AcDbTable
342
ED
343
31
 11
1.0
 21
0.0
 31
0.0
 90
       22
 91
        5
 92
        5
 93
        0
 94
        0
 95
        0
 96
        0
141
0.4559769286229274
141
0.36
141
0.36
141
0.3620331651045422
141
0.3620331651045422
142
2.5
142
2.5
142
2.5
142
2.5
142
2.5
171
     1
172
     0
173
     0
174
     0
175
     5
176
     1
 91
   262144
178
     0
145
0.0
 92
        0
301
CELL_VALUE
 93
        6
 90
        4
  1
Title-1
 94
        0
300

302
Title-1
304
ACVALUE_END
171
     1
172
     0
173
     1
174
     0
175
     1
176
     1
 91
        0
178
     0
145
0.0
 92
        0
301
CELL_VALUE
 93
        7
 90
        0
 94
        0
300

302

304
ACVALUE_END
171
     1
172
     0
173
     1
174
     0
175
     1
176
     1
 91
        0
178
     0
145
0.0
 92
        0
301
CELL_VALUE
 93
        7
 90
        0
 94
        0
300

302

304
ACVALUE_END
171
     1
172
     0
173
     1
174
     0
175
     1
176
     1
 91
        0
178
     0
145
0.0
 92
        0
301
CELL_VALUE
 93
        7
 90
        0
 94
        0
300

302

304
ACVALUE_END
171
     1
172
     0
173
     1
174
     0
175
     1
176
     1
 91
        0
178
     0
145
0.0
 92
        0
301
CELL_VALUE
 93
        7
 90
        0
 94
        0
300

302

304
ACVALUE_END
171
     1
172
     0
173
     0
174
     0
175
     1
176
     1
 91
   262144
178
     0
145
0.0
 92
        0
301
CELL_VALUE
 93
        6
 90
        4
  1
Header-A
 94
        0
300

302
Header-A
304
ACVALUE_END
171
     1
172
     0
173
     0
174
     0
175
     1
176
     1
 91
   262144
178
     0
145
0.0
 92
        0
301
CELL_VALUE
 93
        6
 90
        4
  1
Header-B
 94
        0
300

302
Header-B
304
ACVALUE_END
171
     1
172
     0
173
     0
174
     0
175
     1
176
     1
 91
   262144
178
     0
145
0.0
 92
        0
301
CELL_VALUE
 93
        6
 90
        4
  1
Header-C
 94
        0
300

302
Header-C
304
ACVALUE_END
171
     1
172
     0
173
     0
174
     0
175
     1
176
     1
 91
   262144
178
     0
145
0.0
 92
        0
301
CELL_VALUE
 93
        6
 90
        4
  1
Header-D
 94
        0
300

302
Header-D
304
ACVALUE_END
171
     1
172
     0
173
     0
174
     0
175
     1
176
     1
 91
   262144
178
     0
145
0.0
 92
        0
301
CELL_VALUE
 93
        6
 90
        4
  1
Header-E
 94
        0
300

302
Header-E
304
ACVALUE_END
171
     1
172
     0
173
     0
174
     0
175
     1
176
     1
 91
   262161
178
     0
145
0.0
170
     5
  7
Standard
 92
        0
301
CELL_VALUE
 93
        6
 90
        4
  1
Header-1
 94
        0
300

302
Header-1
304
ACVALUE_END
171
     1
172
     0
173
     0
174
     0
175
     1
176
     1
 91
   262161
178
     0
145
0.0
170
     5
  7
Standard
 92
        0
301
CELL_VALUE
 93
        6
 90
        4
  1
Header-2
 94
        0
300

302
Header-2
304
ACVALUE_END
171
     1
172
     0
173
     0
174
     0
175
     1
176
     1
 91
   262161
178
     0
145
0.0
170
     5
  7
Standard
 92
        0
301
CELL_VALUE
 93
        6
 90
        4
  1
Header-3
 94
        0
300

302
Header-3
304
ACVALUE_END
171
     1
172
     0
173
     0
174
     0
175
     1
176
     1
 91
   262161
178
     0
145
0.0
170
     5
  7
Standard
 92
        0
301
CELL_VALUE
 93
        6
 90
        4
  1
Header-4
 94
        0
300

302
Header-4
304
ACVALUE_END
171
     1
172
     0
173
     0
174
     0
175
     1
176
     1
 91
   262161
178
     0
145
0.0
170
     5
  7
Standard
 92
        0
301
CELL_VALUE
 93
        6
 90
        4
  1
Header-5
 94
        0
300

302
Header-5
304
ACVALUE_END
171
     1
172
     0
173
     0
174
     0
175
     1
176
     1
 91
   262145
178
     0
145
0.0
170
     3
 92
        0
301
CELL_VALUE
 93
        6
 90
        4
  1
h
 94
        0
300

302
h
304
ACVALUE_END
171
     1
172
     0
173
     0
174
     0
175
     1
176
     1
 91
   262145
178
     0
145
0.0
170
     3
 92
        0
301
CELL_VALUE
 93
        5
 90
        1
 94
        0
300

302

304
ACVALUE_END
171
     1
172
     0
173
     0
174
     0
175
     1
176
     1
 91
   262145
178
     0
145
0.0
170
     3
 92
        0
301
CELL_VALUE
 93
        5
 90
        4
 94
        0
300

302

304
ACVALUE_END
171
     1
172
     0
173
     0
174
     0
175
     1
176
     1
 91
   262145
178
     0
145
0.0
170
     3
 92
        0
301
CELL_VALUE
 93
        5
 90
        1
 94
        0
300

302

304
ACVALUE_END
171
     1
172
     0
173
     0
174
     0
175
     1
176
     1
 91
   262145
178
     0
145
0.0
170
     3
 92
        0
301
CELL_VALUE
 93
        5
 90
        1
 94
        0
300

302

304
ACVALUE_END
171
     1
172
     0
173
     0
174
     0
175
     1
176
     1
 91
   262145
178
     0
145
0.0
170
     3
 92
        0
301
CELL_VALUE
 93
        6
 90
        4
  1
f
 94
        0
300

302
f
304
ACVALUE_END
171
     1
172
     0
173
     0
174
     0
175
     1
176
     1
 91
   262145
178
     0
145
0.0
170
     3
 92
        0
301
CELL_VALUE
 93
        5
 90
        1
 94
        0
300

302

304
ACVALUE_END
171
     1
172
     0
173
     0
174
     0
175
     1
176
     1
 91
   262145
178
     0
145
0.0
170
     3
 92
        0
301
CELL_VALUE
 93
        6
 90
        4
  1
j
 94
        0
300

302
j
304
ACVALUE_END
171
     1
172
     0
173
     0
174
     0
175
     1
176
     1
 91
   262145
178
     0
145
0.0
170
     3
 92
        0
301
CELL_VALUE
 93
        5
 90
        1
 94
        0
300

302

304
ACVALUE_END
171
     1
172
     0
173
     0
174
     0
175
     1
176
     1
 91
   262145
178
     0
145
0.0
170
     3
 92
        0
301
CELL_VALUE
 93
        5
 90
        1
 94
        0
300

302

304
ACVALUE_END
0
LINE
5
11F
100
AcDbEntity
8
0
100
AcDbLine
6
ByLayer
10
82.0193487534
20
2.9441983208
30
0.0000000000
11
82.0193487534
21
24.0815757128
31
0.0000000000
1001
DSTP_XDATA
1002
{
1002
}
0
LINE
5
120
100
AcDbEntity
8
0
100
AcDbLine
6
ByLayer
10
82.0193487534
20
24.0815757128
30
0.0000000000
11
123.2448936201
21
24.0815757128
31
0.0000000000
1001
DSTP_XDATA
1002
{
1002
}
0
LINE
5
121
100
AcDbEntity
8
0
100
AcDbLine
6
ByLayer
10
123.2448936201
20
24.0815757128
30
0.0000000000
11
123.2448936201
21
2.9441983208
31
0.0000000000
1001
DSTP_XDATA
1002
{
1002
}
0
LINE
5
122
100
AcDbEntity
8
0
100
AcDbLine
6
ByLayer
10
123.2448936201
20
2.9441983208
30
0.0000000000
11
82.0193487534
21
2.9441983208
31
0.0000000000
1001
DSTP_XDATA
1002
{
1002
}
0
ENDSEC
0
SECTION
2
OBJECTS
0
DICTIONARY
5
123
330
0
100
AcDbDictionary
281
1
3
ACAD_COLOR
350
124
3
ACAD_GROUP
350
125
3
ACAD_LAYOUT
350
126
3
ACAD_MATERIAL
350
127
3
ACAD_MLEADERSTYLE
350
F3
3
ACAD_MLINESTYLE
350
128
3
ACAD_PLOTSETTINGS
350
129
3
ACAD_PLOTSTYLENAME
350
12A
3
ACAD_SCALELIST
350
F6
3
ACAD_TABLESTYLE
350
E9
3
ACAD_VISUALSTYLE
350
12B
3
AcDbVariableDictionary
350
12C
3
ACDB_RECOMPOSE_DATA
350
F5
0
DICTIONARY
5
124
102
{ACAD_REACTORS
330
123
102
}
330
123
100
AcDbDictionary
281
1
0
DICTIONARY
5
125
102
{ACAD_REACTORS
330
123
102
}
330
123
100
AcDbDictionary
281
1
0
DICTIONARY
5
126
102
{ACAD_REACTORS
330
123
102
}
330
123
100
AcDbDictionary
281
1
3
Layout1
350
2A
3
Layout2
350
2C
3
Model
350
28
0
DICTIONARY
5
127
102
{ACAD_REACTORS
330
123
102
}
330
123
100
AcDbDictionary
281
1
3
ByBlock
350
12D
3
ByLayer
350
12E
3
Global
350
12F
0
DICTIONARY
5
128
102
{ACAD_REACTORS
330
123
102
}
330
123
100
AcDbDictionary
281
1
3
Standard
350
130
0
DICTIONARY
5
129
102
{ACAD_REACTORS
330
123
102
}
330
123
100
AcDbDictionary
281
1
0
ACDBDICTIONARYWDFLT
5
12A
102
{ACAD_REACTORS
330
123
102
}
330
123
100
AcDbDictionary
281
1
3
Normal
350
F
100
AcDbDictionaryWithDefault
340
F
0
DICTIONARY
5
12B
102
{ACAD_REACTORS
330
123
102
}
330
123
100
AcDbDictionary
281
1
3
2dWireframe
350
131
3
3D Hidden
350
132
3
3dWireframe
350
133
3
Basic
350
134
3
Brighten
350
135
3
ColorChange
350
136
3
Conceptual
350
137
3
Dim
350
138
3
Facepattern
350
139
3
Flat
350
13A
3
FlatWithEdges
350
13B
3
Gouraud
350
13C
3
GouraudWithEdges
350
13D
3
Linepattern
350
13E
3
Realistic
350
13F
3
Thicken
350
140
0
DICTIONARY
5
12C
102
{ACAD_REACTORS
330
123
102
}
330
123
100
AcDbDictionary
281
1
3
CTABLESTYLE
350
141
3
DIMASSOC
350
142
3
HIDETEXT
350
143
0
LAYOUT
5
2A
102
{ACAD_REACTORS
330
126
102
}
330
126
100
AcDbPlotSettings
1

2
None
4

6

40
0.0
41
0.0
42
0.0
43
0.0
44
0.0
45
0.0
46
0.0
47
0.0
48
0.0
49
0.0
140
0.0
141
0.0
142
1.0
143
1.0
70
688
72
0
73
0
74
5
7

75
16
147
1.0
76
0
77
2
78
300
148
0.0
149
0.0
100
AcDbLayout
1
Layout1
70
1
71
1
10
0.0
20
0.0
11
12.0
21
9.0
12
0.0
22
0.0
32
0.0
14
0.0
24
0.0
34
0.0
15
0.0
25
0.0
35
0.0
146
0.0
13
0.0
23
0.0
33
0.0
16
1.0
26
0.0
36
0.0
17
0.0
27
1.0
37
0.0
76
0
330
29
0
LAYOUT
5
2C
102
{ACAD_REACTORS
330
126
102
}
330
126
100
AcDbPlotSettings
1

2
None
4

6

40
0.0
41
0.0
42
0.0
43
0.0
44
0.0
45
0.0
46
0.0
47
0.0
48
0.0
49
0.0
140
0.0
141
0.0
142
1.0
143
1.0
70
688
72
0
73
0
74
5
7

75
16
147
1.0
76
0
77
2
78
300
148
0.0
149
0.0
100
AcDbLayout
1
Layout2
70
1
71
2
10
0.0
20
0.0
11
12.0
21
9.0
12
0.0
22
0.0
32
0.0
14
0.0
24
0.0
34
0.0
15
0.0
25
0.0
35
0.0
146
0.0
13
0.0
23
0.0
33
0.0
16
1.0
26
0.0
36
0.0
17
0.0
27
1.0
37
0.0
76
0
330
2B
0
LAYOUT
5
28
102
{ACAD_REACTORS
330
126
102
}
330
126
100
AcDbPlotSettings
1

2
none_device
4
ANSI_A_(8.50_x_11.00_Inches)
6

40
6.349999904632568
41
19.04999923706055
42
6.350006103515625
43
19.04998779296875
44
215.8999938964844
45
279.3999938964844
46
0.0
47
0.0
48
0.0
49
0.0
140
0.0
141
0.0
142
1.0
143
2.584895464708373
70
11952
72
0
73
1
74
0
7

75
0
147
0.3868628397755418
76
0
77
2
78
300
148
0.0
149
0.0
100
AcDbLayout
1
Model
70
1
71
0
10
0.0
20
0.0
11
12.0
21
9.0
12
0.0
22
0.0
32
0.0
14
0.0
24
0.0
34
0.0
15
0.0
25
0.0
35
0.0
146
0.0
13
0.0
23
0.0
33
0.0
16
1.0
26
0.0
36
0.0
17
0.0
27
1.0
37
0.0
76
0
330
27
331
94
0
MATERIAL
5
12D
102
{ACAD_REACTORS
330
127
102
}
330
127
100
AcDbMaterial
1
ByBlock
0
MATERIAL
5
12E
102
{ACAD_REACTORS
330
127
102
}
330
127
100
AcDbMaterial
1
ByLayer
0
MATERIAL
5
12F
102
{ACAD_REACTORS
330
127
102
}
330
127
100
AcDbMaterial
1
Global
0
MLINESTYLE
5
130
102
{ACAD_REACTORS
330
128
102
}
330
128
100
AcDbMlineStyle
2
STANDARD
70
0
3

62
256
51
90.0
52
90.0
71
2
49
0.5
62
256
6
BYLAYER
49
-0.5
62
256
6
BYLAYER
0
ACDBPLACEHOLDER
5
F
102
{ACAD_REACTORS
330
12A
102
}
330
12A
0
VISUALSTYLE
5
131
102
{ACAD_REACTORS
330
12B
102
}
330
12B
100
AcDbVisualStyle
2
2dWireframe
70
4
71
0
72
2
73
1
90
0
40
-0.6
41
-30.0
62
5
63
7
421
16777215
74
1
91
4
64
7
65
257
75
1
175
1
42
1.0
92
0
66
257
43
1.0
76
1
77
6
78
2
67
7
79
5
170
0
171
0
290
0
174
0
93
1
44
0.0
173
0
291
0
45
0.0
0
VISUALSTYLE
5
132
102
{ACAD_REACTORS
330
12B
102
}
330
12B
100
AcDbVisualStyle
2
3D Hidden
70
6
71
1
72
2
73
2
90
0
40
-0.6
41
-30.0
62
5
63
7
421
16777215
74
2
91
2
64
7
65
257
75
2
175
1
42
40.0
92
0
66
257
43
1.0
76
1
77
6
78
2
67
7
79
3
170
0
171
0
290
0
174
0
93
1
44
0.0
173
0
291
0
45
0.0
0
VISUALSTYLE
5
133
102
{ACAD_REACTORS
330
12B
102
}
330
12B
100
AcDbVisualStyle
2
3dWireframe
70
5
71
0
72
2
73
1
90
0
40
-0.6
41
-30.0
62
5
63
7
421
16777215
74
1
91
4
64
7
65
257
75
1
175
1
42
1.0
92
0
66
257
43
1.0
76
1
77
6
78
2
67
7
79
5
170
0
171
0
290
0
174
0
93
1
44
0.0
173
0
291
0
45
0.0
0
VISUALSTYLE
5
134
102
{ACAD_REACTORS
330
12B
102
}
330
12B
100
AcDbVisualStyle
2
Basic
70
7
71
1
72
0
73
1
90
0
40
-0.6
41
-30.0
62
5
63
7
421
16777215
74
0
91
4
64
7
65
257
75
1
175
1
42
1.0
92
8
66
7
43
1.0
76
1
77
6
78
2
67
7
79
5
170
0
171
0
290
0
174
0
93
1
44
0.0
173
0
291
1
45
0.0
0
VISUALSTYLE
5
135
102
{ACAD_REACTORS
330
12B
102
}
330
12B
100
AcDbVisualStyle
2
Brighten
70
12
71
2
72
2
73
1
90
0
40
-0.6
41
-30.0
62
5
63
7
421
16777215
74
1
91
4
64
7
65
257
75
1
175
1
42
1.0
92
8
66
7
43
1.0
76
1
77
6
78
2
67
7
79
5
170
0
171
0
290
0
174
0
93
1
44
50.0
173
0
291
1
45
0.0
0
VISUALSTYLE
5
136
102
{ACAD_REACTORS
330
12B
102
}
330
12B
100
AcDbVisualStyle
2
ColorChange
70
16
71
2
72
2
73
3
90
0
40
-0.6
41
-30.0
62
5
63
8
421
8421504
74
1
91
4
64
7
65
257
75
1
175
1
42
1.0
92
8
66
8
424
8421504
43
1.0
76
1
77
6
78
2
67
7
79
5
170
0
171
0
290
0
174
0
93
1
44
0.0
173
0
291
1
45
0.0
0
VISUALSTYLE
5
137
102
{ACAD_REACTORS
330
12B
102
}
330
12B
100
AcDbVisualStyle
2
Conceptual
70
9
71
3
72
2
73
1
90
0
40
-0.6
41
-30.0
62
5
63
7
421
16777215
74
2
91
2
64
7
65
257
75
1
175
1
42
40.0
92
8
66
7
43
1.0
76
1
77
6
78
2
67
7
79
3
170
0
171
0
290
0
174
0
93
1
44
0.0
173
0
291
0
45
0.0
0
VISUALSTYLE
5
138
102
{ACAD_REACTORS
330
12B
102
}
330
12B
100
AcDbVisualStyle
2
Dim
70
11
71
2
72
2
73
1
90
0
40
-0.6
41
-30.0
62
5
63
7
421
16777215
74
1
91
4
64
7
65
257
75
1
175
1
42
1.0
92
8
66
7
43
1.0
76
1
77
6
78
2
67
7
79
5
170
0
171
0
290
0
174
0
93
1
44
-50.0
173
0
291
1
45
0.0
0
VISUALSTYLE
5
139
102
{ACAD_REACTORS
330
12B
102
}
330
12B
100
AcDbVisualStyle
2
Facepattern
70
15
71
2
72
2
73
1
90
0
40
-0.6
41
-30.0
62
5
63
7
421
16777215
74
1
91
4
64
7
65
257
75
1
175
1
42
1.0
92
8
66
7
43
1.0
76
1
77
6
78
2
67
7
79
5
170
0
171
0
290
0
174
0
93
1
44
0.0
173
0
291
1
45
0.0
0
VISUALSTYLE
5
13A
102
{ACAD_REACTORS
330
12B
102
}
330
12B
100
AcDbVisualStyle
2
Flat
70
0
71
2
72
1
73
1
90
2
40
-0.6
41
30.0
62
5
63
7
421
16777215
74
0
91
4
64
7
65
257
75
1
175
1
42
1.0
92
8
66
7
43
1.0
76
1
77
6
78
2
67
7
79
5
170
0
171
0
290
0
174
0
93
1
44
0.0
173
0
291
1
45
0.0
0
VISUALSTYLE
5
13B
102
{ACAD_REACTORS
330
12B
102
}
330
12B
100
AcDbVisualStyle
2
FlatWithEdges
70
1
71
2
72
1
73
1
90
2
40
-0.6
41
30.0
62
5
63
7
421
16777215
74
1
91
4
64
7
65
257
75
1
175
1
42
1.0
92
0
66
257
43
1.0
76
1
77
6
78
2
67
7
79
5
170
0
171
0
290
0
174
0
93
1
44
0.0
173
0
291
1
45
0.0
0
VISUALSTYLE
5
13C
102
{ACAD_REACTORS
330
12B
102
}
330
12B
100
AcDbVisualStyle
2
Gouraud
70
2
71
2
72
2
73
1
90
2
40
-0.6
41
30.0
62
5
63
7
421
16777215
74
0
91
4
64
7
65
257
75
1
175
1
42
1.0
92
0
66
7
43
1.0
76
1
77
6
78
2
67
7
79
5
170
0
171
0
290
0
174
0
93
1
44
0.0
173
0
291
1
45
0.0
0
VISUALSTYLE
5
13D
102
{ACAD_REACTORS
330
12B
102
}
330
12B
100
AcDbVisualStyle
2
GouraudWithEdges
70
3
71
2
72
2
73
1
90
2
40
-0.6
41
30.0
62
5
63
7
421
16777215
74
1
91
4
64
7
65
257
75
1
175
1
42
1.0
92
0
66
257
43
1.0
76
1
77
6
78
2
67
7
79
5
170
0
171
0
290
0
174
0
93
1
44
0.0
173
0
291
1
45
0.0
0
VISUALSTYLE
5
13E
102
{ACAD_REACTORS
330
12B
102
}
330
12B
100
AcDbVisualStyle
2
Linepattern
70
14
71
2
72
2
73
1
90
0
40
-0.6
41
-30.0
62
5
63
7
421
16777215
74
1
91
4
64
7
65
257
75
7
175
7
42
1.0
92
8
66
7
43
1.0
76
1
77
6
78
2
67
7
79
5
170
0
171
0
290
0
174
0
93
1
44
0.0
173
0
291
1
45
0.0
0
VISUALSTYLE
5
13F
102
{ACAD_REACTORS
330
12B
102
}
330
12B
100
AcDbVisualStyle
2
Realistic
70
8
71
2
72
2
73
1
90
0
40
-0.6
41
-30.0
62
5
63
7
421
16777215
74
1
91
0
64
7
65
257
75
1
175
1
42
1.0
92
8
66
8
424
7895160
43
1.0
76
1
77
6
78
2
67
7
79
5
170
0
171
0
290
0
174
0
93
13
44
0.0
173
0
291
0
45
0.0
0
VISUALSTYLE
5
140
102
{ACAD_REACTORS
330
12B
102
}
330
12B
100
AcDbVisualStyle
2
Thicken
70
13
71
2
72
2
73
1
90
0
40
-0.6
41
-30.0
62
5
63
7
421
16777215
74
1
91
4
64
7
65
257
75
1
175
1
42
1.0
92
12
66
7
43
1.0
76
1
77
6
78
2
67
7
79
5
170
0
171
0
290
0
174
0
93
1
44
0.0
173
0
291
1
45
0.0
0
DICTIONARYVAR
5
141
102
{ACAD_REACTORS
330
12C
102
}
330
12C
100
DictionaryVariables
280
0
1
STANDARD
0
DICTIONARYVAR
5
142
102
{ACAD_REACTORS
330
12C
102
}
330
12C
100
DictionaryVariables
280
0
1
2
0
DICTIONARYVAR
5
143
102
{ACAD_REACTORS
330
12C
102
}
330
12C
100
DictionaryVariables
280
0
1
1
0
DICTIONARY
5
E9
102
{ACAD_REACTORS
330
123
102
}
330
123
100
AcDbDictionary
281
1
3
aits
350
EA
3
Standard
350
ED
3
vebts
350
F0
0
TABLESTYLE
5
EA
102
{ACAD_XDICTIONARY
360
EB
102
}
102
{ACAD_REACTORS
330
E9
102
}
330
E9
100
AcDbTableStyle
3
aits
70
0
71
0
40
0.06
41
0.06
280
0
281
0
7
newtext
140
18.0
170
2
62
0
63
7
283
0
90
512
91
0
1

274
-2
284
1
64
0
275
-2
285
1
65
0
276
-2
286
1
66
0
277
-2
287
1
67
0
278
-2
288
1
68
0
279
-2
289
1
69
0
7
newtext
140
40.0
170
5
62
0
63
7
283
0
90
512
91
0
1

274
-2
284
1
64
0
275
-2
285
1
65
0
276
-2
286
1
66
0
277
-2
287
1
67
0
278
-2
288
1
68
0
279
-2
289
1
69
0
7
newtext
140
28.0
170
5
62
0
63
7
283
0
90
512
91
0
1

274
-2
284
1
64
0
275
-2
285
1
65
0
276
-2
286
1
66
0
277
-2
287
1
67
0
278
-2
288
1
68
0
279
-2
289
1
69
0
0
DICTIONARY
5
EB
330
EA
100
AcDbDictionary
280
1
281
1
3
ACAD_ROUNDTRIP_2008_TABLESTYLE_CELLSTYLEMAP
360
EC
0
CELLSTYLEMAP
5
EC
102
{ACAD_REACTORS
330
EB
102
}
330
EB
100
AcDbCellStyleMap
90
3
300
CELLSTYLE
1
TABLEFORMAT_BEGIN
90
5
170
1
91
0
92
32768
62
257
93
1
300
CONTENTFORMAT
1
CONTENTFORMAT_BEGIN
90
0
91
0
92
512
93
0
300

40
0.0
140
1.0
94
5
62
0
340
16
144
40.0
309
CONTENTFORMAT_END
171
1
301
MARGIN
1
CELLMARGIN_BEGIN
40
0.06
40
0.06
40
0.06
40
0.06
40
0.18
40
0.18
309
CELLMARGIN_END
94
6
95
1
302
GRIDFORMAT
1
GRIDFORMAT_BEGIN
90
0
91
1
62
0
92
-2
340
0
93
0
40
0.045
309
GRIDFORMAT_END
95
2
302
GRIDFORMAT
1
GRIDFORMAT_BEGIN
90
0
91
1
62
0
92
-2
340
0
93
0
40
0.045
309
GRIDFORMAT_END
95
4
302
GRIDFORMAT
1
GRIDFORMAT_BEGIN
90
0
91
1
62
0
92
-2
340
0
93
0
40
0.045
309
GRIDFORMAT_END
95
8
302
GRIDFORMAT
1
GRIDFORMAT_BEGIN
90
0
91
1
62
0
92
-2
340
0
93
0
40
0.045
309
GRIDFORMAT_END
95
16
302
GRIDFORMAT
1
GRIDFORMAT_BEGIN
90
0
91
1
62
0
92
-2
340
0
93
0
40
0.045
309
GRIDFORMAT_END
95
32
302
GRIDFORMAT
1
GRIDFORMAT_BEGIN
90
0
91
1
62
0
92
-2
340
0
93
0
40
0.045
309
GRIDFORMAT_END
309
TABLEFORMAT_END
1
CELLSTYLE_BEGIN
90
1
91
1
300
_TITLE
309
CELLSTYLE_END
300
CELLSTYLE
1
TABLEFORMAT_BEGIN
90
5
170
1
91
0
92
0
62
257
93
1
300
CONTENTFORMAT
1
CONTENTFORMAT_BEGIN
90
0
91
0
92
512
93
0
300

40
0.0
140
1.0
94
5
62
0
340
16
144
28.0
309
CONTENTFORMAT_END
171
1
301
MARGIN
1
CELLMARGIN_BEGIN
40
0.06
40
0.06
40
0.06
40
0.06
40
0.18
40
0.18
309
CELLMARGIN_END
94
6
95
1
302
GRIDFORMAT
1
GRIDFORMAT_BEGIN
90
0
91
1
62
0
92
-2
340
0
93
0
40
0.045
309
GRIDFORMAT_END
95
2
302
GRIDFORMAT
1
GRIDFORMAT_BEGIN
90
0
91
1
62
0
92
-2
340
0
93
0
40
0.045
309
GRIDFORMAT_END
95
4
302
GRIDFORMAT
1
GRIDFORMAT_BEGIN
90
0
91
1
62
0
92
-2
340
0
93
0
40
0.045
309
GRIDFORMAT_END
95
8
302
GRIDFORMAT
1
GRIDFORMAT_BEGIN
90
0
91
1
62
0
92
-2
340
0
93
0
40
0.045
309
GRIDFORMAT_END
95
16
302
GRIDFORMAT
1
GRIDFORMAT_BEGIN
90
0
91
1
62
0
92
-2
340
0
93
0
40
0.045
309
GRIDFORMAT_END
95
32
302
GRIDFORMAT
1
GRIDFORMAT_BEGIN
90
0
91
1
62
0
92
-2
340
0
93
0
40
0.045
309
GRIDFORMAT_END
309
TABLEFORMAT_END
1
CELLSTYLE_BEGIN
90
2
91
1
300
_HEADER
309
CELLSTYLE_END
300
CELLSTYLE
1
TABLEFORMAT_BEGIN
90
5
170
1
91
0
92
0
62
257
93
1
300
CONTENTFORMAT
1
CONTENTFORMAT_BEGIN
90
0
91
0
92
512
93
0
300

40
0.0
140
1.0
94
2
62
0
340
16
144
18.0
309
CONTENTFORMAT_END
171
1
301
MARGIN
1
CELLMARGIN_BEGIN
40
0.06
40
0.06
40
0.06
40
0.06
40
0.18
40
0.18
309
CELLMARGIN_END
94
6
95
1
302
GRIDFORMAT
1
GRIDFORMAT_BEGIN
90
0
91
1
62
0
92
-2
340
0
93
0
40
0.045
309
GRIDFORMAT_END
95
2
302
GRIDFORMAT
1
GRIDFORMAT_BEGIN
90
0
91
1
62
0
92
-2
340
0
93
0
40
0.045
309
GRIDFORMAT_END
95
4
302
GRIDFORMAT
1
GRIDFORMAT_BEGIN
90
0
91
1
62
0
92
-2
340
0
93
0
40
0.045
309
GRIDFORMAT_END
95
8
302
GRIDFORMAT
1
GRIDFORMAT_BEGIN
90
0
91
1
62
0
92
-2
340
0
93
0
40
0.045
309
GRIDFORMAT_END
95
16
302
GRIDFORMAT
1
GRIDFORMAT_BEGIN
90
0
91
1
62
0
92
-2
340
0
93
0
40
0.045
309
GRIDFORMAT_END
95
32
302
GRIDFORMAT
1
GRIDFORMAT_BEGIN
90
0
91
1
62
0
92
-2
340
0
93
0
40
0.045
309
GRIDFORMAT_END
309
TABLEFORMAT_END
1
CELLSTYLE_BEGIN
90
3
91
2
300
_DATA
309
CELLSTYLE_END
0
TABLESTYLE
5
ED
102
{ACAD_XDICTIONARY
360
EE
102
}
102
{ACAD_REACTORS
330
E9
102
}
330
E9
100
AcDbTableStyle
3
Standard
70
0
71
0
40
0.06
41
0.06
280
0
281
0
7
newtext
140
0.18
170
2
62
0
63
7
283
0
90
512
91
0
1

274
-2
284
1
64
0
275
-2
285
1
65
0
276
-2
286
1
66
0
277
-2
287
1
67
0
278
-2
288
1
68
0
279
-2
289
1
69
0
7
newtext
140
0.25
170
5
62
0
63
7
283
0
90
512
91
0
1

274
-2
284
1
64
0
275
-2
285
1
65
0
276
-2
286
1
66
0
277
-2
287
1
67
0
278
-2
288
1
68
0
279
-2
289
1
69
0
7
Standard
140
0.18
170
5
62
0
63
7
283
0
90
512
91
0
1

274
-2
284
1
64
0
275
-2
285
1
65
0
276
-2
286
1
66
0
277
-2
287
1
67
0
278
-2
288
1
68
0
279
-2
289
1
69
0
0
DICTIONARY
5
EE
330
ED
100
AcDbDictionary
280
1
281
1
3
ACAD_ROUNDTRIP_2008_TABLESTYLE_CELLSTYLEMAP
360
EF
0
CELLSTYLEMAP
5
EF
102
{ACAD_REACTORS
330
EE
102
}
330
EE
100
AcDbCellStyleMap
90
3
300
CELLSTYLE
1
TABLEFORMAT_BEGIN
90
5
170
1
91
0
92
32768
62
257
93
1
300
CONTENTFORMAT
1
CONTENTFORMAT_BEGIN
90
0
91
0
92
512
93
0
300

40
0.0
140
1.0
94
5
62
0
340
16
144
0.25
309
CONTENTFORMAT_END
171
1
301
MARGIN
1
CELLMARGIN_BEGIN
40
0.06
40
0.06
40
0.06
40
0.06
40
0.18
40
0.18
309
CELLMARGIN_END
94
6
95
1
302
GRIDFORMAT
1
GRIDFORMAT_BEGIN
90
0
91
1
62
0
92
-2
340
0
93
0
40
0.045
309
GRIDFORMAT_END
95
2
302
GRIDFORMAT
1
GRIDFORMAT_BEGIN
90
0
91
1
62
0
92
-2
340
0
93
0
40
0.045
309
GRIDFORMAT_END
95
4
302
GRIDFORMAT
1
GRIDFORMAT_BEGIN
90
0
91
1
62
0
92
-2
340
0
93
0
40
0.045
309
GRIDFORMAT_END
95
8
302
GRIDFORMAT
1
GRIDFORMAT_BEGIN
90
0
91
1
62
0
92
-2
340
0
93
0
40
0.045
309
GRIDFORMAT_END
95
16
302
GRIDFORMAT
1
GRIDFORMAT_BEGIN
90
0
91
1
62
0
92
-2
340
0
93
0
40
0.045
309
GRIDFORMAT_END
95
32
302
GRIDFORMAT
1
GRIDFORMAT_BEGIN
90
0
91
1
62
0
92
-2
340
0
93
0
40
0.045
309
GRIDFORMAT_END
309
TABLEFORMAT_END
1
CELLSTYLE_BEGIN
90
1
91
1
300
_TITLE
309
CELLSTYLE_END
300
CELLSTYLE
1
TABLEFORMAT_BEGIN
90
5
170
1
91
0
92
0
62
257
93
1
300
CONTENTFORMAT
1
CONTENTFORMAT_BEGIN
90
0
91
0
92
512
93
0
300

40
0.0
140
1.0
94
5
62
0
340
15
144
0.18
309
CONTENTFORMAT_END
171
1
301
MARGIN
1
CELLMARGIN_BEGIN
40
0.06
40
0.06
40
0.06
40
0.06
40
0.18
40
0.18
309
CELLMARGIN_END
94
6
95
1
302
GRIDFORMAT
1
GRIDFORMAT_BEGIN
90
0
91
1
62
0
92
-2
340
0
93
0
40
0.045
309
GRIDFORMAT_END
95
2
302
GRIDFORMAT
1
GRIDFORMAT_BEGIN
90
0
91
1
62
0
92
-2
340
0
93
0
40
0.045
309
GRIDFORMAT_END
95
4
302
GRIDFORMAT
1
GRIDFORMAT_BEGIN
90
0
91
1
62
0
92
-2
340
0
93
0
40
0.045
309
GRIDFORMAT_END
95
8
302
GRIDFORMAT
1
GRIDFORMAT_BEGIN
90
0
91
1
62
0
92
-2
340
0
93
0
40
0.045
309
GRIDFORMAT_END
95
16
302
GRIDFORMAT
1
GRIDFORMAT_BEGIN
90
0
91
1
62
0
92
-2
340
0
93
0
40
0.045
309
GRIDFORMAT_END
95
32
302
GRIDFORMAT
1
GRIDFORMAT_BEGIN
90
0
91
1
62
0
92
-2
340
0
93
0
40
0.045
309
GRIDFORMAT_END
309
TABLEFORMAT_END
1
CELLSTYLE_BEGIN
90
2
91
1
300
_HEADER
309
CELLSTYLE_END
300
CELLSTYLE
1
TABLEFORMAT_BEGIN
90
5
170
1
91
0
92
0
62
257
93
1
300
CONTENTFORMAT
1
CONTENTFORMAT_BEGIN
90
0
91
0
92
512
93
0
300

40
0.0
140
1.0
94
2
62
0
340
16
144
0.18
309
CONTENTFORMAT_END
171
1
301
MARGIN
1
CELLMARGIN_BEGIN
40
0.06
40
0.06
40
0.06
40
0.06
40
0.18
40
0.18
309
CELLMARGIN_END
94
6
95
1
302
GRIDFORMAT
1
GRIDFORMAT_BEGIN
90
0
91
1
62
0
92
-2
340
0
93
0
40
0.045
309
GRIDFORMAT_END
95
2
302
GRIDFORMAT
1
GRIDFORMAT_BEGIN
90
0
91
1
62
0
92
-2
340
0
93
0
40
0.045
309
GRIDFORMAT_END
95
4
302
GRIDFORMAT
1
GRIDFORMAT_BEGIN
90
0
91
1
62
0
92
-2
340
0
93
0
40
0.045
309
GRIDFORMAT_END
95
8
302
GRIDFORMAT
1
GRIDFORMAT_BEGIN
90
0
91
1
62
0
92
-2
340
0
93
0
40
0.045
309
GRIDFORMAT_END
95
16
302
GRIDFORMAT
1
GRIDFORMAT_BEGIN
90
0
91
1
62
0
92
-2
340
0
93
0
40
0.045
309
GRIDFORMAT_END
95
32
302
GRIDFORMAT
1
GRIDFORMAT_BEGIN
90
0
91
1
62
0
92
-2
340
0
93
0
40
0.045
309
GRIDFORMAT_END
309
TABLEFORMAT_END
1
CELLSTYLE_BEGIN
90
3
91
2
300
_DATA
309
CELLSTYLE_END
0
TABLESTYLE
5
F0
102
{ACAD_XDICTIONARY
360
F1
102
}
102
{ACAD_REACTORS
330
E9
102
}
330
E9
100
AcDbTableStyle
3
vebts
70
0
71
0
40
0.06
41
0.06
280
0
281
0
7
Standard
140
1.8
170
2
62
0
63
7
283
0
90
512
91
0
1

274
-2
284
1
64
0
275
-2
285
1
65
0
276
-2
286
1
66
0
277
-2
287
1
67
0
278
-2
288
1
68
0
279
-2
289
1
69
0
7
Standard
140
4.0
170
5
62
0
63
7
283
0
90
512
91
0
1

274
-2
284
1
64
0
275
-2
285
1
65
0
276
-2
286
1
66
0
277
-2
287
1
67
0
278
-2
288
1
68
0
279
-2
289
1
69
0
7
newtext
140
2.8
170
5
62
0
63
7
283
0
90
512
91
0
1

274
-2
284
1
64
0
275
-2
285
1
65
0
276
-2
286
1
66
0
277
-2
287
1
67
0
278
-2
288
1
68
0
279
-2
289
1
69
0
0
DICTIONARY
5
F1
330
F0
100
AcDbDictionary
280
1
281
1
3
ACAD_ROUNDTRIP_2008_TABLESTYLE_CELLSTYLEMAP
360
F2
0
CELLSTYLEMAP
5
F2
102
{ACAD_REACTORS
330
F1
102
}
330
F1
100
AcDbCellStyleMap
90
3
300
CELLSTYLE
1
TABLEFORMAT_BEGIN
90
5
170
1
91
0
92
32768
62
257
93
1
300
CONTENTFORMAT
1
CONTENTFORMAT_BEGIN
90
0
91
0
92
512
93
0
300

40
0.0
140
1.0
94
5
62
0
340
15
144
4.0
309
CONTENTFORMAT_END
171
1
301
MARGIN
1
CELLMARGIN_BEGIN
40
0.06
40
0.06
40
0.06
40
0.06
40
0.18
40
0.18
309
CELLMARGIN_END
94
6
95
1
302
GRIDFORMAT
1
GRIDFORMAT_BEGIN
90
0
91
1
62
0
92
-2
340
0
93
0
40
0.045
309
GRIDFORMAT_END
95
2
302
GRIDFORMAT
1
GRIDFORMAT_BEGIN
90
0
91
1
62
0
92
-2
340
0
93
0
40
0.045
309
GRIDFORMAT_END
95
4
302
GRIDFORMAT
1
GRIDFORMAT_BEGIN
90
0
91
1
62
0
92
-2
340
0
93
0
40
0.045
309
GRIDFORMAT_END
95
8
302
GRIDFORMAT
1
GRIDFORMAT_BEGIN
90
0
91
1
62
0
92
-2
340
0
93
0
40
0.045
309
GRIDFORMAT_END
95
16
302
GRIDFORMAT
1
GRIDFORMAT_BEGIN
90
0
91
1
62
0
92
-2
340
0
93
0
40
0.045
309
GRIDFORMAT_END
95
32
302
GRIDFORMAT
1
GRIDFORMAT_BEGIN
90
0
91
1
62
0
92
-2
340
0
93
0
40
0.045
309
GRIDFORMAT_END
309
TABLEFORMAT_END
1
CELLSTYLE_BEGIN
90
1
91
1
300
_TITLE
309
CELLSTYLE_END
300
CELLSTYLE
1
TABLEFORMAT_BEGIN
90
5
170
1
91
0
92
0
62
257
93
1
300
CONTENTFORMAT
1
CONTENTFORMAT_BEGIN
90
0
91
0
92
512
93
0
300

40
0.0
140
1.0
94
5
62
0
340
16
144
2.8
309
CONTENTFORMAT_END
171
1
301
MARGIN
1
CELLMARGIN_BEGIN
40
0.06
40
0.06
40
0.06
40
0.06
40
0.18
40
0.18
309
CELLMARGIN_END
94
6
95
1
302
GRIDFORMAT
1
GRIDFORMAT_BEGIN
90
0
91
1
62
0
92
-2
340
0
93
0
40
0.045
309
GRIDFORMAT_END
95
2
302
GRIDFORMAT
1
GRIDFORMAT_BEGIN
90
0
91
1
62
0
92
-2
340
0
93
0
40
0.045
309
GRIDFORMAT_END
95
4
302
GRIDFORMAT
1
GRIDFORMAT_BEGIN
90
0
91
1
62
0
92
-2
340
0
93
0
40
0.045
309
GRIDFORMAT_END
95
8
302
GRIDFORMAT
1
GRIDFORMAT_BEGIN
90
0
91
1
62
0
92
-2
340
0
93
0
40
0.045
309
GRIDFORMAT_END
95
16
302
GRIDFORMAT
1
GRIDFORMAT_BEGIN
90
0
91
1
62
0
92
-2
340
0
93
0
40
0.045
309
GRIDFORMAT_END
95
32
302
GRIDFORMAT
1
GRIDFORMAT_BEGIN
90
0
91
1
62
0
92
-2
340
0
93
0
40
0.045
309
GRIDFORMAT_END
309
TABLEFORMAT_END
1
CELLSTYLE_BEGIN
90
2
91
1
300
_HEADER
309
CELLSTYLE_END
300
CELLSTYLE
1
TABLEFORMAT_BEGIN
90
5
170
1
91
0
92
0
62
257
93
1
300
CONTENTFORMAT
1
CONTENTFORMAT_BEGIN
90
0
91
0
92
512
93
0
300

40
0.0
140
1.0
94
2
62
0
340
15
144
1.8
309
CONTENTFORMAT_END
171
1
301
MARGIN
1
CELLMARGIN_BEGIN
40
0.06
40
0.06
40
0.06
40
0.06
40
0.18
40
0.18
309
CELLMARGIN_END
94
6
95
1
302
GRIDFORMAT
1
GRIDFORMAT_BEGIN
90
0
91
1
62
0
92
-2
340
0
93
0
40
0.045
309
GRIDFORMAT_END
95
2
302
GRIDFORMAT
1
GRIDFORMAT_BEGIN
90
0
91
1
62
0
92
-2
340
0
93
0
40
0.045
309
GRIDFORMAT_END
95
4
302
GRIDFORMAT
1
GRIDFORMAT_BEGIN
90
0
91
1
62
0
92
-2
340
0
93
0
40
0.045
309
GRIDFORMAT_END
95
8
302
GRIDFORMAT
1
GRIDFORMAT_BEGIN
90
0
91
1
62
0
92
-2
340
0
93
0
40
0.045
309
GRIDFORMAT_END
95
16
302
GRIDFORMAT
1
GRIDFORMAT_BEGIN
90
0
91
1
62
0
92
-2
340
0
93
0
40
0.045
309
GRIDFORMAT_END
95
32
302
GRIDFORMAT
1
GRIDFORMAT_BEGIN
90
0
91
1
62
0
92
-2
340
0
93
0
40
0.045
309
GRIDFORMAT_END
309
TABLEFORMAT_END
1
CELLSTYLE_BEGIN
90
3
91
2
300
_DATA
309
CELLSTYLE_END
0
DICTIONARY
5
F3
102
{ACAD_REACTORS
330
123
102
}
330
123
100
AcDbDictionary
281
1
3
Standard
350
F4
0
MLEADERSTYLE
5
F4
102
{ACAD_REACTORS
330
F3
102
}
330
F3
100
AcDbMLeaderStyle
170
2
171
1
172
0
90
2
40
0.0
41
0.0
173
1
91
-1056964608
340
C
92
-2
290
1
42
0.09
291
1
43
0.36
3
Standard
44
0.18
300

342
15
174
1
178
6
175
1
176
0
93
-1056964608
45
0.18
292
0
297
0
46
0.18
94
-1056964608
47
1.0
49
1.0
140
1.0
293
1
141
0.0
294
1
177
0
142
1.0
295
0
296
0
143
0.125
1001
ACAD_MLEADERVER
1070
2
0
XRECORD
5
F5
102
{ACAD_REACTORS
330
123
102
}
330
123
100
AcDbXrecord
280
1
90
1
330
EA
330
ED
330
F0
330
118
0
DICTIONARY
5
F6
102
{ACAD_REACTORS
330
123
102
}
330
123
100
AcDbDictionary
281
     1
3
A0
350
F7
3
A1
350
F8
3
A2
350
F9
3
A3
350
FA
3
A4
350
FB
3
A5
350
FC
3
A6
350
FD
3
A7
350
FE
3
A8
350
FF
3
A9
350
100
3
B0
350
101
3
B1
350
102
3
B2
350
103
3
B3
350
104
3
B4
350
105
3
B5
350
106
3
B6
350
107
3
B7
350
108
3
B8
350
109
3
B9
350
10A
3
C0
350
10B
3
C1
350
10C
3
C2
350
10D
3
C3
350
10E
3
C4
350
10F
3
C5
350
110
3
C6
350
111
3
C7
350
112
3
C8
350
113
3
C9
350
114
3
D0
350
115
3
D1
350
116
3
D2
350
117
0
SCALE
5
F7
102
{ACAD_REACTORS
330
F6
102
}
330
F6
100
AcDbScale
70
     0
300
1:1
140
1.0
141
1.0
290
     1
0
SCALE
5
F8
102
{ACAD_REACTORS
330
F6
102
}
330
F6
100
AcDbScale
70
     0
300
1:2
140
1.0
141
2.0
290
     0
0
SCALE
5
F9
102
{ACAD_REACTORS
330
F6
102
}
330
F6
100
AcDbScale
70
     0
300
1:4
140
1.0
141
4.0
290
     0
0
SCALE
5
FA
102
{ACAD_REACTORS
330
F6
102
}
330
F6
100
AcDbScale
70
     0
300
1:5
140
1.0
141
5.0
290
     0
0
SCALE
5
FB
102
{ACAD_REACTORS
330
F6
102
}
330
F6
100
AcDbScale
70
     0
300
1:8
140
1.0
141
8.0
290
     0
0
SCALE
5
FC
102
{ACAD_REACTORS
330
F6
102
}
330
F6
100
AcDbScale
70
     0
300
1:10
140
1.0
141
10.0
290
     0
0
SCALE
5
FD
102
{ACAD_REACTORS
330
F6
102
}
330
F6
100
AcDbScale
70
     0
300
1:16
140
1.0
141
16.0
290
     0
0
SCALE
5
FE
102
{ACAD_REACTORS
330
F6
102
}
330
F6
100
AcDbScale
70
     0
300
1:20
140
1.0
141
20.0
290
     0
0
SCALE
5
FF
102
{ACAD_REACTORS
330
F6
102
}
330
F6
100
AcDbScale
70
     0
300
1:30
140
1.0
141
30.0
290
     0
0
SCALE
5
100
102
{ACAD_REACTORS
330
F6
102
}
330
F6
100
AcDbScale
70
     0
300
1:40
140
1.0
141
40.0
290
     0
0
SCALE
5
101
102
{ACAD_REACTORS
330
F6
102
}
330
F6
100
AcDbScale
70
     0
300
1:50
140
1.0
141
50.0
290
     0
0
SCALE
5
102
102
{ACAD_REACTORS
330
F6
102
}
330
F6
100
AcDbScale
70
     0
300
1:100
140
1.0
141
100.0
290
     0
0
SCALE
5
103
102
{ACAD_REACTORS
330
F6
102
}
330
F6
100
AcDbScale
70
     0
300
2:1
140
2.0
141
1.0
290
     0
0
SCALE
5
104
102
{ACAD_REACTORS
330
F6
102
}
330
F6
100
AcDbScale
70
     0
300
4:1
140
4.0
141
1.0
290
     0
0
SCALE
5
105
102
{ACAD_REACTORS
330
F6
102
}
330
F6
100
AcDbScale
70
     0
300
8:1
140
8.0
141
1.0
290
     0
0
SCALE
5
106
102
{ACAD_REACTORS
330
F6
102
}
330
F6
100
AcDbScale
70
     0
300
10:1
140
10.0
141
1.0
290
     0
0
SCALE
5
107
102
{ACAD_REACTORS
330
F6
102
}
330
F6
100
AcDbScale
70
     0
300
100:1
140
100.0
141
1.0
290
     0
0
SCALE
5
108
102
{ACAD_REACTORS
330
F6
102
}
330
F6
100
AcDbScale
70
     0
300
1/128" = 1'-0"
140
0.0078125
141
12.0
290
     0
0
SCALE
5
109
102
{ACAD_REACTORS
330
F6
102
}
330
F6
100
AcDbScale
70
     0
300
1/64" = 1'-0"
140
0.015625
141
12.0
290
     0
0
SCALE
5
10A
102
{ACAD_REACTORS
330
F6
102
}
330
F6
100
AcDbScale
70
     0
300
1/32" = 1'-0"
140
0.03125
141
12.0
290
     0
0
SCALE
5
10B
102
{ACAD_REACTORS
330
F6
102
}
330
F6
100
AcDbScale
70
     0
300
1/16" = 1'-0"
140
0.0625
141
12.0
290
     0
0
SCALE
5
10C
102
{ACAD_REACTORS
330
F6
102
}
330
F6
100
AcDbScale
70
     0
300
3/32" = 1'-0"
140
0.09375
141
12.0
290
     0
0
SCALE
5
10D
102
{ACAD_REACTORS
330
F6
102
}
330
F6
100
AcDbScale
70
     0
300
1/8" = 1'-0"
140
0.125
141
12.0
290
     0
0
SCALE
5
10E
102
{ACAD_REACTORS
330
F6
102
}
330
F6
100
AcDbScale
70
     0
300
3/16" = 1'-0"
140
0.1875
141
12.0
290
     0
0
SCALE
5
10F
102
{ACAD_REACTORS
330
F6
102
}
330
F6
100
AcDbScale
70
     0
300
1/4" = 1'-0"
140
0.25
141
12.0
290
     0
0
SCALE
5
110
102
{ACAD_REACTORS
330
F6
102
}
330
F6
100
AcDbScale
70
     0
300
3/8" = 1'-0"
140
0.375
141
12.0
290
     0
0
SCALE
5
111
102
{ACAD_REACTORS
330
F6
102
}
330
F6
100
AcDbScale
70
     0
300
1/2" = 1'-0"
140
0.5
141
12.0
290
     0
0
SCALE
5
112
102
{ACAD_REACTORS
330
F6
102
}
330
F6
100
AcDbScale
70
     0
300
3/4" = 1'-0"
140
0.75
141
12.0
290
     0
0
SCALE
5
113
102
{ACAD_REACTORS
330
F6
102
}
330
F6
100
AcDbScale
70
     0
300
1" = 1'-0"
140
1.0
141
12.0
290
     0
0
SCALE
5
114
102
{ACAD_REACTORS
330
F6
102
}
330
F6
100
AcDbScale
70
     0
300
1-1/2" = 1'-0"
140
1.5
141
12.0
290
     0
0
SCALE
5
115
102
{ACAD_REACTORS
330
F6
102
}
330
F6
100
AcDbScale
70
     0
300
3" = 1'-0"
140
3.0
141
12.0
290
     0
0
SCALE
5
116
102
{ACAD_REACTORS
330
F6
102
}
330
F6
100
AcDbScale
70
     0
300
6" = 1'-0"
140
6.0
141
12.0
290
     0
0
SCALE
5
117
102
{ACAD_REACTORS
330
F6
102
}
330
F6
100
AcDbScale
70
     0
300
1'-0" = 1'-0"
140
12.0
141
12.0
290
     0
0
DICTIONARY
5
119
330
118
100
AcDbDictionary
280
1
281
1
3
ACAD_XREC_ROUNDTRIP
360
11A
0
XRECORD
5
11A
330
119
100
AcDbXrecord
280
1
102
ACAD_ROUNDTRIP_2008_TABLE_ENTITY
360
11B
70
1
90
27
90
1
40
0.9900000000
90
3
90
0
90
3
10
0.0000000000
20
0.0000000000
30
0.0000000000
40
3.7913434271
90
2
10
10.0289960608
20
-5.4483873611
30
0.0000000000
40
2.3663596160
90
3
10
22.8048788348
20
-9.3893104326
30
0.0000000000
40
5.6015092526
90
3
90
3
10
0.0000000000
20
0.0000000000
30
0.0000000000
90
3
90
9
10
10.0289960608
20
-5.4483873611
30
0.0000000000
90
10
90
12
10
22.8048788348
20
-9.3893104326
30
0.0000000000
90
13
90
14
90
2
330
11D
330
11E
361
11C
0
TABLECONTENT
5
11B
330
11A
100
AcDbLinkedData
1

300

100
AcDbLinkedTableData
90
5
300
COLUMN
1
LINKEDTABLEDATACOLUMN_BEGIN
300

91
0
301
CUSTOMDATA
1
DATAMAP_BEGIN
90
0
309
DATAMAP_END
309
LINKEDTABLEDATACOLUMN_END
1
FORMATTEDTABLEDATACOLUMN_BEGIN
300
COLUMNTABLEFORMAT
1
TABLEFORMAT_BEGIN
90
3
170
0
309
TABLEFORMAT_END
309
FORMATTEDTABLEDATACOLUMN_END
1
TABLECOLUMN_BEGIN
90
0
40
2.5000000000
309
TABLECOLUMN_END
300
COLUMN
1
LINKEDTABLEDATACOLUMN_BEGIN
300

91
0
301
CUSTOMDATA
1
DATAMAP_BEGIN
90
0
309
DATAMAP_END
309
LINKEDTABLEDATACOLUMN_END
1
FORMATTEDTABLEDATACOLUMN_BEGIN
300
COLUMNTABLEFORMAT
1
TABLEFORMAT_BEGIN
90
3
170
0
309
TABLEFORMAT_END
309
FORMATTEDTABLEDATACOLUMN_END
1
TABLECOLUMN_BEGIN
90
0
40
2.5000000000
309
TABLECOLUMN_END
300
COLUMN
1
LINKEDTABLEDATACOLUMN_BEGIN
300

91
0
301
CUSTOMDATA
1
DATAMAP_BEGIN
90
0
309
DATAMAP_END
309
LINKEDTABLEDATACOLUMN_END
1
FORMATTEDTABLEDATACOLUMN_BEGIN
300
COLUMNTABLEFORMAT
1
TABLEFORMAT_BEGIN
90
3
170
0
309
TABLEFORMAT_END
309
FORMATTEDTABLEDATACOLUMN_END
1
TABLECOLUMN_BEGIN
90
0
40
2.5000000000
309
TABLECOLUMN_END
300
COLUMN
1
LINKEDTABLEDATACOLUMN_BEGIN
300

91
0
301
CUSTOMDATA
1
DATAMAP_BEGIN
90
0
309
DATAMAP_END
309
LINKEDTABLEDATACOLUMN_END
1
FORMATTEDTABLEDATACOLUMN_BEGIN
300
COLUMNTABLEFORMAT
1
TABLEFORMAT_BEGIN
90
3
170
0
309
TABLEFORMAT_END
309
FORMATTEDTABLEDATACOLUMN_END
1
TABLECOLUMN_BEGIN
90
0
40
2.5000000000
309
TABLECOLUMN_END
300
COLUMN
1
LINKEDTABLEDATACOLUMN_BEGIN
300

91
0
301
CUSTOMDATA
1
DATAMAP_BEGIN
90
0
309
DATAMAP_END
309
LINKEDTABLEDATACOLUMN_END
1
FORMATTEDTABLEDATACOLUMN_BEGIN
300
COLUMNTABLEFORMAT
1
TABLEFORMAT_BEGIN
90
3
170
0
309
TABLEFORMAT_END
309
FORMATTEDTABLEDATACOLUMN_END
1
TABLECOLUMN_BEGIN
90
0
40
2.5000000000
309
TABLECOLUMN_END
91
15
301
ROW
1
LINKEDTABLEDATAROW_BEGIN
90
5
300
CELL
1
LINKEDTABLEDATACELL_BEGIN
90
0
300

91
0
301
CUSTOMDATA
1
DATAMAP_BEGIN
90
1
300
ACAD_ROUNDTRIP_2008_CELL_CHECKSUM
301
DATAMAP_VALUE
93
2
90
2
140
2192.0000000000
94
0
300

302

304
ACVALUE_END
309
DATAMAP_END
92
0
95
1
302
CONTENT
1
CELLCONTENT_BEGIN
90
1
300
VALUE
93
6
90
4
1
Title-1
94
0
300

302
Title-1
304
ACVALUE_END
91
0
309
CELLCONTENT_END
1
FORMATTEDCELLCONTENT_BEGIN
170
1
300
CONTENTFORMAT
1
CONTENTFORMAT_BEGIN
90
3
91
0
92
4
93
0
300

40
0.0000000000
140
1.0000000000
94
1
62
0
340
0
144
0.1800000000
309
CONTENTFORMAT_END
309
FORMATTEDCELLCONTENT_END
309
LINKEDTABLEDATACELL_END
1
FORMATTEDTABLEDATACELL_BEGIN
300
CELLTABLEFORMAT
1
TABLEFORMAT_BEGIN
90
1
170
1
91
0
92
0
62
257
93
1
300
CONTENTFORMAT
1
CONTENTFORMAT_BEGIN
90
0
91
0
92
512
93
0
300

40
0.0000000000
140
1.0000000000
94
1
62
0
340
0
144
0.1800000000
309
CONTENTFORMAT_END
171
0
94
0
309
TABLEFORMAT_END
309
FORMATTEDTABLEDATACELL_END
1
TABLECELL_BEGIN
90
1
91
0
309
TABLECELL_END
300
CELL
1
LINKEDTABLEDATACELL_BEGIN
90
0
300

91
0
301
CUSTOMDATA
1
DATAMAP_BEGIN
90
1
300
ACAD_ROUNDTRIP_2008_CELL_CHECKSUM
301
DATAMAP_VALUE
93
2
90
2
140
0.0000000000
94
0
300

302

304
ACVALUE_END
309
DATAMAP_END
92
0
95
0
309
LINKEDTABLEDATACELL_END
1
FORMATTEDTABLEDATACELL_BEGIN
300
CELLTABLEFORMAT
1
TABLEFORMAT_BEGIN
90
1
170
1
91
0
92
0
62
257
93
1
300
CONTENTFORMAT
1
CONTENTFORMAT_BEGIN
90
0
91
0
92
512
93
0
300

40
0.0000000000
140
1.0000000000
94
1
62
0
340
0
144
0.1800000000
309
CONTENTFORMAT_END
171
0
94
0
309
TABLEFORMAT_END
309
FORMATTEDTABLEDATACELL_END
1
TABLECELL_BEGIN
90
1
91
0
309
TABLECELL_END
300
CELL
1
LINKEDTABLEDATACELL_BEGIN
90
0
300

91
0
301
CUSTOMDATA
1
DATAMAP_BEGIN
90
1
300
ACAD_ROUNDTRIP_2008_CELL_CHECKSUM
301
DATAMAP_VALUE
93
2
90
2
140
0.0000000000
94
0
300

302

304
ACVALUE_END
309
DATAMAP_END
92
0
95
0
309
LINKEDTABLEDATACELL_END
1
FORMATTEDTABLEDATACELL_BEGIN
300
CELLTABLEFORMAT
1
TABLEFORMAT_BEGIN
90
1
170
1
91
0
92
0
62
257
93
1
300
CONTENTFORMAT
1
CONTENTFORMAT_BEGIN
90
0
91
0
92
512
93
0
300

40
0.0000000000
140
1.0000000000
94
1
62
0
340
0
144
0.1800000000
309
CONTENTFORMAT_END
171
0
94
0
309
TABLEFORMAT_END
309
FORMATTEDTABLEDATACELL_END
1
TABLECELL_BEGIN
90
1
91
0
309
TABLECELL_END
300
CELL
1
LINKEDTABLEDATACELL_BEGIN
90
0
300

91
0
301
CUSTOMDATA
1
DATAMAP_BEGIN
90
1
300
ACAD_ROUNDTRIP_2008_CELL_CHECKSUM
301
DATAMAP_VALUE
93
2
90
2
140
0.0000000000
94
0
300

302

304
ACVALUE_END
309
DATAMAP_END
92
0
95
0
309
LINKEDTABLEDATACELL_END
1
FORMATTEDTABLEDATACELL_BEGIN
300
CELLTABLEFORMAT
1
TABLEFORMAT_BEGIN
90
1
170
1
91
0
92
0
62
257
93
1
300
CONTENTFORMAT
1
CONTENTFORMAT_BEGIN
90
0
91
0
92
512
93
0
300

40
0.0000000000
140
1.0000000000
94
1
62
0
340
0
144
0.1800000000
309
CONTENTFORMAT_END
171
0
94
0
309
TABLEFORMAT_END
309
FORMATTEDTABLEDATACELL_END
1
TABLECELL_BEGIN
90
1
91
0
309
TABLECELL_END
300
CELL
1
LINKEDTABLEDATACELL_BEGIN
90
0
300

91
0
301
CUSTOMDATA
1
DATAMAP_BEGIN
90
1
300
ACAD_ROUNDTRIP_2008_CELL_CHECKSUM
301
DATAMAP_VALUE
93
2
90
2
140
0.0000000000
94
0
300

302

304
ACVALUE_END
309
DATAMAP_END
92
0
95
0
309
LINKEDTABLEDATACELL_END
1
FORMATTEDTABLEDATACELL_BEGIN
300
CELLTABLEFORMAT
1
TABLEFORMAT_BEGIN
90
1
170
1
91
0
92
0
62
257
93
1
300
CONTENTFORMAT
1
CONTENTFORMAT_BEGIN
90
0
91
0
92
512
93
0
300

40
0.0000000000
140
1.0000000000
94
1
62
0
340
0
144
0.1800000000
309
CONTENTFORMAT_END
171
0
94
0
309
TABLEFORMAT_END
309
FORMATTEDTABLEDATACELL_END
1
TABLECELL_BEGIN
90
1
91
0
309
TABLECELL_END
91
0
301
CUSTOMDATA
1
DATAMAP_BEGIN
90
0
309
DATAMAP_END
309
LINKEDTABLEDATAROW_END
1
FORMATTEDTABLEDATAROW_BEGIN
300
ROWTABLEFORMAT
1
TABLEFORMAT_BEGIN
90
2
170
0
309
TABLEFORMAT_END
309
FORMATTEDTABLEDATAROW_END
1
TABLEROW_BEGIN
90
1
40
0.4559769286
309
TABLEROW_END
301
ROW
1
LINKEDTABLEDATAROW_BEGIN
90
5
300
CELL
1
LINKEDTABLEDATACELL_BEGIN
90
0
300

91
0
301
CUSTOMDATA
1
DATAMAP_BEGIN
90
1
300
ACAD_ROUNDTRIP_2008_CELL_CHECKSUM
301
DATAMAP_VALUE
93
2
90
2
140
2989.0000000000
94
0
300

302

304
ACVALUE_END
309
DATAMAP_END
92
0
95
1
302
CONTENT
1
CELLCONTENT_BEGIN
90
1
300
VALUE
93
6
90
4
1
Header-A
94
0
300

302
Header-A
304
ACVALUE_END
91
0
309
CELLCONTENT_END
1
FORMATTEDCELLCONTENT_BEGIN
170
1
300
CONTENTFORMAT
1
CONTENTFORMAT_BEGIN
90
3
91
0
92
4
93
0
300

40
0.0000000000
140
1.0000000000
94
1
62
0
340
0
144
0.1800000000
309
CONTENTFORMAT_END
309
FORMATTEDCELLCONTENT_END
309
LINKEDTABLEDATACELL_END
1
FORMATTEDTABLEDATACELL_BEGIN
300
CELLTABLEFORMAT
1
TABLEFORMAT_BEGIN
90
1
170
1
91
0
92
0
62
257
93
1
300
CONTENTFORMAT
1
CONTENTFORMAT_BEGIN
90
0
91
0
92
512
93
0
300

40
0.0000000000
140
1.0000000000
94
1
62
0
340
0
144
0.1800000000
309
CONTENTFORMAT_END
171
0
94
0
309
TABLEFORMAT_END
309
FORMATTEDTABLEDATACELL_END
1
TABLECELL_BEGIN
90
2
91
0
309
TABLECELL_END
300
CELL
1
LINKEDTABLEDATACELL_BEGIN
90
0
300

91
0
301
CUSTOMDATA
1
DATAMAP_BEGIN
90
1
300
ACAD_ROUNDTRIP_2008_CELL_CHECKSUM
301
DATAMAP_VALUE
93
2
90
2
140
2997.0000000000
94
0
300

302

304
ACVALUE_END
309
DATAMAP_END
92
0
95
1
302
CONTENT
1
CELLCONTENT_BEGIN
90
1
300
VALUE
93
6
90
4
1
Header-B
94
0
300

302
Header-B
304
ACVALUE_END
91
0
309
CELLCONTENT_END
1
FORMATTEDCELLCONTENT_BEGIN
170
1
300
CONTENTFORMAT
1
CONTENTFORMAT_BEGIN
90
3
91
0
92
4
93
0
300

40
0.0000000000
140
1.0000000000
94
1
62
0
340
0
144
0.1800000000
309
CONTENTFORMAT_END
309
FORMATTEDCELLCONTENT_END
309
LINKEDTABLEDATACELL_END
1
FORMATTEDTABLEDATACELL_BEGIN
300
CELLTABLEFORMAT
1
TABLEFORMAT_BEGIN
90
1
170
1
91
0
92
0
62
257
93
1
300
CONTENTFORMAT
1
CONTENTFORMAT_BEGIN
90
0
91
0
92
512
93
0
300

40
0.0000000000
140
1.0000000000
94
1
62
0
340
0
144
0.1800000000
309
CONTENTFORMAT_END
171
0
94
0
309
TABLEFORMAT_END
309
FORMATTEDTABLEDATACELL_END
1
TABLECELL_BEGIN
90
2
91
0
309
TABLECELL_END
300
CELL
1
LINKEDTABLEDATACELL_BEGIN
90
0
300

91
0
301
CUSTOMDATA
1
DATAMAP_BEGIN
90
1
300
ACAD_ROUNDTRIP_2008_CELL_CHECKSUM
301
DATAMAP_VALUE
93
2
90
2
140
3005.0000000000
94
0
300

302

304
ACVALUE_END
309
DATAMAP_END
92
0
95
1
302
CONTENT
1
CELLCONTENT_BEGIN
90
1
300
VALUE
93
6
90
4
1
Header-C
94
0
300

302
Header-C
304
ACVALUE_END
91
0
309
CELLCONTENT_END
1
FORMATTEDCELLCONTENT_BEGIN
170
1
300
CONTENTFORMAT
1
CONTENTFORMAT_BEGIN
90
3
91
0
92
4
93
0
300

40
0.0000000000
140
1.0000000000
94
1
62
0
340
0
144
0.1800000000
309
CONTENTFORMAT_END
309
FORMATTEDCELLCONTENT_END
309
LINKEDTABLEDATACELL_END
1
FORMATTEDTABLEDATACELL_BEGIN
300
CELLTABLEFORMAT
1
TABLEFORMAT_BEGIN
90
1
170
1
91
0
92
0
62
257
93
1
300
CONTENTFORMAT
1
CONTENTFORMAT_BEGIN
90
0
91
0
92
512
93
0
300

40
0.0000000000
140
1.0000000000
94
1
62
0
340
0
144
0.1800000000
309
CONTENTFORMAT_END
171
0
94
0
309
TABLEFORMAT_END
309
FORMATTEDTABLEDATACELL_END
1
TABLECELL_BEGIN
90
2
91
0
309
TABLECELL_END
300
CELL
1
LINKEDTABLEDATACELL_BEGIN
90
0
300

91
0
301
CUSTOMDATA
1
DATAMAP_BEGIN
90
1
300
ACAD_ROUNDTRIP_2008_CELL_CHECKSUM
301
DATAMAP_VALUE
93
2
90
2
140
3013.0000000000
94
0
300

302

304
ACVALUE_END
309
DATAMAP_END
92
0
95
1
302
CONTENT
1
CELLCONTENT_BEGIN
90
1
300
VALUE
93
6
90
4
1
Header-D
94
0
300

302
Header-D
304
ACVALUE_END
91
0
309
CELLCONTENT_END
1
FORMATTEDCELLCONTENT_BEGIN
170
1
300
CONTENTFORMAT
1
CONTENTFORMAT_BEGIN
90
3
91
0
92
4
93
0
300

40
0.0000000000
140
1.0000000000
94
1
62
0
340
0
144
0.1800000000
309
CONTENTFORMAT_END
309
FORMATTEDCELLCONTENT_END
309
LINKEDTABLEDATACELL_END
1
FORMATTEDTABLEDATACELL_BEGIN
300
CELLTABLEFORMAT
1
TABLEFORMAT_BEGIN
90
1
170
1
91
0
92
0
62
257
93
1
300
CONTENTFORMAT
1
CONTENTFORMAT_BEGIN
90
0
91
0
92
512
93
0
300

40
0.0000000000
140
1.0000000000
94
1
62
0
340
0
144
0.1800000000
309
CONTENTFORMAT_END
171
0
94
0
309
TABLEFORMAT_END
309
FORMATTEDTABLEDATACELL_END
1
TABLECELL_BEGIN
90
2
91
0
309
TABLECELL_END
300
CELL
1
LINKEDTABLEDATACELL_BEGIN
90
0
300

91
0
301
CUSTOMDATA
1
DATAMAP_BEGIN
90
1
300
ACAD_ROUNDTRIP_2008_CELL_CHECKSUM
301
DATAMAP_VALUE
93
2
90
2
140
3021.0000000000
94
0
300

302

304
ACVALUE_END
309
DATAMAP_END
92
0
95
1
302
CONTENT
1
CELLCONTENT_BEGIN
90
1
300
VALUE
93
6
90
4
1
Header-E
94
0
300

302
Header-E
304
ACVALUE_END
91
0
309
CELLCONTENT_END
1
FORMATTEDCELLCONTENT_BEGIN
170
1
300
CONTENTFORMAT
1
CONTENTFORMAT_BEGIN
90
3
91
0
92
4
93
0
300

40
0.0000000000
140
1.0000000000
94
1
62
0
340
0
144
0.1800000000
309
CONTENTFORMAT_END
309
FORMATTEDCELLCONTENT_END
309
LINKEDTABLEDATACELL_END
1
FORMATTEDTABLEDATACELL_BEGIN
300
CELLTABLEFORMAT
1
TABLEFORMAT_BEGIN
90
1
170
1
91
0
92
0
62
257
93
1
300
CONTENTFORMAT
1
CONTENTFORMAT_BEGIN
90
0
91
0
92
512
93
0
300

40
0.0000000000
140
1.0000000000
94
1
62
0
340
0
144
0.1800000000
309
CONTENTFORMAT_END
171
0
94
0
309
TABLEFORMAT_END
309
FORMATTEDTABLEDATACELL_END
1
TABLECELL_BEGIN
90
2
91
0
309
TABLECELL_END
91
0
301
CUSTOMDATA
1
DATAMAP_BEGIN
90
0
309
DATAMAP_END
309
LINKEDTABLEDATAROW_END
1
FORMATTEDTABLEDATAROW_BEGIN
300
ROWTABLEFORMAT
1
TABLEFORMAT_BEGIN
90
2
170
0
309
TABLEFORMAT_END
309
FORMATTEDTABLEDATAROW_END
1
TABLEROW_BEGIN
90
2
40
0.3600000000
309
TABLEROW_END
301
ROW
1
LINKEDTABLEDATAROW_BEGIN
90
5
300
CELL
1
LINKEDTABLEDATACELL_BEGIN
90
0
300

91
0
301
CUSTOMDATA
1
DATAMAP_BEGIN
90
1
300
ACAD_ROUNDTRIP_2008_CELL_CHECKSUM
301
DATAMAP_VALUE
93
2
90
2
140
2861.0000000000
94
0
300

302

304
ACVALUE_END
309
DATAMAP_END
92
0
95
1
302
CONTENT
1
CELLCONTENT_BEGIN
90
1
300
VALUE
93
6
90
4
1
Header-1
94
0
300

302
Header-1
304
ACVALUE_END
91
0
309
CELLCONTENT_END
1
FORMATTEDCELLCONTENT_BEGIN
170
1
300
CONTENTFORMAT
1
CONTENTFORMAT_BEGIN
90
3
91
0
92
4
93
0
300

40
0.0000000000
140
1.0000000000
94
1
62
0
340
0
144
0.1800000000
309
CONTENTFORMAT_END
309
FORMATTEDCELLCONTENT_END
309
LINKEDTABLEDATACELL_END
1
FORMATTEDTABLEDATACELL_BEGIN
300
CELLTABLEFORMAT
1
TABLEFORMAT_BEGIN
90
1
170
1
91
0
92
0
62
257
93
1
300
CONTENTFORMAT
1
CONTENTFORMAT_BEGIN
90
0
91
0
92
512
93
0
300

40
0.0000000000
140
1.0000000000
94
1
62
0
340
0
144
0.1800000000
309
CONTENTFORMAT_END
171
0
94
0
309
TABLEFORMAT_END
309
FORMATTEDTABLEDATACELL_END
1
TABLECELL_BEGIN
90
2
91
0
309
TABLECELL_END
300
CELL
1
LINKEDTABLEDATACELL_BEGIN
90
0
300

91
0
301
CUSTOMDATA
1
DATAMAP_BEGIN
90
1
300
ACAD_ROUNDTRIP_2008_CELL_CHECKSUM
301
DATAMAP_VALUE
93
2
90
2
140
2869.0000000000
94
0
300

302

304
ACVALUE_END
309
DATAMAP_END
92
0
95
1
302
CONTENT
1
CELLCONTENT_BEGIN
90
1
300
VALUE
93
6
90
4
1
Header-2
94
0
300

302
Header-2
304
ACVALUE_END
91
0
309
CELLCONTENT_END
1
FORMATTEDCELLCONTENT_BEGIN
170
1
300
CONTENTFORMAT
1
CONTENTFORMAT_BEGIN
90
3
91
0
92
4
93
0
300

40
0.0000000000
140
1.0000000000
94
1
62
0
340
0
144
0.1800000000
309
CONTENTFORMAT_END
309
FORMATTEDCELLCONTENT_END
309
LINKEDTABLEDATACELL_END
1
FORMATTEDTABLEDATACELL_BEGIN
300
CELLTABLEFORMAT
1
TABLEFORMAT_BEGIN
90
1
170
1
91
0
92
0
62
257
93
1
300
CONTENTFORMAT
1
CONTENTFORMAT_BEGIN
90
0
91
0
92
512
93
0
300

40
0.0000000000
140
1.0000000000
94
1
62
0
340
0
144
0.1800000000
309
CONTENTFORMAT_END
171
0
94
0
309
TABLEFORMAT_END
309
FORMATTEDTABLEDATACELL_END
1
TABLECELL_BEGIN
90
2
91
0
309
TABLECELL_END
300
CELL
1
LINKEDTABLEDATACELL_BEGIN
90
0
300

91
0
301
CUSTOMDATA
1
DATAMAP_BEGIN
90
1
300
ACAD_ROUNDTRIP_2008_CELL_CHECKSUM
301
DATAMAP_VALUE
93
2
90
2
140
2877.0000000000
94
0
300

302

304
ACVALUE_END
309
DATAMAP_END
92
0
95
1
302
CONTENT
1
CELLCONTENT_BEGIN
90
1
300
VALUE
93
6
90
4
1
Header-3
94
0
300

302
Header-3
304
ACVALUE_END
91
0
309
CELLCONTENT_END
1
FORMATTEDCELLCONTENT_BEGIN
170
1
300
CONTENTFORMAT
1
CONTENTFORMAT_BEGIN
90
3
91
0
92
4
93
0
300

40
0.0000000000
140
1.0000000000
94
1
62
0
340
0
144
0.1800000000
309
CONTENTFORMAT_END
309
FORMATTEDCELLCONTENT_END
309
LINKEDTABLEDATACELL_END
1
FORMATTEDTABLEDATACELL_BEGIN
300
CELLTABLEFORMAT
1
TABLEFORMAT_BEGIN
90
1
170
1
91
0
92
0
62
257
93
1
300
CONTENTFORMAT
1
CONTENTFORMAT_BEGIN
90
0
91
0
92
512
93
0
300

40
0.0000000000
140
1.0000000000
94
1
62
0
340
0
144
0.1800000000
309
CONTENTFORMAT_END
171
0
94
0
309
TABLEFORMAT_END
309
FORMATTEDTABLEDATACELL_END
1
TABLECELL_BEGIN
90
2
91
0
309
TABLECELL_END
300
CELL
1
LINKEDTABLEDATACELL_BEGIN
90
0
300

91
0
301
CUSTOMDATA
1
DATAMAP_BEGIN
90
1
300
ACAD_ROUNDTRIP_2008_CELL_CHECKSUM
301
DATAMAP_VALUE
93
2
90
2
140
2885.0000000000
94
0
300

302

304
ACVALUE_END
309
DATAMAP_END
92
0
95
1
302
CONTENT
1
CELLCONTENT_BEGIN
90
1
300
VALUE
93
6
90
4
1
Header-4
94
0
300

302
Header-4
304
ACVALUE_END
91
0
309
CELLCONTENT_END
1
FORMATTEDCELLCONTENT_BEGIN
170
1
300
CONTENTFORMAT
1
CONTENTFORMAT_BEGIN
90
3
91
0
92
4
93
0
300

40
0.0000000000
140
1.0000000000
94
1
62
0
340
0
144
0.1800000000
309
CONTENTFORMAT_END
309
FORMATTEDCELLCONTENT_END
309
LINKEDTABLEDATACELL_END
1
FORMATTEDTABLEDATACELL_BEGIN
300
CELLTABLEFORMAT
1
TABLEFORMAT_BEGIN
90
1
170
1
91
0
92
0
62
257
93
1
300
CONTENTFORMAT
1
CONTENTFORMAT_BEGIN
90
0
91
0
92
512
93
0
300

40
0.0000000000
140
1.0000000000
94
1
62
0
340
0
144
0.1800000000
309
CONTENTFORMAT_END
171
0
94
0
309
TABLEFORMAT_END
309
FORMATTEDTABLEDATACELL_END
1
TABLECELL_BEGIN
90
2
91
0
309
TABLECELL_END
300
CELL
1
LINKEDTABLEDATACELL_BEGIN
90
0
300

91
0
301
CUSTOMDATA
1
DATAMAP_BEGIN
90
1
300
ACAD_ROUNDTRIP_2008_CELL_CHECKSUM
301
DATAMAP_VALUE
93
2
90
2
140
2893.0000000000
94
0
300

302

304
ACVALUE_END
309
DATAMAP_END
92
0
95
1
302
CONTENT
1
CELLCONTENT_BEGIN
90
1
300
VALUE
93
6
90
4
1
Header-5
94
0
300

302
Header-5
304
ACVALUE_END
91
0
309
CELLCONTENT_END
1
FORMATTEDCELLCONTENT_BEGIN
170
1
300
CONTENTFORMAT
1
CONTENTFORMAT_BEGIN
90
3
91
0
92
4
93
0
300

40
0.0000000000
140
1.0000000000
94
1
62
0
340
0
144
0.1800000000
309
CONTENTFORMAT_END
309
FORMATTEDCELLCONTENT_END
309
LINKEDTABLEDATACELL_END
1
FORMATTEDTABLEDATACELL_BEGIN
300
CELLTABLEFORMAT
1
TABLEFORMAT_BEGIN
90
1
170
1
91
0
92
0
62
257
93
1
300
CONTENTFORMAT
1
CONTENTFORMAT_BEGIN
90
0
91
0
92
512
93
0
300

40
0.0000000000
140
1.0000000000
94
1
62
0
340
0
144
0.1800000000
309
CONTENTFORMAT_END
171
0
94
0
309
TABLEFORMAT_END
309
FORMATTEDTABLEDATACELL_END
1
TABLECELL_BEGIN
90
2
91
0
309
TABLECELL_END
91
0
301
CUSTOMDATA
1
DATAMAP_BEGIN
90
0
309
DATAMAP_END
309
LINKEDTABLEDATAROW_END
1
FORMATTEDTABLEDATAROW_BEGIN
300
ROWTABLEFORMAT
1
TABLEFORMAT_BEGIN
90
2
170
0
309
TABLEFORMAT_END
309
FORMATTEDTABLEDATAROW_END
1
TABLEROW_BEGIN
90
2
40
0.3600000000
309
TABLEROW_END
301
ROW
1
LINKEDTABLEDATAROW_BEGIN
90
5
300
CELL
1
LINKEDTABLEDATACELL_BEGIN
90
0
300

91
0
301
CUSTOMDATA
1
DATAMAP_BEGIN
90
1
300
ACAD_ROUNDTRIP_2008_CELL_CHECKSUM
301
DATAMAP_VALUE
93
2
90
2
140
54.0000000000
94
0
300

302

304
ACVALUE_END
309
DATAMAP_END
92
0
95
1
302
CONTENT
1
CELLCONTENT_BEGIN
90
1
300
VALUE
93
6
90
4
1
6
94
0
300

302
6
304
ACVALUE_END
91
0
309
CELLCONTENT_END
1
FORMATTEDCELLCONTENT_BEGIN
170
1
300
CONTENTFORMAT
1
CONTENTFORMAT_BEGIN
90
3
91
0
92
4
93
0
300

40
0.0000000000
140
1.0000000000
94
1
62
0
340
0
144
0.1800000000
309
CONTENTFORMAT_END
309
FORMATTEDCELLCONTENT_END
309
LINKEDTABLEDATACELL_END
1
FORMATTEDTABLEDATACELL_BEGIN
300
CELLTABLEFORMAT
1
TABLEFORMAT_BEGIN
90
1
170
1
91
0
92
0
62
257
93
1
300
CONTENTFORMAT
1
CONTENTFORMAT_BEGIN
90
0
91
0
92
512
93
0
300

40
0.0000000000
140
1.0000000000
94
1
62
0
340
0
144
0.1800000000
309
CONTENTFORMAT_END
171
0
94
0
309
TABLEFORMAT_END
309
FORMATTEDTABLEDATACELL_END
1
TABLECELL_BEGIN
90
3
91
0
309
TABLECELL_END
300
CELL
1
LINKEDTABLEDATACELL_BEGIN
90
0
300

91
0
301
CUSTOMDATA
1
DATAMAP_BEGIN
90
1
300
ACAD_ROUNDTRIP_2008_CELL_CHECKSUM
301
DATAMAP_VALUE
93
2
90
2
140
55.0000000000
94
0
300

302

304
ACVALUE_END
309
DATAMAP_END
92
0
95
1
302
CONTENT
1
CELLCONTENT_BEGIN
90
1
300
VALUE
93
6
90
4
1
7
94
0
300

302
7
304
ACVALUE_END
91
0
309
CELLCONTENT_END
1
FORMATTEDCELLCONTENT_BEGIN
170
1
300
CONTENTFORMAT
1
CONTENTFORMAT_BEGIN
90
3
91
0
92
4
93
0
300

40
0.0000000000
140
1.0000000000
94
1
62
0
340
0
144
0.1800000000
309
CONTENTFORMAT_END
309
FORMATTEDCELLCONTENT_END
309
LINKEDTABLEDATACELL_END
1
FORMATTEDTABLEDATACELL_BEGIN
300
CELLTABLEFORMAT
1
TABLEFORMAT_BEGIN
90
1
170
1
91
0
92
0
62
257
93
1
300
CONTENTFORMAT
1
CONTENTFORMAT_BEGIN
90
0
91
0
92
512
93
0
300

40
0.0000000000
140
1.0000000000
94
1
62
0
340
0
144
0.1800000000
309
CONTENTFORMAT_END
171
0
94
0
309
TABLEFORMAT_END
309
FORMATTEDTABLEDATACELL_END
1
TABLECELL_BEGIN
90
3
91
0
309
TABLECELL_END
300
CELL
1
LINKEDTABLEDATACELL_BEGIN
90
0
300

91
0
301
CUSTOMDATA
1
DATAMAP_BEGIN
90
1
300
ACAD_ROUNDTRIP_2008_CELL_CHECKSUM
301
DATAMAP_VALUE
93
2
90
2
140
56.0000000000
94
0
300

302

304
ACVALUE_END
309
DATAMAP_END
92
0
95
1
302
CONTENT
1
CELLCONTENT_BEGIN
90
1
300
VALUE
93
6
90
4
1
8
94
0
300

302
8
304
ACVALUE_END
91
0
309
CELLCONTENT_END
1
FORMATTEDCELLCONTENT_BEGIN
170
1
300
CONTENTFORMAT
1
CONTENTFORMAT_BEGIN
90
3
91
0
92
4
93
0
300

40
0.0000000000
140
1.0000000000
94
1
62
0
340
0
144
0.1800000000
309
CONTENTFORMAT_END
309
FORMATTEDCELLCONTENT_END
309
LINKEDTABLEDATACELL_END
1
FORMATTEDTABLEDATACELL_BEGIN
300
CELLTABLEFORMAT
1
TABLEFORMAT_BEGIN
90
1
170
1
91
0
92
0
62
257
93
1
300
CONTENTFORMAT
1
CONTENTFORMAT_BEGIN
90
0
91
0
92
512
93
0
300

40
0.0000000000
140
1.0000000000
94
1
62
0
340
0
144
0.1800000000
309
CONTENTFORMAT_END
171
0
94
0
309
TABLEFORMAT_END
309
FORMATTEDTABLEDATACELL_END
1
TABLECELL_BEGIN
90
3
91
0
309
TABLECELL_END
300
CELL
1
LINKEDTABLEDATACELL_BEGIN
90
0
300

91
0
301
CUSTOMDATA
1
DATAMAP_BEGIN
90
1
300
ACAD_ROUNDTRIP_2008_CELL_CHECKSUM
301
DATAMAP_VALUE
93
2
90
2
140
57.0000000000
94
0
300

302

304
ACVALUE_END
309
DATAMAP_END
92
0
95
1
302
CONTENT
1
CELLCONTENT_BEGIN
90
1
300
VALUE
93
6
90
4
1
9
94
0
300

302
9
304
ACVALUE_END
91
0
309
CELLCONTENT_END
1
FORMATTEDCELLCONTENT_BEGIN
170
1
300
CONTENTFORMAT
1
CONTENTFORMAT_BEGIN
90
3
91
0
92
4
93
0
300

40
0.0000000000
140
1.0000000000
94
1
62
0
340
0
144
0.1800000000
309
CONTENTFORMAT_END
309
FORMATTEDCELLCONTENT_END
309
LINKEDTABLEDATACELL_END
1
FORMATTEDTABLEDATACELL_BEGIN
300
CELLTABLEFORMAT
1
TABLEFORMAT_BEGIN
90
1
170
1
91
0
92
0
62
257
93
1
300
CONTENTFORMAT
1
CONTENTFORMAT_BEGIN
90
0
91
0
92
512
93
0
300

40
0.0000000000
140
1.0000000000
94
1
62
0
340
0
144
0.1800000000
309
CONTENTFORMAT_END
171
0
94
0
309
TABLEFORMAT_END
309
FORMATTEDTABLEDATACELL_END
1
TABLECELL_BEGIN
90
3
91
0
309
TABLECELL_END
300
CELL
1
LINKEDTABLEDATACELL_BEGIN
90
0
300

91
0
301
CUSTOMDATA
1
DATAMAP_BEGIN
90
1
300
ACAD_ROUNDTRIP_2008_CELL_CHECKSUM
301
DATAMAP_VALUE
93
2
90
2
140
48.0000000000
94
0
300

302

304
ACVALUE_END
309
DATAMAP_END
92
0
95
1
302
CONTENT
1
CELLCONTENT_BEGIN
90
1
300
VALUE
93
6
90
4
1
0
94
0
300

302
0
304
ACVALUE_END
91
0
309
CELLCONTENT_END
1
FORMATTEDCELLCONTENT_BEGIN
170
1
300
CONTENTFORMAT
1
CONTENTFORMAT_BEGIN
90
3
91
0
92
4
93
0
300

40
0.0000000000
140
1.0000000000
94
1
62
0
340
0
144
0.1800000000
309
CONTENTFORMAT_END
309
FORMATTEDCELLCONTENT_END
309
LINKEDTABLEDATACELL_END
1
FORMATTEDTABLEDATACELL_BEGIN
300
CELLTABLEFORMAT
1
TABLEFORMAT_BEGIN
90
1
170
1
91
0
92
0
62
257
93
1
300
CONTENTFORMAT
1
CONTENTFORMAT_BEGIN
90
0
91
0
92
512
93
0
300

40
0.0000000000
140
1.0000000000
94
1
62
0
340
0
144
0.1800000000
309
CONTENTFORMAT_END
171
0
94
0
309
TABLEFORMAT_END
309
FORMATTEDTABLEDATACELL_END
1
TABLECELL_BEGIN
90
3
91
0
309
TABLECELL_END
91
0
301
CUSTOMDATA
1
DATAMAP_BEGIN
90
0
309
DATAMAP_END
309
LINKEDTABLEDATAROW_END
1
FORMATTEDTABLEDATAROW_BEGIN
300
ROWTABLEFORMAT
1
TABLEFORMAT_BEGIN
90
2
170
0
309
TABLEFORMAT_END
309
FORMATTEDTABLEDATAROW_END
1
TABLEROW_BEGIN
90
3
40
0.3600000000
309
TABLEROW_END
301
ROW
1
LINKEDTABLEDATAROW_BEGIN
90
5
300
CELL
1
LINKEDTABLEDATACELL_BEGIN
90
0
300

91
0
301
CUSTOMDATA
1
DATAMAP_BEGIN
90
1
300
ACAD_ROUNDTRIP_2008_CELL_CHECKSUM
301
DATAMAP_VALUE
93
2
90
2
140
70.0000000000
94
0
300

302

304
ACVALUE_END
309
DATAMAP_END
92
0
95
1
302
CONTENT
1
CELLCONTENT_BEGIN
90
1
300
VALUE
93
6
90
4
1
F
94
0
300

302
F
304
ACVALUE_END
91
0
309
CELLCONTENT_END
1
FORMATTEDCELLCONTENT_BEGIN
170
1
300
CONTENTFORMAT
1
CONTENTFORMAT_BEGIN
90
3
91
0
92
4
93
0
300

40
0.0000000000
140
1.0000000000
94
1
62
0
340
0
144
0.1800000000
309
CONTENTFORMAT_END
309
FORMATTEDCELLCONTENT_END
309
LINKEDTABLEDATACELL_END
1
FORMATTEDTABLEDATACELL_BEGIN
300
CELLTABLEFORMAT
1
TABLEFORMAT_BEGIN
90
1
170
1
91
0
92
0
62
257
93
1
300
CONTENTFORMAT
1
CONTENTFORMAT_BEGIN
90
0
91
0
92
512
93
0
300

40
0.0000000000
140
1.0000000000
94
1
62
0
340
0
144
0.1800000000
309
CONTENTFORMAT_END
171
0
94
0
309
TABLEFORMAT_END
309
FORMATTEDTABLEDATACELL_END
1
TABLECELL_BEGIN
90
3
91
0
309
TABLECELL_END
300
CELL
1
LINKEDTABLEDATACELL_BEGIN
90
0
300

91
0
301
CUSTOMDATA
1
DATAMAP_BEGIN
90
1
300
ACAD_ROUNDTRIP_2008_CELL_CHECKSUM
301
DATAMAP_VALUE
93
2
90
2
140
71.0000000000
94
0
300

302

304
ACVALUE_END
309
DATAMAP_END
92
0
95
1
302
CONTENT
1
CELLCONTENT_BEGIN
90
1
300
VALUE
93
6
90
4
1
G
94
0
300

302
G
304
ACVALUE_END
91
0
309
CELLCONTENT_END
1
FORMATTEDCELLCONTENT_BEGIN
170
1
300
CONTENTFORMAT
1
CONTENTFORMAT_BEGIN
90
3
91
0
92
4
93
0
300

40
0.0000000000
140
1.0000000000
94
1
62
0
340
0
144
0.1800000000
309
CONTENTFORMAT_END
309
FORMATTEDCELLCONTENT_END
309
LINKEDTABLEDATACELL_END
1
FORMATTEDTABLEDATACELL_BEGIN
300
CELLTABLEFORMAT
1
TABLEFORMAT_BEGIN
90
1
170
1
91
0
92
0
62
257
93
1
300
CONTENTFORMAT
1
CONTENTFORMAT_BEGIN
90
0
91
0
92
512
93
0
300

40
0.0000000000
140
1.0000000000
94
1
62
0
340
0
144
0.1800000000
309
CONTENTFORMAT_END
171
0
94
0
309
TABLEFORMAT_END
309
FORMATTEDTABLEDATACELL_END
1
TABLECELL_BEGIN
90
3
91
0
309
TABLECELL_END
300
CELL
1
LINKEDTABLEDATACELL_BEGIN
90
0
300

91
0
301
CUSTOMDATA
1
DATAMAP_BEGIN
90
1
300
ACAD_ROUNDTRIP_2008_CELL_CHECKSUM
301
DATAMAP_VALUE
93
2
90
2
140
72.0000000000
94
0
300

302

304
ACVALUE_END
309
DATAMAP_END
92
0
95
1
302
CONTENT
1
CELLCONTENT_BEGIN
90
1
300
VALUE
93
6
90
4
1
H
94
0
300

302
H
304
ACVALUE_END
91
0
309
CELLCONTENT_END
1
FORMATTEDCELLCONTENT_BEGIN
170
1
300
CONTENTFORMAT
1
CONTENTFORMAT_BEGIN
90
3
91
0
92
4
93
0
300

40
0.0000000000
140
1.0000000000
94
1
62
0
340
0
144
0.1800000000
309
CONTENTFORMAT_END
309
FORMATTEDCELLCONTENT_END
309
LINKEDTABLEDATACELL_END
1
FORMATTEDTABLEDATACELL_BEGIN
300
CELLTABLEFORMAT
1
TABLEFORMAT_BEGIN
90
1
170
1
91
0
92
0
62
257
93
1
300
CONTENTFORMAT
1
CONTENTFORMAT_BEGIN
90
0
91
0
92
512
93
0
300

40
0.0000000000
140
1.0000000000
94
1
62
0
340
0
144
0.1800000000
309
CONTENTFORMAT_END
171
0
94
0
309
TABLEFORMAT_END
309
FORMATTEDTABLEDATACELL_END
1
TABLECELL_BEGIN
90
3
91
0
309
TABLECELL_END
300
CELL
1
LINKEDTABLEDATACELL_BEGIN
90
0
300

91
0
301
CUSTOMDATA
1
DATAMAP_BEGIN
90
1
300
ACAD_ROUNDTRIP_2008_CELL_CHECKSUM
301
DATAMAP_VALUE
93
2
90
2
140
249.0000000000
94
0
300

302

304
ACVALUE_END
309
DATAMAP_END
92
0
95
1
302
CONTENT
1
CELLCONTENT_BEGIN
90
1
300
VALUE
93
6
90
4
1
SS
94
0
300

302
SS
304
ACVALUE_END
91
0
309
CELLCONTENT_END
1
FORMATTEDCELLCONTENT_BEGIN
170
1
300
CONTENTFORMAT
1
CONTENTFORMAT_BEGIN
90
3
91
0
92
4
93
0
300

40
0.0000000000
140
1.0000000000
94
1
62
0
340
0
144
0.1800000000
309
CONTENTFORMAT_END
309
FORMATTEDCELLCONTENT_END
309
LINKEDTABLEDATACELL_END
1
FORMATTEDTABLEDATACELL_BEGIN
300
CELLTABLEFORMAT
1
TABLEFORMAT_BEGIN
90
1
170
1
91
0
92
0
62
257
93
1
300
CONTENTFORMAT
1
CONTENTFORMAT_BEGIN
90
0
91
0
92
512
93
0
300

40
0.0000000000
140
1.0000000000
94
1
62
0
340
0
144
0.1800000000
309
CONTENTFORMAT_END
171
0
94
0
309
TABLEFORMAT_END
309
FORMATTEDTABLEDATACELL_END
1
TABLECELL_BEGIN
90
3
91
0
309
TABLECELL_END
300
CELL
1
LINKEDTABLEDATACELL_BEGIN
90
0
300

91
0
301
CUSTOMDATA
1
DATAMAP_BEGIN
90
1
300
ACAD_ROUNDTRIP_2008_CELL_CHECKSUM
301
DATAMAP_VALUE
93
2
90
2
140
210.0000000000
94
0
300

302

304
ACVALUE_END
309
DATAMAP_END
92
0
95
1
302
CONTENT
1
CELLCONTENT_BEGIN
90
1
300
VALUE
93
6
90
4
1
FF
94
0
300

302
FF
304
ACVALUE_END
91
0
309
CELLCONTENT_END
1
FORMATTEDCELLCONTENT_BEGIN
170
1
300
CONTENTFORMAT
1
CONTENTFORMAT_BEGIN
90
3
91
0
92
4
93
0
300

40
0.0000000000
140
1.0000000000
94
1
62
0
340
0
144
0.1800000000
309
CONTENTFORMAT_END
309
FORMATTEDCELLCONTENT_END
309
LINKEDTABLEDATACELL_END
1
FORMATTEDTABLEDATACELL_BEGIN
300
CELLTABLEFORMAT
1
TABLEFORMAT_BEGIN
90
1
170
1
91
0
92
0
62
257
93
1
300
CONTENTFORMAT
1
CONTENTFORMAT_BEGIN
90
0
91
0
92
512
93
0
300

40
0.0000000000
140
1.0000000000
94
1
62
0
340
0
144
0.1800000000
309
CONTENTFORMAT_END
171
0
94
0
309
TABLEFORMAT_END
309
FORMATTEDTABLEDATACELL_END
1
TABLECELL_BEGIN
90
3
91
0
309
TABLECELL_END
91
0
301
CUSTOMDATA
1
DATAMAP_BEGIN
90
0
309
DATAMAP_END
309
LINKEDTABLEDATAROW_END
1
FORMATTEDTABLEDATAROW_BEGIN
300
ROWTABLEFORMAT
1
TABLEFORMAT_BEGIN
90
2
170
0
309
TABLEFORMAT_END
309
FORMATTEDTABLEDATAROW_END
1
TABLEROW_BEGIN
90
3
40
0.3600000000
309
TABLEROW_END
301
ROW
1
LINKEDTABLEDATAROW_BEGIN
90
5
300
CELL
1
LINKEDTABLEDATACELL_BEGIN
90
0
300

91
0
301
CUSTOMDATA
1
DATAMAP_BEGIN
90
1
300
ACAD_ROUNDTRIP_2008_CELL_CHECKSUM
301
DATAMAP_VALUE
93
2
90
2
140
147.0000000000
94
0
300

302

304
ACVALUE_END
309
DATAMAP_END
92
0
95
1
302
CONTENT
1
CELLCONTENT_BEGIN
90
1
300
VALUE
93
6
90
4
1
11
94
0
300

302
11
304
ACVALUE_END
91
0
309
CELLCONTENT_END
1
FORMATTEDCELLCONTENT_BEGIN
170
1
300
CONTENTFORMAT
1
CONTENTFORMAT_BEGIN
90
3
91
0
92
4
93
0
300

40
0.0000000000
140
1.0000000000
94
1
62
0
340
0
144
0.1800000000
309
CONTENTFORMAT_END
309
FORMATTEDCELLCONTENT_END
309
LINKEDTABLEDATACELL_END
1
FORMATTEDTABLEDATACELL_BEGIN
300
CELLTABLEFORMAT
1
TABLEFORMAT_BEGIN
90
1
170
1
91
0
92
0
62
257
93
1
300
CONTENTFORMAT
1
CONTENTFORMAT_BEGIN
90
0
91
0
92
512
93
0
300

40
0.0000000000
140
1.0000000000
94
1
62
0
340
0
144
0.1800000000
309
CONTENTFORMAT_END
171
0
94
0
309
TABLEFORMAT_END
309
FORMATTEDTABLEDATACELL_END
1
TABLECELL_BEGIN
90
3
91
0
309
TABLECELL_END
300
CELL
1
LINKEDTABLEDATACELL_BEGIN
90
0
300

91
0
301
CUSTOMDATA
1
DATAMAP_BEGIN
90
1
300
ACAD_ROUNDTRIP_2008_CELL_CHECKSUM
301
DATAMAP_VALUE
93
2
90
2
140
149.0000000000
94
0
300

302

304
ACVALUE_END
309
DATAMAP_END
92
0
95
1
302
CONTENT
1
CELLCONTENT_BEGIN
90
1
300
VALUE
93
6
90
4
1
12
94
0
300

302
12
304
ACVALUE_END
91
0
309
CELLCONTENT_END
1
FORMATTEDCELLCONTENT_BEGIN
170
1
300
CONTENTFORMAT
1
CONTENTFORMAT_BEGIN
90
3
91
0
92
4
93
0
300

40
0.0000000000
140
1.0000000000
94
1
62
0
340
0
144
0.1800000000
309
CONTENTFORMAT_END
309
FORMATTEDCELLCONTENT_END
309
LINKEDTABLEDATACELL_END
1
FORMATTEDTABLEDATACELL_BEGIN
300
CELLTABLEFORMAT
1
TABLEFORMAT_BEGIN
90
1
170
1
91
0
92
0
62
257
93
1
300
CONTENTFORMAT
1
CONTENTFORMAT_BEGIN
90
0
91
0
92
512
93
0
300

40
0.0000000000
140
1.0000000000
94
1
62
0
340
0
144
0.1800000000
309
CONTENTFORMAT_END
171
0
94
0
309
TABLEFORMAT_END
309
FORMATTEDTABLEDATACELL_END
1
TABLECELL_BEGIN
90
3
91
0
309
TABLECELL_END
300
CELL
1
LINKEDTABLEDATACELL_BEGIN
90
0
300

91
0
301
CUSTOMDATA
1
DATAMAP_BEGIN
90
1
300
ACAD_ROUNDTRIP_2008_CELL_CHECKSUM
301
DATAMAP_VALUE
93
2
90
2
140
151.0000000000
94
0
300

302

304
ACVALUE_END
309
DATAMAP_END
92
0
95
1
302
CONTENT
1
CELLCONTENT_BEGIN
90
1
300
VALUE
93
6
90
4
1
13
94
0
300

302
13
304
ACVALUE_END
91
0
309
CELLCONTENT_END
1
FORMATTEDCELLCONTENT_BEGIN
170
1
300
CONTENTFORMAT
1
CONTENTFORMAT_BEGIN
90
3
91
0
92
4
93
0
300

40
0.0000000000
140
1.0000000000
94
1
62
0
340
0
144
0.1800000000
309
CONTENTFORMAT_END
309
FORMATTEDCELLCONTENT_END
309
LINKEDTABLEDATACELL_END
1
FORMATTEDTABLEDATACELL_BEGIN
300
CELLTABLEFORMAT
1
TABLEFORMAT_BEGIN
90
1
170
1
91
0
92
0
62
257
93
1
300
CONTENTFORMAT
1
CONTENTFORMAT_BEGIN
90
0
91
0
92
512
93
0
300

40
0.0000000000
140
1.0000000000
94
1
62
0
340
0
144
0.1800000000
309
CONTENTFORMAT_END
171
0
94
0
309
TABLEFORMAT_END
309
FORMATTEDTABLEDATACELL_END
1
TABLECELL_BEGIN
90
3
91
0
309
TABLECELL_END
300
CELL
1
LINKEDTABLEDATACELL_BEGIN
90
0
300

91
0
301
CUSTOMDATA
1
DATAMAP_BEGIN
90
1
300
ACAD_ROUNDTRIP_2008_CELL_CHECKSUM
301
DATAMAP_VALUE
93
2
90
2
140
153.0000000000
94
0
300

302

304
ACVALUE_END
309
DATAMAP_END
92
0
95
1
302
CONTENT
1
CELLCONTENT_BEGIN
90
1
300
VALUE
93
6
90
4
1
14
94
0
300

302
14
304
ACVALUE_END
91
0
309
CELLCONTENT_END
1
FORMATTEDCELLCONTENT_BEGIN
170
1
300
CONTENTFORMAT
1
CONTENTFORMAT_BEGIN
90
3
91
0
92
4
93
0
300

40
0.0000000000
140
1.0000000000
94
1
62
0
340
0
144
0.1800000000
309
CONTENTFORMAT_END
309
FORMATTEDCELLCONTENT_END
309
LINKEDTABLEDATACELL_END
1
FORMATTEDTABLEDATACELL_BEGIN
300
CELLTABLEFORMAT
1
TABLEFORMAT_BEGIN
90
1
170
1
91
0
92
0
62
257
93
1
300
CONTENTFORMAT
1
CONTENTFORMAT_BEGIN
90
0
91
0
92
512
93
0
300

40
0.0000000000
140
1.0000000000
94
1
62
0
340
0
144
0.1800000000
309
CONTENTFORMAT_END
171
0
94
0
309
TABLEFORMAT_END
309
FORMATTEDTABLEDATACELL_END
1
TABLECELL_BEGIN
90
3
91
0
309
TABLECELL_END
300
CELL
1
LINKEDTABLEDATACELL_BEGIN
90
0
300

91
0
301
CUSTOMDATA
1
DATAMAP_BEGIN
90
1
300
ACAD_ROUNDTRIP_2008_CELL_CHECKSUM
301
DATAMAP_VALUE
93
2
90
2
140
155.0000000000
94
0
300

302

304
ACVALUE_END
309
DATAMAP_END
92
0
95
1
302
CONTENT
1
CELLCONTENT_BEGIN
90
1
300
VALUE
93
6
90
4
1
15
94
0
300

302
15
304
ACVALUE_END
91
0
309
CELLCONTENT_END
1
FORMATTEDCELLCONTENT_BEGIN
170
1
300
CONTENTFORMAT
1
CONTENTFORMAT_BEGIN
90
3
91
0
92
4
93
0
300

40
0.0000000000
140
1.0000000000
94
1
62
0
340
0
144
0.1800000000
309
CONTENTFORMAT_END
309
FORMATTEDCELLCONTENT_END
309
LINKEDTABLEDATACELL_END
1
FORMATTEDTABLEDATACELL_BEGIN
300
CELLTABLEFORMAT
1
TABLEFORMAT_BEGIN
90
1
170
1
91
0
92
0
62
257
93
1
300
CONTENTFORMAT
1
CONTENTFORMAT_BEGIN
90
0
91
0
92
512
93
0
300

40
0.0000000000
140
1.0000000000
94
1
62
0
340
0
144
0.1800000000
309
CONTENTFORMAT_END
171
0
94
0
309
TABLEFORMAT_END
309
FORMATTEDTABLEDATACELL_END
1
TABLECELL_BEGIN
90
3
91
0
309
TABLECELL_END
91
0
301
CUSTOMDATA
1
DATAMAP_BEGIN
90
0
309
DATAMAP_END
309
LINKEDTABLEDATAROW_END
1
FORMATTEDTABLEDATAROW_BEGIN
300
ROWTABLEFORMAT
1
TABLEFORMAT_BEGIN
90
2
170
0
309
TABLEFORMAT_END
309
FORMATTEDTABLEDATAROW_END
1
TABLEROW_BEGIN
90
3
40
0.3600000000
309
TABLEROW_END
301
ROW
1
LINKEDTABLEDATAROW_BEGIN
90
5
300
CELL
1
LINKEDTABLEDATACELL_BEGIN
90
0
300

91
0
301
CUSTOMDATA
1
DATAMAP_BEGIN
90
1
300
ACAD_ROUNDTRIP_2008_CELL_CHECKSUM
301
DATAMAP_VALUE
93
2
90
2
140
2199.0000000000
94
0
300

302

304
ACVALUE_END
309
DATAMAP_END
92
0
95
1
302
CONTENT
1
CELLCONTENT_BEGIN
90
1
300
VALUE
93
6
90
4
1
Title-2
94
0
300

302
Title-2
304
ACVALUE_END
91
0
309
CELLCONTENT_END
1
FORMATTEDCELLCONTENT_BEGIN
170
1
300
CONTENTFORMAT
1
CONTENTFORMAT_BEGIN
90
3
91
0
92
4
93
0
300

40
0.0000000000
140
1.0000000000
94
1
62
0
340
0
144
0.1800000000
309
CONTENTFORMAT_END
309
FORMATTEDCELLCONTENT_END
309
LINKEDTABLEDATACELL_END
1
FORMATTEDTABLEDATACELL_BEGIN
300
CELLTABLEFORMAT
1
TABLEFORMAT_BEGIN
90
1
170
1
91
0
92
0
62
257
93
1
300
CONTENTFORMAT
1
CONTENTFORMAT_BEGIN
90
0
91
0
92
512
93
0
300

40
0.0000000000
140
1.0000000000
94
1
62
0
340
0
144
0.1800000000
309
CONTENTFORMAT_END
171
0
94
0
309
TABLEFORMAT_END
309
FORMATTEDTABLEDATACELL_END
1
TABLECELL_BEGIN
90
1
91
0
309
TABLECELL_END
300
CELL
1
LINKEDTABLEDATACELL_BEGIN
90
0
300

91
0
301
CUSTOMDATA
1
DATAMAP_BEGIN
90
1
300
ACAD_ROUNDTRIP_2008_CELL_CHECKSUM
301
DATAMAP_VALUE
93
2
90
2
140
0.0000000000
94
0
300

302

304
ACVALUE_END
309
DATAMAP_END
92
0
95
0
309
LINKEDTABLEDATACELL_END
1
FORMATTEDTABLEDATACELL_BEGIN
300
CELLTABLEFORMAT
1
TABLEFORMAT_BEGIN
90
1
170
1
91
0
92
0
62
257
93
1
300
CONTENTFORMAT
1
CONTENTFORMAT_BEGIN
90
0
91
0
92
512
93
0
300

40
0.0000000000
140
1.0000000000
94
1
62
0
340
0
144
0.1800000000
309
CONTENTFORMAT_END
171
0
94
0
309
TABLEFORMAT_END
309
FORMATTEDTABLEDATACELL_END
1
TABLECELL_BEGIN
90
1
91
0
309
TABLECELL_END
300
CELL
1
LINKEDTABLEDATACELL_BEGIN
90
0
300

91
0
301
CUSTOMDATA
1
DATAMAP_BEGIN
90
1
300
ACAD_ROUNDTRIP_2008_CELL_CHECKSUM
301
DATAMAP_VALUE
93
2
90
2
140
0.0000000000
94
0
300

302

304
ACVALUE_END
309
DATAMAP_END
92
0
95
0
309
LINKEDTABLEDATACELL_END
1
FORMATTEDTABLEDATACELL_BEGIN
300
CELLTABLEFORMAT
1
TABLEFORMAT_BEGIN
90
1
170
1
91
0
92
0
62
257
93
1
300
CONTENTFORMAT
1
CONTENTFORMAT_BEGIN
90
0
91
0
92
512
93
0
300

40
0.0000000000
140
1.0000000000
94
1
62
0
340
0
144
0.1800000000
309
CONTENTFORMAT_END
171
0
94
0
309
TABLEFORMAT_END
309
FORMATTEDTABLEDATACELL_END
1
TABLECELL_BEGIN
90
1
91
0
309
TABLECELL_END
300
CELL
1
LINKEDTABLEDATACELL_BEGIN
90
0
300

91
0
301
CUSTOMDATA
1
DATAMAP_BEGIN
90
1
300
ACAD_ROUNDTRIP_2008_CELL_CHECKSUM
301
DATAMAP_VALUE
93
2
90
2
140
0.0000000000
94
0
300

302

304
ACVALUE_END
309
DATAMAP_END
92
0
95
0
309
LINKEDTABLEDATACELL_END
1
FORMATTEDTABLEDATACELL_BEGIN
300
CELLTABLEFORMAT
1
TABLEFORMAT_BEGIN
90
1
170
1
91
0
92
0
62
257
93
1
300
CONTENTFORMAT
1
CONTENTFORMAT_BEGIN
90
0
91
0
92
512
93
0
300

40
0.0000000000
140
1.0000000000
94
1
62
0
340
0
144
0.1800000000
309
CONTENTFORMAT_END
171
0
94
0
309
TABLEFORMAT_END
309
FORMATTEDTABLEDATACELL_END
1
TABLECELL_BEGIN
90
1
91
0
309
TABLECELL_END
300
CELL
1
LINKEDTABLEDATACELL_BEGIN
90
0
300

91
0
301
CUSTOMDATA
1
DATAMAP_BEGIN
90
1
300
ACAD_ROUNDTRIP_2008_CELL_CHECKSUM
301
DATAMAP_VALUE
93
2
90
2
140
0.0000000000
94
0
300

302

304
ACVALUE_END
309
DATAMAP_END
92
0
95
0
309
LINKEDTABLEDATACELL_END
1
FORMATTEDTABLEDATACELL_BEGIN
300
CELLTABLEFORMAT
1
TABLEFORMAT_BEGIN
90
1
170
1
91
0
92
0
62
257
93
1
300
CONTENTFORMAT
1
CONTENTFORMAT_BEGIN
90
0
91
0
92
512
93
0
300

40
0.0000000000
140
1.0000000000
94
1
62
0
340
0
144
0.1800000000
309
CONTENTFORMAT_END
171
0
94
0
309
TABLEFORMAT_END
309
FORMATTEDTABLEDATACELL_END
1
TABLECELL_BEGIN
90
1
91
0
309
TABLECELL_END
91
0
301
CUSTOMDATA
1
DATAMAP_BEGIN
90
0
309
DATAMAP_END
309
LINKEDTABLEDATAROW_END
1
FORMATTEDTABLEDATAROW_BEGIN
300
ROWTABLEFORMAT
1
TABLEFORMAT_BEGIN
90
2
170
0
309
TABLEFORMAT_END
309
FORMATTEDTABLEDATAROW_END
1
TABLEROW_BEGIN
90
1
40
0.4533333333
309
TABLEROW_END
301
ROW
1
LINKEDTABLEDATAROW_BEGIN
90
5
300
CELL
1
LINKEDTABLEDATACELL_BEGIN
90
0
300

91
0
301
CUSTOMDATA
1
DATAMAP_BEGIN
90
1
300
ACAD_ROUNDTRIP_2008_CELL_CHECKSUM
301
DATAMAP_VALUE
93
2
90
2
140
170.0000000000
94
0
300

302

304
ACVALUE_END
309
DATAMAP_END
92
0
95
1
302
CONTENT
1
CELLCONTENT_BEGIN
90
1
300
VALUE
93
6
90
4
1
H1
94
0
300

302
H1
304
ACVALUE_END
91
0
309
CELLCONTENT_END
1
FORMATTEDCELLCONTENT_BEGIN
170
1
300
CONTENTFORMAT
1
CONTENTFORMAT_BEGIN
90
3
91
0
92
4
93
0
300

40
0.0000000000
140
1.0000000000
94
1
62
0
340
0
144
0.1800000000
309
CONTENTFORMAT_END
309
FORMATTEDCELLCONTENT_END
309
LINKEDTABLEDATACELL_END
1
FORMATTEDTABLEDATACELL_BEGIN
300
CELLTABLEFORMAT
1
TABLEFORMAT_BEGIN
90
1
170
1
91
0
92
0
62
257
93
1
300
CONTENTFORMAT
1
CONTENTFORMAT_BEGIN
90
0
91
0
92
512
93
0
300

40
0.0000000000
140
1.0000000000
94
1
62
0
340
0
144
0.1800000000
309
CONTENTFORMAT_END
171
0
94
0
309
TABLEFORMAT_END
309
FORMATTEDTABLEDATACELL_END
1
TABLECELL_BEGIN
90
2
91
0
309
TABLECELL_END
300
CELL
1
LINKEDTABLEDATACELL_BEGIN
90
0
300

91
0
301
CUSTOMDATA
1
DATAMAP_BEGIN
90
1
300
ACAD_ROUNDTRIP_2008_CELL_CHECKSUM
301
DATAMAP_VALUE
93
2
90
2
140
172.0000000000
94
0
300

302

304
ACVALUE_END
309
DATAMAP_END
92
0
95
1
302
CONTENT
1
CELLCONTENT_BEGIN
90
1
300
VALUE
93
6
90
4
1
H2
94
0
300

302
H2
304
ACVALUE_END
91
0
309
CELLCONTENT_END
1
FORMATTEDCELLCONTENT_BEGIN
170
1
300
CONTENTFORMAT
1
CONTENTFORMAT_BEGIN
90
3
91
0
92
4
93
0
300

40
0.0000000000
140
1.0000000000
94
1
62
0
340
0
144
0.1800000000
309
CONTENTFORMAT_END
309
FORMATTEDCELLCONTENT_END
309
LINKEDTABLEDATACELL_END
1
FORMATTEDTABLEDATACELL_BEGIN
300
CELLTABLEFORMAT
1
TABLEFORMAT_BEGIN
90
1
170
1
91
0
92
0
62
257
93
1
300
CONTENTFORMAT
1
CONTENTFORMAT_BEGIN
90
0
91
0
92
512
93
0
300

40
0.0000000000
140
1.0000000000
94
1
62
0
340
0
144
0.1800000000
309
CONTENTFORMAT_END
171
0
94
0
309
TABLEFORMAT_END
309
FORMATTEDTABLEDATACELL_END
1
TABLECELL_BEGIN
90
2
91
0
309
TABLECELL_END
300
CELL
1
LINKEDTABLEDATACELL_BEGIN
90
0
300

91
0
301
CUSTOMDATA
1
DATAMAP_BEGIN
90
1
300
ACAD_ROUNDTRIP_2008_CELL_CHECKSUM
301
DATAMAP_VALUE
93
2
90
2
140
174.0000000000
94
0
300

302

304
ACVALUE_END
309
DATAMAP_END
92
0
95
1
302
CONTENT
1
CELLCONTENT_BEGIN
90
1
300
VALUE
93
6
90
4
1
H3
94
0
300

302
H3
304
ACVALUE_END
91
0
309
CELLCONTENT_END
1
FORMATTEDCELLCONTENT_BEGIN
170
1
300
CONTENTFORMAT
1
CONTENTFORMAT_BEGIN
90
3
91
0
92
4
93
0
300

40
0.0000000000
140
1.0000000000
94
1
62
0
340
0
144
0.1800000000
309
CONTENTFORMAT_END
309
FORMATTEDCELLCONTENT_END
309
LINKEDTABLEDATACELL_END
1
FORMATTEDTABLEDATACELL_BEGIN
300
CELLTABLEFORMAT
1
TABLEFORMAT_BEGIN
90
1
170
1
91
0
92
0
62
257
93
1
300
CONTENTFORMAT
1
CONTENTFORMAT_BEGIN
90
0
91
0
92
512
93
0
300

40
0.0000000000
140
1.0000000000
94
1
62
0
340
0
144
0.1800000000
309
CONTENTFORMAT_END
171
0
94
0
309
TABLEFORMAT_END
309
FORMATTEDTABLEDATACELL_END
1
TABLECELL_BEGIN
90
2
91
0
309
TABLECELL_END
300
CELL
1
LINKEDTABLEDATACELL_BEGIN
90
0
300

91
0
301
CUSTOMDATA
1
DATAMAP_BEGIN
90
1
300
ACAD_ROUNDTRIP_2008_CELL_CHECKSUM
301
DATAMAP_VALUE
93
2
90
2
140
176.0000000000
94
0
300

302

304
ACVALUE_END
309
DATAMAP_END
92
0
95
1
302
CONTENT
1
CELLCONTENT_BEGIN
90
1
300
VALUE
93
6
90
4
1
H4
94
0
300

302
H4
304
ACVALUE_END
91
0
309
CELLCONTENT_END
1
FORMATTEDCELLCONTENT_BEGIN
170
1
300
CONTENTFORMAT
1
CONTENTFORMAT_BEGIN
90
3
91
0
92
4
93
0
300

40
0.0000000000
140
1.0000000000
94
1
62
0
340
0
144
0.1800000000
309
CONTENTFORMAT_END
309
FORMATTEDCELLCONTENT_END
309
LINKEDTABLEDATACELL_END
1
FORMATTEDTABLEDATACELL_BEGIN
300
CELLTABLEFORMAT
1
TABLEFORMAT_BEGIN
90
1
170
1
91
0
92
0
62
257
93
1
300
CONTENTFORMAT
1
CONTENTFORMAT_BEGIN
90
0
91
0
92
512
93
0
300

40
0.0000000000
140
1.0000000000
94
1
62
0
340
0
144
0.1800000000
309
CONTENTFORMAT_END
171
0
94
0
309
TABLEFORMAT_END
309
FORMATTEDTABLEDATACELL_END
1
TABLECELL_BEGIN
90
2
91
0
309
TABLECELL_END
300
CELL
1
LINKEDTABLEDATACELL_BEGIN
90
0
300

91
0
301
CUSTOMDATA
1
DATAMAP_BEGIN
90
1
300
ACAD_ROUNDTRIP_2008_CELL_CHECKSUM
301
DATAMAP_VALUE
93
2
90
2
140
178.0000000000
94
0
300

302

304
ACVALUE_END
309
DATAMAP_END
92
0
95
1
302
CONTENT
1
CELLCONTENT_BEGIN
90
1
300
VALUE
93
6
90
4
1
H5
94
0
300

302
H5
304
ACVALUE_END
91
0
309
CELLCONTENT_END
1
FORMATTEDCELLCONTENT_BEGIN
170
1
300
CONTENTFORMAT
1
CONTENTFORMAT_BEGIN
90
3
91
0
92
4
93
0
300

40
0.0000000000
140
1.0000000000
94
1
62
0
340
0
144
0.1800000000
309
CONTENTFORMAT_END
309
FORMATTEDCELLCONTENT_END
309
LINKEDTABLEDATACELL_END
1
FORMATTEDTABLEDATACELL_BEGIN
300
CELLTABLEFORMAT
1
TABLEFORMAT_BEGIN
90
1
170
1
91
0
92
0
62
257
93
1
300
CONTENTFORMAT
1
CONTENTFORMAT_BEGIN
90
0
91
0
92
512
93
0
300

40
0.0000000000
140
1.0000000000
94
1
62
0
340
0
144
0.1800000000
309
CONTENTFORMAT_END
171
0
94
0
309
TABLEFORMAT_END
309
FORMATTEDTABLEDATACELL_END
1
TABLECELL_BEGIN
90
2
91
0
309
TABLECELL_END
91
0
301
CUSTOMDATA
1
DATAMAP_BEGIN
90
0
309
DATAMAP_END
309
LINKEDTABLEDATAROW_END
1
FORMATTEDTABLEDATAROW_BEGIN
300
ROWTABLEFORMAT
1
TABLEFORMAT_BEGIN
90
2
170
0
309
TABLEFORMAT_END
309
FORMATTEDTABLEDATAROW_END
1
TABLEROW_BEGIN
90
2
40
0.3600000000
309
TABLEROW_END
301
ROW
1
LINKEDTABLEDATAROW_BEGIN
90
5
300
CELL
1
LINKEDTABLEDATACELL_BEGIN
90
0
300

91
0
301
CUSTOMDATA
1
DATAMAP_BEGIN
90
1
300
ACAD_ROUNDTRIP_2008_CELL_CHECKSUM
301
DATAMAP_VALUE
93
2
90
2
140
113.0000000000
94
0
300

302

304
ACVALUE_END
309
DATAMAP_END
92
0
95
1
302
CONTENT
1
CELLCONTENT_BEGIN
90
1
300
VALUE
93
6
90
4
1
q
94
0
300

302
q
304
ACVALUE_END
91
0
309
CELLCONTENT_END
1
FORMATTEDCELLCONTENT_BEGIN
170
1
300
CONTENTFORMAT
1
CONTENTFORMAT_BEGIN
90
3
91
0
92
4
93
0
300

40
0.0000000000
140
1.0000000000
94
1
62
0
340
0
144
0.1800000000
309
CONTENTFORMAT_END
309
FORMATTEDCELLCONTENT_END
309
LINKEDTABLEDATACELL_END
1
FORMATTEDTABLEDATACELL_BEGIN
300
CELLTABLEFORMAT
1
TABLEFORMAT_BEGIN
90
1
170
1
91
0
92
0
62
257
93
1
300
CONTENTFORMAT
1
CONTENTFORMAT_BEGIN
90
0
91
0
92
512
93
0
300

40
0.0000000000
140
1.0000000000
94
1
62
0
340
0
144
0.1800000000
309
CONTENTFORMAT_END
171
0
94
0
309
TABLEFORMAT_END
309
FORMATTEDTABLEDATACELL_END
1
TABLECELL_BEGIN
90
3
91
0
309
TABLECELL_END
300
CELL
1
LINKEDTABLEDATACELL_BEGIN
90
0
300

91
0
301
CUSTOMDATA
1
DATAMAP_BEGIN
90
1
300
ACAD_ROUNDTRIP_2008_CELL_CHECKSUM
301
DATAMAP_VALUE
93
2
90
2
140
119.0000000000
94
0
300

302

304
ACVALUE_END
309
DATAMAP_END
92
0
95
1
302
CONTENT
1
CELLCONTENT_BEGIN
90
1
300
VALUE
93
6
90
4
1
w
94
0
300

302
w
304
ACVALUE_END
91
0
309
CELLCONTENT_END
1
FORMATTEDCELLCONTENT_BEGIN
170
1
300
CONTENTFORMAT
1
CONTENTFORMAT_BEGIN
90
3
91
0
92
4
93
0
300

40
0.0000000000
140
1.0000000000
94
1
62
0
340
0
144
0.1800000000
309
CONTENTFORMAT_END
309
FORMATTEDCELLCONTENT_END
309
LINKEDTABLEDATACELL_END
1
FORMATTEDTABLEDATACELL_BEGIN
300
CELLTABLEFORMAT
1
TABLEFORMAT_BEGIN
90
1
170
1
91
0
92
0
62
257
93
1
300
CONTENTFORMAT
1
CONTENTFORMAT_BEGIN
90
0
91
0
92
512
93
0
300

40
0.0000000000
140
1.0000000000
94
1
62
0
340
0
144
0.1800000000
309
CONTENTFORMAT_END
171
0
94
0
309
TABLEFORMAT_END
309
FORMATTEDTABLEDATACELL_END
1
TABLECELL_BEGIN
90
3
91
0
309
TABLECELL_END
300
CELL
1
LINKEDTABLEDATACELL_BEGIN
90
0
300

91
0
301
CUSTOMDATA
1
DATAMAP_BEGIN
90
1
300
ACAD_ROUNDTRIP_2008_CELL_CHECKSUM
301
DATAMAP_VALUE
93
2
90
2
140
0.0000000000
94
0
300

302

304
ACVALUE_END
309
DATAMAP_END
92
0
95
0
309
LINKEDTABLEDATACELL_END
1
FORMATTEDTABLEDATACELL_BEGIN
300
CELLTABLEFORMAT
1
TABLEFORMAT_BEGIN
90
1
170
1
91
0
92
0
62
257
93
1
300
CONTENTFORMAT
1
CONTENTFORMAT_BEGIN
90
0
91
0
92
512
93
0
300

40
0.0000000000
140
1.0000000000
94
1
62
0
340
0
144
0.1800000000
309
CONTENTFORMAT_END
171
0
94
0
309
TABLEFORMAT_END
309
FORMATTEDTABLEDATACELL_END
1
TABLECELL_BEGIN
90
3
91
0
309
TABLECELL_END
300
CELL
1
LINKEDTABLEDATACELL_BEGIN
90
0
300

91
0
301
CUSTOMDATA
1
DATAMAP_BEGIN
90
1
300
ACAD_ROUNDTRIP_2008_CELL_CHECKSUM
301
DATAMAP_VALUE
93
2
90
2
140
0.0000000000
94
0
300

302

304
ACVALUE_END
309
DATAMAP_END
92
0
95
0
309
LINKEDTABLEDATACELL_END
1
FORMATTEDTABLEDATACELL_BEGIN
300
CELLTABLEFORMAT
1
TABLEFORMAT_BEGIN
90
1
170
1
91
0
92
0
62
257
93
1
300
CONTENTFORMAT
1
CONTENTFORMAT_BEGIN
90
0
91
0
92
512
93
0
300

40
0.0000000000
140
1.0000000000
94
1
62
0
340
0
144
0.1800000000
309
CONTENTFORMAT_END
171
0
94
0
309
TABLEFORMAT_END
309
FORMATTEDTABLEDATACELL_END
1
TABLECELL_BEGIN
90
3
91
0
309
TABLECELL_END
300
CELL
1
LINKEDTABLEDATACELL_BEGIN
90
0
300

91
0
301
CUSTOMDATA
1
DATAMAP_BEGIN
90
1
300
ACAD_ROUNDTRIP_2008_CELL_CHECKSUM
301
DATAMAP_VALUE
93
2
90
2
140
0.0000000000
94
0
300

302

304
ACVALUE_END
309
DATAMAP_END
92
0
95
0
309
LINKEDTABLEDATACELL_END
1
FORMATTEDTABLEDATACELL_BEGIN
300
CELLTABLEFORMAT
1
TABLEFORMAT_BEGIN
90
1
170
1
91
0
92
0
62
257
93
1
300
CONTENTFORMAT
1
CONTENTFORMAT_BEGIN
90
0
91
0
92
512
93
0
300

40
0.0000000000
140
1.0000000000
94
1
62
0
340
0
144
0.1800000000
309
CONTENTFORMAT_END
171
0
94
0
309
TABLEFORMAT_END
309
FORMATTEDTABLEDATACELL_END
1
TABLECELL_BEGIN
90
3
91
0
309
TABLECELL_END
91
0
301
CUSTOMDATA
1
DATAMAP_BEGIN
90
0
309
DATAMAP_END
309
LINKEDTABLEDATAROW_END
1
FORMATTEDTABLEDATAROW_BEGIN
300
ROWTABLEFORMAT
1
TABLEFORMAT_BEGIN
90
2
170
0
309
TABLEFORMAT_END
309
FORMATTEDTABLEDATAROW_END
1
TABLEROW_BEGIN
90
3
40
0.3600000000
309
TABLEROW_END
301
ROW
1
LINKEDTABLEDATAROW_BEGIN
90
5
300
CELL
1
LINKEDTABLEDATACELL_BEGIN
90
0
300

91
0
301
CUSTOMDATA
1
DATAMAP_BEGIN
90
1
300
ACAD_ROUNDTRIP_2008_CELL_CHECKSUM
301
DATAMAP_VALUE
93
2
90
2
140
114.0000000000
94
0
300

302

304
ACVALUE_END
309
DATAMAP_END
92
0
95
1
302
CONTENT
1
CELLCONTENT_BEGIN
90
1
300
VALUE
93
6
90
4
1
r
94
0
300

302
r
304
ACVALUE_END
91
0
309
CELLCONTENT_END
1
FORMATTEDCELLCONTENT_BEGIN
170
1
300
CONTENTFORMAT
1
CONTENTFORMAT_BEGIN
90
3
91
0
92
4
93
0
300

40
0.0000000000
140
1.0000000000
94
1
62
0
340
0
144
0.1800000000
309
CONTENTFORMAT_END
309
FORMATTEDCELLCONTENT_END
309
LINKEDTABLEDATACELL_END
1
FORMATTEDTABLEDATACELL_BEGIN
300
CELLTABLEFORMAT
1
TABLEFORMAT_BEGIN
90
1
170
1
91
0
92
0
62
257
93
1
300
CONTENTFORMAT
1
CONTENTFORMAT_BEGIN
90
0
91
0
92
512
93
0
300

40
0.0000000000
140
1.0000000000
94
1
62
0
340
0
144
0.1800000000
309
CONTENTFORMAT_END
171
0
94
0
309
TABLEFORMAT_END
309
FORMATTEDTABLEDATACELL_END
1
TABLECELL_BEGIN
90
3
91
0
309
TABLECELL_END
300
CELL
1
LINKEDTABLEDATACELL_BEGIN
90
0
300

91
0
301
CUSTOMDATA
1
DATAMAP_BEGIN
90
1
300
ACAD_ROUNDTRIP_2008_CELL_CHECKSUM
301
DATAMAP_VALUE
93
2
90
2
140
0.0000000000
94
0
300

302

304
ACVALUE_END
309
DATAMAP_END
92
0
95
0
309
LINKEDTABLEDATACELL_END
1
FORMATTEDTABLEDATACELL_BEGIN
300
CELLTABLEFORMAT
1
TABLEFORMAT_BEGIN
90
1
170
1
91
0
92
0
62
257
93
1
300
CONTENTFORMAT
1
CONTENTFORMAT_BEGIN
90
0
91
0
92
512
93
0
300

40
0.0000000000
140
1.0000000000
94
1
62
0
340
0
144
0.1800000000
309
CONTENTFORMAT_END
171
0
94
0
309
TABLEFORMAT_END
309
FORMATTEDTABLEDATACELL_END
1
TABLECELL_BEGIN
90
3
91
0
309
TABLECELL_END
300
CELL
1
LINKEDTABLEDATACELL_BEGIN
90
0
300

91
0
301
CUSTOMDATA
1
DATAMAP_BEGIN
90
1
300
ACAD_ROUNDTRIP_2008_CELL_CHECKSUM
301
DATAMAP_VALUE
93
2
90
2
140
0.0000000000
94
0
300

302

304
ACVALUE_END
309
DATAMAP_END
92
0
95
0
309
LINKEDTABLEDATACELL_END
1
FORMATTEDTABLEDATACELL_BEGIN
300
CELLTABLEFORMAT
1
TABLEFORMAT_BEGIN
90
1
170
1
91
0
92
0
62
257
93
1
300
CONTENTFORMAT
1
CONTENTFORMAT_BEGIN
90
0
91
0
92
512
93
0
300

40
0.0000000000
140
1.0000000000
94
1
62
0
340
0
144
0.1800000000
309
CONTENTFORMAT_END
171
0
94
0
309
TABLEFORMAT_END
309
FORMATTEDTABLEDATACELL_END
1
TABLECELL_BEGIN
90
3
91
0
309
TABLECELL_END
300
CELL
1
LINKEDTABLEDATACELL_BEGIN
90
0
300

91
0
301
CUSTOMDATA
1
DATAMAP_BEGIN
90
1
300
ACAD_ROUNDTRIP_2008_CELL_CHECKSUM
301
DATAMAP_VALUE
93
2
90
2
140
0.0000000000
94
0
300

302

304
ACVALUE_END
309
DATAMAP_END
92
0
95
0
309
LINKEDTABLEDATACELL_END
1
FORMATTEDTABLEDATACELL_BEGIN
300
CELLTABLEFORMAT
1
TABLEFORMAT_BEGIN
90
1
170
1
91
0
92
0
62
257
93
1
300
CONTENTFORMAT
1
CONTENTFORMAT_BEGIN
90
0
91
0
92
512
93
0
300

40
0.0000000000
140
1.0000000000
94
1
62
0
340
0
144
0.1800000000
309
CONTENTFORMAT_END
171
0
94
0
309
TABLEFORMAT_END
309
FORMATTEDTABLEDATACELL_END
1
TABLECELL_BEGIN
90
3
91
0
309
TABLECELL_END
300
CELL
1
LINKEDTABLEDATACELL_BEGIN
90
0
300

91
0
301
CUSTOMDATA
1
DATAMAP_BEGIN
90
1
300
ACAD_ROUNDTRIP_2008_CELL_CHECKSUM
301
DATAMAP_VALUE
93
2
90
2
140
0.0000000000
94
0
300

302

304
ACVALUE_END
309
DATAMAP_END
92
0
95
0
309
LINKEDTABLEDATACELL_END
1
FORMATTEDTABLEDATACELL_BEGIN
300
CELLTABLEFORMAT
1
TABLEFORMAT_BEGIN
90
1
170
1
91
0
92
0
62
257
93
1
300
CONTENTFORMAT
1
CONTENTFORMAT_BEGIN
90
0
91
0
92
512
93
0
300

40
0.0000000000
140
1.0000000000
94
1
62
0
340
0
144
0.1800000000
309
CONTENTFORMAT_END
171
0
94
0
309
TABLEFORMAT_END
309
FORMATTEDTABLEDATACELL_END
1
TABLECELL_BEGIN
90
3
91
0
309
TABLECELL_END
91
0
301
CUSTOMDATA
1
DATAMAP_BEGIN
90
0
309
DATAMAP_END
309
LINKEDTABLEDATAROW_END
1
FORMATTEDTABLEDATAROW_BEGIN
300
ROWTABLEFORMAT
1
TABLEFORMAT_BEGIN
90
2
170
0
309
TABLEFORMAT_END
309
FORMATTEDTABLEDATAROW_END
1
TABLEROW_BEGIN
90
3
40
0.3620331651
309
TABLEROW_END
301
ROW
1
LINKEDTABLEDATAROW_BEGIN
90
5
300
CELL
1
LINKEDTABLEDATACELL_BEGIN
90
0
300

91
0
301
CUSTOMDATA
1
DATAMAP_BEGIN
90
1
300
ACAD_ROUNDTRIP_2008_CELL_CHECKSUM
301
DATAMAP_VALUE
93
2
90
2
140
100.0000000000
94
0
300

302

304
ACVALUE_END
309
DATAMAP_END
92
0
95
1
302
CONTENT
1
CELLCONTENT_BEGIN
90
1
300
VALUE
93
6
90
4
1
d
94
0
300

302
d
304
ACVALUE_END
91
0
309
CELLCONTENT_END
1
FORMATTEDCELLCONTENT_BEGIN
170
1
300
CONTENTFORMAT
1
CONTENTFORMAT_BEGIN
90
3
91
0
92
4
93
0
300

40
0.0000000000
140
1.0000000000
94
1
62
0
340
0
144
0.1800000000
309
CONTENTFORMAT_END
309
FORMATTEDCELLCONTENT_END
309
LINKEDTABLEDATACELL_END
1
FORMATTEDTABLEDATACELL_BEGIN
300
CELLTABLEFORMAT
1
TABLEFORMAT_BEGIN
90
1
170
1
91
0
92
0
62
257
93
1
300
CONTENTFORMAT
1
CONTENTFORMAT_BEGIN
90
0
91
0
92
512
93
0
300

40
0.0000000000
140
1.0000000000
94
1
62
0
340
0
144
0.1800000000
309
CONTENTFORMAT_END
171
0
94
0
309
TABLEFORMAT_END
309
FORMATTEDTABLEDATACELL_END
1
TABLECELL_BEGIN
90
3
91
0
309
TABLECELL_END
300
CELL
1
LINKEDTABLEDATACELL_BEGIN
90
0
300

91
0
301
CUSTOMDATA
1
DATAMAP_BEGIN
90
1
300
ACAD_ROUNDTRIP_2008_CELL_CHECKSUM
301
DATAMAP_VALUE
93
2
90
2
140
0.0000000000
94
0
300

302

304
ACVALUE_END
309
DATAMAP_END
92
0
95
0
309
LINKEDTABLEDATACELL_END
1
FORMATTEDTABLEDATACELL_BEGIN
300
CELLTABLEFORMAT
1
TABLEFORMAT_BEGIN
90
1
170
1
91
0
92
0
62
257
93
1
300
CONTENTFORMAT
1
CONTENTFORMAT_BEGIN
90
0
91
0
92
512
93
0
300

40
0.0000000000
140
1.0000000000
94
1
62
0
340
0
144
0.1800000000
309
CONTENTFORMAT_END
171
0
94
0
309
TABLEFORMAT_END
309
FORMATTEDTABLEDATACELL_END
1
TABLECELL_BEGIN
90
3
91
0
309
TABLECELL_END
300
CELL
1
LINKEDTABLEDATACELL_BEGIN
90
0
300

91
0
301
CUSTOMDATA
1
DATAMAP_BEGIN
90
1
300
ACAD_ROUNDTRIP_2008_CELL_CHECKSUM
301
DATAMAP_VALUE
93
2
90
2
140
0.0000000000
94
0
300

302

304
ACVALUE_END
309
DATAMAP_END
92
0
95
0
309
LINKEDTABLEDATACELL_END
1
FORMATTEDTABLEDATACELL_BEGIN
300
CELLTABLEFORMAT
1
TABLEFORMAT_BEGIN
90
1
170
1
91
0
92
0
62
257
93
1
300
CONTENTFORMAT
1
CONTENTFORMAT_BEGIN
90
0
91
0
92
512
93
0
300

40
0.0000000000
140
1.0000000000
94
1
62
0
340
0
144
0.1800000000
309
CONTENTFORMAT_END
171
0
94
0
309
TABLEFORMAT_END
309
FORMATTEDTABLEDATACELL_END
1
TABLECELL_BEGIN
90
3
91
0
309
TABLECELL_END
300
CELL
1
LINKEDTABLEDATACELL_BEGIN
90
0
300

91
0
301
CUSTOMDATA
1
DATAMAP_BEGIN
90
1
300
ACAD_ROUNDTRIP_2008_CELL_CHECKSUM
301
DATAMAP_VALUE
93
2
90
2
140
0.0000000000
94
0
300

302

304
ACVALUE_END
309
DATAMAP_END
92
0
95
0
309
LINKEDTABLEDATACELL_END
1
FORMATTEDTABLEDATACELL_BEGIN
300
CELLTABLEFORMAT
1
TABLEFORMAT_BEGIN
90
1
170
1
91
0
92
0
62
257
93
1
300
CONTENTFORMAT
1
CONTENTFORMAT_BEGIN
90
0
91
0
92
512
93
0
300

40
0.0000000000
140
1.0000000000
94
1
62
0
340
0
144
0.1800000000
309
CONTENTFORMAT_END
171
0
94
0
309
TABLEFORMAT_END
309
FORMATTEDTABLEDATACELL_END
1
TABLECELL_BEGIN
90
3
91
0
309
TABLECELL_END
300
CELL
1
LINKEDTABLEDATACELL_BEGIN
90
0
300

91
0
301
CUSTOMDATA
1
DATAMAP_BEGIN
90
1
300
ACAD_ROUNDTRIP_2008_CELL_CHECKSUM
301
DATAMAP_VALUE
93
2
90
2
140
0.0000000000
94
0
300

302

304
ACVALUE_END
309
DATAMAP_END
92
0
95
0
309
LINKEDTABLEDATACELL_END
1
FORMATTEDTABLEDATACELL_BEGIN
300
CELLTABLEFORMAT
1
TABLEFORMAT_BEGIN
90
1
170
1
91
0
92
0
62
257
93
1
300
CONTENTFORMAT
1
CONTENTFORMAT_BEGIN
90
0
91
0
92
512
93
0
300

40
0.0000000000
140
1.0000000000
94
1
62
0
340
0
144
0.1800000000
309
CONTENTFORMAT_END
171
0
94
0
309
TABLEFORMAT_END
309
FORMATTEDTABLEDATACELL_END
1
TABLECELL_BEGIN
90
3
91
0
309
TABLECELL_END
91
0
301
CUSTOMDATA
1
DATAMAP_BEGIN
90
0
309
DATAMAP_END
309
LINKEDTABLEDATAROW_END
1
FORMATTEDTABLEDATAROW_BEGIN
300
ROWTABLEFORMAT
1
TABLEFORMAT_BEGIN
90
2
170
0
309
TABLEFORMAT_END
309
FORMATTEDTABLEDATAROW_END
1
TABLEROW_BEGIN
90
3
40
0.3620331651
309
TABLEROW_END
301
ROW
1
LINKEDTABLEDATAROW_BEGIN
90
5
300
CELL
1
LINKEDTABLEDATACELL_BEGIN
90
0
300

91
0
301
CUSTOMDATA
1
DATAMAP_BEGIN
90
1
300
ACAD_ROUNDTRIP_2008_CELL_CHECKSUM
301
DATAMAP_VALUE
93
2
90
2
140
102.0000000000
94
0
300

302

304
ACVALUE_END
309
DATAMAP_END
92
0
95
1
302
CONTENT
1
CELLCONTENT_BEGIN
90
1
300
VALUE
93
6
90
4
1
f
94
0
300

302
f
304
ACVALUE_END
91
0
309
CELLCONTENT_END
1
FORMATTEDCELLCONTENT_BEGIN
170
1
300
CONTENTFORMAT
1
CONTENTFORMAT_BEGIN
90
3
91
0
92
4
93
0
300

40
0.0000000000
140
1.0000000000
94
1
62
0
340
0
144
0.1800000000
309
CONTENTFORMAT_END
309
FORMATTEDCELLCONTENT_END
309
LINKEDTABLEDATACELL_END
1
FORMATTEDTABLEDATACELL_BEGIN
300
CELLTABLEFORMAT
1
TABLEFORMAT_BEGIN
90
1
170
1
91
0
92
0
62
257
93
1
300
CONTENTFORMAT
1
CONTENTFORMAT_BEGIN
90
0
91
0
92
512
93
0
300

40
0.0000000000
140
1.0000000000
94
1
62
0
340
0
144
0.1800000000
309
CONTENTFORMAT_END
171
0
94
0
309
TABLEFORMAT_END
309
FORMATTEDTABLEDATACELL_END
1
TABLECELL_BEGIN
90
3
91
0
309
TABLECELL_END
300
CELL
1
LINKEDTABLEDATACELL_BEGIN
90
0
300

91
0
301
CUSTOMDATA
1
DATAMAP_BEGIN
90
1
300
ACAD_ROUNDTRIP_2008_CELL_CHECKSUM
301
DATAMAP_VALUE
93
2
90
2
140
0.0000000000
94
0
300

302

304
ACVALUE_END
309
DATAMAP_END
92
0
95
0
309
LINKEDTABLEDATACELL_END
1
FORMATTEDTABLEDATACELL_BEGIN
300
CELLTABLEFORMAT
1
TABLEFORMAT_BEGIN
90
1
170
1
91
0
92
0
62
257
93
1
300
CONTENTFORMAT
1
CONTENTFORMAT_BEGIN
90
0
91
0
92
512
93
0
300

40
0.0000000000
140
1.0000000000
94
1
62
0
340
0
144
0.1800000000
309
CONTENTFORMAT_END
171
0
94
0
309
TABLEFORMAT_END
309
FORMATTEDTABLEDATACELL_END
1
TABLECELL_BEGIN
90
3
91
0
309
TABLECELL_END
300
CELL
1
LINKEDTABLEDATACELL_BEGIN
90
0
300

91
0
301
CUSTOMDATA
1
DATAMAP_BEGIN
90
1
300
ACAD_ROUNDTRIP_2008_CELL_CHECKSUM
301
DATAMAP_VALUE
93
2
90
2
140
0.0000000000
94
0
300

302

304
ACVALUE_END
309
DATAMAP_END
92
0
95
0
309
LINKEDTABLEDATACELL_END
1
FORMATTEDTABLEDATACELL_BEGIN
300
CELLTABLEFORMAT
1
TABLEFORMAT_BEGIN
90
1
170
1
91
0
92
0
62
257
93
1
300
CONTENTFORMAT
1
CONTENTFORMAT_BEGIN
90
0
91
0
92
512
93
0
300

40
0.0000000000
140
1.0000000000
94
1
62
0
340
0
144
0.1800000000
309
CONTENTFORMAT_END
171
0
94
0
309
TABLEFORMAT_END
309
FORMATTEDTABLEDATACELL_END
1
TABLECELL_BEGIN
90
3
91
0
309
TABLECELL_END
300
CELL
1
LINKEDTABLEDATACELL_BEGIN
90
0
300

91
0
301
CUSTOMDATA
1
DATAMAP_BEGIN
90
1
300
ACAD_ROUNDTRIP_2008_CELL_CHECKSUM
301
DATAMAP_VALUE
93
2
90
2
140
0.0000000000
94
0
300

302

304
ACVALUE_END
309
DATAMAP_END
92
0
95
0
309
LINKEDTABLEDATACELL_END
1
FORMATTEDTABLEDATACELL_BEGIN
300
CELLTABLEFORMAT
1
TABLEFORMAT_BEGIN
90
1
170
1
91
0
92
0
62
257
93
1
300
CONTENTFORMAT
1
CONTENTFORMAT_BEGIN
90
0
91
0
92
512
93
0
300

40
0.0000000000
140
1.0000000000
94
1
62
0
340
0
144
0.1800000000
309
CONTENTFORMAT_END
171
0
94
0
309
TABLEFORMAT_END
309
FORMATTEDTABLEDATACELL_END
1
TABLECELL_BEGIN
90
3
91
0
309
TABLECELL_END
300
CELL
1
LINKEDTABLEDATACELL_BEGIN
90
0
300

91
0
301
CUSTOMDATA
1
DATAMAP_BEGIN
90
1
300
ACAD_ROUNDTRIP_2008_CELL_CHECKSUM
301
DATAMAP_VALUE
93
2
90
2
140
0.0000000000
94
0
300

302

304
ACVALUE_END
309
DATAMAP_END
92
0
95
0
309
LINKEDTABLEDATACELL_END
1
FORMATTEDTABLEDATACELL_BEGIN
300
CELLTABLEFORMAT
1
TABLEFORMAT_BEGIN
90
1
170
1
91
0
92
0
62
257
93
1
300
CONTENTFORMAT
1
CONTENTFORMAT_BEGIN
90
0
91
0
92
512
93
0
300

40
0.0000000000
140
1.0000000000
94
1
62
0
340
0
144
0.1800000000
309
CONTENTFORMAT_END
171
0
94
0
309
TABLEFORMAT_END
309
FORMATTEDTABLEDATACELL_END
1
TABLECELL_BEGIN
90
3
91
0
309
TABLECELL_END
91
0
301
CUSTOMDATA
1
DATAMAP_BEGIN
90
0
309
DATAMAP_END
309
LINKEDTABLEDATAROW_END
1
FORMATTEDTABLEDATAROW_BEGIN
300
ROWTABLEFORMAT
1
TABLEFORMAT_BEGIN
90
2
170
0
309
TABLEFORMAT_END
309
FORMATTEDTABLEDATAROW_END
1
TABLEROW_BEGIN
90
3
40
0.3620331651
309
TABLEROW_END
301
ROW
1
LINKEDTABLEDATAROW_BEGIN
90
5
300
CELL
1
LINKEDTABLEDATACELL_BEGIN
90
0
300

91
0
301
CUSTOMDATA
1
DATAMAP_BEGIN
90
1
300
ACAD_ROUNDTRIP_2008_CELL_CHECKSUM
301
DATAMAP_VALUE
93
2
90
2
140
103.0000000000
94
0
300

302

304
ACVALUE_END
309
DATAMAP_END
92
0
95
1
302
CONTENT
1
CELLCONTENT_BEGIN
90
1
300
VALUE
93
6
90
4
1
g
94
0
300

302
g
304
ACVALUE_END
91
0
309
CELLCONTENT_END
1
FORMATTEDCELLCONTENT_BEGIN
170
1
300
CONTENTFORMAT
1
CONTENTFORMAT_BEGIN
90
3
91
0
92
4
93
0
300

40
0.0000000000
140
1.0000000000
94
1
62
0
340
0
144
0.1800000000
309
CONTENTFORMAT_END
309
FORMATTEDCELLCONTENT_END
309
LINKEDTABLEDATACELL_END
1
FORMATTEDTABLEDATACELL_BEGIN
300
CELLTABLEFORMAT
1
TABLEFORMAT_BEGIN
90
1
170
1
91
0
92
0
62
257
93
1
300
CONTENTFORMAT
1
CONTENTFORMAT_BEGIN
90
0
91
0
92
512
93
0
300

40
0.0000000000
140
1.0000000000
94
1
62
0
340
0
144
0.1800000000
309
CONTENTFORMAT_END
171
0
94
0
309
TABLEFORMAT_END
309
FORMATTEDTABLEDATACELL_END
1
TABLECELL_BEGIN
90
3
91
0
309
TABLECELL_END
300
CELL
1
LINKEDTABLEDATACELL_BEGIN
90
0
300

91
0
301
CUSTOMDATA
1
DATAMAP_BEGIN
90
1
300
ACAD_ROUNDTRIP_2008_CELL_CHECKSUM
301
DATAMAP_VALUE
93
2
90
2
140
0.0000000000
94
0
300

302

304
ACVALUE_END
309
DATAMAP_END
92
0
95
0
309
LINKEDTABLEDATACELL_END
1
FORMATTEDTABLEDATACELL_BEGIN
300
CELLTABLEFORMAT
1
TABLEFORMAT_BEGIN
90
1
170
1
91
0
92
0
62
257
93
1
300
CONTENTFORMAT
1
CONTENTFORMAT_BEGIN
90
0
91
0
92
512
93
0
300

40
0.0000000000
140
1.0000000000
94
1
62
0
340
0
144
0.1800000000
309
CONTENTFORMAT_END
171
0
94
0
309
TABLEFORMAT_END
309
FORMATTEDTABLEDATACELL_END
1
TABLECELL_BEGIN
90
3
91
0
309
TABLECELL_END
300
CELL
1
LINKEDTABLEDATACELL_BEGIN
90
0
300

91
0
301
CUSTOMDATA
1
DATAMAP_BEGIN
90
1
300
ACAD_ROUNDTRIP_2008_CELL_CHECKSUM
301
DATAMAP_VALUE
93
2
90
2
140
0.0000000000
94
0
300

302

304
ACVALUE_END
309
DATAMAP_END
92
0
95
0
309
LINKEDTABLEDATACELL_END
1
FORMATTEDTABLEDATACELL_BEGIN
300
CELLTABLEFORMAT
1
TABLEFORMAT_BEGIN
90
1
170
1
91
0
92
0
62
257
93
1
300
CONTENTFORMAT
1
CONTENTFORMAT_BEGIN
90
0
91
0
92
512
93
0
300

40
0.0000000000
140
1.0000000000
94
1
62
0
340
0
144
0.1800000000
309
CONTENTFORMAT_END
171
0
94
0
309
TABLEFORMAT_END
309
FORMATTEDTABLEDATACELL_END
1
TABLECELL_BEGIN
90
3
91
0
309
TABLECELL_END
300
CELL
1
LINKEDTABLEDATACELL_BEGIN
90
0
300

91
0
301
CUSTOMDATA
1
DATAMAP_BEGIN
90
1
300
ACAD_ROUNDTRIP_2008_CELL_CHECKSUM
301
DATAMAP_VALUE
93
2
90
2
140
0.0000000000
94
0
300

302

304
ACVALUE_END
309
DATAMAP_END
92
0
95
0
309
LINKEDTABLEDATACELL_END
1
FORMATTEDTABLEDATACELL_BEGIN
300
CELLTABLEFORMAT
1
TABLEFORMAT_BEGIN
90
1
170
1
91
0
92
0
62
257
93
1
300
CONTENTFORMAT
1
CONTENTFORMAT_BEGIN
90
0
91
0
92
512
93
0
300

40
0.0000000000
140
1.0000000000
94
1
62
0
340
0
144
0.1800000000
309
CONTENTFORMAT_END
171
0
94
0
309
TABLEFORMAT_END
309
FORMATTEDTABLEDATACELL_END
1
TABLECELL_BEGIN
90
3
91
0
309
TABLECELL_END
300
CELL
1
LINKEDTABLEDATACELL_BEGIN
90
0
300

91
0
301
CUSTOMDATA
1
DATAMAP_BEGIN
90
1
300
ACAD_ROUNDTRIP_2008_CELL_CHECKSUM
301
DATAMAP_VALUE
93
2
90
2
140
0.0000000000
94
0
300

302

304
ACVALUE_END
309
DATAMAP_END
92
0
95
0
309
LINKEDTABLEDATACELL_END
1
FORMATTEDTABLEDATACELL_BEGIN
300
CELLTABLEFORMAT
1
TABLEFORMAT_BEGIN
90
1
170
1
91
0
92
0
62
257
93
1
300
CONTENTFORMAT
1
CONTENTFORMAT_BEGIN
90
0
91
0
92
512
93
0
300

40
0.0000000000
140
1.0000000000
94
1
62
0
340
0
144
0.1800000000
309
CONTENTFORMAT_END
171
0
94
0
309
TABLEFORMAT_END
309
FORMATTEDTABLEDATACELL_END
1
TABLECELL_BEGIN
90
3
91
0
309
TABLECELL_END
91
0
301
CUSTOMDATA
1
DATAMAP_BEGIN
90
0
309
DATAMAP_END
309
LINKEDTABLEDATAROW_END
1
FORMATTEDTABLEDATAROW_BEGIN
300
ROWTABLEFORMAT
1
TABLEFORMAT_BEGIN
90
2
170
0
309
TABLEFORMAT_END
309
FORMATTEDTABLEDATAROW_END
1
TABLEROW_BEGIN
90
3
40
0.3620331651
309
TABLEROW_END
301
ROW
1
LINKEDTABLEDATAROW_BEGIN
90
5
300
CELL
1
LINKEDTABLEDATACELL_BEGIN
90
0
300

91
0
301
CUSTOMDATA
1
DATAMAP_BEGIN
90
1
300
ACAD_ROUNDTRIP_2008_CELL_CHECKSUM
301
DATAMAP_VALUE
93
2
90
2
140
104.0000000000
94
0
300

302

304
ACVALUE_END
309
DATAMAP_END
92
0
95
1
302
CONTENT
1
CELLCONTENT_BEGIN
90
1
300
VALUE
93
6
90
4
1
h
94
0
300

302
h
304
ACVALUE_END
91
0
309
CELLCONTENT_END
1
FORMATTEDCELLCONTENT_BEGIN
170
1
300
CONTENTFORMAT
1
CONTENTFORMAT_BEGIN
90
3
91
0
92
4
93
0
300

40
0.0000000000
140
1.0000000000
94
1
62
0
340
0
144
0.1800000000
309
CONTENTFORMAT_END
309
FORMATTEDCELLCONTENT_END
309
LINKEDTABLEDATACELL_END
1
FORMATTEDTABLEDATACELL_BEGIN
300
CELLTABLEFORMAT
1
TABLEFORMAT_BEGIN
90
1
170
1
91
0
92
0
62
257
93
1
300
CONTENTFORMAT
1
CONTENTFORMAT_BEGIN
90
0
91
0
92
512
93
0
300

40
0.0000000000
140
1.0000000000
94
1
62
0
340
0
144
0.1800000000
309
CONTENTFORMAT_END
171
0
94
0
309
TABLEFORMAT_END
309
FORMATTEDTABLEDATACELL_END
1
TABLECELL_BEGIN
90
3
91
0
309
TABLECELL_END
300
CELL
1
LINKEDTABLEDATACELL_BEGIN
90
0
300

91
0
301
CUSTOMDATA
1
DATAMAP_BEGIN
90
1
300
ACAD_ROUNDTRIP_2008_CELL_CHECKSUM
301
DATAMAP_VALUE
93
2
90
2
140
0.0000000000
94
0
300

302

304
ACVALUE_END
309
DATAMAP_END
92
0
95
0
309
LINKEDTABLEDATACELL_END
1
FORMATTEDTABLEDATACELL_BEGIN
300
CELLTABLEFORMAT
1
TABLEFORMAT_BEGIN
90
1
170
1
91
0
92
0
62
257
93
1
300
CONTENTFORMAT
1
CONTENTFORMAT_BEGIN
90
0
91
0
92
512
93
0
300

40
0.0000000000
140
1.0000000000
94
1
62
0
340
0
144
0.1800000000
309
CONTENTFORMAT_END
171
0
94
0
309
TABLEFORMAT_END
309
FORMATTEDTABLEDATACELL_END
1
TABLECELL_BEGIN
90
3
91
0
309
TABLECELL_END
300
CELL
1
LINKEDTABLEDATACELL_BEGIN
90
0
300

91
0
301
CUSTOMDATA
1
DATAMAP_BEGIN
90
1
300
ACAD_ROUNDTRIP_2008_CELL_CHECKSUM
301
DATAMAP_VALUE
93
2
90
2
140
0.0000000000
94
0
300

302

304
ACVALUE_END
309
DATAMAP_END
92
0
95
0
309
LINKEDTABLEDATACELL_END
1
FORMATTEDTABLEDATACELL_BEGIN
300
CELLTABLEFORMAT
1
TABLEFORMAT_BEGIN
90
1
170
1
91
0
92
0
62
257
93
1
300
CONTENTFORMAT
1
CONTENTFORMAT_BEGIN
90
0
91
0
92
512
93
0
300

40
0.0000000000
140
1.0000000000
94
1
62
0
340
0
144
0.1800000000
309
CONTENTFORMAT_END
171
0
94
0
309
TABLEFORMAT_END
309
FORMATTEDTABLEDATACELL_END
1
TABLECELL_BEGIN
90
3
91
0
309
TABLECELL_END
300
CELL
1
LINKEDTABLEDATACELL_BEGIN
90
0
300

91
0
301
CUSTOMDATA
1
DATAMAP_BEGIN
90
1
300
ACAD_ROUNDTRIP_2008_CELL_CHECKSUM
301
DATAMAP_VALUE
93
2
90
2
140
0.0000000000
94
0
300

302

304
ACVALUE_END
309
DATAMAP_END
92
0
95
0
309
LINKEDTABLEDATACELL_END
1
FORMATTEDTABLEDATACELL_BEGIN
300
CELLTABLEFORMAT
1
TABLEFORMAT_BEGIN
90
1
170
1
91
0
92
0
62
257
93
1
300
CONTENTFORMAT
1
CONTENTFORMAT_BEGIN
90
0
91
0
92
512
93
0
300

40
0.0000000000
140
1.0000000000
94
1
62
0
340
0
144
0.1800000000
309
CONTENTFORMAT_END
171
0
94
0
309
TABLEFORMAT_END
309
FORMATTEDTABLEDATACELL_END
1
TABLECELL_BEGIN
90
3
91
0
309
TABLECELL_END
300
CELL
1
LINKEDTABLEDATACELL_BEGIN
90
0
300

91
0
301
CUSTOMDATA
1
DATAMAP_BEGIN
90
1
300
ACAD_ROUNDTRIP_2008_CELL_CHECKSUM
301
DATAMAP_VALUE
93
2
90
2
140
0.0000000000
94
0
300

302

304
ACVALUE_END
309
DATAMAP_END
92
0
95
0
309
LINKEDTABLEDATACELL_END
1
FORMATTEDTABLEDATACELL_BEGIN
300
CELLTABLEFORMAT
1
TABLEFORMAT_BEGIN
90
1
170
1
91
0
92
0
62
257
93
1
300
CONTENTFORMAT
1
CONTENTFORMAT_BEGIN
90
0
91
0
92
512
93
0
300

40
0.0000000000
140
1.0000000000
94
1
62
0
340
0
144
0.1800000000
309
CONTENTFORMAT_END
171
0
94
0
309
TABLEFORMAT_END
309
FORMATTEDTABLEDATACELL_END
1
TABLECELL_BEGIN
90
3
91
0
309
TABLECELL_END
91
0
301
CUSTOMDATA
1
DATAMAP_BEGIN
90
0
309
DATAMAP_END
309
LINKEDTABLEDATAROW_END
1
FORMATTEDTABLEDATAROW_BEGIN
300
ROWTABLEFORMAT
1
TABLEFORMAT_BEGIN
90
2
170
0
309
TABLEFORMAT_END
309
FORMATTEDTABLEDATAROW_END
1
TABLEROW_BEGIN
90
3
40
0.3620331651
309
TABLEROW_END
301
ROW
1
LINKEDTABLEDATAROW_BEGIN
90
5
300
CELL
1
LINKEDTABLEDATACELL_BEGIN
90
0
300

91
0
301
CUSTOMDATA
1
DATAMAP_BEGIN
90
1
300
ACAD_ROUNDTRIP_2008_CELL_CHECKSUM
301
DATAMAP_VALUE
93
2
90
2
140
102.0000000000
94
0
300

302

304
ACVALUE_END
309
DATAMAP_END
92
0
95
1
302
CONTENT
1
CELLCONTENT_BEGIN
90
1
300
VALUE
93
6
90
4
1
f
94
0
300

302
f
304
ACVALUE_END
91
0
309
CELLCONTENT_END
1
FORMATTEDCELLCONTENT_BEGIN
170
1
300
CONTENTFORMAT
1
CONTENTFORMAT_BEGIN
90
3
91
0
92
4
93
0
300

40
0.0000000000
140
1.0000000000
94
1
62
0
340
0
144
0.1800000000
309
CONTENTFORMAT_END
309
FORMATTEDCELLCONTENT_END
309
LINKEDTABLEDATACELL_END
1
FORMATTEDTABLEDATACELL_BEGIN
300
CELLTABLEFORMAT
1
TABLEFORMAT_BEGIN
90
1
170
1
91
0
92
0
62
257
93
1
300
CONTENTFORMAT
1
CONTENTFORMAT_BEGIN
90
0
91
0
92
512
93
0
300

40
0.0000000000
140
1.0000000000
94
1
62
0
340
0
144
0.1800000000
309
CONTENTFORMAT_END
171
0
94
0
309
TABLEFORMAT_END
309
FORMATTEDTABLEDATACELL_END
1
TABLECELL_BEGIN
90
3
91
0
309
TABLECELL_END
300
CELL
1
LINKEDTABLEDATACELL_BEGIN
90
0
300

91
0
301
CUSTOMDATA
1
DATAMAP_BEGIN
90
1
300
ACAD_ROUNDTRIP_2008_CELL_CHECKSUM
301
DATAMAP_VALUE
93
2
90
2
140
0.0000000000
94
0
300

302

304
ACVALUE_END
309
DATAMAP_END
92
0
95
0
309
LINKEDTABLEDATACELL_END
1
FORMATTEDTABLEDATACELL_BEGIN
300
CELLTABLEFORMAT
1
TABLEFORMAT_BEGIN
90
1
170
1
91
0
92
0
62
257
93
1
300
CONTENTFORMAT
1
CONTENTFORMAT_BEGIN
90
0
91
0
92
512
93
0
300

40
0.0000000000
140
1.0000000000
94
1
62
0
340
0
144
0.1800000000
309
CONTENTFORMAT_END
171
0
94
0
309
TABLEFORMAT_END
309
FORMATTEDTABLEDATACELL_END
1
TABLECELL_BEGIN
90
3
91
0
309
TABLECELL_END
300
CELL
1
LINKEDTABLEDATACELL_BEGIN
90
0
300

91
0
301
CUSTOMDATA
1
DATAMAP_BEGIN
90
1
300
ACAD_ROUNDTRIP_2008_CELL_CHECKSUM
301
DATAMAP_VALUE
93
2
90
2
140
106.0000000000
94
0
300

302

304
ACVALUE_END
309
DATAMAP_END
92
0
95
1
302
CONTENT
1
CELLCONTENT_BEGIN
90
1
300
VALUE
93
6
90
4
1
j
94
0
300

302
j
304
ACVALUE_END
91
0
309
CELLCONTENT_END
1
FORMATTEDCELLCONTENT_BEGIN
170
1
300
CONTENTFORMAT
1
CONTENTFORMAT_BEGIN
90
3
91
0
92
4
93
0
300

40
0.0000000000
140
1.0000000000
94
1
62
0
340
0
144
0.1800000000
309
CONTENTFORMAT_END
309
FORMATTEDCELLCONTENT_END
309
LINKEDTABLEDATACELL_END
1
FORMATTEDTABLEDATACELL_BEGIN
300
CELLTABLEFORMAT
1
TABLEFORMAT_BEGIN
90
1
170
1
91
0
92
0
62
257
93
1
300
CONTENTFORMAT
1
CONTENTFORMAT_BEGIN
90
0
91
0
92
512
93
0
300

40
0.0000000000
140
1.0000000000
94
1
62
0
340
0
144
0.1800000000
309
CONTENTFORMAT_END
171
0
94
0
309
TABLEFORMAT_END
309
FORMATTEDTABLEDATACELL_END
1
TABLECELL_BEGIN
90
3
91
0
309
TABLECELL_END
300
CELL
1
LINKEDTABLEDATACELL_BEGIN
90
0
300

91
0
301
CUSTOMDATA
1
DATAMAP_BEGIN
90
1
300
ACAD_ROUNDTRIP_2008_CELL_CHECKSUM
301
DATAMAP_VALUE
93
2
90
2
140
0.0000000000
94
0
300

302

304
ACVALUE_END
309
DATAMAP_END
92
0
95
0
309
LINKEDTABLEDATACELL_END
1
FORMATTEDTABLEDATACELL_BEGIN
300
CELLTABLEFORMAT
1
TABLEFORMAT_BEGIN
90
1
170
1
91
0
92
0
62
257
93
1
300
CONTENTFORMAT
1
CONTENTFORMAT_BEGIN
90
0
91
0
92
512
93
0
300

40
0.0000000000
140
1.0000000000
94
1
62
0
340
0
144
0.1800000000
309
CONTENTFORMAT_END
171
0
94
0
309
TABLEFORMAT_END
309
FORMATTEDTABLEDATACELL_END
1
TABLECELL_BEGIN
90
3
91
0
309
TABLECELL_END
300
CELL
1
LINKEDTABLEDATACELL_BEGIN
90
0
300

91
0
301
CUSTOMDATA
1
DATAMAP_BEGIN
90
1
300
ACAD_ROUNDTRIP_2008_CELL_CHECKSUM
301
DATAMAP_VALUE
93
2
90
2
140
0.0000000000
94
0
300

302

304
ACVALUE_END
309
DATAMAP_END
92
0
95
0
309
LINKEDTABLEDATACELL_END
1
FORMATTEDTABLEDATACELL_BEGIN
300
CELLTABLEFORMAT
1
TABLEFORMAT_BEGIN
90
1
170
1
91
0
92
0
62
257
93
1
300
CONTENTFORMAT
1
CONTENTFORMAT_BEGIN
90
0
91
0
92
512
93
0
300

40
0.0000000000
140
1.0000000000
94
1
62
0
340
0
144
0.1800000000
309
CONTENTFORMAT_END
171
0
94
0
309
TABLEFORMAT_END
309
FORMATTEDTABLEDATACELL_END
1
TABLECELL_BEGIN
90
3
91
0
309
TABLECELL_END
91
0
301
CUSTOMDATA
1
DATAMAP_BEGIN
90
0
309
DATAMAP_END
309
LINKEDTABLEDATAROW_END
1
FORMATTEDTABLEDATAROW_BEGIN
300
ROWTABLEFORMAT
1
TABLEFORMAT_BEGIN
90
2
170
0
309
TABLEFORMAT_END
309
FORMATTEDTABLEDATAROW_END
1
TABLEROW_BEGIN
90
3
40
0.3620331651
309
TABLEROW_END
92
0
100
AcDbFormattedTableData
300
TABLEFORMAT
1
TABLEFORMAT_BEGIN
90
4
170
0
309
TABLEFORMAT_END
90
0
100
AcDbTableContent
340
ED
0
TABLEGEOMETRY
5
11C
330
11A
100
AcDbTableGeometry
90
15
91
5
92
75
93
7
40
0.0000000000
41
0.0000000000
330
0
94
0
93
7
40
0.0000000000
41
0.0000000000
330
0
94
0
93
7
40
0.0000000000
41
0.0000000000
330
0
94
0
93
7
40
0.0000000000
41
0.0000000000
330
0
94
0
93
7
40
0.0000000000
41
0.0000000000
330
0
94
0
93
7
40
0.0000000000
41
0.0000000000
330
0
94
0
93
7
40
0.0000000000
41
0.0000000000
330
0
94
0
93
7
40
0.0000000000
41
0.0000000000
330
0
94
0
93
7
40
0.0000000000
41
0.0000000000
330
0
94
0
93
7
40
0.0000000000
41
0.0000000000
330
0
94
0
93
7
40
0.0000000000
41
0.0000000000
330
0
94
0
93
7
40
0.0000000000
41
0.0000000000
330
0
94
0
93
7
40
0.0000000000
41
0.0000000000
330
0
94
0
93
7
40
0.0000000000
41
0.0000000000
330
0
94
0
93
7
40
0.0000000000
41
0.0000000000
330
0
94
0
93
7
40
0.0000000000
41
0.0000000000
330
0
94
0
93
7
40
0.0000000000
41
0.0000000000
330
0
94
0
93
7
40
0.0000000000
41
0.0000000000
330
0
94
0
93
7
40
0.0000000000
41
0.0000000000
330
0
94
0
93
7
40
0.0000000000
41
0.0000000000
330
0
94
0
93
7
40
0.0000000000
41
0.0000000000
330
0
94
0
93
7
40
0.0000000000
41
0.0000000000
330
0
94
0
93
7
40
0.0000000000
41
0.0000000000
330
0
94
0
93
7
40
0.0000000000
41
0.0000000000
330
0
94
0
93
7
40
0.0000000000
41
0.0000000000
330
0
94
0
93
7
40
0.0000000000
41
0.0000000000
330
0
94
0
93
7
40
0.0000000000
41
0.0000000000
330
0
94
0
93
7
40
0.0000000000
41
0.0000000000
330
0
94
0
93
7
40
0.0000000000
41
0.0000000000
330
0
94
0
93
7
40
0.0000000000
41
0.0000000000
330
0
94
0
93
7
40
0.0000000000
41
0.0000000000
330
0
94
0
93
7
40
0.0000000000
41
0.0000000000
330
0
94
0
93
7
40
0.0000000000
41
0.0000000000
330
0
94
0
93
7
40
0.0000000000
41
0.0000000000
330
0
94
0
93
7
40
0.0000000000
41
0.0000000000
330
0
94
0
93
7
40
0.0000000000
41
0.0000000000
330
0
94
0
93
7
40
0.0000000000
41
0.0000000000
330
0
94
0
93
7
40
0.0000000000
41
0.0000000000
330
0
94
0
93
7
40
0.0000000000
41
0.0000000000
330
0
94
0
93
7
40
0.0000000000
41
0.0000000000
330
0
94
0
93
7
40
0.0000000000
41
0.0000000000
330
0
94
0
93
7
40
0.0000000000
41
0.0000000000
330
0
94
0
93
7
40
0.0000000000
41
0.0000000000
330
0
94
0
93
7
40
0.0000000000
41
0.0000000000
330
0
94
0
93
7
40
0.0000000000
41
0.0000000000
330
0
94
0
93
7
40
0.0000000000
41
0.0000000000
330
0
94
0
93
7
40
0.0000000000
41
0.0000000000
330
0
94
0
93
7
40
0.0000000000
41
0.0000000000
330
0
94
0
93
7
40
0.0000000000
41
0.0000000000
330
0
94
0
93
7
40
0.0000000000
41
0.0000000000
330
0
94
0
93
7
40
0.0000000000
41
0.0000000000
330
0
94
0
93
7
40
0.0000000000
41
0.0000000000
330
0
94
0
93
7
40
0.0000000000
41
0.0000000000
330
0
94
0
93
7
40
0.0000000000
41
0.0000000000
330
0
94
0
93
7
40
0.0000000000
41
0.0000000000
330
0
94
0
93
7
40
0.0000000000
41
0.0000000000
330
0
94
0
93
7
40
0.0000000000
41
0.0000000000
330
0
94
0
93
7
40
0.0000000000
41
0.0000000000
330
0
94
0
93
7
40
0.0000000000
41
0.0000000000
330
0
94
0
93
7
40
0.0000000000
41
0.0000000000
330
0
94
0
93
7
40
0.0000000000
41
0.0000000000
330
0
94
0
93
7
40
0.0000000000
41
0.0000000000
330
0
94
0
93
7
40
0.0000000000
41
0.0000000000
330
0
94
0
93
7
40
0.0000000000
41
0.0000000000
330
0
94
0
93
7
40
0.0000000000
41
0.0000000000
330
0
94
0
93
7
40
0.0000000000
41
0.0000000000
330
0
94
0
93
7
40
0.0000000000
41
0.0000000000
330
0
94
0
93
7
40
0.0000000000
41
0.0000000000
330
0
94
0
93
7
40
0.0000000000
41
0.0000000000
330
0
94
0
93
7
40
0.0000000000
41
0.0000000000
330
0
94
0
93
7
40
0.0000000000
41
0.0000000000
330
0
94
0
93
7
40
0.0000000000
41
0.0000000000
330
0
94
0
93
7
40
0.0000000000
41
0.0000000000
330
0
94
0
93
7
40
0.0000000000
41
0.0000000000
330
0
94
0
93
7
40
0.0000000000
41
0.0000000000
330
0
94
0
0
ENDSEC
0
EOF
